ISO-10303-21;
HEADER;
/* Generated by software containing ST-Developer
 * from STEP Tools, Inc. (www.steptools.com) 
 */

FILE_DESCRIPTION(
/* description */ ('',
'CAx-IF Rec.Pracs.---Representation and Presentation of Product Manufa
cturing Information (PMI)---4.0---2014-10-13'),
/* implementation_level */ '2;1');

FILE_NAME(
/* name */ 'Engineering fixture plate 125x250mm.step',
/* time_stamp */ '2025-03-25T21:04:22+01:00',
/* author */ (''),
/* organization */ (''),
/* preprocessor_version */ 'ST-DEVELOPER v20',
/* originating_system */ 'Autodesk Translation Framework v13.20.0.188',

/* authorisation */ '');

FILE_SCHEMA (('AP242_MANAGED_MODEL_BASED_3D_ENGINEERING_MIM_LF { 1 0 10303 442 1 1 4 }'));
ENDSEC;

DATA;
#10=MECHANICAL_DESIGN_GEOMETRIC_PRESENTATION_REPRESENTATION('',(#1803,#1804),
#16344);
#11=ITEM_DEFINED_TRANSFORMATION($,$,#9293,#10602);
#12=ITEM_DEFINED_TRANSFORMATION($,$,#9293,#10603);
#13=ITEM_DEFINED_TRANSFORMATION($,$,#9293,#10604);
#14=ITEM_DEFINED_TRANSFORMATION($,$,#9293,#10605);
#15=ITEM_DEFINED_TRANSFORMATION($,$,#9298,#10606);
#16=(
REPRESENTATION_RELATIONSHIP($,$,#16361,#16360)
REPRESENTATION_RELATIONSHIP_WITH_TRANSFORMATION(#11)
SHAPE_REPRESENTATION_RELATIONSHIP()
);
#17=(
REPRESENTATION_RELATIONSHIP($,$,#16361,#16360)
REPRESENTATION_RELATIONSHIP_WITH_TRANSFORMATION(#12)
SHAPE_REPRESENTATION_RELATIONSHIP()
);
#18=(
REPRESENTATION_RELATIONSHIP($,$,#16361,#16360)
REPRESENTATION_RELATIONSHIP_WITH_TRANSFORMATION(#13)
SHAPE_REPRESENTATION_RELATIONSHIP()
);
#19=(
REPRESENTATION_RELATIONSHIP($,$,#16361,#16360)
REPRESENTATION_RELATIONSHIP_WITH_TRANSFORMATION(#14)
SHAPE_REPRESENTATION_RELATIONSHIP()
);
#20=(
REPRESENTATION_RELATIONSHIP($,$,#16362,#16360)
REPRESENTATION_RELATIONSHIP_WITH_TRANSFORMATION(#15)
SHAPE_REPRESENTATION_RELATIONSHIP()
);
#21=CONTEXT_DEPENDENT_SHAPE_REPRESENTATION(#16,#16355);
#22=CONTEXT_DEPENDENT_SHAPE_REPRESENTATION(#17,#16356);
#23=CONTEXT_DEPENDENT_SHAPE_REPRESENTATION(#18,#16357);
#24=CONTEXT_DEPENDENT_SHAPE_REPRESENTATION(#19,#16358);
#25=CONTEXT_DEPENDENT_SHAPE_REPRESENTATION(#20,#16359);
#26=NEXT_ASSEMBLY_USAGE_OCCURRENCE('Pad:1','Pad:1','Pad:1',#16364,#16365,
'Pad:1');
#27=NEXT_ASSEMBLY_USAGE_OCCURRENCE('Pad:2','Pad:2','Pad:2',#16364,#16365,
'Pad:2');
#28=NEXT_ASSEMBLY_USAGE_OCCURRENCE('Pad:3','Pad:3','Pad:3',#16364,#16365,
'Pad:3');
#29=NEXT_ASSEMBLY_USAGE_OCCURRENCE('Pad:4','Pad:4','Pad:4',#16364,#16365,
'Pad:4');
#30=NEXT_ASSEMBLY_USAGE_OCCURRENCE('PRT2404:1','PRT2404:1','PRT2404:1',
#16364,#16366,'PRT2404:1');
#31=CYLINDRICAL_SURFACE('',#9512,1.666);
#32=CYLINDRICAL_SURFACE('',#9517,1.666);
#33=CYLINDRICAL_SURFACE('',#9522,1.666);
#34=CYLINDRICAL_SURFACE('',#9527,1.666);
#35=CYLINDRICAL_SURFACE('',#9532,1.666);
#36=CYLINDRICAL_SURFACE('',#9537,1.666);
#37=CYLINDRICAL_SURFACE('',#9542,1.666);
#38=CYLINDRICAL_SURFACE('',#9547,1.666);
#39=CYLINDRICAL_SURFACE('',#9552,1.666);
#40=CYLINDRICAL_SURFACE('',#9557,1.666);
#41=CYLINDRICAL_SURFACE('',#9562,1.666);
#42=CYLINDRICAL_SURFACE('',#9567,1.666);
#43=CYLINDRICAL_SURFACE('',#9572,1.666);
#44=CYLINDRICAL_SURFACE('',#9577,1.666);
#45=CYLINDRICAL_SURFACE('',#9582,1.666);
#46=CYLINDRICAL_SURFACE('',#9587,1.666);
#47=CYLINDRICAL_SURFACE('',#9592,1.666);
#48=CYLINDRICAL_SURFACE('',#9597,1.666);
#49=CYLINDRICAL_SURFACE('',#9602,1.666);
#50=CYLINDRICAL_SURFACE('',#9607,1.666);
#51=CYLINDRICAL_SURFACE('',#9612,1.666);
#52=CYLINDRICAL_SURFACE('',#9617,1.666);
#53=CYLINDRICAL_SURFACE('',#9622,1.666);
#54=CYLINDRICAL_SURFACE('',#9627,1.666);
#55=CYLINDRICAL_SURFACE('',#9632,1.666);
#56=CYLINDRICAL_SURFACE('',#9637,1.666);
#57=CYLINDRICAL_SURFACE('',#9642,1.666);
#58=CYLINDRICAL_SURFACE('',#9647,1.666);
#59=CYLINDRICAL_SURFACE('',#9652,1.666);
#60=CYLINDRICAL_SURFACE('',#9657,1.666);
#61=CYLINDRICAL_SURFACE('',#9662,1.666);
#62=CYLINDRICAL_SURFACE('',#9667,1.666);
#63=CYLINDRICAL_SURFACE('',#9672,1.666);
#64=CYLINDRICAL_SURFACE('',#9677,1.666);
#65=CYLINDRICAL_SURFACE('',#9682,1.666);
#66=CYLINDRICAL_SURFACE('',#9687,1.666);
#67=CYLINDRICAL_SURFACE('',#9692,1.666);
#68=CYLINDRICAL_SURFACE('',#9697,1.666);
#69=CYLINDRICAL_SURFACE('',#9702,1.666);
#70=CYLINDRICAL_SURFACE('',#9707,1.666);
#71=CYLINDRICAL_SURFACE('',#9712,1.666);
#72=CYLINDRICAL_SURFACE('',#9717,1.666);
#73=CYLINDRICAL_SURFACE('',#9722,1.666);
#74=CYLINDRICAL_SURFACE('',#9727,1.666);
#75=CYLINDRICAL_SURFACE('',#9732,1.666);
#76=CYLINDRICAL_SURFACE('',#9737,1.666);
#77=CYLINDRICAL_SURFACE('',#9742,1.666);
#78=CYLINDRICAL_SURFACE('',#9747,1.666);
#79=CYLINDRICAL_SURFACE('',#9752,1.666);
#80=CYLINDRICAL_SURFACE('',#9757,1.666);
#81=CYLINDRICAL_SURFACE('',#9762,1.666);
#82=CYLINDRICAL_SURFACE('',#9767,1.666);
#83=CYLINDRICAL_SURFACE('',#9772,1.666);
#84=CYLINDRICAL_SURFACE('',#9777,1.666);
#85=CYLINDRICAL_SURFACE('',#9782,1.666);
#86=CYLINDRICAL_SURFACE('',#9787,1.666);
#87=CYLINDRICAL_SURFACE('',#9792,1.666);
#88=CYLINDRICAL_SURFACE('',#9797,1.666);
#89=CYLINDRICAL_SURFACE('',#9802,1.666);
#90=CYLINDRICAL_SURFACE('',#9807,1.666);
#91=CYLINDRICAL_SURFACE('',#9812,1.666);
#92=CYLINDRICAL_SURFACE('',#9817,1.666);
#93=CYLINDRICAL_SURFACE('',#9822,1.666);
#94=CYLINDRICAL_SURFACE('',#9827,1.666);
#95=CYLINDRICAL_SURFACE('',#9832,1.666);
#96=CYLINDRICAL_SURFACE('',#9837,1.666);
#97=CYLINDRICAL_SURFACE('',#9842,1.666);
#98=CYLINDRICAL_SURFACE('',#9847,1.666);
#99=CYLINDRICAL_SURFACE('',#9852,1.666);
#100=CYLINDRICAL_SURFACE('',#9857,1.666);
#101=CYLINDRICAL_SURFACE('',#9862,1.666);
#102=CYLINDRICAL_SURFACE('',#9867,1.666);
#103=CYLINDRICAL_SURFACE('',#9872,1.666);
#104=CYLINDRICAL_SURFACE('',#9877,1.666);
#105=CYLINDRICAL_SURFACE('',#9882,1.666);
#106=CYLINDRICAL_SURFACE('',#9887,1.666);
#107=CYLINDRICAL_SURFACE('',#9892,1.666);
#108=CYLINDRICAL_SURFACE('',#9897,1.666);
#109=CYLINDRICAL_SURFACE('',#9902,1.666);
#110=CYLINDRICAL_SURFACE('',#9907,1.666);
#111=CYLINDRICAL_SURFACE('',#9912,1.666);
#112=CYLINDRICAL_SURFACE('',#9917,1.666);
#113=CYLINDRICAL_SURFACE('',#9922,1.666);
#114=CYLINDRICAL_SURFACE('',#9927,1.666);
#115=CYLINDRICAL_SURFACE('',#9932,1.666);
#116=CYLINDRICAL_SURFACE('',#9937,1.666);
#117=CYLINDRICAL_SURFACE('',#9942,1.666);
#118=CYLINDRICAL_SURFACE('',#9947,1.666);
#119=CYLINDRICAL_SURFACE('',#9952,1.666);
#120=CYLINDRICAL_SURFACE('',#9957,1.666);
#121=CYLINDRICAL_SURFACE('',#9962,1.666);
#122=CYLINDRICAL_SURFACE('',#9967,1.666);
#123=CYLINDRICAL_SURFACE('',#9972,1.666);
#124=CYLINDRICAL_SURFACE('',#9977,1.666);
#125=CYLINDRICAL_SURFACE('',#9982,1.666);
#126=CYLINDRICAL_SURFACE('',#9987,1.666);
#127=CYLINDRICAL_SURFACE('',#9992,1.666);
#128=CYLINDRICAL_SURFACE('',#9997,1.666);
#129=CYLINDRICAL_SURFACE('',#10002,1.666);
#130=CYLINDRICAL_SURFACE('',#10007,1.666);
#131=CYLINDRICAL_SURFACE('',#10012,1.666);
#132=CYLINDRICAL_SURFACE('',#10017,1.666);
#133=CYLINDRICAL_SURFACE('',#10022,1.666);
#134=CYLINDRICAL_SURFACE('',#10027,1.666);
#135=CYLINDRICAL_SURFACE('',#10032,1.666);
#136=CYLINDRICAL_SURFACE('',#10037,1.666);
#137=CYLINDRICAL_SURFACE('',#10042,1.666);
#138=CYLINDRICAL_SURFACE('',#10047,1.666);
#139=CYLINDRICAL_SURFACE('',#10052,1.666);
#140=CYLINDRICAL_SURFACE('',#10057,1.666);
#141=CYLINDRICAL_SURFACE('',#10062,1.666);
#142=CYLINDRICAL_SURFACE('',#10067,1.666);
#143=CYLINDRICAL_SURFACE('',#10072,1.666);
#144=CYLINDRICAL_SURFACE('',#10077,1.666);
#145=CYLINDRICAL_SURFACE('',#10082,1.666);
#146=CYLINDRICAL_SURFACE('',#10087,1.666);
#147=CYLINDRICAL_SURFACE('',#10092,1.666);
#148=CYLINDRICAL_SURFACE('',#10097,1.666);
#149=CYLINDRICAL_SURFACE('',#10102,1.666);
#150=CYLINDRICAL_SURFACE('',#10107,1.666);
#151=CYLINDRICAL_SURFACE('',#10112,1.666);
#152=CYLINDRICAL_SURFACE('',#10117,1.666);
#153=CYLINDRICAL_SURFACE('',#10122,1.666);
#154=CYLINDRICAL_SURFACE('',#10127,1.666);
#155=CYLINDRICAL_SURFACE('',#10132,1.666);
#156=CYLINDRICAL_SURFACE('',#10137,1.666);
#157=CYLINDRICAL_SURFACE('',#10142,1.666);
#158=CYLINDRICAL_SURFACE('',#10147,1.666);
#159=CYLINDRICAL_SURFACE('',#10152,1.666);
#160=CYLINDRICAL_SURFACE('',#10157,1.666);
#161=CYLINDRICAL_SURFACE('',#10162,1.666);
#162=CYLINDRICAL_SURFACE('',#10167,1.666);
#163=CYLINDRICAL_SURFACE('',#10172,1.666);
#164=CYLINDRICAL_SURFACE('',#10177,1.666);
#165=CYLINDRICAL_SURFACE('',#10182,1.666);
#166=CYLINDRICAL_SURFACE('',#10187,1.666);
#167=CYLINDRICAL_SURFACE('',#10192,1.666);
#168=CYLINDRICAL_SURFACE('',#10197,1.666);
#169=CYLINDRICAL_SURFACE('',#10202,1.666);
#170=CYLINDRICAL_SURFACE('',#10207,1.666);
#171=CYLINDRICAL_SURFACE('',#10212,1.666);
#172=CYLINDRICAL_SURFACE('',#10217,1.666);
#173=CYLINDRICAL_SURFACE('',#10222,1.666);
#174=CYLINDRICAL_SURFACE('',#10227,1.666);
#175=CYLINDRICAL_SURFACE('',#10232,1.666);
#176=CYLINDRICAL_SURFACE('',#10237,1.666);
#177=CYLINDRICAL_SURFACE('',#10242,1.666);
#178=CYLINDRICAL_SURFACE('',#10247,1.666);
#179=CYLINDRICAL_SURFACE('',#10252,1.666);
#180=CYLINDRICAL_SURFACE('',#10257,1.666);
#181=CYLINDRICAL_SURFACE('',#10262,1.666);
#182=CYLINDRICAL_SURFACE('',#10267,1.666);
#183=CYLINDRICAL_SURFACE('',#10272,1.666);
#184=CYLINDRICAL_SURFACE('',#10277,1.666);
#185=CYLINDRICAL_SURFACE('',#10282,1.666);
#186=CYLINDRICAL_SURFACE('',#10287,1.666);
#187=CYLINDRICAL_SURFACE('',#10292,1.666);
#188=CYLINDRICAL_SURFACE('',#10297,1.666);
#189=CYLINDRICAL_SURFACE('',#10302,1.666);
#190=CYLINDRICAL_SURFACE('',#10307,1.666);
#191=CYLINDRICAL_SURFACE('',#10312,1.666);
#192=CYLINDRICAL_SURFACE('',#10317,1.666);
#193=CYLINDRICAL_SURFACE('',#10322,1.666);
#194=CYLINDRICAL_SURFACE('',#10327,1.666);
#195=CYLINDRICAL_SURFACE('',#10332,1.666);
#196=CYLINDRICAL_SURFACE('',#10337,1.666);
#197=CYLINDRICAL_SURFACE('',#10342,1.666);
#198=CYLINDRICAL_SURFACE('',#10347,1.666);
#199=CYLINDRICAL_SURFACE('',#10352,1.666);
#200=CYLINDRICAL_SURFACE('',#10357,1.666);
#201=CYLINDRICAL_SURFACE('',#10362,1.666);
#202=CYLINDRICAL_SURFACE('',#10367,1.666);
#203=CYLINDRICAL_SURFACE('',#10372,1.666);
#204=CYLINDRICAL_SURFACE('',#10377,1.666);
#205=CYLINDRICAL_SURFACE('',#10382,1.666);
#206=CYLINDRICAL_SURFACE('',#10387,1.666);
#207=CYLINDRICAL_SURFACE('',#10392,1.666);
#208=CYLINDRICAL_SURFACE('',#10397,1.666);
#209=CYLINDRICAL_SURFACE('',#10402,1.666);
#210=CYLINDRICAL_SURFACE('',#10407,1.666);
#211=CYLINDRICAL_SURFACE('',#10412,1.666);
#212=CYLINDRICAL_SURFACE('',#10417,1.666);
#213=CYLINDRICAL_SURFACE('',#10422,1.666);
#214=CYLINDRICAL_SURFACE('',#10427,1.666);
#215=CYLINDRICAL_SURFACE('',#10432,1.666);
#216=CYLINDRICAL_SURFACE('',#10437,1.666);
#217=CYLINDRICAL_SURFACE('',#10442,1.666);
#218=CYLINDRICAL_SURFACE('',#10447,1.666);
#219=CYLINDRICAL_SURFACE('',#10452,1.666);
#220=CYLINDRICAL_SURFACE('',#10457,1.666);
#221=CYLINDRICAL_SURFACE('',#10462,1.666);
#222=CYLINDRICAL_SURFACE('',#10467,1.666);
#223=CYLINDRICAL_SURFACE('',#10472,1.666);
#224=CYLINDRICAL_SURFACE('',#10477,1.666);
#225=CYLINDRICAL_SURFACE('',#10482,1.666);
#226=CYLINDRICAL_SURFACE('',#10487,1.666);
#227=CYLINDRICAL_SURFACE('',#10492,1.666);
#228=CYLINDRICAL_SURFACE('',#10497,1.666);
#229=CYLINDRICAL_SURFACE('',#10502,1.666);
#230=CYLINDRICAL_SURFACE('',#10507,1.666);
#231=CYLINDRICAL_SURFACE('',#10509,2.54999999999999);
#232=CYLINDRICAL_SURFACE('',#10513,2.54999999999999);
#233=CYLINDRICAL_SURFACE('',#10517,2.54999999999999);
#234=CYLINDRICAL_SURFACE('',#10521,2.54999999999999);
#235=CYLINDRICAL_SURFACE('',#10527,5.05);
#236=CYLINDRICAL_SURFACE('',#10531,5.05);
#237=CYLINDRICAL_SURFACE('',#10535,5.05);
#238=CYLINDRICAL_SURFACE('',#10539,5.05);
#239=CYLINDRICAL_SURFACE('',#10543,5.05);
#240=CYLINDRICAL_SURFACE('',#10561,2.);
#241=CYLINDRICAL_SURFACE('',#10564,2.);
#242=CYLINDRICAL_SURFACE('',#10583,2.);
#243=CYLINDRICAL_SURFACE('',#10585,2.);
#244=CYLINDRICAL_SURFACE('',#10586,3.25);
#245=CYLINDRICAL_SURFACE('',#10588,3.25);
#246=CYLINDRICAL_SURFACE('',#10590,3.25);
#247=CYLINDRICAL_SURFACE('',#10592,3.25);
#248=CYLINDRICAL_SURFACE('',#10598,3.25);
#249=FACE_BOUND('',#2291,.T.);
#250=FACE_BOUND('',#2292,.T.);
#251=FACE_BOUND('',#2293,.T.);
#252=FACE_BOUND('',#2294,.T.);
#253=FACE_BOUND('',#2295,.T.);
#254=FACE_BOUND('',#2296,.T.);
#255=FACE_BOUND('',#2297,.T.);
#256=FACE_BOUND('',#2298,.T.);
#257=FACE_BOUND('',#2299,.T.);
#258=FACE_BOUND('',#2300,.T.);
#259=FACE_BOUND('',#2301,.T.);
#260=FACE_BOUND('',#2302,.T.);
#261=FACE_BOUND('',#2303,.T.);
#262=FACE_BOUND('',#2304,.T.);
#263=FACE_BOUND('',#2305,.T.);
#264=FACE_BOUND('',#2306,.T.);
#265=FACE_BOUND('',#2307,.T.);
#266=FACE_BOUND('',#2308,.T.);
#267=FACE_BOUND('',#2309,.T.);
#268=FACE_BOUND('',#2310,.T.);
#269=FACE_BOUND('',#2311,.T.);
#270=FACE_BOUND('',#2312,.T.);
#271=FACE_BOUND('',#2313,.T.);
#272=FACE_BOUND('',#2314,.T.);
#273=FACE_BOUND('',#2315,.T.);
#274=FACE_BOUND('',#2316,.T.);
#275=FACE_BOUND('',#2317,.T.);
#276=FACE_BOUND('',#2318,.T.);
#277=FACE_BOUND('',#2319,.T.);
#278=FACE_BOUND('',#2320,.T.);
#279=FACE_BOUND('',#2321,.T.);
#280=FACE_BOUND('',#2322,.T.);
#281=FACE_BOUND('',#2323,.T.);
#282=FACE_BOUND('',#2324,.T.);
#283=FACE_BOUND('',#2325,.T.);
#284=FACE_BOUND('',#2326,.T.);
#285=FACE_BOUND('',#2327,.T.);
#286=FACE_BOUND('',#2328,.T.);
#287=FACE_BOUND('',#2329,.T.);
#288=FACE_BOUND('',#2330,.T.);
#289=FACE_BOUND('',#2331,.T.);
#290=FACE_BOUND('',#2332,.T.);
#291=FACE_BOUND('',#2333,.T.);
#292=FACE_BOUND('',#2334,.T.);
#293=FACE_BOUND('',#2335,.T.);
#294=FACE_BOUND('',#2336,.T.);
#295=FACE_BOUND('',#2337,.T.);
#296=FACE_BOUND('',#2338,.T.);
#297=FACE_BOUND('',#2339,.T.);
#298=FACE_BOUND('',#2340,.T.);
#299=FACE_BOUND('',#2341,.T.);
#300=FACE_BOUND('',#2342,.T.);
#301=FACE_BOUND('',#2343,.T.);
#302=FACE_BOUND('',#2344,.T.);
#303=FACE_BOUND('',#2345,.T.);
#304=FACE_BOUND('',#2346,.T.);
#305=FACE_BOUND('',#2347,.T.);
#306=FACE_BOUND('',#2348,.T.);
#307=FACE_BOUND('',#2349,.T.);
#308=FACE_BOUND('',#2350,.T.);
#309=FACE_BOUND('',#2351,.T.);
#310=FACE_BOUND('',#2352,.T.);
#311=FACE_BOUND('',#2353,.T.);
#312=FACE_BOUND('',#2354,.T.);
#313=FACE_BOUND('',#2355,.T.);
#314=FACE_BOUND('',#2356,.T.);
#315=FACE_BOUND('',#2357,.T.);
#316=FACE_BOUND('',#2358,.T.);
#317=FACE_BOUND('',#2359,.T.);
#318=FACE_BOUND('',#2360,.T.);
#319=FACE_BOUND('',#2361,.T.);
#320=FACE_BOUND('',#2362,.T.);
#321=FACE_BOUND('',#2363,.T.);
#322=FACE_BOUND('',#2364,.T.);
#323=FACE_BOUND('',#2365,.T.);
#324=FACE_BOUND('',#2366,.T.);
#325=FACE_BOUND('',#2367,.T.);
#326=FACE_BOUND('',#2368,.T.);
#327=FACE_BOUND('',#2369,.T.);
#328=FACE_BOUND('',#2370,.T.);
#329=FACE_BOUND('',#2371,.T.);
#330=FACE_BOUND('',#2372,.T.);
#331=FACE_BOUND('',#2373,.T.);
#332=FACE_BOUND('',#2374,.T.);
#333=FACE_BOUND('',#2375,.T.);
#334=FACE_BOUND('',#2376,.T.);
#335=FACE_BOUND('',#2377,.T.);
#336=FACE_BOUND('',#2378,.T.);
#337=FACE_BOUND('',#2379,.T.);
#338=FACE_BOUND('',#2380,.T.);
#339=FACE_BOUND('',#2381,.T.);
#340=FACE_BOUND('',#2382,.T.);
#341=FACE_BOUND('',#2383,.T.);
#342=FACE_BOUND('',#2384,.T.);
#343=FACE_BOUND('',#2385,.T.);
#344=FACE_BOUND('',#2386,.T.);
#345=FACE_BOUND('',#2387,.T.);
#346=FACE_BOUND('',#2388,.T.);
#347=FACE_BOUND('',#2389,.T.);
#348=FACE_BOUND('',#2390,.T.);
#349=FACE_BOUND('',#2391,.T.);
#350=FACE_BOUND('',#2392,.T.);
#351=FACE_BOUND('',#2393,.T.);
#352=FACE_BOUND('',#2394,.T.);
#353=FACE_BOUND('',#2395,.T.);
#354=FACE_BOUND('',#2396,.T.);
#355=FACE_BOUND('',#2397,.T.);
#356=FACE_BOUND('',#2398,.T.);
#357=FACE_BOUND('',#2399,.T.);
#358=FACE_BOUND('',#2400,.T.);
#359=FACE_BOUND('',#2401,.T.);
#360=FACE_BOUND('',#2402,.T.);
#361=FACE_BOUND('',#2403,.T.);
#362=FACE_BOUND('',#2404,.T.);
#363=FACE_BOUND('',#2405,.T.);
#364=FACE_BOUND('',#2406,.T.);
#365=FACE_BOUND('',#2407,.T.);
#366=FACE_BOUND('',#2408,.T.);
#367=FACE_BOUND('',#2409,.T.);
#368=FACE_BOUND('',#2410,.T.);
#369=FACE_BOUND('',#2411,.T.);
#370=FACE_BOUND('',#2412,.T.);
#371=FACE_BOUND('',#2413,.T.);
#372=FACE_BOUND('',#2414,.T.);
#373=FACE_BOUND('',#2415,.T.);
#374=FACE_BOUND('',#2416,.T.);
#375=FACE_BOUND('',#2417,.T.);
#376=FACE_BOUND('',#2418,.T.);
#377=FACE_BOUND('',#2419,.T.);
#378=FACE_BOUND('',#2420,.T.);
#379=FACE_BOUND('',#2421,.T.);
#380=FACE_BOUND('',#2422,.T.);
#381=FACE_BOUND('',#2423,.T.);
#382=FACE_BOUND('',#2424,.T.);
#383=FACE_BOUND('',#2425,.T.);
#384=FACE_BOUND('',#2426,.T.);
#385=FACE_BOUND('',#2427,.T.);
#386=FACE_BOUND('',#2428,.T.);
#387=FACE_BOUND('',#2429,.T.);
#388=FACE_BOUND('',#2430,.T.);
#389=FACE_BOUND('',#2431,.T.);
#390=FACE_BOUND('',#2432,.T.);
#391=FACE_BOUND('',#2433,.T.);
#392=FACE_BOUND('',#2434,.T.);
#393=FACE_BOUND('',#2435,.T.);
#394=FACE_BOUND('',#2436,.T.);
#395=FACE_BOUND('',#2437,.T.);
#396=FACE_BOUND('',#2438,.T.);
#397=FACE_BOUND('',#2439,.T.);
#398=FACE_BOUND('',#2440,.T.);
#399=FACE_BOUND('',#2441,.T.);
#400=FACE_BOUND('',#2442,.T.);
#401=FACE_BOUND('',#2443,.T.);
#402=FACE_BOUND('',#2444,.T.);
#403=FACE_BOUND('',#2445,.T.);
#404=FACE_BOUND('',#2446,.T.);
#405=FACE_BOUND('',#2447,.T.);
#406=FACE_BOUND('',#2448,.T.);
#407=FACE_BOUND('',#2449,.T.);
#408=FACE_BOUND('',#2450,.T.);
#409=FACE_BOUND('',#2451,.T.);
#410=FACE_BOUND('',#2452,.T.);
#411=FACE_BOUND('',#2453,.T.);
#412=FACE_BOUND('',#2454,.T.);
#413=FACE_BOUND('',#2455,.T.);
#414=FACE_BOUND('',#2456,.T.);
#415=FACE_BOUND('',#2457,.T.);
#416=FACE_BOUND('',#2458,.T.);
#417=FACE_BOUND('',#2459,.T.);
#418=FACE_BOUND('',#2460,.T.);
#419=FACE_BOUND('',#2461,.T.);
#420=FACE_BOUND('',#2462,.T.);
#421=FACE_BOUND('',#2463,.T.);
#422=FACE_BOUND('',#2464,.T.);
#423=FACE_BOUND('',#2465,.T.);
#424=FACE_BOUND('',#2466,.T.);
#425=FACE_BOUND('',#2467,.T.);
#426=FACE_BOUND('',#2468,.T.);
#427=FACE_BOUND('',#2469,.T.);
#428=FACE_BOUND('',#2470,.T.);
#429=FACE_BOUND('',#2471,.T.);
#430=FACE_BOUND('',#2472,.T.);
#431=FACE_BOUND('',#2473,.T.);
#432=FACE_BOUND('',#2474,.T.);
#433=FACE_BOUND('',#2475,.T.);
#434=FACE_BOUND('',#2476,.T.);
#435=FACE_BOUND('',#2477,.T.);
#436=FACE_BOUND('',#2478,.T.);
#437=FACE_BOUND('',#2479,.T.);
#438=FACE_BOUND('',#2480,.T.);
#439=FACE_BOUND('',#2481,.T.);
#440=FACE_BOUND('',#2482,.T.);
#441=FACE_BOUND('',#2483,.T.);
#442=FACE_BOUND('',#2484,.T.);
#443=FACE_BOUND('',#2485,.T.);
#444=FACE_BOUND('',#2486,.T.);
#445=FACE_BOUND('',#2487,.T.);
#446=FACE_BOUND('',#2488,.T.);
#447=FACE_BOUND('',#2489,.T.);
#448=FACE_BOUND('',#2490,.T.);
#449=FACE_BOUND('',#2491,.T.);
#450=FACE_BOUND('',#2492,.T.);
#451=FACE_BOUND('',#2493,.T.);
#452=FACE_BOUND('',#2494,.T.);
#453=FACE_BOUND('',#2495,.T.);
#454=FACE_BOUND('',#2926,.T.);
#455=FACE_BOUND('',#2927,.T.);
#456=FACE_BOUND('',#2928,.T.);
#457=FACE_BOUND('',#2929,.T.);
#458=FACE_BOUND('',#2930,.T.);
#459=FACE_BOUND('',#2931,.T.);
#460=FACE_BOUND('',#2932,.T.);
#461=FACE_BOUND('',#2933,.T.);
#462=FACE_BOUND('',#2934,.T.);
#463=FACE_BOUND('',#2935,.T.);
#464=FACE_BOUND('',#2936,.T.);
#465=FACE_BOUND('',#2937,.T.);
#466=FACE_BOUND('',#2938,.T.);
#467=FACE_BOUND('',#2939,.T.);
#468=FACE_BOUND('',#2940,.T.);
#469=FACE_BOUND('',#2941,.T.);
#470=FACE_BOUND('',#2942,.T.);
#471=FACE_BOUND('',#2943,.T.);
#472=FACE_BOUND('',#2944,.T.);
#473=FACE_BOUND('',#2945,.T.);
#474=FACE_BOUND('',#2946,.T.);
#475=FACE_BOUND('',#2947,.T.);
#476=FACE_BOUND('',#2948,.T.);
#477=FACE_BOUND('',#2949,.T.);
#478=FACE_BOUND('',#2950,.T.);
#479=FACE_BOUND('',#2951,.T.);
#480=FACE_BOUND('',#2952,.T.);
#481=FACE_BOUND('',#2953,.T.);
#482=FACE_BOUND('',#2954,.T.);
#483=FACE_BOUND('',#2955,.T.);
#484=FACE_BOUND('',#2956,.T.);
#485=FACE_BOUND('',#2957,.T.);
#486=FACE_BOUND('',#2958,.T.);
#487=FACE_BOUND('',#2959,.T.);
#488=FACE_BOUND('',#2960,.T.);
#489=FACE_BOUND('',#2961,.T.);
#490=FACE_BOUND('',#2962,.T.);
#491=FACE_BOUND('',#2963,.T.);
#492=FACE_BOUND('',#2964,.T.);
#493=FACE_BOUND('',#2965,.T.);
#494=FACE_BOUND('',#2966,.T.);
#495=FACE_BOUND('',#2967,.T.);
#496=FACE_BOUND('',#2968,.T.);
#497=FACE_BOUND('',#2969,.T.);
#498=FACE_BOUND('',#2970,.T.);
#499=FACE_BOUND('',#2971,.T.);
#500=FACE_BOUND('',#2972,.T.);
#501=FACE_BOUND('',#2973,.T.);
#502=FACE_BOUND('',#2974,.T.);
#503=FACE_BOUND('',#2975,.T.);
#504=FACE_BOUND('',#2976,.T.);
#505=FACE_BOUND('',#2977,.T.);
#506=FACE_BOUND('',#2978,.T.);
#507=FACE_BOUND('',#2979,.T.);
#508=FACE_BOUND('',#2980,.T.);
#509=FACE_BOUND('',#2981,.T.);
#510=FACE_BOUND('',#2982,.T.);
#511=FACE_BOUND('',#2983,.T.);
#512=FACE_BOUND('',#2984,.T.);
#513=FACE_BOUND('',#2985,.T.);
#514=FACE_BOUND('',#2986,.T.);
#515=FACE_BOUND('',#2987,.T.);
#516=FACE_BOUND('',#2988,.T.);
#517=FACE_BOUND('',#2989,.T.);
#518=FACE_BOUND('',#2990,.T.);
#519=FACE_BOUND('',#2991,.T.);
#520=FACE_BOUND('',#2992,.T.);
#521=FACE_BOUND('',#2993,.T.);
#522=FACE_BOUND('',#2994,.T.);
#523=FACE_BOUND('',#2995,.T.);
#524=FACE_BOUND('',#2996,.T.);
#525=FACE_BOUND('',#2997,.T.);
#526=FACE_BOUND('',#2998,.T.);
#527=FACE_BOUND('',#2999,.T.);
#528=FACE_BOUND('',#3000,.T.);
#529=FACE_BOUND('',#3001,.T.);
#530=FACE_BOUND('',#3002,.T.);
#531=FACE_BOUND('',#3003,.T.);
#532=FACE_BOUND('',#3004,.T.);
#533=FACE_BOUND('',#3005,.T.);
#534=FACE_BOUND('',#3006,.T.);
#535=FACE_BOUND('',#3007,.T.);
#536=FACE_BOUND('',#3008,.T.);
#537=FACE_BOUND('',#3009,.T.);
#538=FACE_BOUND('',#3010,.T.);
#539=FACE_BOUND('',#3011,.T.);
#540=FACE_BOUND('',#3012,.T.);
#541=FACE_BOUND('',#3013,.T.);
#542=FACE_BOUND('',#3014,.T.);
#543=FACE_BOUND('',#3015,.T.);
#544=FACE_BOUND('',#3016,.T.);
#545=FACE_BOUND('',#3017,.T.);
#546=FACE_BOUND('',#3018,.T.);
#547=FACE_BOUND('',#3019,.T.);
#548=FACE_BOUND('',#3020,.T.);
#549=FACE_BOUND('',#3021,.T.);
#550=FACE_BOUND('',#3022,.T.);
#551=FACE_BOUND('',#3023,.T.);
#552=FACE_BOUND('',#3024,.T.);
#553=FACE_BOUND('',#3025,.T.);
#554=FACE_BOUND('',#3026,.T.);
#555=FACE_BOUND('',#3027,.T.);
#556=FACE_BOUND('',#3028,.T.);
#557=FACE_BOUND('',#3029,.T.);
#558=FACE_BOUND('',#3030,.T.);
#559=FACE_BOUND('',#3031,.T.);
#560=FACE_BOUND('',#3032,.T.);
#561=FACE_BOUND('',#3033,.T.);
#562=FACE_BOUND('',#3034,.T.);
#563=FACE_BOUND('',#3035,.T.);
#564=FACE_BOUND('',#3036,.T.);
#565=FACE_BOUND('',#3037,.T.);
#566=FACE_BOUND('',#3038,.T.);
#567=FACE_BOUND('',#3039,.T.);
#568=FACE_BOUND('',#3040,.T.);
#569=FACE_BOUND('',#3041,.T.);
#570=FACE_BOUND('',#3042,.T.);
#571=FACE_BOUND('',#3043,.T.);
#572=FACE_BOUND('',#3044,.T.);
#573=FACE_BOUND('',#3045,.T.);
#574=FACE_BOUND('',#3046,.T.);
#575=FACE_BOUND('',#3047,.T.);
#576=FACE_BOUND('',#3048,.T.);
#577=FACE_BOUND('',#3049,.T.);
#578=FACE_BOUND('',#3050,.T.);
#579=FACE_BOUND('',#3051,.T.);
#580=FACE_BOUND('',#3052,.T.);
#581=FACE_BOUND('',#3053,.T.);
#582=FACE_BOUND('',#3054,.T.);
#583=FACE_BOUND('',#3055,.T.);
#584=FACE_BOUND('',#3056,.T.);
#585=FACE_BOUND('',#3057,.T.);
#586=FACE_BOUND('',#3058,.T.);
#587=FACE_BOUND('',#3059,.T.);
#588=FACE_BOUND('',#3060,.T.);
#589=FACE_BOUND('',#3061,.T.);
#590=FACE_BOUND('',#3062,.T.);
#591=FACE_BOUND('',#3063,.T.);
#592=FACE_BOUND('',#3064,.T.);
#593=FACE_BOUND('',#3065,.T.);
#594=FACE_BOUND('',#3066,.T.);
#595=FACE_BOUND('',#3067,.T.);
#596=FACE_BOUND('',#3068,.T.);
#597=FACE_BOUND('',#3069,.T.);
#598=FACE_BOUND('',#3070,.T.);
#599=FACE_BOUND('',#3071,.T.);
#600=FACE_BOUND('',#3072,.T.);
#601=FACE_BOUND('',#3073,.T.);
#602=FACE_BOUND('',#3074,.T.);
#603=FACE_BOUND('',#3075,.T.);
#604=FACE_BOUND('',#3076,.T.);
#605=FACE_BOUND('',#3077,.T.);
#606=FACE_BOUND('',#3078,.T.);
#607=FACE_BOUND('',#3079,.T.);
#608=FACE_BOUND('',#3080,.T.);
#609=FACE_BOUND('',#3081,.T.);
#610=FACE_BOUND('',#3082,.T.);
#611=FACE_BOUND('',#3083,.T.);
#612=FACE_BOUND('',#3084,.T.);
#613=FACE_BOUND('',#3085,.T.);
#614=FACE_BOUND('',#3086,.T.);
#615=FACE_BOUND('',#3087,.T.);
#616=FACE_BOUND('',#3088,.T.);
#617=FACE_BOUND('',#3089,.T.);
#618=FACE_BOUND('',#3090,.T.);
#619=FACE_BOUND('',#3091,.T.);
#620=FACE_BOUND('',#3092,.T.);
#621=FACE_BOUND('',#3093,.T.);
#622=FACE_BOUND('',#3094,.T.);
#623=FACE_BOUND('',#3095,.T.);
#624=FACE_BOUND('',#3096,.T.);
#625=FACE_BOUND('',#3097,.T.);
#626=FACE_BOUND('',#3098,.T.);
#627=FACE_BOUND('',#3099,.T.);
#628=FACE_BOUND('',#3100,.T.);
#629=FACE_BOUND('',#3101,.T.);
#630=FACE_BOUND('',#3102,.T.);
#631=FACE_BOUND('',#3103,.T.);
#632=FACE_BOUND('',#3104,.T.);
#633=FACE_BOUND('',#3105,.T.);
#634=FACE_BOUND('',#3106,.T.);
#635=FACE_BOUND('',#3107,.T.);
#636=FACE_BOUND('',#3108,.T.);
#637=FACE_BOUND('',#3109,.T.);
#638=FACE_BOUND('',#3110,.T.);
#639=FACE_BOUND('',#3111,.T.);
#640=FACE_BOUND('',#3112,.T.);
#641=FACE_BOUND('',#3113,.T.);
#642=FACE_BOUND('',#3114,.T.);
#643=FACE_BOUND('',#3115,.T.);
#644=FACE_BOUND('',#3116,.T.);
#645=FACE_BOUND('',#3117,.T.);
#646=FACE_BOUND('',#3118,.T.);
#647=FACE_BOUND('',#3119,.T.);
#648=FACE_BOUND('',#3120,.T.);
#649=FACE_BOUND('',#3121,.T.);
#650=FACE_BOUND('',#3122,.T.);
#651=FACE_BOUND('',#3123,.T.);
#652=FACE_BOUND('',#3124,.T.);
#653=FACE_BOUND('',#3125,.T.);
#654=FACE_BOUND('',#3126,.T.);
#655=FACE_BOUND('',#3127,.T.);
#656=FACE_BOUND('',#3128,.T.);
#657=FACE_BOUND('',#3129,.T.);
#658=FACE_BOUND('',#3130,.T.);
#659=FACE_BOUND('',#3131,.T.);
#660=FACE_BOUND('',#3132,.T.);
#661=FACE_BOUND('',#3133,.T.);
#662=FACE_BOUND('',#3134,.T.);
#663=FACE_BOUND('',#3151,.T.);
#664=FACE_BOUND('',#3153,.T.);
#665=FACE_BOUND('',#3155,.T.);
#666=FACE_BOUND('',#3157,.T.);
#667=FACE_BOUND('',#3160,.T.);
#668=LINE('',#13709,#1127);
#669=LINE('',#13716,#1128);
#670=LINE('',#13720,#1129);
#671=LINE('',#13724,#1130);
#672=LINE('',#13728,#1131);
#673=LINE('',#14140,#1132);
#674=LINE('',#14144,#1133);
#675=LINE('',#14150,#1134);
#676=LINE('',#14154,#1135);
#677=LINE('',#14160,#1136);
#678=LINE('',#14164,#1137);
#679=LINE('',#14170,#1138);
#680=LINE('',#14174,#1139);
#681=LINE('',#14180,#1140);
#682=LINE('',#14184,#1141);
#683=LINE('',#14190,#1142);
#684=LINE('',#14194,#1143);
#685=LINE('',#14200,#1144);
#686=LINE('',#14204,#1145);
#687=LINE('',#14210,#1146);
#688=LINE('',#14214,#1147);
#689=LINE('',#14220,#1148);
#690=LINE('',#14224,#1149);
#691=LINE('',#14230,#1150);
#692=LINE('',#14234,#1151);
#693=LINE('',#14240,#1152);
#694=LINE('',#14244,#1153);
#695=LINE('',#14250,#1154);
#696=LINE('',#14254,#1155);
#697=LINE('',#14260,#1156);
#698=LINE('',#14264,#1157);
#699=LINE('',#14270,#1158);
#700=LINE('',#14274,#1159);
#701=LINE('',#14280,#1160);
#702=LINE('',#14284,#1161);
#703=LINE('',#14290,#1162);
#704=LINE('',#14294,#1163);
#705=LINE('',#14300,#1164);
#706=LINE('',#14304,#1165);
#707=LINE('',#14310,#1166);
#708=LINE('',#14314,#1167);
#709=LINE('',#14320,#1168);
#710=LINE('',#14324,#1169);
#711=LINE('',#14330,#1170);
#712=LINE('',#14334,#1171);
#713=LINE('',#14340,#1172);
#714=LINE('',#14344,#1173);
#715=LINE('',#14350,#1174);
#716=LINE('',#14354,#1175);
#717=LINE('',#14360,#1176);
#718=LINE('',#14364,#1177);
#719=LINE('',#14370,#1178);
#720=LINE('',#14374,#1179);
#721=LINE('',#14380,#1180);
#722=LINE('',#14384,#1181);
#723=LINE('',#14390,#1182);
#724=LINE('',#14394,#1183);
#725=LINE('',#14400,#1184);
#726=LINE('',#14404,#1185);
#727=LINE('',#14410,#1186);
#728=LINE('',#14414,#1187);
#729=LINE('',#14420,#1188);
#730=LINE('',#14424,#1189);
#731=LINE('',#14430,#1190);
#732=LINE('',#14434,#1191);
#733=LINE('',#14440,#1192);
#734=LINE('',#14444,#1193);
#735=LINE('',#14450,#1194);
#736=LINE('',#14454,#1195);
#737=LINE('',#14460,#1196);
#738=LINE('',#14464,#1197);
#739=LINE('',#14470,#1198);
#740=LINE('',#14474,#1199);
#741=LINE('',#14480,#1200);
#742=LINE('',#14484,#1201);
#743=LINE('',#14490,#1202);
#744=LINE('',#14494,#1203);
#745=LINE('',#14500,#1204);
#746=LINE('',#14504,#1205);
#747=LINE('',#14510,#1206);
#748=LINE('',#14514,#1207);
#749=LINE('',#14520,#1208);
#750=LINE('',#14524,#1209);
#751=LINE('',#14530,#1210);
#752=LINE('',#14534,#1211);
#753=LINE('',#14540,#1212);
#754=LINE('',#14544,#1213);
#755=LINE('',#14550,#1214);
#756=LINE('',#14554,#1215);
#757=LINE('',#14560,#1216);
#758=LINE('',#14564,#1217);
#759=LINE('',#14570,#1218);
#760=LINE('',#14574,#1219);
#761=LINE('',#14580,#1220);
#762=LINE('',#14584,#1221);
#763=LINE('',#14590,#1222);
#764=LINE('',#14594,#1223);
#765=LINE('',#14600,#1224);
#766=LINE('',#14604,#1225);
#767=LINE('',#14610,#1226);
#768=LINE('',#14614,#1227);
#769=LINE('',#14620,#1228);
#770=LINE('',#14624,#1229);
#771=LINE('',#14630,#1230);
#772=LINE('',#14634,#1231);
#773=LINE('',#14640,#1232);
#774=LINE('',#14644,#1233);
#775=LINE('',#14650,#1234);
#776=LINE('',#14654,#1235);
#777=LINE('',#14660,#1236);
#778=LINE('',#14664,#1237);
#779=LINE('',#14670,#1238);
#780=LINE('',#14674,#1239);
#781=LINE('',#14680,#1240);
#782=LINE('',#14684,#1241);
#783=LINE('',#14690,#1242);
#784=LINE('',#14694,#1243);
#785=LINE('',#14700,#1244);
#786=LINE('',#14704,#1245);
#787=LINE('',#14710,#1246);
#788=LINE('',#14714,#1247);
#789=LINE('',#14720,#1248);
#790=LINE('',#14724,#1249);
#791=LINE('',#14730,#1250);
#792=LINE('',#14734,#1251);
#793=LINE('',#14740,#1252);
#794=LINE('',#14744,#1253);
#795=LINE('',#14750,#1254);
#796=LINE('',#14754,#1255);
#797=LINE('',#14760,#1256);
#798=LINE('',#14764,#1257);
#799=LINE('',#14770,#1258);
#800=LINE('',#14774,#1259);
#801=LINE('',#14780,#1260);
#802=LINE('',#14784,#1261);
#803=LINE('',#14790,#1262);
#804=LINE('',#14794,#1263);
#805=LINE('',#14800,#1264);
#806=LINE('',#14804,#1265);
#807=LINE('',#14810,#1266);
#808=LINE('',#14814,#1267);
#809=LINE('',#14820,#1268);
#810=LINE('',#14824,#1269);
#811=LINE('',#14830,#1270);
#812=LINE('',#14834,#1271);
#813=LINE('',#14840,#1272);
#814=LINE('',#14844,#1273);
#815=LINE('',#14850,#1274);
#816=LINE('',#14854,#1275);
#817=LINE('',#14860,#1276);
#818=LINE('',#14864,#1277);
#819=LINE('',#14870,#1278);
#820=LINE('',#14874,#1279);
#821=LINE('',#14880,#1280);
#822=LINE('',#14884,#1281);
#823=LINE('',#14890,#1282);
#824=LINE('',#14894,#1283);
#825=LINE('',#14900,#1284);
#826=LINE('',#14904,#1285);
#827=LINE('',#14910,#1286);
#828=LINE('',#14914,#1287);
#829=LINE('',#14920,#1288);
#830=LINE('',#14924,#1289);
#831=LINE('',#14930,#1290);
#832=LINE('',#14934,#1291);
#833=LINE('',#14940,#1292);
#834=LINE('',#14944,#1293);
#835=LINE('',#14950,#1294);
#836=LINE('',#14954,#1295);
#837=LINE('',#14960,#1296);
#838=LINE('',#14964,#1297);
#839=LINE('',#14970,#1298);
#840=LINE('',#14974,#1299);
#841=LINE('',#14980,#1300);
#842=LINE('',#14984,#1301);
#843=LINE('',#14990,#1302);
#844=LINE('',#14994,#1303);
#845=LINE('',#15000,#1304);
#846=LINE('',#15004,#1305);
#847=LINE('',#15010,#1306);
#848=LINE('',#15014,#1307);
#849=LINE('',#15020,#1308);
#850=LINE('',#15024,#1309);
#851=LINE('',#15030,#1310);
#852=LINE('',#15034,#1311);
#853=LINE('',#15040,#1312);
#854=LINE('',#15044,#1313);
#855=LINE('',#15050,#1314);
#856=LINE('',#15054,#1315);
#857=LINE('',#15060,#1316);
#858=LINE('',#15064,#1317);
#859=LINE('',#15070,#1318);
#860=LINE('',#15074,#1319);
#861=LINE('',#15080,#1320);
#862=LINE('',#15084,#1321);
#863=LINE('',#15090,#1322);
#864=LINE('',#15094,#1323);
#865=LINE('',#15100,#1324);
#866=LINE('',#15104,#1325);
#867=LINE('',#15110,#1326);
#868=LINE('',#15114,#1327);
#869=LINE('',#15120,#1328);
#870=LINE('',#15124,#1329);
#871=LINE('',#15130,#1330);
#872=LINE('',#15134,#1331);
#873=LINE('',#15140,#1332);
#874=LINE('',#15144,#1333);
#875=LINE('',#15150,#1334);
#876=LINE('',#15154,#1335);
#877=LINE('',#15160,#1336);
#878=LINE('',#15164,#1337);
#879=LINE('',#15170,#1338);
#880=LINE('',#15174,#1339);
#881=LINE('',#15180,#1340);
#882=LINE('',#15184,#1341);
#883=LINE('',#15190,#1342);
#884=LINE('',#15194,#1343);
#885=LINE('',#15200,#1344);
#886=LINE('',#15204,#1345);
#887=LINE('',#15210,#1346);
#888=LINE('',#15214,#1347);
#889=LINE('',#15220,#1348);
#890=LINE('',#15224,#1349);
#891=LINE('',#15230,#1350);
#892=LINE('',#15234,#1351);
#893=LINE('',#15240,#1352);
#894=LINE('',#15244,#1353);
#895=LINE('',#15250,#1354);
#896=LINE('',#15254,#1355);
#897=LINE('',#15260,#1356);
#898=LINE('',#15264,#1357);
#899=LINE('',#15270,#1358);
#900=LINE('',#15274,#1359);
#901=LINE('',#15280,#1360);
#902=LINE('',#15284,#1361);
#903=LINE('',#15290,#1362);
#904=LINE('',#15294,#1363);
#905=LINE('',#15300,#1364);
#906=LINE('',#15304,#1365);
#907=LINE('',#15310,#1366);
#908=LINE('',#15314,#1367);
#909=LINE('',#15320,#1368);
#910=LINE('',#15324,#1369);
#911=LINE('',#15330,#1370);
#912=LINE('',#15334,#1371);
#913=LINE('',#15340,#1372);
#914=LINE('',#15344,#1373);
#915=LINE('',#15350,#1374);
#916=LINE('',#15354,#1375);
#917=LINE('',#15360,#1376);
#918=LINE('',#15364,#1377);
#919=LINE('',#15370,#1378);
#920=LINE('',#15374,#1379);
#921=LINE('',#15380,#1380);
#922=LINE('',#15384,#1381);
#923=LINE('',#15390,#1382);
#924=LINE('',#15394,#1383);
#925=LINE('',#15400,#1384);
#926=LINE('',#15404,#1385);
#927=LINE('',#15410,#1386);
#928=LINE('',#15414,#1387);
#929=LINE('',#15420,#1388);
#930=LINE('',#15424,#1389);
#931=LINE('',#15430,#1390);
#932=LINE('',#15434,#1391);
#933=LINE('',#15440,#1392);
#934=LINE('',#15444,#1393);
#935=LINE('',#15450,#1394);
#936=LINE('',#15454,#1395);
#937=LINE('',#15460,#1396);
#938=LINE('',#15464,#1397);
#939=LINE('',#15470,#1398);
#940=LINE('',#15474,#1399);
#941=LINE('',#15480,#1400);
#942=LINE('',#15484,#1401);
#943=LINE('',#15490,#1402);
#944=LINE('',#15494,#1403);
#945=LINE('',#15500,#1404);
#946=LINE('',#15504,#1405);
#947=LINE('',#15510,#1406);
#948=LINE('',#15514,#1407);
#949=LINE('',#15520,#1408);
#950=LINE('',#15524,#1409);
#951=LINE('',#15530,#1410);
#952=LINE('',#15534,#1411);
#953=LINE('',#15540,#1412);
#954=LINE('',#15544,#1413);
#955=LINE('',#15550,#1414);
#956=LINE('',#15554,#1415);
#957=LINE('',#15560,#1416);
#958=LINE('',#15564,#1417);
#959=LINE('',#15570,#1418);
#960=LINE('',#15574,#1419);
#961=LINE('',#15580,#1420);
#962=LINE('',#15584,#1421);
#963=LINE('',#15590,#1422);
#964=LINE('',#15594,#1423);
#965=LINE('',#15600,#1424);
#966=LINE('',#15604,#1425);
#967=LINE('',#15610,#1426);
#968=LINE('',#15614,#1427);
#969=LINE('',#15620,#1428);
#970=LINE('',#15624,#1429);
#971=LINE('',#15630,#1430);
#972=LINE('',#15634,#1431);
#973=LINE('',#15640,#1432);
#974=LINE('',#15644,#1433);
#975=LINE('',#15650,#1434);
#976=LINE('',#15654,#1435);
#977=LINE('',#15660,#1436);
#978=LINE('',#15664,#1437);
#979=LINE('',#15670,#1438);
#980=LINE('',#15674,#1439);
#981=LINE('',#15680,#1440);
#982=LINE('',#15684,#1441);
#983=LINE('',#15690,#1442);
#984=LINE('',#15694,#1443);
#985=LINE('',#15700,#1444);
#986=LINE('',#15704,#1445);
#987=LINE('',#15710,#1446);
#988=LINE('',#15714,#1447);
#989=LINE('',#15720,#1448);
#990=LINE('',#15724,#1449);
#991=LINE('',#15730,#1450);
#992=LINE('',#15734,#1451);
#993=LINE('',#15740,#1452);
#994=LINE('',#15744,#1453);
#995=LINE('',#15750,#1454);
#996=LINE('',#15754,#1455);
#997=LINE('',#15760,#1456);
#998=LINE('',#15764,#1457);
#999=LINE('',#15770,#1458);
#1000=LINE('',#15774,#1459);
#1001=LINE('',#15780,#1460);
#1002=LINE('',#15784,#1461);
#1003=LINE('',#15790,#1462);
#1004=LINE('',#15794,#1463);
#1005=LINE('',#15800,#1464);
#1006=LINE('',#15804,#1465);
#1007=LINE('',#15810,#1466);
#1008=LINE('',#15814,#1467);
#1009=LINE('',#15820,#1468);
#1010=LINE('',#15824,#1469);
#1011=LINE('',#15830,#1470);
#1012=LINE('',#15834,#1471);
#1013=LINE('',#15840,#1472);
#1014=LINE('',#15844,#1473);
#1015=LINE('',#15850,#1474);
#1016=LINE('',#15854,#1475);
#1017=LINE('',#15860,#1476);
#1018=LINE('',#15864,#1477);
#1019=LINE('',#15870,#1478);
#1020=LINE('',#15874,#1479);
#1021=LINE('',#15880,#1480);
#1022=LINE('',#15884,#1481);
#1023=LINE('',#15890,#1482);
#1024=LINE('',#15894,#1483);
#1025=LINE('',#15900,#1484);
#1026=LINE('',#15904,#1485);
#1027=LINE('',#15910,#1486);
#1028=LINE('',#15914,#1487);
#1029=LINE('',#15920,#1488);
#1030=LINE('',#15924,#1489);
#1031=LINE('',#15930,#1490);
#1032=LINE('',#15934,#1491);
#1033=LINE('',#15940,#1492);
#1034=LINE('',#15944,#1493);
#1035=LINE('',#15950,#1494);
#1036=LINE('',#15954,#1495);
#1037=LINE('',#15960,#1496);
#1038=LINE('',#15964,#1497);
#1039=LINE('',#15970,#1498);
#1040=LINE('',#15974,#1499);
#1041=LINE('',#15980,#1500);
#1042=LINE('',#15984,#1501);
#1043=LINE('',#15990,#1502);
#1044=LINE('',#15994,#1503);
#1045=LINE('',#16000,#1504);
#1046=LINE('',#16004,#1505);
#1047=LINE('',#16010,#1506);
#1048=LINE('',#16014,#1507);
#1049=LINE('',#16020,#1508);
#1050=LINE('',#16024,#1509);
#1051=LINE('',#16030,#1510);
#1052=LINE('',#16034,#1511);
#1053=LINE('',#16040,#1512);
#1054=LINE('',#16044,#1513);
#1055=LINE('',#16050,#1514);
#1056=LINE('',#16054,#1515);
#1057=LINE('',#16060,#1516);
#1058=LINE('',#16064,#1517);
#1059=LINE('',#16070,#1518);
#1060=LINE('',#16074,#1519);
#1061=LINE('',#16080,#1520);
#1062=LINE('',#16084,#1521);
#1063=LINE('',#16090,#1522);
#1064=LINE('',#16094,#1523);
#1065=LINE('',#16100,#1524);
#1066=LINE('',#16104,#1525);
#1067=LINE('',#16110,#1526);
#1068=LINE('',#16114,#1527);
#1069=LINE('',#16120,#1528);
#1070=LINE('',#16124,#1529);
#1071=LINE('',#16130,#1530);
#1072=LINE('',#16136,#1531);
#1073=LINE('',#16143,#1532);
#1074=LINE('',#16150,#1533);
#1075=LINE('',#16157,#1534);
#1076=LINE('',#16162,#1535);
#1077=LINE('',#16166,#1536);
#1078=LINE('',#16170,#1537);
#1079=LINE('',#16174,#1538);
#1080=LINE('',#16178,#1539);
#1081=LINE('',#16182,#1540);
#1082=LINE('',#16186,#1541);
#1083=LINE('',#16190,#1542);
#1084=LINE('',#16194,#1543);
#1085=LINE('',#16198,#1544);
#1086=LINE('',#16203,#1545);
#1087=LINE('',#16205,#1546);
#1088=LINE('',#16207,#1547);
#1089=LINE('',#16208,#1548);
#1090=LINE('',#16212,#1549);
#1091=LINE('',#16218,#1550);
#1092=LINE('',#16219,#1551);
#1093=LINE('',#16220,#1552);
#1094=LINE('',#16224,#1553);
#1095=LINE('',#16230,#1554);
#1096=LINE('',#16231,#1555);
#1097=LINE('',#16232,#1556);
#1098=LINE('',#16236,#1557);
#1099=LINE('',#16242,#1558);
#1100=LINE('',#16243,#1559);
#1101=LINE('',#16244,#1560);
#1102=LINE('',#16250,#1561);
#1103=LINE('',#16253,#1562);
#1104=LINE('',#16256,#1563);
#1105=LINE('',#16257,#1564);
#1106=LINE('',#16260,#1565);
#1107=LINE('',#16264,#1566);
#1108=LINE('',#16265,#1567);
#1109=LINE('',#16278,#1568);
#1110=LINE('',#16279,#1569);
#1111=LINE('',#16281,#1570);
#1112=LINE('',#16283,#1571);
#1113=LINE('',#16287,#1572);
#1114=LINE('',#16290,#1573);
#1115=LINE('',#16291,#1574);
#1116=LINE('',#16295,#1575);
#1117=LINE('',#16297,#1576);
#1118=LINE('',#16298,#1577);
#1119=LINE('',#16301,#1578);
#1120=LINE('',#16303,#1579);
#1121=LINE('',#16305,#1580);
#1122=LINE('',#16309,#1581);
#1123=LINE('',#16313,#1582);
#1124=LINE('',#16317,#1583);
#1125=LINE('',#16321,#1584);
#1126=LINE('',#16329,#1585);
#1127=VECTOR('',#10625,1.766);
#1128=VECTOR('',#10632,10.);
#1129=VECTOR('',#10635,10.);
#1130=VECTOR('',#10638,10.);
#1131=VECTOR('',#10641,10.);
#1132=VECTOR('',#11054,1.666);
#1133=VECTOR('',#11059,1.766);
#1134=VECTOR('',#11066,1.666);
#1135=VECTOR('',#11071,1.766);
#1136=VECTOR('',#11078,1.666);
#1137=VECTOR('',#11083,1.766);
#1138=VECTOR('',#11090,1.666);
#1139=VECTOR('',#11095,1.766);
#1140=VECTOR('',#11102,1.666);
#1141=VECTOR('',#11107,1.766);
#1142=VECTOR('',#11114,1.666);
#1143=VECTOR('',#11119,1.766);
#1144=VECTOR('',#11126,1.666);
#1145=VECTOR('',#11131,1.766);
#1146=VECTOR('',#11138,1.666);
#1147=VECTOR('',#11143,1.766);
#1148=VECTOR('',#11150,1.666);
#1149=VECTOR('',#11155,1.766);
#1150=VECTOR('',#11162,1.666);
#1151=VECTOR('',#11167,1.766);
#1152=VECTOR('',#11174,1.666);
#1153=VECTOR('',#11179,1.766);
#1154=VECTOR('',#11186,1.666);
#1155=VECTOR('',#11191,1.766);
#1156=VECTOR('',#11198,1.666);
#1157=VECTOR('',#11203,1.766);
#1158=VECTOR('',#11210,1.666);
#1159=VECTOR('',#11215,1.766);
#1160=VECTOR('',#11222,1.666);
#1161=VECTOR('',#11227,1.766);
#1162=VECTOR('',#11234,1.666);
#1163=VECTOR('',#11239,1.766);
#1164=VECTOR('',#11246,1.666);
#1165=VECTOR('',#11251,1.766);
#1166=VECTOR('',#11258,1.666);
#1167=VECTOR('',#11263,1.766);
#1168=VECTOR('',#11270,1.666);
#1169=VECTOR('',#11275,1.766);
#1170=VECTOR('',#11282,1.666);
#1171=VECTOR('',#11287,1.766);
#1172=VECTOR('',#11294,1.666);
#1173=VECTOR('',#11299,1.766);
#1174=VECTOR('',#11306,1.666);
#1175=VECTOR('',#11311,1.766);
#1176=VECTOR('',#11318,1.666);
#1177=VECTOR('',#11323,1.766);
#1178=VECTOR('',#11330,1.666);
#1179=VECTOR('',#11335,1.766);
#1180=VECTOR('',#11342,1.666);
#1181=VECTOR('',#11347,1.766);
#1182=VECTOR('',#11354,1.666);
#1183=VECTOR('',#11359,1.766);
#1184=VECTOR('',#11366,1.666);
#1185=VECTOR('',#11371,1.766);
#1186=VECTOR('',#11378,1.666);
#1187=VECTOR('',#11383,1.766);
#1188=VECTOR('',#11390,1.666);
#1189=VECTOR('',#11395,1.766);
#1190=VECTOR('',#11402,1.666);
#1191=VECTOR('',#11407,1.766);
#1192=VECTOR('',#11414,1.666);
#1193=VECTOR('',#11419,1.766);
#1194=VECTOR('',#11426,1.666);
#1195=VECTOR('',#11431,1.766);
#1196=VECTOR('',#11438,1.666);
#1197=VECTOR('',#11443,1.766);
#1198=VECTOR('',#11450,1.666);
#1199=VECTOR('',#11455,1.766);
#1200=VECTOR('',#11462,1.666);
#1201=VECTOR('',#11467,1.766);
#1202=VECTOR('',#11474,1.666);
#1203=VECTOR('',#11479,1.766);
#1204=VECTOR('',#11486,1.666);
#1205=VECTOR('',#11491,1.766);
#1206=VECTOR('',#11498,1.666);
#1207=VECTOR('',#11503,1.766);
#1208=VECTOR('',#11510,1.666);
#1209=VECTOR('',#11515,1.766);
#1210=VECTOR('',#11522,1.666);
#1211=VECTOR('',#11527,1.766);
#1212=VECTOR('',#11534,1.666);
#1213=VECTOR('',#11539,1.766);
#1214=VECTOR('',#11546,1.666);
#1215=VECTOR('',#11551,1.766);
#1216=VECTOR('',#11558,1.666);
#1217=VECTOR('',#11563,1.766);
#1218=VECTOR('',#11570,1.666);
#1219=VECTOR('',#11575,1.766);
#1220=VECTOR('',#11582,1.666);
#1221=VECTOR('',#11587,1.766);
#1222=VECTOR('',#11594,1.666);
#1223=VECTOR('',#11599,1.766);
#1224=VECTOR('',#11606,1.666);
#1225=VECTOR('',#11611,1.766);
#1226=VECTOR('',#11618,1.666);
#1227=VECTOR('',#11623,1.766);
#1228=VECTOR('',#11630,1.666);
#1229=VECTOR('',#11635,1.766);
#1230=VECTOR('',#11642,1.666);
#1231=VECTOR('',#11647,1.766);
#1232=VECTOR('',#11654,1.666);
#1233=VECTOR('',#11659,1.766);
#1234=VECTOR('',#11666,1.666);
#1235=VECTOR('',#11671,1.766);
#1236=VECTOR('',#11678,1.666);
#1237=VECTOR('',#11683,1.766);
#1238=VECTOR('',#11690,1.666);
#1239=VECTOR('',#11695,1.766);
#1240=VECTOR('',#11702,1.666);
#1241=VECTOR('',#11707,1.766);
#1242=VECTOR('',#11714,1.666);
#1243=VECTOR('',#11719,1.766);
#1244=VECTOR('',#11726,1.666);
#1245=VECTOR('',#11731,1.766);
#1246=VECTOR('',#11738,1.666);
#1247=VECTOR('',#11743,1.766);
#1248=VECTOR('',#11750,1.666);
#1249=VECTOR('',#11755,1.766);
#1250=VECTOR('',#11762,1.666);
#1251=VECTOR('',#11767,1.766);
#1252=VECTOR('',#11774,1.666);
#1253=VECTOR('',#11779,1.766);
#1254=VECTOR('',#11786,1.666);
#1255=VECTOR('',#11791,1.766);
#1256=VECTOR('',#11798,1.666);
#1257=VECTOR('',#11803,1.766);
#1258=VECTOR('',#11810,1.666);
#1259=VECTOR('',#11815,1.766);
#1260=VECTOR('',#11822,1.666);
#1261=VECTOR('',#11827,1.766);
#1262=VECTOR('',#11834,1.666);
#1263=VECTOR('',#11839,1.766);
#1264=VECTOR('',#11846,1.666);
#1265=VECTOR('',#11851,1.766);
#1266=VECTOR('',#11858,1.666);
#1267=VECTOR('',#11863,1.766);
#1268=VECTOR('',#11870,1.666);
#1269=VECTOR('',#11875,1.766);
#1270=VECTOR('',#11882,1.666);
#1271=VECTOR('',#11887,1.766);
#1272=VECTOR('',#11894,1.666);
#1273=VECTOR('',#11899,1.766);
#1274=VECTOR('',#11906,1.666);
#1275=VECTOR('',#11911,1.766);
#1276=VECTOR('',#11918,1.666);
#1277=VECTOR('',#11923,1.766);
#1278=VECTOR('',#11930,1.666);
#1279=VECTOR('',#11935,1.766);
#1280=VECTOR('',#11942,1.666);
#1281=VECTOR('',#11947,1.766);
#1282=VECTOR('',#11954,1.666);
#1283=VECTOR('',#11959,1.766);
#1284=VECTOR('',#11966,1.666);
#1285=VECTOR('',#11971,1.766);
#1286=VECTOR('',#11978,1.666);
#1287=VECTOR('',#11983,1.766);
#1288=VECTOR('',#11990,1.666);
#1289=VECTOR('',#11995,1.766);
#1290=VECTOR('',#12002,1.666);
#1291=VECTOR('',#12007,1.766);
#1292=VECTOR('',#12014,1.666);
#1293=VECTOR('',#12019,1.766);
#1294=VECTOR('',#12026,1.666);
#1295=VECTOR('',#12031,1.766);
#1296=VECTOR('',#12038,1.666);
#1297=VECTOR('',#12043,1.766);
#1298=VECTOR('',#12050,1.666);
#1299=VECTOR('',#12055,1.766);
#1300=VECTOR('',#12062,1.666);
#1301=VECTOR('',#12067,1.766);
#1302=VECTOR('',#12074,1.666);
#1303=VECTOR('',#12079,1.766);
#1304=VECTOR('',#12086,1.666);
#1305=VECTOR('',#12091,1.766);
#1306=VECTOR('',#12098,1.666);
#1307=VECTOR('',#12103,1.766);
#1308=VECTOR('',#12110,1.666);
#1309=VECTOR('',#12115,1.766);
#1310=VECTOR('',#12122,1.666);
#1311=VECTOR('',#12127,1.766);
#1312=VECTOR('',#12134,1.666);
#1313=VECTOR('',#12139,1.766);
#1314=VECTOR('',#12146,1.666);
#1315=VECTOR('',#12151,1.766);
#1316=VECTOR('',#12158,1.666);
#1317=VECTOR('',#12163,1.766);
#1318=VECTOR('',#12170,1.666);
#1319=VECTOR('',#12175,1.766);
#1320=VECTOR('',#12182,1.666);
#1321=VECTOR('',#12187,1.766);
#1322=VECTOR('',#12194,1.666);
#1323=VECTOR('',#12199,1.766);
#1324=VECTOR('',#12206,1.666);
#1325=VECTOR('',#12211,1.766);
#1326=VECTOR('',#12218,1.666);
#1327=VECTOR('',#12223,1.766);
#1328=VECTOR('',#12230,1.666);
#1329=VECTOR('',#12235,1.766);
#1330=VECTOR('',#12242,1.666);
#1331=VECTOR('',#12247,1.766);
#1332=VECTOR('',#12254,1.666);
#1333=VECTOR('',#12259,1.766);
#1334=VECTOR('',#12266,1.666);
#1335=VECTOR('',#12271,1.766);
#1336=VECTOR('',#12278,1.666);
#1337=VECTOR('',#12283,1.766);
#1338=VECTOR('',#12290,1.666);
#1339=VECTOR('',#12295,1.766);
#1340=VECTOR('',#12302,1.666);
#1341=VECTOR('',#12307,1.766);
#1342=VECTOR('',#12314,1.666);
#1343=VECTOR('',#12319,1.766);
#1344=VECTOR('',#12326,1.666);
#1345=VECTOR('',#12331,1.766);
#1346=VECTOR('',#12338,1.666);
#1347=VECTOR('',#12343,1.766);
#1348=VECTOR('',#12350,1.666);
#1349=VECTOR('',#12355,1.766);
#1350=VECTOR('',#12362,1.666);
#1351=VECTOR('',#12367,1.766);
#1352=VECTOR('',#12374,1.666);
#1353=VECTOR('',#12379,1.766);
#1354=VECTOR('',#12386,1.666);
#1355=VECTOR('',#12391,1.766);
#1356=VECTOR('',#12398,1.666);
#1357=VECTOR('',#12403,1.766);
#1358=VECTOR('',#12410,1.666);
#1359=VECTOR('',#12415,1.766);
#1360=VECTOR('',#12422,1.666);
#1361=VECTOR('',#12427,1.766);
#1362=VECTOR('',#12434,1.666);
#1363=VECTOR('',#12439,1.766);
#1364=VECTOR('',#12446,1.666);
#1365=VECTOR('',#12451,1.766);
#1366=VECTOR('',#12458,1.666);
#1367=VECTOR('',#12463,1.766);
#1368=VECTOR('',#12470,1.666);
#1369=VECTOR('',#12475,1.766);
#1370=VECTOR('',#12482,1.666);
#1371=VECTOR('',#12487,1.766);
#1372=VECTOR('',#12494,1.666);
#1373=VECTOR('',#12499,1.766);
#1374=VECTOR('',#12506,1.666);
#1375=VECTOR('',#12511,1.766);
#1376=VECTOR('',#12518,1.666);
#1377=VECTOR('',#12523,1.766);
#1378=VECTOR('',#12530,1.666);
#1379=VECTOR('',#12535,1.766);
#1380=VECTOR('',#12542,1.666);
#1381=VECTOR('',#12547,1.766);
#1382=VECTOR('',#12554,1.666);
#1383=VECTOR('',#12559,1.766);
#1384=VECTOR('',#12566,1.666);
#1385=VECTOR('',#12571,1.766);
#1386=VECTOR('',#12578,1.666);
#1387=VECTOR('',#12583,1.766);
#1388=VECTOR('',#12590,1.666);
#1389=VECTOR('',#12595,1.766);
#1390=VECTOR('',#12602,1.666);
#1391=VECTOR('',#12607,1.766);
#1392=VECTOR('',#12614,1.666);
#1393=VECTOR('',#12619,1.766);
#1394=VECTOR('',#12626,1.666);
#1395=VECTOR('',#12631,1.766);
#1396=VECTOR('',#12638,1.666);
#1397=VECTOR('',#12643,1.766);
#1398=VECTOR('',#12650,1.666);
#1399=VECTOR('',#12655,1.766);
#1400=VECTOR('',#12662,1.666);
#1401=VECTOR('',#12667,1.766);
#1402=VECTOR('',#12674,1.666);
#1403=VECTOR('',#12679,1.766);
#1404=VECTOR('',#12686,1.666);
#1405=VECTOR('',#12691,1.766);
#1406=VECTOR('',#12698,1.666);
#1407=VECTOR('',#12703,1.766);
#1408=VECTOR('',#12710,1.666);
#1409=VECTOR('',#12715,1.766);
#1410=VECTOR('',#12722,1.666);
#1411=VECTOR('',#12727,1.766);
#1412=VECTOR('',#12734,1.666);
#1413=VECTOR('',#12739,1.766);
#1414=VECTOR('',#12746,1.666);
#1415=VECTOR('',#12751,1.766);
#1416=VECTOR('',#12758,1.666);
#1417=VECTOR('',#12763,1.766);
#1418=VECTOR('',#12770,1.666);
#1419=VECTOR('',#12775,1.766);
#1420=VECTOR('',#12782,1.666);
#1421=VECTOR('',#12787,1.766);
#1422=VECTOR('',#12794,1.666);
#1423=VECTOR('',#12799,1.766);
#1424=VECTOR('',#12806,1.666);
#1425=VECTOR('',#12811,1.766);
#1426=VECTOR('',#12818,1.666);
#1427=VECTOR('',#12823,1.766);
#1428=VECTOR('',#12830,1.666);
#1429=VECTOR('',#12835,1.766);
#1430=VECTOR('',#12842,1.666);
#1431=VECTOR('',#12847,1.766);
#1432=VECTOR('',#12854,1.666);
#1433=VECTOR('',#12859,1.766);
#1434=VECTOR('',#12866,1.666);
#1435=VECTOR('',#12871,1.766);
#1436=VECTOR('',#12878,1.666);
#1437=VECTOR('',#12883,1.766);
#1438=VECTOR('',#12890,1.666);
#1439=VECTOR('',#12895,1.766);
#1440=VECTOR('',#12902,1.666);
#1441=VECTOR('',#12907,1.766);
#1442=VECTOR('',#12914,1.666);
#1443=VECTOR('',#12919,1.766);
#1444=VECTOR('',#12926,1.666);
#1445=VECTOR('',#12931,1.766);
#1446=VECTOR('',#12938,1.666);
#1447=VECTOR('',#12943,1.766);
#1448=VECTOR('',#12950,1.666);
#1449=VECTOR('',#12955,1.766);
#1450=VECTOR('',#12962,1.666);
#1451=VECTOR('',#12967,1.766);
#1452=VECTOR('',#12974,1.666);
#1453=VECTOR('',#12979,1.766);
#1454=VECTOR('',#12986,1.666);
#1455=VECTOR('',#12991,1.766);
#1456=VECTOR('',#12998,1.666);
#1457=VECTOR('',#13003,1.766);
#1458=VECTOR('',#13010,1.666);
#1459=VECTOR('',#13015,1.766);
#1460=VECTOR('',#13022,1.666);
#1461=VECTOR('',#13027,1.766);
#1462=VECTOR('',#13034,1.666);
#1463=VECTOR('',#13039,1.766);
#1464=VECTOR('',#13046,1.666);
#1465=VECTOR('',#13051,1.766);
#1466=VECTOR('',#13058,1.666);
#1467=VECTOR('',#13063,1.766);
#1468=VECTOR('',#13070,1.666);
#1469=VECTOR('',#13075,1.766);
#1470=VECTOR('',#13082,1.666);
#1471=VECTOR('',#13087,1.766);
#1472=VECTOR('',#13094,1.666);
#1473=VECTOR('',#13099,1.766);
#1474=VECTOR('',#13106,1.666);
#1475=VECTOR('',#13111,1.766);
#1476=VECTOR('',#13118,1.666);
#1477=VECTOR('',#13123,1.766);
#1478=VECTOR('',#13130,1.666);
#1479=VECTOR('',#13135,1.766);
#1480=VECTOR('',#13142,1.666);
#1481=VECTOR('',#13147,1.766);
#1482=VECTOR('',#13154,1.666);
#1483=VECTOR('',#13159,1.766);
#1484=VECTOR('',#13166,1.666);
#1485=VECTOR('',#13171,1.766);
#1486=VECTOR('',#13178,1.666);
#1487=VECTOR('',#13183,1.766);
#1488=VECTOR('',#13190,1.666);
#1489=VECTOR('',#13195,1.766);
#1490=VECTOR('',#13202,1.666);
#1491=VECTOR('',#13207,1.766);
#1492=VECTOR('',#13214,1.666);
#1493=VECTOR('',#13219,1.766);
#1494=VECTOR('',#13226,1.666);
#1495=VECTOR('',#13231,1.766);
#1496=VECTOR('',#13238,1.666);
#1497=VECTOR('',#13243,1.766);
#1498=VECTOR('',#13250,1.666);
#1499=VECTOR('',#13255,1.766);
#1500=VECTOR('',#13262,1.666);
#1501=VECTOR('',#13267,1.766);
#1502=VECTOR('',#13274,1.666);
#1503=VECTOR('',#13279,1.766);
#1504=VECTOR('',#13286,1.666);
#1505=VECTOR('',#13291,1.766);
#1506=VECTOR('',#13298,1.666);
#1507=VECTOR('',#13303,1.766);
#1508=VECTOR('',#13310,1.666);
#1509=VECTOR('',#13315,1.766);
#1510=VECTOR('',#13322,1.666);
#1511=VECTOR('',#13327,1.766);
#1512=VECTOR('',#13334,1.666);
#1513=VECTOR('',#13339,1.766);
#1514=VECTOR('',#13346,1.666);
#1515=VECTOR('',#13351,1.766);
#1516=VECTOR('',#13358,1.666);
#1517=VECTOR('',#13363,1.766);
#1518=VECTOR('',#13370,1.666);
#1519=VECTOR('',#13375,1.766);
#1520=VECTOR('',#13382,1.666);
#1521=VECTOR('',#13387,1.766);
#1522=VECTOR('',#13394,1.666);
#1523=VECTOR('',#13399,1.766);
#1524=VECTOR('',#13406,1.666);
#1525=VECTOR('',#13411,1.766);
#1526=VECTOR('',#13418,1.666);
#1527=VECTOR('',#13423,1.766);
#1528=VECTOR('',#13430,1.666);
#1529=VECTOR('',#13435,1.766);
#1530=VECTOR('',#13442,1.666);
#1531=VECTOR('',#13449,2.54999999999999);
#1532=VECTOR('',#13458,2.54999999999999);
#1533=VECTOR('',#13467,2.54999999999999);
#1534=VECTOR('',#13476,2.54999999999999);
#1535=VECTOR('',#13483,5.3);
#1536=VECTOR('',#13488,5.05);
#1537=VECTOR('',#13493,5.3);
#1538=VECTOR('',#13498,5.05);
#1539=VECTOR('',#13503,5.3);
#1540=VECTOR('',#13508,5.05);
#1541=VECTOR('',#13513,5.3);
#1542=VECTOR('',#13518,5.05);
#1543=VECTOR('',#13523,5.3);
#1544=VECTOR('',#13528,5.05);
#1545=VECTOR('',#13533,10.);
#1546=VECTOR('',#13534,10.);
#1547=VECTOR('',#13535,10.);
#1548=VECTOR('',#13536,10.);
#1549=VECTOR('',#13539,10.);
#1550=VECTOR('',#13546,10.);
#1551=VECTOR('',#13547,10.);
#1552=VECTOR('',#13548,10.);
#1553=VECTOR('',#13551,10.);
#1554=VECTOR('',#13558,10.);
#1555=VECTOR('',#13559,10.);
#1556=VECTOR('',#13560,10.);
#1557=VECTOR('',#13563,10.);
#1558=VECTOR('',#13570,10.);
#1559=VECTOR('',#13571,10.);
#1560=VECTOR('',#13572,10.);
#1561=VECTOR('',#13581,10.);
#1562=VECTOR('',#13584,10.);
#1563=VECTOR('',#13587,10.);
#1564=VECTOR('',#13588,10.);
#1565=VECTOR('',#13591,10.);
#1566=VECTOR('',#13596,10.);
#1567=VECTOR('',#13597,10.);
#1568=VECTOR('',#13612,10.);
#1569=VECTOR('',#13613,10.);
#1570=VECTOR('',#13616,10.);
#1571=VECTOR('',#13619,10.);
#1572=VECTOR('',#13624,10.);
#1573=VECTOR('',#13627,10.);
#1574=VECTOR('',#13628,10.);
#1575=VECTOR('',#13633,10.);
#1576=VECTOR('',#13636,10.);
#1577=VECTOR('',#13637,10.);
#1578=VECTOR('',#13642,10.);
#1579=VECTOR('',#13645,10.);
#1580=VECTOR('',#13648,10.);
#1581=VECTOR('',#13653,3.25);
#1582=VECTOR('',#13658,3.25);
#1583=VECTOR('',#13663,3.25);
#1584=VECTOR('',#13668,3.25);
#1585=VECTOR('',#13681,3.25);
#1586=CONICAL_SURFACE('',#9299,1.766,0.785398163397437);
#1587=CONICAL_SURFACE('',#9514,1.766,0.785398163397437);
#1588=CONICAL_SURFACE('',#9519,1.766,0.785398163397437);
#1589=CONICAL_SURFACE('',#9524,1.766,0.785398163397437);
#1590=CONICAL_SURFACE('',#9529,1.766,0.785398163397437);
#1591=CONICAL_SURFACE('',#9534,1.766,0.785398163397448);
#1592=CONICAL_SURFACE('',#9539,1.766,0.785398163397448);
#1593=CONICAL_SURFACE('',#9544,1.766,0.785398163397437);
#1594=CONICAL_SURFACE('',#9549,1.766,0.785398163397437);
#1595=CONICAL_SURFACE('',#9554,1.766,0.785398163397437);
#1596=CONICAL_SURFACE('',#9559,1.766,0.785398163397437);
#1597=CONICAL_SURFACE('',#9564,1.766,0.785398163397437);
#1598=CONICAL_SURFACE('',#9569,1.766,0.785398163397437);
#1599=CONICAL_SURFACE('',#9574,1.766,0.785398163397437);
#1600=CONICAL_SURFACE('',#9579,1.766,0.785398163397437);
#1601=CONICAL_SURFACE('',#9584,1.766,0.785398163397437);
#1602=CONICAL_SURFACE('',#9589,1.766,0.785398163397437);
#1603=CONICAL_SURFACE('',#9594,1.766,0.785398163397437);
#1604=CONICAL_SURFACE('',#9599,1.766,0.785398163397437);
#1605=CONICAL_SURFACE('',#9604,1.766,0.785398163397437);
#1606=CONICAL_SURFACE('',#9609,1.766,0.785398163397448);
#1607=CONICAL_SURFACE('',#9614,1.766,0.785398163397448);
#1608=CONICAL_SURFACE('',#9619,1.766,0.785398163397448);
#1609=CONICAL_SURFACE('',#9624,1.766,0.785398163397448);
#1610=CONICAL_SURFACE('',#9629,1.766,0.785398163397448);
#1611=CONICAL_SURFACE('',#9634,1.766,0.785398163397448);
#1612=CONICAL_SURFACE('',#9639,1.766,0.785398163397437);
#1613=CONICAL_SURFACE('',#9644,1.766,0.785398163397437);
#1614=CONICAL_SURFACE('',#9649,1.766,0.785398163397437);
#1615=CONICAL_SURFACE('',#9654,1.766,0.785398163397437);
#1616=CONICAL_SURFACE('',#9659,1.766,0.785398163397437);
#1617=CONICAL_SURFACE('',#9664,1.766,0.785398163397437);
#1618=CONICAL_SURFACE('',#9669,1.766,0.785398163397437);
#1619=CONICAL_SURFACE('',#9674,1.766,0.785398163397437);
#1620=CONICAL_SURFACE('',#9679,1.766,0.785398163397437);
#1621=CONICAL_SURFACE('',#9684,1.766,0.785398163397437);
#1622=CONICAL_SURFACE('',#9689,1.766,0.785398163397437);
#1623=CONICAL_SURFACE('',#9694,1.766,0.785398163397437);
#1624=CONICAL_SURFACE('',#9699,1.766,0.785398163397437);
#1625=CONICAL_SURFACE('',#9704,1.766,0.785398163397437);
#1626=CONICAL_SURFACE('',#9709,1.766,0.785398163397437);
#1627=CONICAL_SURFACE('',#9714,1.766,0.785398163397437);
#1628=CONICAL_SURFACE('',#9719,1.766,0.785398163397437);
#1629=CONICAL_SURFACE('',#9724,1.766,0.785398163397448);
#1630=CONICAL_SURFACE('',#9729,1.766,0.785398163397448);
#1631=CONICAL_SURFACE('',#9734,1.766,0.785398163397448);
#1632=CONICAL_SURFACE('',#9739,1.766,0.785398163397448);
#1633=CONICAL_SURFACE('',#9744,1.766,0.785398163397448);
#1634=CONICAL_SURFACE('',#9749,1.766,0.785398163397448);
#1635=CONICAL_SURFACE('',#9754,1.766,0.785398163397448);
#1636=CONICAL_SURFACE('',#9759,1.766,0.785398163397448);
#1637=CONICAL_SURFACE('',#9764,1.766,0.785398163397448);
#1638=CONICAL_SURFACE('',#9769,1.766,0.785398163397448);
#1639=CONICAL_SURFACE('',#9774,1.766,0.785398163397437);
#1640=CONICAL_SURFACE('',#9779,1.766,0.785398163397437);
#1641=CONICAL_SURFACE('',#9784,1.766,0.785398163397437);
#1642=CONICAL_SURFACE('',#9789,1.766,0.785398163397437);
#1643=CONICAL_SURFACE('',#9794,1.766,0.785398163397437);
#1644=CONICAL_SURFACE('',#9799,1.766,0.785398163397437);
#1645=CONICAL_SURFACE('',#9804,1.766,0.785398163397437);
#1646=CONICAL_SURFACE('',#9809,1.766,0.785398163397437);
#1647=CONICAL_SURFACE('',#9814,1.766,0.785398163397437);
#1648=CONICAL_SURFACE('',#9819,1.766,0.785398163397437);
#1649=CONICAL_SURFACE('',#9824,1.766,0.785398163397437);
#1650=CONICAL_SURFACE('',#9829,1.766,0.785398163397437);
#1651=CONICAL_SURFACE('',#9834,1.766,0.785398163397437);
#1652=CONICAL_SURFACE('',#9839,1.766,0.785398163397437);
#1653=CONICAL_SURFACE('',#9844,1.766,0.785398163397448);
#1654=CONICAL_SURFACE('',#9849,1.766,0.785398163397448);
#1655=CONICAL_SURFACE('',#9854,1.766,0.785398163397448);
#1656=CONICAL_SURFACE('',#9859,1.766,0.785398163397448);
#1657=CONICAL_SURFACE('',#9864,1.766,0.785398163397448);
#1658=CONICAL_SURFACE('',#9869,1.766,0.785398163397448);
#1659=CONICAL_SURFACE('',#9874,1.766,0.785398163397437);
#1660=CONICAL_SURFACE('',#9879,1.766,0.785398163397437);
#1661=CONICAL_SURFACE('',#9884,1.766,0.785398163397437);
#1662=CONICAL_SURFACE('',#9889,1.766,0.785398163397437);
#1663=CONICAL_SURFACE('',#9894,1.766,0.785398163397437);
#1664=CONICAL_SURFACE('',#9899,1.766,0.785398163397437);
#1665=CONICAL_SURFACE('',#9904,1.766,0.785398163397437);
#1666=CONICAL_SURFACE('',#9909,1.766,0.785398163397437);
#1667=CONICAL_SURFACE('',#9914,1.766,0.785398163397437);
#1668=CONICAL_SURFACE('',#9919,1.766,0.785398163397437);
#1669=CONICAL_SURFACE('',#9924,1.766,0.785398163397437);
#1670=CONICAL_SURFACE('',#9929,1.766,0.785398163397437);
#1671=CONICAL_SURFACE('',#9934,1.766,0.785398163397437);
#1672=CONICAL_SURFACE('',#9939,1.766,0.785398163397437);
#1673=CONICAL_SURFACE('',#9944,1.766,0.785398163397448);
#1674=CONICAL_SURFACE('',#9949,1.766,0.785398163397448);
#1675=CONICAL_SURFACE('',#9954,1.766,0.785398163397448);
#1676=CONICAL_SURFACE('',#9959,1.766,0.785398163397448);
#1677=CONICAL_SURFACE('',#9964,1.766,0.785398163397448);
#1678=CONICAL_SURFACE('',#9969,1.766,0.785398163397448);
#1679=CONICAL_SURFACE('',#9974,1.766,0.785398163397437);
#1680=CONICAL_SURFACE('',#9979,1.766,0.785398163397437);
#1681=CONICAL_SURFACE('',#9984,1.766,0.785398163397437);
#1682=CONICAL_SURFACE('',#9989,1.766,0.785398163397437);
#1683=CONICAL_SURFACE('',#9994,1.766,0.785398163397437);
#1684=CONICAL_SURFACE('',#9999,1.766,0.785398163397437);
#1685=CONICAL_SURFACE('',#10004,1.766,0.785398163397437);
#1686=CONICAL_SURFACE('',#10009,1.766,0.785398163397437);
#1687=CONICAL_SURFACE('',#10014,1.766,0.785398163397437);
#1688=CONICAL_SURFACE('',#10019,1.766,0.785398163397437);
#1689=CONICAL_SURFACE('',#10024,1.766,0.785398163397437);
#1690=CONICAL_SURFACE('',#10029,1.766,0.785398163397437);
#1691=CONICAL_SURFACE('',#10034,1.766,0.785398163397437);
#1692=CONICAL_SURFACE('',#10039,1.766,0.785398163397437);
#1693=CONICAL_SURFACE('',#10044,1.766,0.785398163397448);
#1694=CONICAL_SURFACE('',#10049,1.766,0.785398163397448);
#1695=CONICAL_SURFACE('',#10054,1.766,0.785398163397448);
#1696=CONICAL_SURFACE('',#10059,1.766,0.785398163397448);
#1697=CONICAL_SURFACE('',#10064,1.766,0.785398163397448);
#1698=CONICAL_SURFACE('',#10069,1.766,0.785398163397448);
#1699=CONICAL_SURFACE('',#10074,1.766,0.785398163397437);
#1700=CONICAL_SURFACE('',#10079,1.766,0.785398163397437);
#1701=CONICAL_SURFACE('',#10084,1.766,0.785398163397437);
#1702=CONICAL_SURFACE('',#10089,1.766,0.785398163397437);
#1703=CONICAL_SURFACE('',#10094,1.766,0.785398163397437);
#1704=CONICAL_SURFACE('',#10099,1.766,0.785398163397437);
#1705=CONICAL_SURFACE('',#10104,1.766,0.785398163397437);
#1706=CONICAL_SURFACE('',#10109,1.766,0.785398163397437);
#1707=CONICAL_SURFACE('',#10114,1.766,0.785398163397437);
#1708=CONICAL_SURFACE('',#10119,1.766,0.785398163397437);
#1709=CONICAL_SURFACE('',#10124,1.766,0.785398163397437);
#1710=CONICAL_SURFACE('',#10129,1.766,0.785398163397437);
#1711=CONICAL_SURFACE('',#10134,1.766,0.785398163397437);
#1712=CONICAL_SURFACE('',#10139,1.766,0.785398163397437);
#1713=CONICAL_SURFACE('',#10144,1.766,0.785398163397448);
#1714=CONICAL_SURFACE('',#10149,1.766,0.785398163397448);
#1715=CONICAL_SURFACE('',#10154,1.766,0.785398163397448);
#1716=CONICAL_SURFACE('',#10159,1.766,0.785398163397448);
#1717=CONICAL_SURFACE('',#10164,1.766,0.785398163397448);
#1718=CONICAL_SURFACE('',#10169,1.766,0.785398163397448);
#1719=CONICAL_SURFACE('',#10174,1.766,0.785398163397437);
#1720=CONICAL_SURFACE('',#10179,1.766,0.785398163397437);
#1721=CONICAL_SURFACE('',#10184,1.766,0.785398163397437);
#1722=CONICAL_SURFACE('',#10189,1.766,0.785398163397437);
#1723=CONICAL_SURFACE('',#10194,1.766,0.785398163397437);
#1724=CONICAL_SURFACE('',#10199,1.766,0.785398163397437);
#1725=CONICAL_SURFACE('',#10204,1.766,0.785398163397437);
#1726=CONICAL_SURFACE('',#10209,1.766,0.785398163397437);
#1727=CONICAL_SURFACE('',#10214,1.766,0.785398163397437);
#1728=CONICAL_SURFACE('',#10219,1.766,0.785398163397437);
#1729=CONICAL_SURFACE('',#10224,1.766,0.785398163397437);
#1730=CONICAL_SURFACE('',#10229,1.766,0.785398163397437);
#1731=CONICAL_SURFACE('',#10234,1.766,0.785398163397437);
#1732=CONICAL_SURFACE('',#10239,1.766,0.785398163397437);
#1733=CONICAL_SURFACE('',#10244,1.766,0.785398163397448);
#1734=CONICAL_SURFACE('',#10249,1.766,0.785398163397448);
#1735=CONICAL_SURFACE('',#10254,1.766,0.785398163397448);
#1736=CONICAL_SURFACE('',#10259,1.766,0.785398163397448);
#1737=CONICAL_SURFACE('',#10264,1.766,0.785398163397448);
#1738=CONICAL_SURFACE('',#10269,1.766,0.785398163397448);
#1739=CONICAL_SURFACE('',#10274,1.766,0.785398163397437);
#1740=CONICAL_SURFACE('',#10279,1.766,0.785398163397437);
#1741=CONICAL_SURFACE('',#10284,1.766,0.785398163397437);
#1742=CONICAL_SURFACE('',#10289,1.766,0.785398163397437);
#1743=CONICAL_SURFACE('',#10294,1.766,0.785398163397437);
#1744=CONICAL_SURFACE('',#10299,1.766,0.785398163397437);
#1745=CONICAL_SURFACE('',#10304,1.766,0.785398163397437);
#1746=CONICAL_SURFACE('',#10309,1.766,0.785398163397437);
#1747=CONICAL_SURFACE('',#10314,1.766,0.785398163397437);
#1748=CONICAL_SURFACE('',#10319,1.766,0.785398163397437);
#1749=CONICAL_SURFACE('',#10324,1.766,0.785398163397437);
#1750=CONICAL_SURFACE('',#10329,1.766,0.785398163397437);
#1751=CONICAL_SURFACE('',#10334,1.766,0.785398163397437);
#1752=CONICAL_SURFACE('',#10339,1.766,0.785398163397437);
#1753=CONICAL_SURFACE('',#10344,1.766,0.785398163397448);
#1754=CONICAL_SURFACE('',#10349,1.766,0.785398163397448);
#1755=CONICAL_SURFACE('',#10354,1.766,0.785398163397448);
#1756=CONICAL_SURFACE('',#10359,1.766,0.785398163397448);
#1757=CONICAL_SURFACE('',#10364,1.766,0.785398163397448);
#1758=CONICAL_SURFACE('',#10369,1.766,0.785398163397448);
#1759=CONICAL_SURFACE('',#10374,1.766,0.785398163397437);
#1760=CONICAL_SURFACE('',#10379,1.766,0.785398163397437);
#1761=CONICAL_SURFACE('',#10384,1.766,0.785398163397437);
#1762=CONICAL_SURFACE('',#10389,1.766,0.785398163397437);
#1763=CONICAL_SURFACE('',#10394,1.766,0.785398163397437);
#1764=CONICAL_SURFACE('',#10399,1.766,0.785398163397437);
#1765=CONICAL_SURFACE('',#10404,1.766,0.785398163397437);
#1766=CONICAL_SURFACE('',#10409,1.766,0.785398163397437);
#1767=CONICAL_SURFACE('',#10414,1.766,0.785398163397437);
#1768=CONICAL_SURFACE('',#10419,1.766,0.785398163397437);
#1769=CONICAL_SURFACE('',#10424,1.766,0.785398163397437);
#1770=CONICAL_SURFACE('',#10429,1.766,0.785398163397437);
#1771=CONICAL_SURFACE('',#10434,1.766,0.785398163397437);
#1772=CONICAL_SURFACE('',#10439,1.766,0.785398163397437);
#1773=CONICAL_SURFACE('',#10444,1.766,0.785398163397448);
#1774=CONICAL_SURFACE('',#10449,1.766,0.785398163397448);
#1775=CONICAL_SURFACE('',#10454,1.766,0.785398163397448);
#1776=CONICAL_SURFACE('',#10459,1.766,0.785398163397448);
#1777=CONICAL_SURFACE('',#10464,1.766,0.785398163397448);
#1778=CONICAL_SURFACE('',#10469,1.766,0.785398163397448);
#1779=CONICAL_SURFACE('',#10474,1.766,0.785398163397437);
#1780=CONICAL_SURFACE('',#10479,1.766,0.785398163397437);
#1781=CONICAL_SURFACE('',#10484,1.766,0.785398163397437);
#1782=CONICAL_SURFACE('',#10489,1.766,0.785398163397437);
#1783=CONICAL_SURFACE('',#10494,1.766,0.785398163397437);
#1784=CONICAL_SURFACE('',#10499,1.766,0.785398163397437);
#1785=CONICAL_SURFACE('',#10504,1.766,0.785398163397437);
#1786=CONICAL_SURFACE('',#10525,5.3,0.785398163397448);
#1787=CONICAL_SURFACE('',#10529,5.3,0.785398163397455);
#1788=CONICAL_SURFACE('',#10533,5.3,0.785398163397455);
#1789=CONICAL_SURFACE('',#10537,5.3,0.785398163397448);
#1790=CONICAL_SURFACE('',#10541,5.3,0.785398163397446);
#1791=CONICAL_SURFACE('',#10546,1.5,0.785398163397448);
#1792=CONICAL_SURFACE('',#10550,1.5,0.785398163397447);
#1793=CONICAL_SURFACE('',#10554,1.5,0.785398163397448);
#1794=CONICAL_SURFACE('',#10558,1.5,0.785398163397448);
#1795=CONICAL_SURFACE('',#10574,1.5,0.785398163397448);
#1796=CONICAL_SURFACE('',#10576,1.5,0.785398163397448);
#1797=CONICAL_SURFACE('',#10579,1.5,0.785398163397447);
#1798=CONICAL_SURFACE('',#10582,1.5,0.785398163397449);
#1799=SHAPE_REPRESENTATION_RELATIONSHIP('SRR','None',#16361,#1801);
#1800=SHAPE_REPRESENTATION_RELATIONSHIP('SRR','None',#16362,#1802);
#1801=ADVANCED_BREP_SHAPE_REPRESENTATION('',(#1805),#16342);
#1802=ADVANCED_BREP_SHAPE_REPRESENTATION('',(#1806),#16343);
#1803=STYLED_ITEM('',(#16380),#1805);
#1804=STYLED_ITEM('',(#16381),#1806);
#1805=MANIFOLD_SOLID_BREP('Body1',#9267);
#1806=MANIFOLD_SOLID_BREP('Body1',#9268);
#1807=PLANE('',#9297);
#1808=PLANE('',#9303);
#1809=PLANE('',#10512);
#1810=PLANE('',#10516);
#1811=PLANE('',#10520);
#1812=PLANE('',#10524);
#1813=PLANE('',#10545);
#1814=PLANE('',#10549);
#1815=PLANE('',#10553);
#1816=PLANE('',#10557);
#1817=PLANE('',#10563);
#1818=PLANE('',#10566);
#1819=PLANE('',#10567);
#1820=PLANE('',#10573);
#1821=PLANE('',#10575);
#1822=PLANE('',#10578);
#1823=PLANE('',#10581);
#1824=PLANE('',#10584);
#1825=PLANE('',#10594);
#1826=PLANE('',#10595);
#1827=PLANE('',#10596);
#1828=PLANE('',#10597);
#1829=PLANE('',#10600);
#1830=PLANE('',#10601);
#1831=FACE_OUTER_BOUND('',#2287,.T.);
#1832=FACE_OUTER_BOUND('',#2288,.T.);
#1833=FACE_OUTER_BOUND('',#2289,.T.);
#1834=FACE_OUTER_BOUND('',#2290,.T.);
#1835=FACE_OUTER_BOUND('',#2496,.T.);
#1836=FACE_OUTER_BOUND('',#2497,.T.);
#1837=FACE_OUTER_BOUND('',#2498,.T.);
#1838=FACE_OUTER_BOUND('',#2499,.T.);
#1839=FACE_OUTER_BOUND('',#2500,.T.);
#1840=FACE_OUTER_BOUND('',#2501,.T.);
#1841=FACE_OUTER_BOUND('',#2502,.T.);
#1842=FACE_OUTER_BOUND('',#2503,.T.);
#1843=FACE_OUTER_BOUND('',#2504,.T.);
#1844=FACE_OUTER_BOUND('',#2505,.T.);
#1845=FACE_OUTER_BOUND('',#2506,.T.);
#1846=FACE_OUTER_BOUND('',#2507,.T.);
#1847=FACE_OUTER_BOUND('',#2508,.T.);
#1848=FACE_OUTER_BOUND('',#2509,.T.);
#1849=FACE_OUTER_BOUND('',#2510,.T.);
#1850=FACE_OUTER_BOUND('',#2511,.T.);
#1851=FACE_OUTER_BOUND('',#2512,.T.);
#1852=FACE_OUTER_BOUND('',#2513,.T.);
#1853=FACE_OUTER_BOUND('',#2514,.T.);
#1854=FACE_OUTER_BOUND('',#2515,.T.);
#1855=FACE_OUTER_BOUND('',#2516,.T.);
#1856=FACE_OUTER_BOUND('',#2517,.T.);
#1857=FACE_OUTER_BOUND('',#2518,.T.);
#1858=FACE_OUTER_BOUND('',#2519,.T.);
#1859=FACE_OUTER_BOUND('',#2520,.T.);
#1860=FACE_OUTER_BOUND('',#2521,.T.);
#1861=FACE_OUTER_BOUND('',#2522,.T.);
#1862=FACE_OUTER_BOUND('',#2523,.T.);
#1863=FACE_OUTER_BOUND('',#2524,.T.);
#1864=FACE_OUTER_BOUND('',#2525,.T.);
#1865=FACE_OUTER_BOUND('',#2526,.T.);
#1866=FACE_OUTER_BOUND('',#2527,.T.);
#1867=FACE_OUTER_BOUND('',#2528,.T.);
#1868=FACE_OUTER_BOUND('',#2529,.T.);
#1869=FACE_OUTER_BOUND('',#2530,.T.);
#1870=FACE_OUTER_BOUND('',#2531,.T.);
#1871=FACE_OUTER_BOUND('',#2532,.T.);
#1872=FACE_OUTER_BOUND('',#2533,.T.);
#1873=FACE_OUTER_BOUND('',#2534,.T.);
#1874=FACE_OUTER_BOUND('',#2535,.T.);
#1875=FACE_OUTER_BOUND('',#2536,.T.);
#1876=FACE_OUTER_BOUND('',#2537,.T.);
#1877=FACE_OUTER_BOUND('',#2538,.T.);
#1878=FACE_OUTER_BOUND('',#2539,.T.);
#1879=FACE_OUTER_BOUND('',#2540,.T.);
#1880=FACE_OUTER_BOUND('',#2541,.T.);
#1881=FACE_OUTER_BOUND('',#2542,.T.);
#1882=FACE_OUTER_BOUND('',#2543,.T.);
#1883=FACE_OUTER_BOUND('',#2544,.T.);
#1884=FACE_OUTER_BOUND('',#2545,.T.);
#1885=FACE_OUTER_BOUND('',#2546,.T.);
#1886=FACE_OUTER_BOUND('',#2547,.T.);
#1887=FACE_OUTER_BOUND('',#2548,.T.);
#1888=FACE_OUTER_BOUND('',#2549,.T.);
#1889=FACE_OUTER_BOUND('',#2550,.T.);
#1890=FACE_OUTER_BOUND('',#2551,.T.);
#1891=FACE_OUTER_BOUND('',#2552,.T.);
#1892=FACE_OUTER_BOUND('',#2553,.T.);
#1893=FACE_OUTER_BOUND('',#2554,.T.);
#1894=FACE_OUTER_BOUND('',#2555,.T.);
#1895=FACE_OUTER_BOUND('',#2556,.T.);
#1896=FACE_OUTER_BOUND('',#2557,.T.);
#1897=FACE_OUTER_BOUND('',#2558,.T.);
#1898=FACE_OUTER_BOUND('',#2559,.T.);
#1899=FACE_OUTER_BOUND('',#2560,.T.);
#1900=FACE_OUTER_BOUND('',#2561,.T.);
#1901=FACE_OUTER_BOUND('',#2562,.T.);
#1902=FACE_OUTER_BOUND('',#2563,.T.);
#1903=FACE_OUTER_BOUND('',#2564,.T.);
#1904=FACE_OUTER_BOUND('',#2565,.T.);
#1905=FACE_OUTER_BOUND('',#2566,.T.);
#1906=FACE_OUTER_BOUND('',#2567,.T.);
#1907=FACE_OUTER_BOUND('',#2568,.T.);
#1908=FACE_OUTER_BOUND('',#2569,.T.);
#1909=FACE_OUTER_BOUND('',#2570,.T.);
#1910=FACE_OUTER_BOUND('',#2571,.T.);
#1911=FACE_OUTER_BOUND('',#2572,.T.);
#1912=FACE_OUTER_BOUND('',#2573,.T.);
#1913=FACE_OUTER_BOUND('',#2574,.T.);
#1914=FACE_OUTER_BOUND('',#2575,.T.);
#1915=FACE_OUTER_BOUND('',#2576,.T.);
#1916=FACE_OUTER_BOUND('',#2577,.T.);
#1917=FACE_OUTER_BOUND('',#2578,.T.);
#1918=FACE_OUTER_BOUND('',#2579,.T.);
#1919=FACE_OUTER_BOUND('',#2580,.T.);
#1920=FACE_OUTER_BOUND('',#2581,.T.);
#1921=FACE_OUTER_BOUND('',#2582,.T.);
#1922=FACE_OUTER_BOUND('',#2583,.T.);
#1923=FACE_OUTER_BOUND('',#2584,.T.);
#1924=FACE_OUTER_BOUND('',#2585,.T.);
#1925=FACE_OUTER_BOUND('',#2586,.T.);
#1926=FACE_OUTER_BOUND('',#2587,.T.);
#1927=FACE_OUTER_BOUND('',#2588,.T.);
#1928=FACE_OUTER_BOUND('',#2589,.T.);
#1929=FACE_OUTER_BOUND('',#2590,.T.);
#1930=FACE_OUTER_BOUND('',#2591,.T.);
#1931=FACE_OUTER_BOUND('',#2592,.T.);
#1932=FACE_OUTER_BOUND('',#2593,.T.);
#1933=FACE_OUTER_BOUND('',#2594,.T.);
#1934=FACE_OUTER_BOUND('',#2595,.T.);
#1935=FACE_OUTER_BOUND('',#2596,.T.);
#1936=FACE_OUTER_BOUND('',#2597,.T.);
#1937=FACE_OUTER_BOUND('',#2598,.T.);
#1938=FACE_OUTER_BOUND('',#2599,.T.);
#1939=FACE_OUTER_BOUND('',#2600,.T.);
#1940=FACE_OUTER_BOUND('',#2601,.T.);
#1941=FACE_OUTER_BOUND('',#2602,.T.);
#1942=FACE_OUTER_BOUND('',#2603,.T.);
#1943=FACE_OUTER_BOUND('',#2604,.T.);
#1944=FACE_OUTER_BOUND('',#2605,.T.);
#1945=FACE_OUTER_BOUND('',#2606,.T.);
#1946=FACE_OUTER_BOUND('',#2607,.T.);
#1947=FACE_OUTER_BOUND('',#2608,.T.);
#1948=FACE_OUTER_BOUND('',#2609,.T.);
#1949=FACE_OUTER_BOUND('',#2610,.T.);
#1950=FACE_OUTER_BOUND('',#2611,.T.);
#1951=FACE_OUTER_BOUND('',#2612,.T.);
#1952=FACE_OUTER_BOUND('',#2613,.T.);
#1953=FACE_OUTER_BOUND('',#2614,.T.);
#1954=FACE_OUTER_BOUND('',#2615,.T.);
#1955=FACE_OUTER_BOUND('',#2616,.T.);
#1956=FACE_OUTER_BOUND('',#2617,.T.);
#1957=FACE_OUTER_BOUND('',#2618,.T.);
#1958=FACE_OUTER_BOUND('',#2619,.T.);
#1959=FACE_OUTER_BOUND('',#2620,.T.);
#1960=FACE_OUTER_BOUND('',#2621,.T.);
#1961=FACE_OUTER_BOUND('',#2622,.T.);
#1962=FACE_OUTER_BOUND('',#2623,.T.);
#1963=FACE_OUTER_BOUND('',#2624,.T.);
#1964=FACE_OUTER_BOUND('',#2625,.T.);
#1965=FACE_OUTER_BOUND('',#2626,.T.);
#1966=FACE_OUTER_BOUND('',#2627,.T.);
#1967=FACE_OUTER_BOUND('',#2628,.T.);
#1968=FACE_OUTER_BOUND('',#2629,.T.);
#1969=FACE_OUTER_BOUND('',#2630,.T.);
#1970=FACE_OUTER_BOUND('',#2631,.T.);
#1971=FACE_OUTER_BOUND('',#2632,.T.);
#1972=FACE_OUTER_BOUND('',#2633,.T.);
#1973=FACE_OUTER_BOUND('',#2634,.T.);
#1974=FACE_OUTER_BOUND('',#2635,.T.);
#1975=FACE_OUTER_BOUND('',#2636,.T.);
#1976=FACE_OUTER_BOUND('',#2637,.T.);
#1977=FACE_OUTER_BOUND('',#2638,.T.);
#1978=FACE_OUTER_BOUND('',#2639,.T.);
#1979=FACE_OUTER_BOUND('',#2640,.T.);
#1980=FACE_OUTER_BOUND('',#2641,.T.);
#1981=FACE_OUTER_BOUND('',#2642,.T.);
#1982=FACE_OUTER_BOUND('',#2643,.T.);
#1983=FACE_OUTER_BOUND('',#2644,.T.);
#1984=FACE_OUTER_BOUND('',#2645,.T.);
#1985=FACE_OUTER_BOUND('',#2646,.T.);
#1986=FACE_OUTER_BOUND('',#2647,.T.);
#1987=FACE_OUTER_BOUND('',#2648,.T.);
#1988=FACE_OUTER_BOUND('',#2649,.T.);
#1989=FACE_OUTER_BOUND('',#2650,.T.);
#1990=FACE_OUTER_BOUND('',#2651,.T.);
#1991=FACE_OUTER_BOUND('',#2652,.T.);
#1992=FACE_OUTER_BOUND('',#2653,.T.);
#1993=FACE_OUTER_BOUND('',#2654,.T.);
#1994=FACE_OUTER_BOUND('',#2655,.T.);
#1995=FACE_OUTER_BOUND('',#2656,.T.);
#1996=FACE_OUTER_BOUND('',#2657,.T.);
#1997=FACE_OUTER_BOUND('',#2658,.T.);
#1998=FACE_OUTER_BOUND('',#2659,.T.);
#1999=FACE_OUTER_BOUND('',#2660,.T.);
#2000=FACE_OUTER_BOUND('',#2661,.T.);
#2001=FACE_OUTER_BOUND('',#2662,.T.);
#2002=FACE_OUTER_BOUND('',#2663,.T.);
#2003=FACE_OUTER_BOUND('',#2664,.T.);
#2004=FACE_OUTER_BOUND('',#2665,.T.);
#2005=FACE_OUTER_BOUND('',#2666,.T.);
#2006=FACE_OUTER_BOUND('',#2667,.T.);
#2007=FACE_OUTER_BOUND('',#2668,.T.);
#2008=FACE_OUTER_BOUND('',#2669,.T.);
#2009=FACE_OUTER_BOUND('',#2670,.T.);
#2010=FACE_OUTER_BOUND('',#2671,.T.);
#2011=FACE_OUTER_BOUND('',#2672,.T.);
#2012=FACE_OUTER_BOUND('',#2673,.T.);
#2013=FACE_OUTER_BOUND('',#2674,.T.);
#2014=FACE_OUTER_BOUND('',#2675,.T.);
#2015=FACE_OUTER_BOUND('',#2676,.T.);
#2016=FACE_OUTER_BOUND('',#2677,.T.);
#2017=FACE_OUTER_BOUND('',#2678,.T.);
#2018=FACE_OUTER_BOUND('',#2679,.T.);
#2019=FACE_OUTER_BOUND('',#2680,.T.);
#2020=FACE_OUTER_BOUND('',#2681,.T.);
#2021=FACE_OUTER_BOUND('',#2682,.T.);
#2022=FACE_OUTER_BOUND('',#2683,.T.);
#2023=FACE_OUTER_BOUND('',#2684,.T.);
#2024=FACE_OUTER_BOUND('',#2685,.T.);
#2025=FACE_OUTER_BOUND('',#2686,.T.);
#2026=FACE_OUTER_BOUND('',#2687,.T.);
#2027=FACE_OUTER_BOUND('',#2688,.T.);
#2028=FACE_OUTER_BOUND('',#2689,.T.);
#2029=FACE_OUTER_BOUND('',#2690,.T.);
#2030=FACE_OUTER_BOUND('',#2691,.T.);
#2031=FACE_OUTER_BOUND('',#2692,.T.);
#2032=FACE_OUTER_BOUND('',#2693,.T.);
#2033=FACE_OUTER_BOUND('',#2694,.T.);
#2034=FACE_OUTER_BOUND('',#2695,.T.);
#2035=FACE_OUTER_BOUND('',#2696,.T.);
#2036=FACE_OUTER_BOUND('',#2697,.T.);
#2037=FACE_OUTER_BOUND('',#2698,.T.);
#2038=FACE_OUTER_BOUND('',#2699,.T.);
#2039=FACE_OUTER_BOUND('',#2700,.T.);
#2040=FACE_OUTER_BOUND('',#2701,.T.);
#2041=FACE_OUTER_BOUND('',#2702,.T.);
#2042=FACE_OUTER_BOUND('',#2703,.T.);
#2043=FACE_OUTER_BOUND('',#2704,.T.);
#2044=FACE_OUTER_BOUND('',#2705,.T.);
#2045=FACE_OUTER_BOUND('',#2706,.T.);
#2046=FACE_OUTER_BOUND('',#2707,.T.);
#2047=FACE_OUTER_BOUND('',#2708,.T.);
#2048=FACE_OUTER_BOUND('',#2709,.T.);
#2049=FACE_OUTER_BOUND('',#2710,.T.);
#2050=FACE_OUTER_BOUND('',#2711,.T.);
#2051=FACE_OUTER_BOUND('',#2712,.T.);
#2052=FACE_OUTER_BOUND('',#2713,.T.);
#2053=FACE_OUTER_BOUND('',#2714,.T.);
#2054=FACE_OUTER_BOUND('',#2715,.T.);
#2055=FACE_OUTER_BOUND('',#2716,.T.);
#2056=FACE_OUTER_BOUND('',#2717,.T.);
#2057=FACE_OUTER_BOUND('',#2718,.T.);
#2058=FACE_OUTER_BOUND('',#2719,.T.);
#2059=FACE_OUTER_BOUND('',#2720,.T.);
#2060=FACE_OUTER_BOUND('',#2721,.T.);
#2061=FACE_OUTER_BOUND('',#2722,.T.);
#2062=FACE_OUTER_BOUND('',#2723,.T.);
#2063=FACE_OUTER_BOUND('',#2724,.T.);
#2064=FACE_OUTER_BOUND('',#2725,.T.);
#2065=FACE_OUTER_BOUND('',#2726,.T.);
#2066=FACE_OUTER_BOUND('',#2727,.T.);
#2067=FACE_OUTER_BOUND('',#2728,.T.);
#2068=FACE_OUTER_BOUND('',#2729,.T.);
#2069=FACE_OUTER_BOUND('',#2730,.T.);
#2070=FACE_OUTER_BOUND('',#2731,.T.);
#2071=FACE_OUTER_BOUND('',#2732,.T.);
#2072=FACE_OUTER_BOUND('',#2733,.T.);
#2073=FACE_OUTER_BOUND('',#2734,.T.);
#2074=FACE_OUTER_BOUND('',#2735,.T.);
#2075=FACE_OUTER_BOUND('',#2736,.T.);
#2076=FACE_OUTER_BOUND('',#2737,.T.);
#2077=FACE_OUTER_BOUND('',#2738,.T.);
#2078=FACE_OUTER_BOUND('',#2739,.T.);
#2079=FACE_OUTER_BOUND('',#2740,.T.);
#2080=FACE_OUTER_BOUND('',#2741,.T.);
#2081=FACE_OUTER_BOUND('',#2742,.T.);
#2082=FACE_OUTER_BOUND('',#2743,.T.);
#2083=FACE_OUTER_BOUND('',#2744,.T.);
#2084=FACE_OUTER_BOUND('',#2745,.T.);
#2085=FACE_OUTER_BOUND('',#2746,.T.);
#2086=FACE_OUTER_BOUND('',#2747,.T.);
#2087=FACE_OUTER_BOUND('',#2748,.T.);
#2088=FACE_OUTER_BOUND('',#2749,.T.);
#2089=FACE_OUTER_BOUND('',#2750,.T.);
#2090=FACE_OUTER_BOUND('',#2751,.T.);
#2091=FACE_OUTER_BOUND('',#2752,.T.);
#2092=FACE_OUTER_BOUND('',#2753,.T.);
#2093=FACE_OUTER_BOUND('',#2754,.T.);
#2094=FACE_OUTER_BOUND('',#2755,.T.);
#2095=FACE_OUTER_BOUND('',#2756,.T.);
#2096=FACE_OUTER_BOUND('',#2757,.T.);
#2097=FACE_OUTER_BOUND('',#2758,.T.);
#2098=FACE_OUTER_BOUND('',#2759,.T.);
#2099=FACE_OUTER_BOUND('',#2760,.T.);
#2100=FACE_OUTER_BOUND('',#2761,.T.);
#2101=FACE_OUTER_BOUND('',#2762,.T.);
#2102=FACE_OUTER_BOUND('',#2763,.T.);
#2103=FACE_OUTER_BOUND('',#2764,.T.);
#2104=FACE_OUTER_BOUND('',#2765,.T.);
#2105=FACE_OUTER_BOUND('',#2766,.T.);
#2106=FACE_OUTER_BOUND('',#2767,.T.);
#2107=FACE_OUTER_BOUND('',#2768,.T.);
#2108=FACE_OUTER_BOUND('',#2769,.T.);
#2109=FACE_OUTER_BOUND('',#2770,.T.);
#2110=FACE_OUTER_BOUND('',#2771,.T.);
#2111=FACE_OUTER_BOUND('',#2772,.T.);
#2112=FACE_OUTER_BOUND('',#2773,.T.);
#2113=FACE_OUTER_BOUND('',#2774,.T.);
#2114=FACE_OUTER_BOUND('',#2775,.T.);
#2115=FACE_OUTER_BOUND('',#2776,.T.);
#2116=FACE_OUTER_BOUND('',#2777,.T.);
#2117=FACE_OUTER_BOUND('',#2778,.T.);
#2118=FACE_OUTER_BOUND('',#2779,.T.);
#2119=FACE_OUTER_BOUND('',#2780,.T.);
#2120=FACE_OUTER_BOUND('',#2781,.T.);
#2121=FACE_OUTER_BOUND('',#2782,.T.);
#2122=FACE_OUTER_BOUND('',#2783,.T.);
#2123=FACE_OUTER_BOUND('',#2784,.T.);
#2124=FACE_OUTER_BOUND('',#2785,.T.);
#2125=FACE_OUTER_BOUND('',#2786,.T.);
#2126=FACE_OUTER_BOUND('',#2787,.T.);
#2127=FACE_OUTER_BOUND('',#2788,.T.);
#2128=FACE_OUTER_BOUND('',#2789,.T.);
#2129=FACE_OUTER_BOUND('',#2790,.T.);
#2130=FACE_OUTER_BOUND('',#2791,.T.);
#2131=FACE_OUTER_BOUND('',#2792,.T.);
#2132=FACE_OUTER_BOUND('',#2793,.T.);
#2133=FACE_OUTER_BOUND('',#2794,.T.);
#2134=FACE_OUTER_BOUND('',#2795,.T.);
#2135=FACE_OUTER_BOUND('',#2796,.T.);
#2136=FACE_OUTER_BOUND('',#2797,.T.);
#2137=FACE_OUTER_BOUND('',#2798,.T.);
#2138=FACE_OUTER_BOUND('',#2799,.T.);
#2139=FACE_OUTER_BOUND('',#2800,.T.);
#2140=FACE_OUTER_BOUND('',#2801,.T.);
#2141=FACE_OUTER_BOUND('',#2802,.T.);
#2142=FACE_OUTER_BOUND('',#2803,.T.);
#2143=FACE_OUTER_BOUND('',#2804,.T.);
#2144=FACE_OUTER_BOUND('',#2805,.T.);
#2145=FACE_OUTER_BOUND('',#2806,.T.);
#2146=FACE_OUTER_BOUND('',#2807,.T.);
#2147=FACE_OUTER_BOUND('',#2808,.T.);
#2148=FACE_OUTER_BOUND('',#2809,.T.);
#2149=FACE_OUTER_BOUND('',#2810,.T.);
#2150=FACE_OUTER_BOUND('',#2811,.T.);
#2151=FACE_OUTER_BOUND('',#2812,.T.);
#2152=FACE_OUTER_BOUND('',#2813,.T.);
#2153=FACE_OUTER_BOUND('',#2814,.T.);
#2154=FACE_OUTER_BOUND('',#2815,.T.);
#2155=FACE_OUTER_BOUND('',#2816,.T.);
#2156=FACE_OUTER_BOUND('',#2817,.T.);
#2157=FACE_OUTER_BOUND('',#2818,.T.);
#2158=FACE_OUTER_BOUND('',#2819,.T.);
#2159=FACE_OUTER_BOUND('',#2820,.T.);
#2160=FACE_OUTER_BOUND('',#2821,.T.);
#2161=FACE_OUTER_BOUND('',#2822,.T.);
#2162=FACE_OUTER_BOUND('',#2823,.T.);
#2163=FACE_OUTER_BOUND('',#2824,.T.);
#2164=FACE_OUTER_BOUND('',#2825,.T.);
#2165=FACE_OUTER_BOUND('',#2826,.T.);
#2166=FACE_OUTER_BOUND('',#2827,.T.);
#2167=FACE_OUTER_BOUND('',#2828,.T.);
#2168=FACE_OUTER_BOUND('',#2829,.T.);
#2169=FACE_OUTER_BOUND('',#2830,.T.);
#2170=FACE_OUTER_BOUND('',#2831,.T.);
#2171=FACE_OUTER_BOUND('',#2832,.T.);
#2172=FACE_OUTER_BOUND('',#2833,.T.);
#2173=FACE_OUTER_BOUND('',#2834,.T.);
#2174=FACE_OUTER_BOUND('',#2835,.T.);
#2175=FACE_OUTER_BOUND('',#2836,.T.);
#2176=FACE_OUTER_BOUND('',#2837,.T.);
#2177=FACE_OUTER_BOUND('',#2838,.T.);
#2178=FACE_OUTER_BOUND('',#2839,.T.);
#2179=FACE_OUTER_BOUND('',#2840,.T.);
#2180=FACE_OUTER_BOUND('',#2841,.T.);
#2181=FACE_OUTER_BOUND('',#2842,.T.);
#2182=FACE_OUTER_BOUND('',#2843,.T.);
#2183=FACE_OUTER_BOUND('',#2844,.T.);
#2184=FACE_OUTER_BOUND('',#2845,.T.);
#2185=FACE_OUTER_BOUND('',#2846,.T.);
#2186=FACE_OUTER_BOUND('',#2847,.T.);
#2187=FACE_OUTER_BOUND('',#2848,.T.);
#2188=FACE_OUTER_BOUND('',#2849,.T.);
#2189=FACE_OUTER_BOUND('',#2850,.T.);
#2190=FACE_OUTER_BOUND('',#2851,.T.);
#2191=FACE_OUTER_BOUND('',#2852,.T.);
#2192=FACE_OUTER_BOUND('',#2853,.T.);
#2193=FACE_OUTER_BOUND('',#2854,.T.);
#2194=FACE_OUTER_BOUND('',#2855,.T.);
#2195=FACE_OUTER_BOUND('',#2856,.T.);
#2196=FACE_OUTER_BOUND('',#2857,.T.);
#2197=FACE_OUTER_BOUND('',#2858,.T.);
#2198=FACE_OUTER_BOUND('',#2859,.T.);
#2199=FACE_OUTER_BOUND('',#2860,.T.);
#2200=FACE_OUTER_BOUND('',#2861,.T.);
#2201=FACE_OUTER_BOUND('',#2862,.T.);
#2202=FACE_OUTER_BOUND('',#2863,.T.);
#2203=FACE_OUTER_BOUND('',#2864,.T.);
#2204=FACE_OUTER_BOUND('',#2865,.T.);
#2205=FACE_OUTER_BOUND('',#2866,.T.);
#2206=FACE_OUTER_BOUND('',#2867,.T.);
#2207=FACE_OUTER_BOUND('',#2868,.T.);
#2208=FACE_OUTER_BOUND('',#2869,.T.);
#2209=FACE_OUTER_BOUND('',#2870,.T.);
#2210=FACE_OUTER_BOUND('',#2871,.T.);
#2211=FACE_OUTER_BOUND('',#2872,.T.);
#2212=FACE_OUTER_BOUND('',#2873,.T.);
#2213=FACE_OUTER_BOUND('',#2874,.T.);
#2214=FACE_OUTER_BOUND('',#2875,.T.);
#2215=FACE_OUTER_BOUND('',#2876,.T.);
#2216=FACE_OUTER_BOUND('',#2877,.T.);
#2217=FACE_OUTER_BOUND('',#2878,.T.);
#2218=FACE_OUTER_BOUND('',#2879,.T.);
#2219=FACE_OUTER_BOUND('',#2880,.T.);
#2220=FACE_OUTER_BOUND('',#2881,.T.);
#2221=FACE_OUTER_BOUND('',#2882,.T.);
#2222=FACE_OUTER_BOUND('',#2883,.T.);
#2223=FACE_OUTER_BOUND('',#2884,.T.);
#2224=FACE_OUTER_BOUND('',#2885,.T.);
#2225=FACE_OUTER_BOUND('',#2886,.T.);
#2226=FACE_OUTER_BOUND('',#2887,.T.);
#2227=FACE_OUTER_BOUND('',#2888,.T.);
#2228=FACE_OUTER_BOUND('',#2889,.T.);
#2229=FACE_OUTER_BOUND('',#2890,.T.);
#2230=FACE_OUTER_BOUND('',#2891,.T.);
#2231=FACE_OUTER_BOUND('',#2892,.T.);
#2232=FACE_OUTER_BOUND('',#2893,.T.);
#2233=FACE_OUTER_BOUND('',#2894,.T.);
#2234=FACE_OUTER_BOUND('',#2895,.T.);
#2235=FACE_OUTER_BOUND('',#2896,.T.);
#2236=FACE_OUTER_BOUND('',#2897,.T.);
#2237=FACE_OUTER_BOUND('',#2898,.T.);
#2238=FACE_OUTER_BOUND('',#2899,.T.);
#2239=FACE_OUTER_BOUND('',#2900,.T.);
#2240=FACE_OUTER_BOUND('',#2901,.T.);
#2241=FACE_OUTER_BOUND('',#2902,.T.);
#2242=FACE_OUTER_BOUND('',#2903,.T.);
#2243=FACE_OUTER_BOUND('',#2904,.T.);
#2244=FACE_OUTER_BOUND('',#2905,.T.);
#2245=FACE_OUTER_BOUND('',#2906,.T.);
#2246=FACE_OUTER_BOUND('',#2907,.T.);
#2247=FACE_OUTER_BOUND('',#2908,.T.);
#2248=FACE_OUTER_BOUND('',#2909,.T.);
#2249=FACE_OUTER_BOUND('',#2910,.T.);
#2250=FACE_OUTER_BOUND('',#2911,.T.);
#2251=FACE_OUTER_BOUND('',#2912,.T.);
#2252=FACE_OUTER_BOUND('',#2913,.T.);
#2253=FACE_OUTER_BOUND('',#2914,.T.);
#2254=FACE_OUTER_BOUND('',#2915,.T.);
#2255=FACE_OUTER_BOUND('',#2916,.T.);
#2256=FACE_OUTER_BOUND('',#2917,.T.);
#2257=FACE_OUTER_BOUND('',#2918,.T.);
#2258=FACE_OUTER_BOUND('',#2919,.T.);
#2259=FACE_OUTER_BOUND('',#2920,.T.);
#2260=FACE_OUTER_BOUND('',#2921,.T.);
#2261=FACE_OUTER_BOUND('',#2922,.T.);
#2262=FACE_OUTER_BOUND('',#2923,.T.);
#2263=FACE_OUTER_BOUND('',#2924,.T.);
#2264=FACE_OUTER_BOUND('',#2925,.T.);
#2265=FACE_OUTER_BOUND('',#3135,.T.);
#2266=FACE_OUTER_BOUND('',#3136,.T.);
#2267=FACE_OUTER_BOUND('',#3137,.T.);
#2268=FACE_OUTER_BOUND('',#3138,.T.);
#2269=FACE_OUTER_BOUND('',#3139,.T.);
#2270=FACE_OUTER_BOUND('',#3140,.T.);
#2271=FACE_OUTER_BOUND('',#3141,.T.);
#2272=FACE_OUTER_BOUND('',#3142,.T.);
#2273=FACE_OUTER_BOUND('',#3143,.T.);
#2274=FACE_OUTER_BOUND('',#3144,.T.);
#2275=FACE_OUTER_BOUND('',#3145,.T.);
#2276=FACE_OUTER_BOUND('',#3146,.T.);
#2277=FACE_OUTER_BOUND('',#3147,.T.);
#2278=FACE_OUTER_BOUND('',#3148,.T.);
#2279=FACE_OUTER_BOUND('',#3149,.T.);
#2280=FACE_OUTER_BOUND('',#3150,.T.);
#2281=FACE_OUTER_BOUND('',#3152,.T.);
#2282=FACE_OUTER_BOUND('',#3154,.T.);
#2283=FACE_OUTER_BOUND('',#3156,.T.);
#2284=FACE_OUTER_BOUND('',#3158,.T.);
#2285=FACE_OUTER_BOUND('',#3159,.T.);
#2286=FACE_OUTER_BOUND('',#3161,.T.);
#2287=EDGE_LOOP('',(#6190,#6191,#6192));
#2288=EDGE_LOOP('',(#6193));
#2289=EDGE_LOOP('',(#6194,#6195,#6196,#6197,#6198));
#2290=EDGE_LOOP('',(#6199,#6200,#6201,#6202,#6203,#6204,#6205,#6206));
#2291=EDGE_LOOP('',(#6207));
#2292=EDGE_LOOP('',(#6208));
#2293=EDGE_LOOP('',(#6209));
#2294=EDGE_LOOP('',(#6210));
#2295=EDGE_LOOP('',(#6211));
#2296=EDGE_LOOP('',(#6212));
#2297=EDGE_LOOP('',(#6213));
#2298=EDGE_LOOP('',(#6214));
#2299=EDGE_LOOP('',(#6215));
#2300=EDGE_LOOP('',(#6216));
#2301=EDGE_LOOP('',(#6217));
#2302=EDGE_LOOP('',(#6218));
#2303=EDGE_LOOP('',(#6219));
#2304=EDGE_LOOP('',(#6220));
#2305=EDGE_LOOP('',(#6221));
#2306=EDGE_LOOP('',(#6222));
#2307=EDGE_LOOP('',(#6223));
#2308=EDGE_LOOP('',(#6224));
#2309=EDGE_LOOP('',(#6225));
#2310=EDGE_LOOP('',(#6226));
#2311=EDGE_LOOP('',(#6227));
#2312=EDGE_LOOP('',(#6228));
#2313=EDGE_LOOP('',(#6229));
#2314=EDGE_LOOP('',(#6230));
#2315=EDGE_LOOP('',(#6231));
#2316=EDGE_LOOP('',(#6232));
#2317=EDGE_LOOP('',(#6233));
#2318=EDGE_LOOP('',(#6234));
#2319=EDGE_LOOP('',(#6235));
#2320=EDGE_LOOP('',(#6236));
#2321=EDGE_LOOP('',(#6237));
#2322=EDGE_LOOP('',(#6238));
#2323=EDGE_LOOP('',(#6239));
#2324=EDGE_LOOP('',(#6240));
#2325=EDGE_LOOP('',(#6241));
#2326=EDGE_LOOP('',(#6242));
#2327=EDGE_LOOP('',(#6243));
#2328=EDGE_LOOP('',(#6244));
#2329=EDGE_LOOP('',(#6245));
#2330=EDGE_LOOP('',(#6246));
#2331=EDGE_LOOP('',(#6247));
#2332=EDGE_LOOP('',(#6248));
#2333=EDGE_LOOP('',(#6249));
#2334=EDGE_LOOP('',(#6250));
#2335=EDGE_LOOP('',(#6251));
#2336=EDGE_LOOP('',(#6252));
#2337=EDGE_LOOP('',(#6253));
#2338=EDGE_LOOP('',(#6254));
#2339=EDGE_LOOP('',(#6255));
#2340=EDGE_LOOP('',(#6256));
#2341=EDGE_LOOP('',(#6257));
#2342=EDGE_LOOP('',(#6258));
#2343=EDGE_LOOP('',(#6259));
#2344=EDGE_LOOP('',(#6260));
#2345=EDGE_LOOP('',(#6261));
#2346=EDGE_LOOP('',(#6262));
#2347=EDGE_LOOP('',(#6263));
#2348=EDGE_LOOP('',(#6264));
#2349=EDGE_LOOP('',(#6265));
#2350=EDGE_LOOP('',(#6266));
#2351=EDGE_LOOP('',(#6267));
#2352=EDGE_LOOP('',(#6268));
#2353=EDGE_LOOP('',(#6269));
#2354=EDGE_LOOP('',(#6270));
#2355=EDGE_LOOP('',(#6271));
#2356=EDGE_LOOP('',(#6272));
#2357=EDGE_LOOP('',(#6273));
#2358=EDGE_LOOP('',(#6274));
#2359=EDGE_LOOP('',(#6275));
#2360=EDGE_LOOP('',(#6276));
#2361=EDGE_LOOP('',(#6277));
#2362=EDGE_LOOP('',(#6278));
#2363=EDGE_LOOP('',(#6279));
#2364=EDGE_LOOP('',(#6280));
#2365=EDGE_LOOP('',(#6281));
#2366=EDGE_LOOP('',(#6282));
#2367=EDGE_LOOP('',(#6283));
#2368=EDGE_LOOP('',(#6284));
#2369=EDGE_LOOP('',(#6285));
#2370=EDGE_LOOP('',(#6286));
#2371=EDGE_LOOP('',(#6287));
#2372=EDGE_LOOP('',(#6288));
#2373=EDGE_LOOP('',(#6289));
#2374=EDGE_LOOP('',(#6290));
#2375=EDGE_LOOP('',(#6291));
#2376=EDGE_LOOP('',(#6292));
#2377=EDGE_LOOP('',(#6293));
#2378=EDGE_LOOP('',(#6294));
#2379=EDGE_LOOP('',(#6295));
#2380=EDGE_LOOP('',(#6296));
#2381=EDGE_LOOP('',(#6297));
#2382=EDGE_LOOP('',(#6298));
#2383=EDGE_LOOP('',(#6299));
#2384=EDGE_LOOP('',(#6300));
#2385=EDGE_LOOP('',(#6301));
#2386=EDGE_LOOP('',(#6302));
#2387=EDGE_LOOP('',(#6303));
#2388=EDGE_LOOP('',(#6304));
#2389=EDGE_LOOP('',(#6305));
#2390=EDGE_LOOP('',(#6306));
#2391=EDGE_LOOP('',(#6307));
#2392=EDGE_LOOP('',(#6308));
#2393=EDGE_LOOP('',(#6309));
#2394=EDGE_LOOP('',(#6310));
#2395=EDGE_LOOP('',(#6311));
#2396=EDGE_LOOP('',(#6312));
#2397=EDGE_LOOP('',(#6313));
#2398=EDGE_LOOP('',(#6314));
#2399=EDGE_LOOP('',(#6315));
#2400=EDGE_LOOP('',(#6316));
#2401=EDGE_LOOP('',(#6317));
#2402=EDGE_LOOP('',(#6318));
#2403=EDGE_LOOP('',(#6319));
#2404=EDGE_LOOP('',(#6320));
#2405=EDGE_LOOP('',(#6321));
#2406=EDGE_LOOP('',(#6322));
#2407=EDGE_LOOP('',(#6323));
#2408=EDGE_LOOP('',(#6324));
#2409=EDGE_LOOP('',(#6325));
#2410=EDGE_LOOP('',(#6326));
#2411=EDGE_LOOP('',(#6327));
#2412=EDGE_LOOP('',(#6328));
#2413=EDGE_LOOP('',(#6329));
#2414=EDGE_LOOP('',(#6330));
#2415=EDGE_LOOP('',(#6331));
#2416=EDGE_LOOP('',(#6332));
#2417=EDGE_LOOP('',(#6333));
#2418=EDGE_LOOP('',(#6334));
#2419=EDGE_LOOP('',(#6335));
#2420=EDGE_LOOP('',(#6336));
#2421=EDGE_LOOP('',(#6337));
#2422=EDGE_LOOP('',(#6338));
#2423=EDGE_LOOP('',(#6339));
#2424=EDGE_LOOP('',(#6340));
#2425=EDGE_LOOP('',(#6341));
#2426=EDGE_LOOP('',(#6342));
#2427=EDGE_LOOP('',(#6343));
#2428=EDGE_LOOP('',(#6344));
#2429=EDGE_LOOP('',(#6345));
#2430=EDGE_LOOP('',(#6346));
#2431=EDGE_LOOP('',(#6347));
#2432=EDGE_LOOP('',(#6348));
#2433=EDGE_LOOP('',(#6349));
#2434=EDGE_LOOP('',(#6350));
#2435=EDGE_LOOP('',(#6351));
#2436=EDGE_LOOP('',(#6352));
#2437=EDGE_LOOP('',(#6353));
#2438=EDGE_LOOP('',(#6354));
#2439=EDGE_LOOP('',(#6355));
#2440=EDGE_LOOP('',(#6356));
#2441=EDGE_LOOP('',(#6357));
#2442=EDGE_LOOP('',(#6358));
#2443=EDGE_LOOP('',(#6359));
#2444=EDGE_LOOP('',(#6360));
#2445=EDGE_LOOP('',(#6361));
#2446=EDGE_LOOP('',(#6362));
#2447=EDGE_LOOP('',(#6363));
#2448=EDGE_LOOP('',(#6364));
#2449=EDGE_LOOP('',(#6365));
#2450=EDGE_LOOP('',(#6366));
#2451=EDGE_LOOP('',(#6367));
#2452=EDGE_LOOP('',(#6368));
#2453=EDGE_LOOP('',(#6369));
#2454=EDGE_LOOP('',(#6370));
#2455=EDGE_LOOP('',(#6371));
#2456=EDGE_LOOP('',(#6372));
#2457=EDGE_LOOP('',(#6373));
#2458=EDGE_LOOP('',(#6374));
#2459=EDGE_LOOP('',(#6375));
#2460=EDGE_LOOP('',(#6376));
#2461=EDGE_LOOP('',(#6377));
#2462=EDGE_LOOP('',(#6378));
#2463=EDGE_LOOP('',(#6379));
#2464=EDGE_LOOP('',(#6380));
#2465=EDGE_LOOP('',(#6381));
#2466=EDGE_LOOP('',(#6382));
#2467=EDGE_LOOP('',(#6383));
#2468=EDGE_LOOP('',(#6384));
#2469=EDGE_LOOP('',(#6385));
#2470=EDGE_LOOP('',(#6386));
#2471=EDGE_LOOP('',(#6387));
#2472=EDGE_LOOP('',(#6388));
#2473=EDGE_LOOP('',(#6389));
#2474=EDGE_LOOP('',(#6390));
#2475=EDGE_LOOP('',(#6391));
#2476=EDGE_LOOP('',(#6392));
#2477=EDGE_LOOP('',(#6393));
#2478=EDGE_LOOP('',(#6394));
#2479=EDGE_LOOP('',(#6395));
#2480=EDGE_LOOP('',(#6396));
#2481=EDGE_LOOP('',(#6397));
#2482=EDGE_LOOP('',(#6398));
#2483=EDGE_LOOP('',(#6399));
#2484=EDGE_LOOP('',(#6400));
#2485=EDGE_LOOP('',(#6401));
#2486=EDGE_LOOP('',(#6402));
#2487=EDGE_LOOP('',(#6403));
#2488=EDGE_LOOP('',(#6404));
#2489=EDGE_LOOP('',(#6405));
#2490=EDGE_LOOP('',(#6406));
#2491=EDGE_LOOP('',(#6407));
#2492=EDGE_LOOP('',(#6408));
#2493=EDGE_LOOP('',(#6409));
#2494=EDGE_LOOP('',(#6410));
#2495=EDGE_LOOP('',(#6411));
#2496=EDGE_LOOP('',(#6412,#6413,#6414,#6415,#6416));
#2497=EDGE_LOOP('',(#6417,#6418,#6419,#6420,#6421));
#2498=EDGE_LOOP('',(#6422,#6423,#6424,#6425,#6426));
#2499=EDGE_LOOP('',(#6427,#6428,#6429,#6430,#6431));
#2500=EDGE_LOOP('',(#6432,#6433,#6434,#6435,#6436));
#2501=EDGE_LOOP('',(#6437,#6438,#6439,#6440,#6441));
#2502=EDGE_LOOP('',(#6442,#6443,#6444,#6445,#6446));
#2503=EDGE_LOOP('',(#6447,#6448,#6449,#6450,#6451));
#2504=EDGE_LOOP('',(#6452,#6453,#6454,#6455,#6456));
#2505=EDGE_LOOP('',(#6457,#6458,#6459,#6460,#6461));
#2506=EDGE_LOOP('',(#6462,#6463,#6464,#6465,#6466));
#2507=EDGE_LOOP('',(#6467,#6468,#6469,#6470,#6471));
#2508=EDGE_LOOP('',(#6472,#6473,#6474,#6475,#6476));
#2509=EDGE_LOOP('',(#6477,#6478,#6479,#6480,#6481));
#2510=EDGE_LOOP('',(#6482,#6483,#6484,#6485,#6486));
#2511=EDGE_LOOP('',(#6487,#6488,#6489,#6490,#6491));
#2512=EDGE_LOOP('',(#6492,#6493,#6494,#6495,#6496));
#2513=EDGE_LOOP('',(#6497,#6498,#6499,#6500,#6501));
#2514=EDGE_LOOP('',(#6502,#6503,#6504,#6505,#6506));
#2515=EDGE_LOOP('',(#6507,#6508,#6509,#6510,#6511));
#2516=EDGE_LOOP('',(#6512,#6513,#6514,#6515,#6516));
#2517=EDGE_LOOP('',(#6517,#6518,#6519,#6520,#6521));
#2518=EDGE_LOOP('',(#6522,#6523,#6524,#6525,#6526));
#2519=EDGE_LOOP('',(#6527,#6528,#6529,#6530,#6531));
#2520=EDGE_LOOP('',(#6532,#6533,#6534,#6535,#6536));
#2521=EDGE_LOOP('',(#6537,#6538,#6539,#6540,#6541));
#2522=EDGE_LOOP('',(#6542,#6543,#6544,#6545,#6546));
#2523=EDGE_LOOP('',(#6547,#6548,#6549,#6550,#6551));
#2524=EDGE_LOOP('',(#6552,#6553,#6554,#6555,#6556));
#2525=EDGE_LOOP('',(#6557,#6558,#6559,#6560,#6561));
#2526=EDGE_LOOP('',(#6562,#6563,#6564,#6565,#6566));
#2527=EDGE_LOOP('',(#6567,#6568,#6569,#6570,#6571));
#2528=EDGE_LOOP('',(#6572,#6573,#6574,#6575,#6576));
#2529=EDGE_LOOP('',(#6577,#6578,#6579,#6580,#6581));
#2530=EDGE_LOOP('',(#6582,#6583,#6584,#6585,#6586));
#2531=EDGE_LOOP('',(#6587,#6588,#6589,#6590,#6591));
#2532=EDGE_LOOP('',(#6592,#6593,#6594,#6595,#6596));
#2533=EDGE_LOOP('',(#6597,#6598,#6599,#6600,#6601));
#2534=EDGE_LOOP('',(#6602,#6603,#6604,#6605,#6606));
#2535=EDGE_LOOP('',(#6607,#6608,#6609,#6610,#6611));
#2536=EDGE_LOOP('',(#6612,#6613,#6614,#6615,#6616));
#2537=EDGE_LOOP('',(#6617,#6618,#6619,#6620,#6621));
#2538=EDGE_LOOP('',(#6622,#6623,#6624,#6625,#6626));
#2539=EDGE_LOOP('',(#6627,#6628,#6629,#6630,#6631));
#2540=EDGE_LOOP('',(#6632,#6633,#6634,#6635,#6636));
#2541=EDGE_LOOP('',(#6637,#6638,#6639,#6640,#6641));
#2542=EDGE_LOOP('',(#6642,#6643,#6644,#6645,#6646));
#2543=EDGE_LOOP('',(#6647,#6648,#6649,#6650,#6651));
#2544=EDGE_LOOP('',(#6652,#6653,#6654,#6655,#6656));
#2545=EDGE_LOOP('',(#6657,#6658,#6659,#6660,#6661));
#2546=EDGE_LOOP('',(#6662,#6663,#6664,#6665,#6666));
#2547=EDGE_LOOP('',(#6667,#6668,#6669,#6670,#6671));
#2548=EDGE_LOOP('',(#6672,#6673,#6674,#6675,#6676));
#2549=EDGE_LOOP('',(#6677,#6678,#6679,#6680,#6681));
#2550=EDGE_LOOP('',(#6682,#6683,#6684,#6685,#6686));
#2551=EDGE_LOOP('',(#6687,#6688,#6689,#6690,#6691));
#2552=EDGE_LOOP('',(#6692,#6693,#6694,#6695,#6696));
#2553=EDGE_LOOP('',(#6697,#6698,#6699,#6700,#6701));
#2554=EDGE_LOOP('',(#6702,#6703,#6704,#6705,#6706));
#2555=EDGE_LOOP('',(#6707,#6708,#6709,#6710,#6711));
#2556=EDGE_LOOP('',(#6712,#6713,#6714,#6715,#6716));
#2557=EDGE_LOOP('',(#6717,#6718,#6719,#6720,#6721));
#2558=EDGE_LOOP('',(#6722,#6723,#6724,#6725,#6726));
#2559=EDGE_LOOP('',(#6727,#6728,#6729,#6730,#6731));
#2560=EDGE_LOOP('',(#6732,#6733,#6734,#6735,#6736));
#2561=EDGE_LOOP('',(#6737,#6738,#6739,#6740,#6741));
#2562=EDGE_LOOP('',(#6742,#6743,#6744,#6745,#6746));
#2563=EDGE_LOOP('',(#6747,#6748,#6749,#6750,#6751));
#2564=EDGE_LOOP('',(#6752,#6753,#6754,#6755,#6756));
#2565=EDGE_LOOP('',(#6757,#6758,#6759,#6760,#6761));
#2566=EDGE_LOOP('',(#6762,#6763,#6764,#6765,#6766));
#2567=EDGE_LOOP('',(#6767,#6768,#6769,#6770,#6771));
#2568=EDGE_LOOP('',(#6772,#6773,#6774,#6775,#6776));
#2569=EDGE_LOOP('',(#6777,#6778,#6779,#6780,#6781));
#2570=EDGE_LOOP('',(#6782,#6783,#6784,#6785,#6786));
#2571=EDGE_LOOP('',(#6787,#6788,#6789,#6790,#6791));
#2572=EDGE_LOOP('',(#6792,#6793,#6794,#6795,#6796));
#2573=EDGE_LOOP('',(#6797,#6798,#6799,#6800,#6801));
#2574=EDGE_LOOP('',(#6802,#6803,#6804,#6805,#6806));
#2575=EDGE_LOOP('',(#6807,#6808,#6809,#6810,#6811));
#2576=EDGE_LOOP('',(#6812,#6813,#6814,#6815,#6816));
#2577=EDGE_LOOP('',(#6817,#6818,#6819,#6820,#6821));
#2578=EDGE_LOOP('',(#6822,#6823,#6824,#6825,#6826));
#2579=EDGE_LOOP('',(#6827,#6828,#6829,#6830,#6831));
#2580=EDGE_LOOP('',(#6832,#6833,#6834,#6835,#6836));
#2581=EDGE_LOOP('',(#6837,#6838,#6839,#6840,#6841));
#2582=EDGE_LOOP('',(#6842,#6843,#6844,#6845,#6846));
#2583=EDGE_LOOP('',(#6847,#6848,#6849,#6850,#6851));
#2584=EDGE_LOOP('',(#6852,#6853,#6854,#6855,#6856));
#2585=EDGE_LOOP('',(#6857,#6858,#6859,#6860,#6861));
#2586=EDGE_LOOP('',(#6862,#6863,#6864,#6865,#6866));
#2587=EDGE_LOOP('',(#6867,#6868,#6869,#6870,#6871));
#2588=EDGE_LOOP('',(#6872,#6873,#6874,#6875,#6876));
#2589=EDGE_LOOP('',(#6877,#6878,#6879,#6880,#6881));
#2590=EDGE_LOOP('',(#6882,#6883,#6884,#6885,#6886));
#2591=EDGE_LOOP('',(#6887,#6888,#6889,#6890,#6891));
#2592=EDGE_LOOP('',(#6892,#6893,#6894,#6895,#6896));
#2593=EDGE_LOOP('',(#6897,#6898,#6899,#6900,#6901));
#2594=EDGE_LOOP('',(#6902,#6903,#6904,#6905,#6906));
#2595=EDGE_LOOP('',(#6907,#6908,#6909,#6910,#6911));
#2596=EDGE_LOOP('',(#6912,#6913,#6914,#6915,#6916));
#2597=EDGE_LOOP('',(#6917,#6918,#6919,#6920,#6921));
#2598=EDGE_LOOP('',(#6922,#6923,#6924,#6925,#6926));
#2599=EDGE_LOOP('',(#6927,#6928,#6929,#6930,#6931));
#2600=EDGE_LOOP('',(#6932,#6933,#6934,#6935,#6936));
#2601=EDGE_LOOP('',(#6937,#6938,#6939,#6940,#6941));
#2602=EDGE_LOOP('',(#6942,#6943,#6944,#6945,#6946));
#2603=EDGE_LOOP('',(#6947,#6948,#6949,#6950,#6951));
#2604=EDGE_LOOP('',(#6952,#6953,#6954,#6955,#6956));
#2605=EDGE_LOOP('',(#6957,#6958,#6959,#6960,#6961));
#2606=EDGE_LOOP('',(#6962,#6963,#6964,#6965,#6966));
#2607=EDGE_LOOP('',(#6967,#6968,#6969,#6970,#6971));
#2608=EDGE_LOOP('',(#6972,#6973,#6974,#6975,#6976));
#2609=EDGE_LOOP('',(#6977,#6978,#6979,#6980,#6981));
#2610=EDGE_LOOP('',(#6982,#6983,#6984,#6985,#6986));
#2611=EDGE_LOOP('',(#6987,#6988,#6989,#6990,#6991));
#2612=EDGE_LOOP('',(#6992,#6993,#6994,#6995,#6996));
#2613=EDGE_LOOP('',(#6997,#6998,#6999,#7000,#7001));
#2614=EDGE_LOOP('',(#7002,#7003,#7004,#7005,#7006));
#2615=EDGE_LOOP('',(#7007,#7008,#7009,#7010,#7011));
#2616=EDGE_LOOP('',(#7012,#7013,#7014,#7015,#7016));
#2617=EDGE_LOOP('',(#7017,#7018,#7019,#7020,#7021));
#2618=EDGE_LOOP('',(#7022,#7023,#7024,#7025,#7026));
#2619=EDGE_LOOP('',(#7027,#7028,#7029,#7030,#7031));
#2620=EDGE_LOOP('',(#7032,#7033,#7034,#7035,#7036));
#2621=EDGE_LOOP('',(#7037,#7038,#7039,#7040,#7041));
#2622=EDGE_LOOP('',(#7042,#7043,#7044,#7045,#7046));
#2623=EDGE_LOOP('',(#7047,#7048,#7049,#7050,#7051));
#2624=EDGE_LOOP('',(#7052,#7053,#7054,#7055,#7056));
#2625=EDGE_LOOP('',(#7057,#7058,#7059,#7060,#7061));
#2626=EDGE_LOOP('',(#7062,#7063,#7064,#7065,#7066));
#2627=EDGE_LOOP('',(#7067,#7068,#7069,#7070,#7071));
#2628=EDGE_LOOP('',(#7072,#7073,#7074,#7075,#7076));
#2629=EDGE_LOOP('',(#7077,#7078,#7079,#7080,#7081));
#2630=EDGE_LOOP('',(#7082,#7083,#7084,#7085,#7086));
#2631=EDGE_LOOP('',(#7087,#7088,#7089,#7090,#7091));
#2632=EDGE_LOOP('',(#7092,#7093,#7094,#7095,#7096));
#2633=EDGE_LOOP('',(#7097,#7098,#7099,#7100,#7101));
#2634=EDGE_LOOP('',(#7102,#7103,#7104,#7105,#7106));
#2635=EDGE_LOOP('',(#7107,#7108,#7109,#7110,#7111));
#2636=EDGE_LOOP('',(#7112,#7113,#7114,#7115,#7116));
#2637=EDGE_LOOP('',(#7117,#7118,#7119,#7120,#7121));
#2638=EDGE_LOOP('',(#7122,#7123,#7124,#7125,#7126));
#2639=EDGE_LOOP('',(#7127,#7128,#7129,#7130,#7131));
#2640=EDGE_LOOP('',(#7132,#7133,#7134,#7135,#7136));
#2641=EDGE_LOOP('',(#7137,#7138,#7139,#7140,#7141));
#2642=EDGE_LOOP('',(#7142,#7143,#7144,#7145,#7146));
#2643=EDGE_LOOP('',(#7147,#7148,#7149,#7150,#7151));
#2644=EDGE_LOOP('',(#7152,#7153,#7154,#7155,#7156));
#2645=EDGE_LOOP('',(#7157,#7158,#7159,#7160,#7161));
#2646=EDGE_LOOP('',(#7162,#7163,#7164,#7165,#7166));
#2647=EDGE_LOOP('',(#7167,#7168,#7169,#7170,#7171));
#2648=EDGE_LOOP('',(#7172,#7173,#7174,#7175,#7176));
#2649=EDGE_LOOP('',(#7177,#7178,#7179,#7180,#7181));
#2650=EDGE_LOOP('',(#7182,#7183,#7184,#7185,#7186));
#2651=EDGE_LOOP('',(#7187,#7188,#7189,#7190,#7191));
#2652=EDGE_LOOP('',(#7192,#7193,#7194,#7195,#7196));
#2653=EDGE_LOOP('',(#7197,#7198,#7199,#7200,#7201));
#2654=EDGE_LOOP('',(#7202,#7203,#7204,#7205,#7206));
#2655=EDGE_LOOP('',(#7207,#7208,#7209,#7210,#7211));
#2656=EDGE_LOOP('',(#7212,#7213,#7214,#7215,#7216));
#2657=EDGE_LOOP('',(#7217,#7218,#7219,#7220,#7221));
#2658=EDGE_LOOP('',(#7222,#7223,#7224,#7225,#7226));
#2659=EDGE_LOOP('',(#7227,#7228,#7229,#7230,#7231));
#2660=EDGE_LOOP('',(#7232,#7233,#7234,#7235,#7236));
#2661=EDGE_LOOP('',(#7237,#7238,#7239,#7240,#7241));
#2662=EDGE_LOOP('',(#7242,#7243,#7244,#7245,#7246));
#2663=EDGE_LOOP('',(#7247,#7248,#7249,#7250,#7251));
#2664=EDGE_LOOP('',(#7252,#7253,#7254,#7255,#7256));
#2665=EDGE_LOOP('',(#7257,#7258,#7259,#7260,#7261));
#2666=EDGE_LOOP('',(#7262,#7263,#7264,#7265,#7266));
#2667=EDGE_LOOP('',(#7267,#7268,#7269,#7270,#7271));
#2668=EDGE_LOOP('',(#7272,#7273,#7274,#7275,#7276));
#2669=EDGE_LOOP('',(#7277,#7278,#7279,#7280,#7281));
#2670=EDGE_LOOP('',(#7282,#7283,#7284,#7285,#7286));
#2671=EDGE_LOOP('',(#7287,#7288,#7289,#7290,#7291));
#2672=EDGE_LOOP('',(#7292,#7293,#7294,#7295,#7296));
#2673=EDGE_LOOP('',(#7297,#7298,#7299,#7300,#7301));
#2674=EDGE_LOOP('',(#7302,#7303,#7304,#7305,#7306));
#2675=EDGE_LOOP('',(#7307,#7308,#7309,#7310,#7311));
#2676=EDGE_LOOP('',(#7312,#7313,#7314,#7315,#7316));
#2677=EDGE_LOOP('',(#7317,#7318,#7319,#7320,#7321));
#2678=EDGE_LOOP('',(#7322,#7323,#7324,#7325,#7326));
#2679=EDGE_LOOP('',(#7327,#7328,#7329,#7330,#7331));
#2680=EDGE_LOOP('',(#7332,#7333,#7334,#7335,#7336));
#2681=EDGE_LOOP('',(#7337,#7338,#7339,#7340,#7341));
#2682=EDGE_LOOP('',(#7342,#7343,#7344,#7345,#7346));
#2683=EDGE_LOOP('',(#7347,#7348,#7349,#7350,#7351));
#2684=EDGE_LOOP('',(#7352,#7353,#7354,#7355,#7356));
#2685=EDGE_LOOP('',(#7357,#7358,#7359,#7360,#7361));
#2686=EDGE_LOOP('',(#7362,#7363,#7364,#7365,#7366));
#2687=EDGE_LOOP('',(#7367,#7368,#7369,#7370,#7371));
#2688=EDGE_LOOP('',(#7372,#7373,#7374,#7375,#7376));
#2689=EDGE_LOOP('',(#7377,#7378,#7379,#7380,#7381));
#2690=EDGE_LOOP('',(#7382,#7383,#7384,#7385,#7386));
#2691=EDGE_LOOP('',(#7387,#7388,#7389,#7390,#7391));
#2692=EDGE_LOOP('',(#7392,#7393,#7394,#7395,#7396));
#2693=EDGE_LOOP('',(#7397,#7398,#7399,#7400,#7401));
#2694=EDGE_LOOP('',(#7402,#7403,#7404,#7405,#7406));
#2695=EDGE_LOOP('',(#7407,#7408,#7409,#7410,#7411));
#2696=EDGE_LOOP('',(#7412,#7413,#7414,#7415,#7416));
#2697=EDGE_LOOP('',(#7417,#7418,#7419,#7420,#7421));
#2698=EDGE_LOOP('',(#7422,#7423,#7424,#7425,#7426));
#2699=EDGE_LOOP('',(#7427,#7428,#7429,#7430,#7431));
#2700=EDGE_LOOP('',(#7432,#7433,#7434,#7435,#7436));
#2701=EDGE_LOOP('',(#7437,#7438,#7439,#7440,#7441));
#2702=EDGE_LOOP('',(#7442,#7443,#7444,#7445,#7446));
#2703=EDGE_LOOP('',(#7447,#7448,#7449,#7450,#7451));
#2704=EDGE_LOOP('',(#7452,#7453,#7454,#7455,#7456));
#2705=EDGE_LOOP('',(#7457,#7458,#7459,#7460,#7461));
#2706=EDGE_LOOP('',(#7462,#7463,#7464,#7465,#7466));
#2707=EDGE_LOOP('',(#7467,#7468,#7469,#7470,#7471));
#2708=EDGE_LOOP('',(#7472,#7473,#7474,#7475,#7476));
#2709=EDGE_LOOP('',(#7477,#7478,#7479,#7480,#7481));
#2710=EDGE_LOOP('',(#7482,#7483,#7484,#7485,#7486));
#2711=EDGE_LOOP('',(#7487,#7488,#7489,#7490,#7491));
#2712=EDGE_LOOP('',(#7492,#7493,#7494,#7495,#7496));
#2713=EDGE_LOOP('',(#7497,#7498,#7499,#7500,#7501));
#2714=EDGE_LOOP('',(#7502,#7503,#7504,#7505,#7506));
#2715=EDGE_LOOP('',(#7507,#7508,#7509,#7510,#7511));
#2716=EDGE_LOOP('',(#7512,#7513,#7514,#7515,#7516));
#2717=EDGE_LOOP('',(#7517,#7518,#7519,#7520,#7521));
#2718=EDGE_LOOP('',(#7522,#7523,#7524,#7525,#7526));
#2719=EDGE_LOOP('',(#7527,#7528,#7529,#7530,#7531));
#2720=EDGE_LOOP('',(#7532,#7533,#7534,#7535,#7536));
#2721=EDGE_LOOP('',(#7537,#7538,#7539,#7540,#7541));
#2722=EDGE_LOOP('',(#7542,#7543,#7544,#7545,#7546));
#2723=EDGE_LOOP('',(#7547,#7548,#7549,#7550,#7551));
#2724=EDGE_LOOP('',(#7552,#7553,#7554,#7555,#7556));
#2725=EDGE_LOOP('',(#7557,#7558,#7559,#7560,#7561));
#2726=EDGE_LOOP('',(#7562,#7563,#7564,#7565,#7566));
#2727=EDGE_LOOP('',(#7567,#7568,#7569,#7570,#7571));
#2728=EDGE_LOOP('',(#7572,#7573,#7574,#7575,#7576));
#2729=EDGE_LOOP('',(#7577,#7578,#7579,#7580,#7581));
#2730=EDGE_LOOP('',(#7582,#7583,#7584,#7585,#7586));
#2731=EDGE_LOOP('',(#7587,#7588,#7589,#7590,#7591));
#2732=EDGE_LOOP('',(#7592,#7593,#7594,#7595,#7596));
#2733=EDGE_LOOP('',(#7597,#7598,#7599,#7600,#7601));
#2734=EDGE_LOOP('',(#7602,#7603,#7604,#7605,#7606));
#2735=EDGE_LOOP('',(#7607,#7608,#7609,#7610,#7611));
#2736=EDGE_LOOP('',(#7612,#7613,#7614,#7615,#7616));
#2737=EDGE_LOOP('',(#7617,#7618,#7619,#7620,#7621));
#2738=EDGE_LOOP('',(#7622,#7623,#7624,#7625,#7626));
#2739=EDGE_LOOP('',(#7627,#7628,#7629,#7630,#7631));
#2740=EDGE_LOOP('',(#7632,#7633,#7634,#7635,#7636));
#2741=EDGE_LOOP('',(#7637,#7638,#7639,#7640,#7641));
#2742=EDGE_LOOP('',(#7642,#7643,#7644,#7645,#7646));
#2743=EDGE_LOOP('',(#7647,#7648,#7649,#7650,#7651));
#2744=EDGE_LOOP('',(#7652,#7653,#7654,#7655,#7656));
#2745=EDGE_LOOP('',(#7657,#7658,#7659,#7660,#7661));
#2746=EDGE_LOOP('',(#7662,#7663,#7664,#7665,#7666));
#2747=EDGE_LOOP('',(#7667,#7668,#7669,#7670,#7671));
#2748=EDGE_LOOP('',(#7672,#7673,#7674,#7675,#7676));
#2749=EDGE_LOOP('',(#7677,#7678,#7679,#7680,#7681));
#2750=EDGE_LOOP('',(#7682,#7683,#7684,#7685,#7686));
#2751=EDGE_LOOP('',(#7687,#7688,#7689,#7690,#7691));
#2752=EDGE_LOOP('',(#7692,#7693,#7694,#7695,#7696));
#2753=EDGE_LOOP('',(#7697,#7698,#7699,#7700,#7701));
#2754=EDGE_LOOP('',(#7702,#7703,#7704,#7705,#7706));
#2755=EDGE_LOOP('',(#7707,#7708,#7709,#7710,#7711));
#2756=EDGE_LOOP('',(#7712,#7713,#7714,#7715,#7716));
#2757=EDGE_LOOP('',(#7717,#7718,#7719,#7720,#7721));
#2758=EDGE_LOOP('',(#7722,#7723,#7724,#7725,#7726));
#2759=EDGE_LOOP('',(#7727,#7728,#7729,#7730,#7731));
#2760=EDGE_LOOP('',(#7732,#7733,#7734,#7735,#7736));
#2761=EDGE_LOOP('',(#7737,#7738,#7739,#7740,#7741));
#2762=EDGE_LOOP('',(#7742,#7743,#7744,#7745,#7746));
#2763=EDGE_LOOP('',(#7747,#7748,#7749,#7750,#7751));
#2764=EDGE_LOOP('',(#7752,#7753,#7754,#7755,#7756));
#2765=EDGE_LOOP('',(#7757,#7758,#7759,#7760,#7761));
#2766=EDGE_LOOP('',(#7762,#7763,#7764,#7765,#7766));
#2767=EDGE_LOOP('',(#7767,#7768,#7769,#7770,#7771));
#2768=EDGE_LOOP('',(#7772,#7773,#7774,#7775,#7776));
#2769=EDGE_LOOP('',(#7777,#7778,#7779,#7780,#7781));
#2770=EDGE_LOOP('',(#7782,#7783,#7784,#7785,#7786));
#2771=EDGE_LOOP('',(#7787,#7788,#7789,#7790,#7791));
#2772=EDGE_LOOP('',(#7792,#7793,#7794,#7795,#7796));
#2773=EDGE_LOOP('',(#7797,#7798,#7799,#7800,#7801));
#2774=EDGE_LOOP('',(#7802,#7803,#7804,#7805,#7806));
#2775=EDGE_LOOP('',(#7807,#7808,#7809,#7810,#7811));
#2776=EDGE_LOOP('',(#7812,#7813,#7814,#7815,#7816));
#2777=EDGE_LOOP('',(#7817,#7818,#7819,#7820,#7821));
#2778=EDGE_LOOP('',(#7822,#7823,#7824,#7825,#7826));
#2779=EDGE_LOOP('',(#7827,#7828,#7829,#7830,#7831));
#2780=EDGE_LOOP('',(#7832,#7833,#7834,#7835,#7836));
#2781=EDGE_LOOP('',(#7837,#7838,#7839,#7840,#7841));
#2782=EDGE_LOOP('',(#7842,#7843,#7844,#7845,#7846));
#2783=EDGE_LOOP('',(#7847,#7848,#7849,#7850,#7851));
#2784=EDGE_LOOP('',(#7852,#7853,#7854,#7855,#7856));
#2785=EDGE_LOOP('',(#7857,#7858,#7859,#7860,#7861));
#2786=EDGE_LOOP('',(#7862,#7863,#7864,#7865,#7866));
#2787=EDGE_LOOP('',(#7867,#7868,#7869,#7870,#7871));
#2788=EDGE_LOOP('',(#7872,#7873,#7874,#7875,#7876));
#2789=EDGE_LOOP('',(#7877,#7878,#7879,#7880,#7881));
#2790=EDGE_LOOP('',(#7882,#7883,#7884,#7885,#7886));
#2791=EDGE_LOOP('',(#7887,#7888,#7889,#7890,#7891));
#2792=EDGE_LOOP('',(#7892,#7893,#7894,#7895,#7896));
#2793=EDGE_LOOP('',(#7897,#7898,#7899,#7900,#7901));
#2794=EDGE_LOOP('',(#7902,#7903,#7904,#7905,#7906));
#2795=EDGE_LOOP('',(#7907,#7908,#7909,#7910,#7911));
#2796=EDGE_LOOP('',(#7912,#7913,#7914,#7915,#7916));
#2797=EDGE_LOOP('',(#7917,#7918,#7919,#7920,#7921));
#2798=EDGE_LOOP('',(#7922,#7923,#7924,#7925,#7926));
#2799=EDGE_LOOP('',(#7927,#7928,#7929,#7930,#7931));
#2800=EDGE_LOOP('',(#7932,#7933,#7934,#7935,#7936));
#2801=EDGE_LOOP('',(#7937,#7938,#7939,#7940,#7941));
#2802=EDGE_LOOP('',(#7942,#7943,#7944,#7945,#7946));
#2803=EDGE_LOOP('',(#7947,#7948,#7949,#7950,#7951));
#2804=EDGE_LOOP('',(#7952,#7953,#7954,#7955,#7956));
#2805=EDGE_LOOP('',(#7957,#7958,#7959,#7960,#7961));
#2806=EDGE_LOOP('',(#7962,#7963,#7964,#7965,#7966));
#2807=EDGE_LOOP('',(#7967,#7968,#7969,#7970,#7971));
#2808=EDGE_LOOP('',(#7972,#7973,#7974,#7975,#7976));
#2809=EDGE_LOOP('',(#7977,#7978,#7979,#7980,#7981));
#2810=EDGE_LOOP('',(#7982,#7983,#7984,#7985,#7986));
#2811=EDGE_LOOP('',(#7987,#7988,#7989,#7990,#7991));
#2812=EDGE_LOOP('',(#7992,#7993,#7994,#7995,#7996));
#2813=EDGE_LOOP('',(#7997,#7998,#7999,#8000,#8001));
#2814=EDGE_LOOP('',(#8002,#8003,#8004,#8005,#8006));
#2815=EDGE_LOOP('',(#8007,#8008,#8009,#8010,#8011));
#2816=EDGE_LOOP('',(#8012,#8013,#8014,#8015,#8016));
#2817=EDGE_LOOP('',(#8017,#8018,#8019,#8020,#8021));
#2818=EDGE_LOOP('',(#8022,#8023,#8024,#8025,#8026));
#2819=EDGE_LOOP('',(#8027,#8028,#8029,#8030,#8031));
#2820=EDGE_LOOP('',(#8032,#8033,#8034,#8035,#8036));
#2821=EDGE_LOOP('',(#8037,#8038,#8039,#8040,#8041));
#2822=EDGE_LOOP('',(#8042,#8043,#8044,#8045,#8046));
#2823=EDGE_LOOP('',(#8047,#8048,#8049,#8050,#8051));
#2824=EDGE_LOOP('',(#8052,#8053,#8054,#8055,#8056));
#2825=EDGE_LOOP('',(#8057,#8058,#8059,#8060,#8061));
#2826=EDGE_LOOP('',(#8062,#8063,#8064,#8065,#8066));
#2827=EDGE_LOOP('',(#8067,#8068,#8069,#8070,#8071));
#2828=EDGE_LOOP('',(#8072,#8073,#8074,#8075,#8076));
#2829=EDGE_LOOP('',(#8077,#8078,#8079,#8080,#8081));
#2830=EDGE_LOOP('',(#8082,#8083,#8084,#8085,#8086));
#2831=EDGE_LOOP('',(#8087,#8088,#8089,#8090,#8091));
#2832=EDGE_LOOP('',(#8092,#8093,#8094,#8095,#8096));
#2833=EDGE_LOOP('',(#8097,#8098,#8099,#8100,#8101));
#2834=EDGE_LOOP('',(#8102,#8103,#8104,#8105,#8106));
#2835=EDGE_LOOP('',(#8107,#8108,#8109,#8110,#8111));
#2836=EDGE_LOOP('',(#8112,#8113,#8114,#8115,#8116));
#2837=EDGE_LOOP('',(#8117,#8118,#8119,#8120,#8121));
#2838=EDGE_LOOP('',(#8122,#8123,#8124,#8125,#8126));
#2839=EDGE_LOOP('',(#8127,#8128,#8129,#8130,#8131));
#2840=EDGE_LOOP('',(#8132,#8133,#8134,#8135,#8136));
#2841=EDGE_LOOP('',(#8137,#8138,#8139,#8140,#8141));
#2842=EDGE_LOOP('',(#8142,#8143,#8144,#8145,#8146));
#2843=EDGE_LOOP('',(#8147,#8148,#8149,#8150,#8151));
#2844=EDGE_LOOP('',(#8152,#8153,#8154,#8155,#8156));
#2845=EDGE_LOOP('',(#8157,#8158,#8159,#8160,#8161));
#2846=EDGE_LOOP('',(#8162,#8163,#8164,#8165,#8166));
#2847=EDGE_LOOP('',(#8167,#8168,#8169,#8170,#8171));
#2848=EDGE_LOOP('',(#8172,#8173,#8174,#8175,#8176));
#2849=EDGE_LOOP('',(#8177,#8178,#8179,#8180,#8181));
#2850=EDGE_LOOP('',(#8182,#8183,#8184,#8185,#8186));
#2851=EDGE_LOOP('',(#8187,#8188,#8189,#8190,#8191));
#2852=EDGE_LOOP('',(#8192,#8193,#8194,#8195,#8196));
#2853=EDGE_LOOP('',(#8197,#8198,#8199,#8200,#8201));
#2854=EDGE_LOOP('',(#8202,#8203,#8204,#8205,#8206));
#2855=EDGE_LOOP('',(#8207,#8208,#8209,#8210,#8211));
#2856=EDGE_LOOP('',(#8212,#8213,#8214,#8215,#8216));
#2857=EDGE_LOOP('',(#8217,#8218,#8219,#8220,#8221));
#2858=EDGE_LOOP('',(#8222,#8223,#8224,#8225,#8226));
#2859=EDGE_LOOP('',(#8227,#8228,#8229,#8230,#8231));
#2860=EDGE_LOOP('',(#8232,#8233,#8234,#8235,#8236));
#2861=EDGE_LOOP('',(#8237,#8238,#8239,#8240,#8241));
#2862=EDGE_LOOP('',(#8242,#8243,#8244,#8245,#8246));
#2863=EDGE_LOOP('',(#8247,#8248,#8249,#8250,#8251));
#2864=EDGE_LOOP('',(#8252,#8253,#8254,#8255,#8256));
#2865=EDGE_LOOP('',(#8257,#8258,#8259,#8260,#8261));
#2866=EDGE_LOOP('',(#8262,#8263,#8264,#8265,#8266));
#2867=EDGE_LOOP('',(#8267,#8268,#8269,#8270,#8271));
#2868=EDGE_LOOP('',(#8272,#8273,#8274,#8275,#8276));
#2869=EDGE_LOOP('',(#8277,#8278,#8279,#8280,#8281));
#2870=EDGE_LOOP('',(#8282,#8283,#8284,#8285,#8286));
#2871=EDGE_LOOP('',(#8287,#8288,#8289,#8290,#8291));
#2872=EDGE_LOOP('',(#8292,#8293,#8294,#8295,#8296));
#2873=EDGE_LOOP('',(#8297,#8298,#8299,#8300,#8301));
#2874=EDGE_LOOP('',(#8302,#8303,#8304,#8305,#8306));
#2875=EDGE_LOOP('',(#8307,#8308,#8309,#8310,#8311));
#2876=EDGE_LOOP('',(#8312,#8313,#8314,#8315,#8316));
#2877=EDGE_LOOP('',(#8317,#8318,#8319,#8320,#8321));
#2878=EDGE_LOOP('',(#8322,#8323,#8324,#8325,#8326));
#2879=EDGE_LOOP('',(#8327,#8328,#8329,#8330,#8331));
#2880=EDGE_LOOP('',(#8332,#8333,#8334,#8335,#8336));
#2881=EDGE_LOOP('',(#8337,#8338,#8339,#8340,#8341));
#2882=EDGE_LOOP('',(#8342,#8343,#8344,#8345,#8346));
#2883=EDGE_LOOP('',(#8347,#8348,#8349,#8350,#8351));
#2884=EDGE_LOOP('',(#8352,#8353,#8354,#8355,#8356));
#2885=EDGE_LOOP('',(#8357,#8358,#8359,#8360,#8361));
#2886=EDGE_LOOP('',(#8362,#8363,#8364,#8365,#8366));
#2887=EDGE_LOOP('',(#8367,#8368,#8369,#8370,#8371));
#2888=EDGE_LOOP('',(#8372,#8373,#8374,#8375,#8376));
#2889=EDGE_LOOP('',(#8377,#8378,#8379,#8380,#8381));
#2890=EDGE_LOOP('',(#8382,#8383,#8384,#8385,#8386));
#2891=EDGE_LOOP('',(#8387,#8388,#8389,#8390,#8391));
#2892=EDGE_LOOP('',(#8392,#8393,#8394,#8395,#8396));
#2893=EDGE_LOOP('',(#8397,#8398,#8399,#8400,#8401));
#2894=EDGE_LOOP('',(#8402,#8403,#8404,#8405,#8406));
#2895=EDGE_LOOP('',(#8407,#8408,#8409,#8410));
#2896=EDGE_LOOP('',(#8411));
#2897=EDGE_LOOP('',(#8412,#8413,#8414,#8415));
#2898=EDGE_LOOP('',(#8416));
#2899=EDGE_LOOP('',(#8417,#8418,#8419,#8420));
#2900=EDGE_LOOP('',(#8421));
#2901=EDGE_LOOP('',(#8422,#8423,#8424,#8425));
#2902=EDGE_LOOP('',(#8426));
#2903=EDGE_LOOP('',(#8427,#8428,#8429,#8430));
#2904=EDGE_LOOP('',(#8431,#8432,#8433,#8434));
#2905=EDGE_LOOP('',(#8435,#8436,#8437,#8438));
#2906=EDGE_LOOP('',(#8439,#8440,#8441,#8442));
#2907=EDGE_LOOP('',(#8443,#8444,#8445,#8446));
#2908=EDGE_LOOP('',(#8447,#8448,#8449,#8450));
#2909=EDGE_LOOP('',(#8451,#8452,#8453,#8454));
#2910=EDGE_LOOP('',(#8455,#8456,#8457,#8458));
#2911=EDGE_LOOP('',(#8459,#8460,#8461,#8462));
#2912=EDGE_LOOP('',(#8463,#8464,#8465,#8466));
#2913=EDGE_LOOP('',(#8467,#8468,#8469,#8470));
#2914=EDGE_LOOP('',(#8471,#8472,#8473,#8474));
#2915=EDGE_LOOP('',(#8475,#8476,#8477,#8478));
#2916=EDGE_LOOP('',(#8479,#8480,#8481,#8482));
#2917=EDGE_LOOP('',(#8483,#8484,#8485,#8486));
#2918=EDGE_LOOP('',(#8487,#8488,#8489,#8490));
#2919=EDGE_LOOP('',(#8491,#8492,#8493,#8494));
#2920=EDGE_LOOP('',(#8495,#8496,#8497,#8498));
#2921=EDGE_LOOP('',(#8499,#8500,#8501,#8502));
#2922=EDGE_LOOP('',(#8503,#8504,#8505,#8506));
#2923=EDGE_LOOP('',(#8507,#8508,#8509,#8510));
#2924=EDGE_LOOP('',(#8511,#8512,#8513,#8514));
#2925=EDGE_LOOP('',(#8515,#8516,#8517,#8518,#8519,#8520,#8521,#8522));
#2926=EDGE_LOOP('',(#8523));
#2927=EDGE_LOOP('',(#8524));
#2928=EDGE_LOOP('',(#8525));
#2929=EDGE_LOOP('',(#8526));
#2930=EDGE_LOOP('',(#8527));
#2931=EDGE_LOOP('',(#8528));
#2932=EDGE_LOOP('',(#8529));
#2933=EDGE_LOOP('',(#8530));
#2934=EDGE_LOOP('',(#8531));
#2935=EDGE_LOOP('',(#8532));
#2936=EDGE_LOOP('',(#8533));
#2937=EDGE_LOOP('',(#8534));
#2938=EDGE_LOOP('',(#8535));
#2939=EDGE_LOOP('',(#8536));
#2940=EDGE_LOOP('',(#8537));
#2941=EDGE_LOOP('',(#8538));
#2942=EDGE_LOOP('',(#8539));
#2943=EDGE_LOOP('',(#8540));
#2944=EDGE_LOOP('',(#8541));
#2945=EDGE_LOOP('',(#8542));
#2946=EDGE_LOOP('',(#8543));
#2947=EDGE_LOOP('',(#8544));
#2948=EDGE_LOOP('',(#8545));
#2949=EDGE_LOOP('',(#8546));
#2950=EDGE_LOOP('',(#8547));
#2951=EDGE_LOOP('',(#8548));
#2952=EDGE_LOOP('',(#8549));
#2953=EDGE_LOOP('',(#8550));
#2954=EDGE_LOOP('',(#8551));
#2955=EDGE_LOOP('',(#8552));
#2956=EDGE_LOOP('',(#8553));
#2957=EDGE_LOOP('',(#8554));
#2958=EDGE_LOOP('',(#8555));
#2959=EDGE_LOOP('',(#8556));
#2960=EDGE_LOOP('',(#8557));
#2961=EDGE_LOOP('',(#8558));
#2962=EDGE_LOOP('',(#8559));
#2963=EDGE_LOOP('',(#8560));
#2964=EDGE_LOOP('',(#8561));
#2965=EDGE_LOOP('',(#8562));
#2966=EDGE_LOOP('',(#8563));
#2967=EDGE_LOOP('',(#8564));
#2968=EDGE_LOOP('',(#8565));
#2969=EDGE_LOOP('',(#8566));
#2970=EDGE_LOOP('',(#8567));
#2971=EDGE_LOOP('',(#8568));
#2972=EDGE_LOOP('',(#8569));
#2973=EDGE_LOOP('',(#8570));
#2974=EDGE_LOOP('',(#8571));
#2975=EDGE_LOOP('',(#8572));
#2976=EDGE_LOOP('',(#8573));
#2977=EDGE_LOOP('',(#8574));
#2978=EDGE_LOOP('',(#8575));
#2979=EDGE_LOOP('',(#8576));
#2980=EDGE_LOOP('',(#8577));
#2981=EDGE_LOOP('',(#8578));
#2982=EDGE_LOOP('',(#8579));
#2983=EDGE_LOOP('',(#8580));
#2984=EDGE_LOOP('',(#8581));
#2985=EDGE_LOOP('',(#8582));
#2986=EDGE_LOOP('',(#8583));
#2987=EDGE_LOOP('',(#8584));
#2988=EDGE_LOOP('',(#8585));
#2989=EDGE_LOOP('',(#8586));
#2990=EDGE_LOOP('',(#8587));
#2991=EDGE_LOOP('',(#8588));
#2992=EDGE_LOOP('',(#8589));
#2993=EDGE_LOOP('',(#8590));
#2994=EDGE_LOOP('',(#8591));
#2995=EDGE_LOOP('',(#8592));
#2996=EDGE_LOOP('',(#8593));
#2997=EDGE_LOOP('',(#8594));
#2998=EDGE_LOOP('',(#8595));
#2999=EDGE_LOOP('',(#8596));
#3000=EDGE_LOOP('',(#8597));
#3001=EDGE_LOOP('',(#8598));
#3002=EDGE_LOOP('',(#8599));
#3003=EDGE_LOOP('',(#8600));
#3004=EDGE_LOOP('',(#8601));
#3005=EDGE_LOOP('',(#8602));
#3006=EDGE_LOOP('',(#8603));
#3007=EDGE_LOOP('',(#8604));
#3008=EDGE_LOOP('',(#8605));
#3009=EDGE_LOOP('',(#8606));
#3010=EDGE_LOOP('',(#8607));
#3011=EDGE_LOOP('',(#8608));
#3012=EDGE_LOOP('',(#8609));
#3013=EDGE_LOOP('',(#8610));
#3014=EDGE_LOOP('',(#8611));
#3015=EDGE_LOOP('',(#8612));
#3016=EDGE_LOOP('',(#8613));
#3017=EDGE_LOOP('',(#8614));
#3018=EDGE_LOOP('',(#8615));
#3019=EDGE_LOOP('',(#8616));
#3020=EDGE_LOOP('',(#8617));
#3021=EDGE_LOOP('',(#8618));
#3022=EDGE_LOOP('',(#8619));
#3023=EDGE_LOOP('',(#8620));
#3024=EDGE_LOOP('',(#8621));
#3025=EDGE_LOOP('',(#8622));
#3026=EDGE_LOOP('',(#8623));
#3027=EDGE_LOOP('',(#8624));
#3028=EDGE_LOOP('',(#8625));
#3029=EDGE_LOOP('',(#8626));
#3030=EDGE_LOOP('',(#8627));
#3031=EDGE_LOOP('',(#8628));
#3032=EDGE_LOOP('',(#8629));
#3033=EDGE_LOOP('',(#8630));
#3034=EDGE_LOOP('',(#8631));
#3035=EDGE_LOOP('',(#8632));
#3036=EDGE_LOOP('',(#8633));
#3037=EDGE_LOOP('',(#8634));
#3038=EDGE_LOOP('',(#8635));
#3039=EDGE_LOOP('',(#8636));
#3040=EDGE_LOOP('',(#8637));
#3041=EDGE_LOOP('',(#8638));
#3042=EDGE_LOOP('',(#8639));
#3043=EDGE_LOOP('',(#8640));
#3044=EDGE_LOOP('',(#8641));
#3045=EDGE_LOOP('',(#8642));
#3046=EDGE_LOOP('',(#8643));
#3047=EDGE_LOOP('',(#8644));
#3048=EDGE_LOOP('',(#8645));
#3049=EDGE_LOOP('',(#8646));
#3050=EDGE_LOOP('',(#8647));
#3051=EDGE_LOOP('',(#8648));
#3052=EDGE_LOOP('',(#8649));
#3053=EDGE_LOOP('',(#8650));
#3054=EDGE_LOOP('',(#8651));
#3055=EDGE_LOOP('',(#8652));
#3056=EDGE_LOOP('',(#8653));
#3057=EDGE_LOOP('',(#8654));
#3058=EDGE_LOOP('',(#8655));
#3059=EDGE_LOOP('',(#8656));
#3060=EDGE_LOOP('',(#8657));
#3061=EDGE_LOOP('',(#8658));
#3062=EDGE_LOOP('',(#8659));
#3063=EDGE_LOOP('',(#8660));
#3064=EDGE_LOOP('',(#8661));
#3065=EDGE_LOOP('',(#8662));
#3066=EDGE_LOOP('',(#8663));
#3067=EDGE_LOOP('',(#8664));
#3068=EDGE_LOOP('',(#8665));
#3069=EDGE_LOOP('',(#8666));
#3070=EDGE_LOOP('',(#8667));
#3071=EDGE_LOOP('',(#8668));
#3072=EDGE_LOOP('',(#8669));
#3073=EDGE_LOOP('',(#8670));
#3074=EDGE_LOOP('',(#8671));
#3075=EDGE_LOOP('',(#8672));
#3076=EDGE_LOOP('',(#8673));
#3077=EDGE_LOOP('',(#8674));
#3078=EDGE_LOOP('',(#8675));
#3079=EDGE_LOOP('',(#8676));
#3080=EDGE_LOOP('',(#8677));
#3081=EDGE_LOOP('',(#8678));
#3082=EDGE_LOOP('',(#8679));
#3083=EDGE_LOOP('',(#8680));
#3084=EDGE_LOOP('',(#8681));
#3085=EDGE_LOOP('',(#8682));
#3086=EDGE_LOOP('',(#8683));
#3087=EDGE_LOOP('',(#8684));
#3088=EDGE_LOOP('',(#8685));
#3089=EDGE_LOOP('',(#8686));
#3090=EDGE_LOOP('',(#8687));
#3091=EDGE_LOOP('',(#8688));
#3092=EDGE_LOOP('',(#8689));
#3093=EDGE_LOOP('',(#8690));
#3094=EDGE_LOOP('',(#8691));
#3095=EDGE_LOOP('',(#8692));
#3096=EDGE_LOOP('',(#8693));
#3097=EDGE_LOOP('',(#8694));
#3098=EDGE_LOOP('',(#8695));
#3099=EDGE_LOOP('',(#8696));
#3100=EDGE_LOOP('',(#8697));
#3101=EDGE_LOOP('',(#8698));
#3102=EDGE_LOOP('',(#8699));
#3103=EDGE_LOOP('',(#8700));
#3104=EDGE_LOOP('',(#8701));
#3105=EDGE_LOOP('',(#8702));
#3106=EDGE_LOOP('',(#8703));
#3107=EDGE_LOOP('',(#8704));
#3108=EDGE_LOOP('',(#8705));
#3109=EDGE_LOOP('',(#8706));
#3110=EDGE_LOOP('',(#8707));
#3111=EDGE_LOOP('',(#8708));
#3112=EDGE_LOOP('',(#8709));
#3113=EDGE_LOOP('',(#8710));
#3114=EDGE_LOOP('',(#8711));
#3115=EDGE_LOOP('',(#8712));
#3116=EDGE_LOOP('',(#8713));
#3117=EDGE_LOOP('',(#8714));
#3118=EDGE_LOOP('',(#8715));
#3119=EDGE_LOOP('',(#8716));
#3120=EDGE_LOOP('',(#8717));
#3121=EDGE_LOOP('',(#8718));
#3122=EDGE_LOOP('',(#8719));
#3123=EDGE_LOOP('',(#8720));
#3124=EDGE_LOOP('',(#8721));
#3125=EDGE_LOOP('',(#8722));
#3126=EDGE_LOOP('',(#8723));
#3127=EDGE_LOOP('',(#8724));
#3128=EDGE_LOOP('',(#8725));
#3129=EDGE_LOOP('',(#8726));
#3130=EDGE_LOOP('',(#8727));
#3131=EDGE_LOOP('',(#8728));
#3132=EDGE_LOOP('',(#8729));
#3133=EDGE_LOOP('',(#8730));
#3134=EDGE_LOOP('',(#8731));
#3135=EDGE_LOOP('',(#8732,#8733,#8734,#8735));
#3136=EDGE_LOOP('',(#8736,#8737,#8738,#8739));
#3137=EDGE_LOOP('',(#8740,#8741,#8742,#8743));
#3138=EDGE_LOOP('',(#8744,#8745,#8746,#8747));
#3139=EDGE_LOOP('',(#8748,#8749,#8750,#8751));
#3140=EDGE_LOOP('',(#8752,#8753,#8754,#8755));
#3141=EDGE_LOOP('',(#8756,#8757,#8758,#8759));
#3142=EDGE_LOOP('',(#8760,#8761,#8762,#8763));
#3143=EDGE_LOOP('',(#8764,#8765,#8766,#8767));
#3144=EDGE_LOOP('',(#8768,#8769,#8770,#8771));
#3145=EDGE_LOOP('',(#8772,#8773,#8774,#8775));
#3146=EDGE_LOOP('',(#8776,#8777,#8778,#8779));
#3147=EDGE_LOOP('',(#8780,#8781,#8782,#8783));
#3148=EDGE_LOOP('',(#8784,#8785,#8786,#8787));
#3149=EDGE_LOOP('',(#8788,#8789,#8790,#8791));
#3150=EDGE_LOOP('',(#8792));
#3151=EDGE_LOOP('',(#8793));
#3152=EDGE_LOOP('',(#8794));
#3153=EDGE_LOOP('',(#8795));
#3154=EDGE_LOOP('',(#8796));
#3155=EDGE_LOOP('',(#8797));
#3156=EDGE_LOOP('',(#8798));
#3157=EDGE_LOOP('',(#8799));
#3158=EDGE_LOOP('',(#8800,#8801,#8802,#8803));
#3159=EDGE_LOOP('',(#8804));
#3160=EDGE_LOOP('',(#8805));
#3161=EDGE_LOOP('',(#8806,#8807,#8808,#8809));
#3162=CIRCLE('',#9295,2.5);
#3163=CIRCLE('',#9296,2.5);
#3164=CIRCLE('',#9300,1.866);
#3165=CIRCLE('',#9301,1.666);
#3166=CIRCLE('',#9302,1.666);
#3167=CIRCLE('',#9304,1.);
#3168=CIRCLE('',#9305,1.);
#3169=CIRCLE('',#9306,1.);
#3170=CIRCLE('',#9307,1.);
#3171=CIRCLE('',#9308,1.866);
#3172=CIRCLE('',#9309,1.866);
#3173=CIRCLE('',#9310,1.866);
#3174=CIRCLE('',#9311,1.866);
#3175=CIRCLE('',#9312,1.866);
#3176=CIRCLE('',#9313,1.866);
#3177=CIRCLE('',#9314,1.866);
#3178=CIRCLE('',#9315,1.866);
#3179=CIRCLE('',#9316,1.866);
#3180=CIRCLE('',#9317,1.866);
#3181=CIRCLE('',#9318,1.866);
#3182=CIRCLE('',#9319,1.866);
#3183=CIRCLE('',#9320,1.866);
#3184=CIRCLE('',#9321,1.866);
#3185=CIRCLE('',#9322,1.866);
#3186=CIRCLE('',#9323,1.866);
#3187=CIRCLE('',#9324,1.866);
#3188=CIRCLE('',#9325,1.866);
#3189=CIRCLE('',#9326,1.866);
#3190=CIRCLE('',#9327,1.866);
#3191=CIRCLE('',#9328,1.866);
#3192=CIRCLE('',#9329,1.866);
#3193=CIRCLE('',#9330,1.866);
#3194=CIRCLE('',#9331,1.866);
#3195=CIRCLE('',#9332,1.866);
#3196=CIRCLE('',#9333,1.866);
#3197=CIRCLE('',#9334,1.866);
#3198=CIRCLE('',#9335,1.866);
#3199=CIRCLE('',#9336,1.866);
#3200=CIRCLE('',#9337,1.866);
#3201=CIRCLE('',#9338,1.866);
#3202=CIRCLE('',#9339,1.866);
#3203=CIRCLE('',#9340,1.866);
#3204=CIRCLE('',#9341,1.866);
#3205=CIRCLE('',#9342,1.866);
#3206=CIRCLE('',#9343,1.866);
#3207=CIRCLE('',#9344,1.866);
#3208=CIRCLE('',#9345,1.866);
#3209=CIRCLE('',#9346,1.866);
#3210=CIRCLE('',#9347,1.866);
#3211=CIRCLE('',#9348,1.866);
#3212=CIRCLE('',#9349,1.866);
#3213=CIRCLE('',#9350,1.866);
#3214=CIRCLE('',#9351,1.866);
#3215=CIRCLE('',#9352,1.866);
#3216=CIRCLE('',#9353,1.866);
#3217=CIRCLE('',#9354,1.866);
#3218=CIRCLE('',#9355,1.866);
#3219=CIRCLE('',#9356,1.866);
#3220=CIRCLE('',#9357,1.866);
#3221=CIRCLE('',#9358,1.866);
#3222=CIRCLE('',#9359,1.866);
#3223=CIRCLE('',#9360,1.866);
#3224=CIRCLE('',#9361,1.866);
#3225=CIRCLE('',#9362,1.866);
#3226=CIRCLE('',#9363,1.866);
#3227=CIRCLE('',#9364,1.866);
#3228=CIRCLE('',#9365,1.866);
#3229=CIRCLE('',#9366,1.866);
#3230=CIRCLE('',#9367,1.866);
#3231=CIRCLE('',#9368,1.866);
#3232=CIRCLE('',#9369,1.866);
#3233=CIRCLE('',#9370,1.866);
#3234=CIRCLE('',#9371,1.866);
#3235=CIRCLE('',#9372,1.866);
#3236=CIRCLE('',#9373,1.866);
#3237=CIRCLE('',#9374,1.866);
#3238=CIRCLE('',#9375,1.866);
#3239=CIRCLE('',#9376,1.866);
#3240=CIRCLE('',#9377,1.866);
#3241=CIRCLE('',#9378,1.866);
#3242=CIRCLE('',#9379,1.866);
#3243=CIRCLE('',#9380,1.866);
#3244=CIRCLE('',#9381,1.866);
#3245=CIRCLE('',#9382,1.866);
#3246=CIRCLE('',#9383,1.866);
#3247=CIRCLE('',#9384,1.866);
#3248=CIRCLE('',#9385,1.866);
#3249=CIRCLE('',#9386,1.866);
#3250=CIRCLE('',#9387,1.866);
#3251=CIRCLE('',#9388,1.866);
#3252=CIRCLE('',#9389,1.866);
#3253=CIRCLE('',#9390,1.866);
#3254=CIRCLE('',#9391,1.866);
#3255=CIRCLE('',#9392,1.866);
#3256=CIRCLE('',#9393,1.866);
#3257=CIRCLE('',#9394,1.866);
#3258=CIRCLE('',#9395,1.866);
#3259=CIRCLE('',#9396,1.866);
#3260=CIRCLE('',#9397,1.866);
#3261=CIRCLE('',#9398,1.866);
#3262=CIRCLE('',#9399,1.866);
#3263=CIRCLE('',#9400,1.866);
#3264=CIRCLE('',#9401,1.866);
#3265=CIRCLE('',#9402,1.866);
#3266=CIRCLE('',#9403,1.866);
#3267=CIRCLE('',#9404,1.866);
#3268=CIRCLE('',#9405,1.866);
#3269=CIRCLE('',#9406,1.866);
#3270=CIRCLE('',#9407,1.866);
#3271=CIRCLE('',#9408,5.55000000000001);
#3272=CIRCLE('',#9409,5.55);
#3273=CIRCLE('',#9410,5.55);
#3274=CIRCLE('',#9411,5.55000000000001);
#3275=CIRCLE('',#9412,5.55);
#3276=CIRCLE('',#9413,1.866);
#3277=CIRCLE('',#9414,1.866);
#3278=CIRCLE('',#9415,1.866);
#3279=CIRCLE('',#9416,1.866);
#3280=CIRCLE('',#9417,1.866);
#3281=CIRCLE('',#9418,1.866);
#3282=CIRCLE('',#9419,1.866);
#3283=CIRCLE('',#9420,1.866);
#3284=CIRCLE('',#9421,1.866);
#3285=CIRCLE('',#9422,1.866);
#3286=CIRCLE('',#9423,1.866);
#3287=CIRCLE('',#9424,1.866);
#3288=CIRCLE('',#9425,1.866);
#3289=CIRCLE('',#9426,1.866);
#3290=CIRCLE('',#9427,1.866);
#3291=CIRCLE('',#9428,1.866);
#3292=CIRCLE('',#9429,1.866);
#3293=CIRCLE('',#9430,1.866);
#3294=CIRCLE('',#9431,1.866);
#3295=CIRCLE('',#9432,1.866);
#3296=CIRCLE('',#9433,1.866);
#3297=CIRCLE('',#9434,1.866);
#3298=CIRCLE('',#9435,1.866);
#3299=CIRCLE('',#9436,1.866);
#3300=CIRCLE('',#9437,1.866);
#3301=CIRCLE('',#9438,1.866);
#3302=CIRCLE('',#9439,1.866);
#3303=CIRCLE('',#9440,1.866);
#3304=CIRCLE('',#9441,1.866);
#3305=CIRCLE('',#9442,1.866);
#3306=CIRCLE('',#9443,1.866);
#3307=CIRCLE('',#9444,1.866);
#3308=CIRCLE('',#9445,1.866);
#3309=CIRCLE('',#9446,1.866);
#3310=CIRCLE('',#9447,1.866);
#3311=CIRCLE('',#9448,1.866);
#3312=CIRCLE('',#9449,1.866);
#3313=CIRCLE('',#9450,1.866);
#3314=CIRCLE('',#9451,1.866);
#3315=CIRCLE('',#9452,1.866);
#3316=CIRCLE('',#9453,1.866);
#3317=CIRCLE('',#9454,1.866);
#3318=CIRCLE('',#9455,1.866);
#3319=CIRCLE('',#9456,1.866);
#3320=CIRCLE('',#9457,1.866);
#3321=CIRCLE('',#9458,1.866);
#3322=CIRCLE('',#9459,1.866);
#3323=CIRCLE('',#9460,1.866);
#3324=CIRCLE('',#9461,1.866);
#3325=CIRCLE('',#9462,1.866);
#3326=CIRCLE('',#9463,1.866);
#3327=CIRCLE('',#9464,1.866);
#3328=CIRCLE('',#9465,1.866);
#3329=CIRCLE('',#9466,1.866);
#3330=CIRCLE('',#9467,1.866);
#3331=CIRCLE('',#9468,1.866);
#3332=CIRCLE('',#9469,1.866);
#3333=CIRCLE('',#9470,1.866);
#3334=CIRCLE('',#9471,1.866);
#3335=CIRCLE('',#9472,1.866);
#3336=CIRCLE('',#9473,1.866);
#3337=CIRCLE('',#9474,1.866);
#3338=CIRCLE('',#9475,1.866);
#3339=CIRCLE('',#9476,1.866);
#3340=CIRCLE('',#9477,1.866);
#3341=CIRCLE('',#9478,1.866);
#3342=CIRCLE('',#9479,1.866);
#3343=CIRCLE('',#9480,1.866);
#3344=CIRCLE('',#9481,1.866);
#3345=CIRCLE('',#9482,1.866);
#3346=CIRCLE('',#9483,1.866);
#3347=CIRCLE('',#9484,1.866);
#3348=CIRCLE('',#9485,1.866);
#3349=CIRCLE('',#9486,1.866);
#3350=CIRCLE('',#9487,1.866);
#3351=CIRCLE('',#9488,1.866);
#3352=CIRCLE('',#9489,1.866);
#3353=CIRCLE('',#9490,1.866);
#3354=CIRCLE('',#9491,1.866);
#3355=CIRCLE('',#9492,1.866);
#3356=CIRCLE('',#9493,1.866);
#3357=CIRCLE('',#9494,1.866);
#3358=CIRCLE('',#9495,1.866);
#3359=CIRCLE('',#9496,1.866);
#3360=CIRCLE('',#9497,1.866);
#3361=CIRCLE('',#9498,1.866);
#3362=CIRCLE('',#9499,1.866);
#3363=CIRCLE('',#9500,1.866);
#3364=CIRCLE('',#9501,1.866);
#3365=CIRCLE('',#9502,1.866);
#3366=CIRCLE('',#9503,1.866);
#3367=CIRCLE('',#9504,1.866);
#3368=CIRCLE('',#9505,1.866);
#3369=CIRCLE('',#9506,1.866);
#3370=CIRCLE('',#9507,1.866);
#3371=CIRCLE('',#9508,1.866);
#3372=CIRCLE('',#9509,1.866);
#3373=CIRCLE('',#9510,1.866);
#3374=CIRCLE('',#9511,1.866);
#3375=CIRCLE('',#9513,1.666);
#3376=CIRCLE('',#9515,1.666);
#3377=CIRCLE('',#9516,1.666);
#3378=CIRCLE('',#9518,1.666);
#3379=CIRCLE('',#9520,1.666);
#3380=CIRCLE('',#9521,1.666);
#3381=CIRCLE('',#9523,1.666);
#3382=CIRCLE('',#9525,1.666);
#3383=CIRCLE('',#9526,1.666);
#3384=CIRCLE('',#9528,1.666);
#3385=CIRCLE('',#9530,1.666);
#3386=CIRCLE('',#9531,1.666);
#3387=CIRCLE('',#9533,1.666);
#3388=CIRCLE('',#9535,1.666);
#3389=CIRCLE('',#9536,1.666);
#3390=CIRCLE('',#9538,1.666);
#3391=CIRCLE('',#9540,1.666);
#3392=CIRCLE('',#9541,1.666);
#3393=CIRCLE('',#9543,1.666);
#3394=CIRCLE('',#9545,1.666);
#3395=CIRCLE('',#9546,1.666);
#3396=CIRCLE('',#9548,1.666);
#3397=CIRCLE('',#9550,1.666);
#3398=CIRCLE('',#9551,1.666);
#3399=CIRCLE('',#9553,1.666);
#3400=CIRCLE('',#9555,1.666);
#3401=CIRCLE('',#9556,1.666);
#3402=CIRCLE('',#9558,1.666);
#3403=CIRCLE('',#9560,1.666);
#3404=CIRCLE('',#9561,1.666);
#3405=CIRCLE('',#9563,1.666);
#3406=CIRCLE('',#9565,1.666);
#3407=CIRCLE('',#9566,1.666);
#3408=CIRCLE('',#9568,1.666);
#3409=CIRCLE('',#9570,1.666);
#3410=CIRCLE('',#9571,1.666);
#3411=CIRCLE('',#9573,1.666);
#3412=CIRCLE('',#9575,1.666);
#3413=CIRCLE('',#9576,1.666);
#3414=CIRCLE('',#9578,1.666);
#3415=CIRCLE('',#9580,1.666);
#3416=CIRCLE('',#9581,1.666);
#3417=CIRCLE('',#9583,1.666);
#3418=CIRCLE('',#9585,1.666);
#3419=CIRCLE('',#9586,1.666);
#3420=CIRCLE('',#9588,1.666);
#3421=CIRCLE('',#9590,1.666);
#3422=CIRCLE('',#9591,1.666);
#3423=CIRCLE('',#9593,1.666);
#3424=CIRCLE('',#9595,1.666);
#3425=CIRCLE('',#9596,1.666);
#3426=CIRCLE('',#9598,1.666);
#3427=CIRCLE('',#9600,1.666);
#3428=CIRCLE('',#9601,1.666);
#3429=CIRCLE('',#9603,1.666);
#3430=CIRCLE('',#9605,1.666);
#3431=CIRCLE('',#9606,1.666);
#3432=CIRCLE('',#9608,1.666);
#3433=CIRCLE('',#9610,1.666);
#3434=CIRCLE('',#9611,1.666);
#3435=CIRCLE('',#9613,1.666);
#3436=CIRCLE('',#9615,1.666);
#3437=CIRCLE('',#9616,1.666);
#3438=CIRCLE('',#9618,1.666);
#3439=CIRCLE('',#9620,1.666);
#3440=CIRCLE('',#9621,1.666);
#3441=CIRCLE('',#9623,1.666);
#3442=CIRCLE('',#9625,1.666);
#3443=CIRCLE('',#9626,1.666);
#3444=CIRCLE('',#9628,1.666);
#3445=CIRCLE('',#9630,1.666);
#3446=CIRCLE('',#9631,1.666);
#3447=CIRCLE('',#9633,1.666);
#3448=CIRCLE('',#9635,1.666);
#3449=CIRCLE('',#9636,1.666);
#3450=CIRCLE('',#9638,1.666);
#3451=CIRCLE('',#9640,1.666);
#3452=CIRCLE('',#9641,1.666);
#3453=CIRCLE('',#9643,1.666);
#3454=CIRCLE('',#9645,1.666);
#3455=CIRCLE('',#9646,1.666);
#3456=CIRCLE('',#9648,1.666);
#3457=CIRCLE('',#9650,1.666);
#3458=CIRCLE('',#9651,1.666);
#3459=CIRCLE('',#9653,1.666);
#3460=CIRCLE('',#9655,1.666);
#3461=CIRCLE('',#9656,1.666);
#3462=CIRCLE('',#9658,1.666);
#3463=CIRCLE('',#9660,1.666);
#3464=CIRCLE('',#9661,1.666);
#3465=CIRCLE('',#9663,1.666);
#3466=CIRCLE('',#9665,1.666);
#3467=CIRCLE('',#9666,1.666);
#3468=CIRCLE('',#9668,1.666);
#3469=CIRCLE('',#9670,1.666);
#3470=CIRCLE('',#9671,1.666);
#3471=CIRCLE('',#9673,1.666);
#3472=CIRCLE('',#9675,1.666);
#3473=CIRCLE('',#9676,1.666);
#3474=CIRCLE('',#9678,1.666);
#3475=CIRCLE('',#9680,1.666);
#3476=CIRCLE('',#9681,1.666);
#3477=CIRCLE('',#9683,1.666);
#3478=CIRCLE('',#9685,1.666);
#3479=CIRCLE('',#9686,1.666);
#3480=CIRCLE('',#9688,1.666);
#3481=CIRCLE('',#9690,1.666);
#3482=CIRCLE('',#9691,1.666);
#3483=CIRCLE('',#9693,1.666);
#3484=CIRCLE('',#9695,1.666);
#3485=CIRCLE('',#9696,1.666);
#3486=CIRCLE('',#9698,1.666);
#3487=CIRCLE('',#9700,1.666);
#3488=CIRCLE('',#9701,1.666);
#3489=CIRCLE('',#9703,1.666);
#3490=CIRCLE('',#9705,1.666);
#3491=CIRCLE('',#9706,1.666);
#3492=CIRCLE('',#9708,1.666);
#3493=CIRCLE('',#9710,1.666);
#3494=CIRCLE('',#9711,1.666);
#3495=CIRCLE('',#9713,1.666);
#3496=CIRCLE('',#9715,1.666);
#3497=CIRCLE('',#9716,1.666);
#3498=CIRCLE('',#9718,1.666);
#3499=CIRCLE('',#9720,1.666);
#3500=CIRCLE('',#9721,1.666);
#3501=CIRCLE('',#9723,1.666);
#3502=CIRCLE('',#9725,1.666);
#3503=CIRCLE('',#9726,1.666);
#3504=CIRCLE('',#9728,1.666);
#3505=CIRCLE('',#9730,1.666);
#3506=CIRCLE('',#9731,1.666);
#3507=CIRCLE('',#9733,1.666);
#3508=CIRCLE('',#9735,1.666);
#3509=CIRCLE('',#9736,1.666);
#3510=CIRCLE('',#9738,1.666);
#3511=CIRCLE('',#9740,1.666);
#3512=CIRCLE('',#9741,1.666);
#3513=CIRCLE('',#9743,1.666);
#3514=CIRCLE('',#9745,1.666);
#3515=CIRCLE('',#9746,1.666);
#3516=CIRCLE('',#9748,1.666);
#3517=CIRCLE('',#9750,1.666);
#3518=CIRCLE('',#9751,1.666);
#3519=CIRCLE('',#9753,1.666);
#3520=CIRCLE('',#9755,1.666);
#3521=CIRCLE('',#9756,1.666);
#3522=CIRCLE('',#9758,1.666);
#3523=CIRCLE('',#9760,1.666);
#3524=CIRCLE('',#9761,1.666);
#3525=CIRCLE('',#9763,1.666);
#3526=CIRCLE('',#9765,1.666);
#3527=CIRCLE('',#9766,1.666);
#3528=CIRCLE('',#9768,1.666);
#3529=CIRCLE('',#9770,1.666);
#3530=CIRCLE('',#9771,1.666);
#3531=CIRCLE('',#9773,1.666);
#3532=CIRCLE('',#9775,1.666);
#3533=CIRCLE('',#9776,1.666);
#3534=CIRCLE('',#9778,1.666);
#3535=CIRCLE('',#9780,1.666);
#3536=CIRCLE('',#9781,1.666);
#3537=CIRCLE('',#9783,1.666);
#3538=CIRCLE('',#9785,1.666);
#3539=CIRCLE('',#9786,1.666);
#3540=CIRCLE('',#9788,1.666);
#3541=CIRCLE('',#9790,1.666);
#3542=CIRCLE('',#9791,1.666);
#3543=CIRCLE('',#9793,1.666);
#3544=CIRCLE('',#9795,1.666);
#3545=CIRCLE('',#9796,1.666);
#3546=CIRCLE('',#9798,1.666);
#3547=CIRCLE('',#9800,1.666);
#3548=CIRCLE('',#9801,1.666);
#3549=CIRCLE('',#9803,1.666);
#3550=CIRCLE('',#9805,1.666);
#3551=CIRCLE('',#9806,1.666);
#3552=CIRCLE('',#9808,1.666);
#3553=CIRCLE('',#9810,1.666);
#3554=CIRCLE('',#9811,1.666);
#3555=CIRCLE('',#9813,1.666);
#3556=CIRCLE('',#9815,1.666);
#3557=CIRCLE('',#9816,1.666);
#3558=CIRCLE('',#9818,1.666);
#3559=CIRCLE('',#9820,1.666);
#3560=CIRCLE('',#9821,1.666);
#3561=CIRCLE('',#9823,1.666);
#3562=CIRCLE('',#9825,1.666);
#3563=CIRCLE('',#9826,1.666);
#3564=CIRCLE('',#9828,1.666);
#3565=CIRCLE('',#9830,1.666);
#3566=CIRCLE('',#9831,1.666);
#3567=CIRCLE('',#9833,1.666);
#3568=CIRCLE('',#9835,1.666);
#3569=CIRCLE('',#9836,1.666);
#3570=CIRCLE('',#9838,1.666);
#3571=CIRCLE('',#9840,1.666);
#3572=CIRCLE('',#9841,1.666);
#3573=CIRCLE('',#9843,1.666);
#3574=CIRCLE('',#9845,1.666);
#3575=CIRCLE('',#9846,1.666);
#3576=CIRCLE('',#9848,1.666);
#3577=CIRCLE('',#9850,1.666);
#3578=CIRCLE('',#9851,1.666);
#3579=CIRCLE('',#9853,1.666);
#3580=CIRCLE('',#9855,1.666);
#3581=CIRCLE('',#9856,1.666);
#3582=CIRCLE('',#9858,1.666);
#3583=CIRCLE('',#9860,1.666);
#3584=CIRCLE('',#9861,1.666);
#3585=CIRCLE('',#9863,1.666);
#3586=CIRCLE('',#9865,1.666);
#3587=CIRCLE('',#9866,1.666);
#3588=CIRCLE('',#9868,1.666);
#3589=CIRCLE('',#9870,1.666);
#3590=CIRCLE('',#9871,1.666);
#3591=CIRCLE('',#9873,1.666);
#3592=CIRCLE('',#9875,1.666);
#3593=CIRCLE('',#9876,1.666);
#3594=CIRCLE('',#9878,1.666);
#3595=CIRCLE('',#9880,1.666);
#3596=CIRCLE('',#9881,1.666);
#3597=CIRCLE('',#9883,1.666);
#3598=CIRCLE('',#9885,1.666);
#3599=CIRCLE('',#9886,1.666);
#3600=CIRCLE('',#9888,1.666);
#3601=CIRCLE('',#9890,1.666);
#3602=CIRCLE('',#9891,1.666);
#3603=CIRCLE('',#9893,1.666);
#3604=CIRCLE('',#9895,1.666);
#3605=CIRCLE('',#9896,1.666);
#3606=CIRCLE('',#9898,1.666);
#3607=CIRCLE('',#9900,1.666);
#3608=CIRCLE('',#9901,1.666);
#3609=CIRCLE('',#9903,1.666);
#3610=CIRCLE('',#9905,1.666);
#3611=CIRCLE('',#9906,1.666);
#3612=CIRCLE('',#9908,1.666);
#3613=CIRCLE('',#9910,1.666);
#3614=CIRCLE('',#9911,1.666);
#3615=CIRCLE('',#9913,1.666);
#3616=CIRCLE('',#9915,1.666);
#3617=CIRCLE('',#9916,1.666);
#3618=CIRCLE('',#9918,1.666);
#3619=CIRCLE('',#9920,1.666);
#3620=CIRCLE('',#9921,1.666);
#3621=CIRCLE('',#9923,1.666);
#3622=CIRCLE('',#9925,1.666);
#3623=CIRCLE('',#9926,1.666);
#3624=CIRCLE('',#9928,1.666);
#3625=CIRCLE('',#9930,1.666);
#3626=CIRCLE('',#9931,1.666);
#3627=CIRCLE('',#9933,1.666);
#3628=CIRCLE('',#9935,1.666);
#3629=CIRCLE('',#9936,1.666);
#3630=CIRCLE('',#9938,1.666);
#3631=CIRCLE('',#9940,1.666);
#3632=CIRCLE('',#9941,1.666);
#3633=CIRCLE('',#9943,1.666);
#3634=CIRCLE('',#9945,1.666);
#3635=CIRCLE('',#9946,1.666);
#3636=CIRCLE('',#9948,1.666);
#3637=CIRCLE('',#9950,1.666);
#3638=CIRCLE('',#9951,1.666);
#3639=CIRCLE('',#9953,1.666);
#3640=CIRCLE('',#9955,1.666);
#3641=CIRCLE('',#9956,1.666);
#3642=CIRCLE('',#9958,1.666);
#3643=CIRCLE('',#9960,1.666);
#3644=CIRCLE('',#9961,1.666);
#3645=CIRCLE('',#9963,1.666);
#3646=CIRCLE('',#9965,1.666);
#3647=CIRCLE('',#9966,1.666);
#3648=CIRCLE('',#9968,1.666);
#3649=CIRCLE('',#9970,1.666);
#3650=CIRCLE('',#9971,1.666);
#3651=CIRCLE('',#9973,1.666);
#3652=CIRCLE('',#9975,1.666);
#3653=CIRCLE('',#9976,1.666);
#3654=CIRCLE('',#9978,1.666);
#3655=CIRCLE('',#9980,1.666);
#3656=CIRCLE('',#9981,1.666);
#3657=CIRCLE('',#9983,1.666);
#3658=CIRCLE('',#9985,1.666);
#3659=CIRCLE('',#9986,1.666);
#3660=CIRCLE('',#9988,1.666);
#3661=CIRCLE('',#9990,1.666);
#3662=CIRCLE('',#9991,1.666);
#3663=CIRCLE('',#9993,1.666);
#3664=CIRCLE('',#9995,1.666);
#3665=CIRCLE('',#9996,1.666);
#3666=CIRCLE('',#9998,1.666);
#3667=CIRCLE('',#10000,1.666);
#3668=CIRCLE('',#10001,1.666);
#3669=CIRCLE('',#10003,1.666);
#3670=CIRCLE('',#10005,1.666);
#3671=CIRCLE('',#10006,1.666);
#3672=CIRCLE('',#10008,1.666);
#3673=CIRCLE('',#10010,1.666);
#3674=CIRCLE('',#10011,1.666);
#3675=CIRCLE('',#10013,1.666);
#3676=CIRCLE('',#10015,1.666);
#3677=CIRCLE('',#10016,1.666);
#3678=CIRCLE('',#10018,1.666);
#3679=CIRCLE('',#10020,1.666);
#3680=CIRCLE('',#10021,1.666);
#3681=CIRCLE('',#10023,1.666);
#3682=CIRCLE('',#10025,1.666);
#3683=CIRCLE('',#10026,1.666);
#3684=CIRCLE('',#10028,1.666);
#3685=CIRCLE('',#10030,1.666);
#3686=CIRCLE('',#10031,1.666);
#3687=CIRCLE('',#10033,1.666);
#3688=CIRCLE('',#10035,1.666);
#3689=CIRCLE('',#10036,1.666);
#3690=CIRCLE('',#10038,1.666);
#3691=CIRCLE('',#10040,1.666);
#3692=CIRCLE('',#10041,1.666);
#3693=CIRCLE('',#10043,1.666);
#3694=CIRCLE('',#10045,1.666);
#3695=CIRCLE('',#10046,1.666);
#3696=CIRCLE('',#10048,1.666);
#3697=CIRCLE('',#10050,1.666);
#3698=CIRCLE('',#10051,1.666);
#3699=CIRCLE('',#10053,1.666);
#3700=CIRCLE('',#10055,1.666);
#3701=CIRCLE('',#10056,1.666);
#3702=CIRCLE('',#10058,1.666);
#3703=CIRCLE('',#10060,1.666);
#3704=CIRCLE('',#10061,1.666);
#3705=CIRCLE('',#10063,1.666);
#3706=CIRCLE('',#10065,1.666);
#3707=CIRCLE('',#10066,1.666);
#3708=CIRCLE('',#10068,1.666);
#3709=CIRCLE('',#10070,1.666);
#3710=CIRCLE('',#10071,1.666);
#3711=CIRCLE('',#10073,1.666);
#3712=CIRCLE('',#10075,1.666);
#3713=CIRCLE('',#10076,1.666);
#3714=CIRCLE('',#10078,1.666);
#3715=CIRCLE('',#10080,1.666);
#3716=CIRCLE('',#10081,1.666);
#3717=CIRCLE('',#10083,1.666);
#3718=CIRCLE('',#10085,1.666);
#3719=CIRCLE('',#10086,1.666);
#3720=CIRCLE('',#10088,1.666);
#3721=CIRCLE('',#10090,1.666);
#3722=CIRCLE('',#10091,1.666);
#3723=CIRCLE('',#10093,1.666);
#3724=CIRCLE('',#10095,1.666);
#3725=CIRCLE('',#10096,1.666);
#3726=CIRCLE('',#10098,1.666);
#3727=CIRCLE('',#10100,1.666);
#3728=CIRCLE('',#10101,1.666);
#3729=CIRCLE('',#10103,1.666);
#3730=CIRCLE('',#10105,1.666);
#3731=CIRCLE('',#10106,1.666);
#3732=CIRCLE('',#10108,1.666);
#3733=CIRCLE('',#10110,1.666);
#3734=CIRCLE('',#10111,1.666);
#3735=CIRCLE('',#10113,1.666);
#3736=CIRCLE('',#10115,1.666);
#3737=CIRCLE('',#10116,1.666);
#3738=CIRCLE('',#10118,1.666);
#3739=CIRCLE('',#10120,1.666);
#3740=CIRCLE('',#10121,1.666);
#3741=CIRCLE('',#10123,1.666);
#3742=CIRCLE('',#10125,1.666);
#3743=CIRCLE('',#10126,1.666);
#3744=CIRCLE('',#10128,1.666);
#3745=CIRCLE('',#10130,1.666);
#3746=CIRCLE('',#10131,1.666);
#3747=CIRCLE('',#10133,1.666);
#3748=CIRCLE('',#10135,1.666);
#3749=CIRCLE('',#10136,1.666);
#3750=CIRCLE('',#10138,1.666);
#3751=CIRCLE('',#10140,1.666);
#3752=CIRCLE('',#10141,1.666);
#3753=CIRCLE('',#10143,1.666);
#3754=CIRCLE('',#10145,1.666);
#3755=CIRCLE('',#10146,1.666);
#3756=CIRCLE('',#10148,1.666);
#3757=CIRCLE('',#10150,1.666);
#3758=CIRCLE('',#10151,1.666);
#3759=CIRCLE('',#10153,1.666);
#3760=CIRCLE('',#10155,1.666);
#3761=CIRCLE('',#10156,1.666);
#3762=CIRCLE('',#10158,1.666);
#3763=CIRCLE('',#10160,1.666);
#3764=CIRCLE('',#10161,1.666);
#3765=CIRCLE('',#10163,1.666);
#3766=CIRCLE('',#10165,1.666);
#3767=CIRCLE('',#10166,1.666);
#3768=CIRCLE('',#10168,1.666);
#3769=CIRCLE('',#10170,1.666);
#3770=CIRCLE('',#10171,1.666);
#3771=CIRCLE('',#10173,1.666);
#3772=CIRCLE('',#10175,1.666);
#3773=CIRCLE('',#10176,1.666);
#3774=CIRCLE('',#10178,1.666);
#3775=CIRCLE('',#10180,1.666);
#3776=CIRCLE('',#10181,1.666);
#3777=CIRCLE('',#10183,1.666);
#3778=CIRCLE('',#10185,1.666);
#3779=CIRCLE('',#10186,1.666);
#3780=CIRCLE('',#10188,1.666);
#3781=CIRCLE('',#10190,1.666);
#3782=CIRCLE('',#10191,1.666);
#3783=CIRCLE('',#10193,1.666);
#3784=CIRCLE('',#10195,1.666);
#3785=CIRCLE('',#10196,1.666);
#3786=CIRCLE('',#10198,1.666);
#3787=CIRCLE('',#10200,1.666);
#3788=CIRCLE('',#10201,1.666);
#3789=CIRCLE('',#10203,1.666);
#3790=CIRCLE('',#10205,1.666);
#3791=CIRCLE('',#10206,1.666);
#3792=CIRCLE('',#10208,1.666);
#3793=CIRCLE('',#10210,1.666);
#3794=CIRCLE('',#10211,1.666);
#3795=CIRCLE('',#10213,1.666);
#3796=CIRCLE('',#10215,1.666);
#3797=CIRCLE('',#10216,1.666);
#3798=CIRCLE('',#10218,1.666);
#3799=CIRCLE('',#10220,1.666);
#3800=CIRCLE('',#10221,1.666);
#3801=CIRCLE('',#10223,1.666);
#3802=CIRCLE('',#10225,1.666);
#3803=CIRCLE('',#10226,1.666);
#3804=CIRCLE('',#10228,1.666);
#3805=CIRCLE('',#10230,1.666);
#3806=CIRCLE('',#10231,1.666);
#3807=CIRCLE('',#10233,1.666);
#3808=CIRCLE('',#10235,1.666);
#3809=CIRCLE('',#10236,1.666);
#3810=CIRCLE('',#10238,1.666);
#3811=CIRCLE('',#10240,1.666);
#3812=CIRCLE('',#10241,1.666);
#3813=CIRCLE('',#10243,1.666);
#3814=CIRCLE('',#10245,1.666);
#3815=CIRCLE('',#10246,1.666);
#3816=CIRCLE('',#10248,1.666);
#3817=CIRCLE('',#10250,1.666);
#3818=CIRCLE('',#10251,1.666);
#3819=CIRCLE('',#10253,1.666);
#3820=CIRCLE('',#10255,1.666);
#3821=CIRCLE('',#10256,1.666);
#3822=CIRCLE('',#10258,1.666);
#3823=CIRCLE('',#10260,1.666);
#3824=CIRCLE('',#10261,1.666);
#3825=CIRCLE('',#10263,1.666);
#3826=CIRCLE('',#10265,1.666);
#3827=CIRCLE('',#10266,1.666);
#3828=CIRCLE('',#10268,1.666);
#3829=CIRCLE('',#10270,1.666);
#3830=CIRCLE('',#10271,1.666);
#3831=CIRCLE('',#10273,1.666);
#3832=CIRCLE('',#10275,1.666);
#3833=CIRCLE('',#10276,1.666);
#3834=CIRCLE('',#10278,1.666);
#3835=CIRCLE('',#10280,1.666);
#3836=CIRCLE('',#10281,1.666);
#3837=CIRCLE('',#10283,1.666);
#3838=CIRCLE('',#10285,1.666);
#3839=CIRCLE('',#10286,1.666);
#3840=CIRCLE('',#10288,1.666);
#3841=CIRCLE('',#10290,1.666);
#3842=CIRCLE('',#10291,1.666);
#3843=CIRCLE('',#10293,1.666);
#3844=CIRCLE('',#10295,1.666);
#3845=CIRCLE('',#10296,1.666);
#3846=CIRCLE('',#10298,1.666);
#3847=CIRCLE('',#10300,1.666);
#3848=CIRCLE('',#10301,1.666);
#3849=CIRCLE('',#10303,1.666);
#3850=CIRCLE('',#10305,1.666);
#3851=CIRCLE('',#10306,1.666);
#3852=CIRCLE('',#10308,1.666);
#3853=CIRCLE('',#10310,1.666);
#3854=CIRCLE('',#10311,1.666);
#3855=CIRCLE('',#10313,1.666);
#3856=CIRCLE('',#10315,1.666);
#3857=CIRCLE('',#10316,1.666);
#3858=CIRCLE('',#10318,1.666);
#3859=CIRCLE('',#10320,1.666);
#3860=CIRCLE('',#10321,1.666);
#3861=CIRCLE('',#10323,1.666);
#3862=CIRCLE('',#10325,1.666);
#3863=CIRCLE('',#10326,1.666);
#3864=CIRCLE('',#10328,1.666);
#3865=CIRCLE('',#10330,1.666);
#3866=CIRCLE('',#10331,1.666);
#3867=CIRCLE('',#10333,1.666);
#3868=CIRCLE('',#10335,1.666);
#3869=CIRCLE('',#10336,1.666);
#3870=CIRCLE('',#10338,1.666);
#3871=CIRCLE('',#10340,1.666);
#3872=CIRCLE('',#10341,1.666);
#3873=CIRCLE('',#10343,1.666);
#3874=CIRCLE('',#10345,1.666);
#3875=CIRCLE('',#10346,1.666);
#3876=CIRCLE('',#10348,1.666);
#3877=CIRCLE('',#10350,1.666);
#3878=CIRCLE('',#10351,1.666);
#3879=CIRCLE('',#10353,1.666);
#3880=CIRCLE('',#10355,1.666);
#3881=CIRCLE('',#10356,1.666);
#3882=CIRCLE('',#10358,1.666);
#3883=CIRCLE('',#10360,1.666);
#3884=CIRCLE('',#10361,1.666);
#3885=CIRCLE('',#10363,1.666);
#3886=CIRCLE('',#10365,1.666);
#3887=CIRCLE('',#10366,1.666);
#3888=CIRCLE('',#10368,1.666);
#3889=CIRCLE('',#10370,1.666);
#3890=CIRCLE('',#10371,1.666);
#3891=CIRCLE('',#10373,1.666);
#3892=CIRCLE('',#10375,1.666);
#3893=CIRCLE('',#10376,1.666);
#3894=CIRCLE('',#10378,1.666);
#3895=CIRCLE('',#10380,1.666);
#3896=CIRCLE('',#10381,1.666);
#3897=CIRCLE('',#10383,1.666);
#3898=CIRCLE('',#10385,1.666);
#3899=CIRCLE('',#10386,1.666);
#3900=CIRCLE('',#10388,1.666);
#3901=CIRCLE('',#10390,1.666);
#3902=CIRCLE('',#10391,1.666);
#3903=CIRCLE('',#10393,1.666);
#3904=CIRCLE('',#10395,1.666);
#3905=CIRCLE('',#10396,1.666);
#3906=CIRCLE('',#10398,1.666);
#3907=CIRCLE('',#10400,1.666);
#3908=CIRCLE('',#10401,1.666);
#3909=CIRCLE('',#10403,1.666);
#3910=CIRCLE('',#10405,1.666);
#3911=CIRCLE('',#10406,1.666);
#3912=CIRCLE('',#10408,1.666);
#3913=CIRCLE('',#10410,1.666);
#3914=CIRCLE('',#10411,1.666);
#3915=CIRCLE('',#10413,1.666);
#3916=CIRCLE('',#10415,1.666);
#3917=CIRCLE('',#10416,1.666);
#3918=CIRCLE('',#10418,1.666);
#3919=CIRCLE('',#10420,1.666);
#3920=CIRCLE('',#10421,1.666);
#3921=CIRCLE('',#10423,1.666);
#3922=CIRCLE('',#10425,1.666);
#3923=CIRCLE('',#10426,1.666);
#3924=CIRCLE('',#10428,1.666);
#3925=CIRCLE('',#10430,1.666);
#3926=CIRCLE('',#10431,1.666);
#3927=CIRCLE('',#10433,1.666);
#3928=CIRCLE('',#10435,1.666);
#3929=CIRCLE('',#10436,1.666);
#3930=CIRCLE('',#10438,1.666);
#3931=CIRCLE('',#10440,1.666);
#3932=CIRCLE('',#10441,1.666);
#3933=CIRCLE('',#10443,1.666);
#3934=CIRCLE('',#10445,1.666);
#3935=CIRCLE('',#10446,1.666);
#3936=CIRCLE('',#10448,1.666);
#3937=CIRCLE('',#10450,1.666);
#3938=CIRCLE('',#10451,1.666);
#3939=CIRCLE('',#10453,1.666);
#3940=CIRCLE('',#10455,1.666);
#3941=CIRCLE('',#10456,1.666);
#3942=CIRCLE('',#10458,1.666);
#3943=CIRCLE('',#10460,1.666);
#3944=CIRCLE('',#10461,1.666);
#3945=CIRCLE('',#10463,1.666);
#3946=CIRCLE('',#10465,1.666);
#3947=CIRCLE('',#10466,1.666);
#3948=CIRCLE('',#10468,1.666);
#3949=CIRCLE('',#10470,1.666);
#3950=CIRCLE('',#10471,1.666);
#3951=CIRCLE('',#10473,1.666);
#3952=CIRCLE('',#10475,1.666);
#3953=CIRCLE('',#10476,1.666);
#3954=CIRCLE('',#10478,1.666);
#3955=CIRCLE('',#10480,1.666);
#3956=CIRCLE('',#10481,1.666);
#3957=CIRCLE('',#10483,1.666);
#3958=CIRCLE('',#10485,1.666);
#3959=CIRCLE('',#10486,1.666);
#3960=CIRCLE('',#10488,1.666);
#3961=CIRCLE('',#10490,1.666);
#3962=CIRCLE('',#10491,1.666);
#3963=CIRCLE('',#10493,1.666);
#3964=CIRCLE('',#10495,1.666);
#3965=CIRCLE('',#10496,1.666);
#3966=CIRCLE('',#10498,1.666);
#3967=CIRCLE('',#10500,1.666);
#3968=CIRCLE('',#10501,1.666);
#3969=CIRCLE('',#10503,1.666);
#3970=CIRCLE('',#10505,1.666);
#3971=CIRCLE('',#10506,1.666);
#3972=CIRCLE('',#10508,1.666);
#3973=CIRCLE('',#10510,2.54999999999999);
#3974=CIRCLE('',#10511,2.54999999999999);
#3975=CIRCLE('',#10514,2.54999999999999);
#3976=CIRCLE('',#10515,2.54999999999999);
#3977=CIRCLE('',#10518,2.54999999999999);
#3978=CIRCLE('',#10519,2.54999999999999);
#3979=CIRCLE('',#10522,2.54999999999999);
#3980=CIRCLE('',#10523,2.54999999999999);
#3981=CIRCLE('',#10526,5.05);
#3982=CIRCLE('',#10528,5.05);
#3983=CIRCLE('',#10530,5.05);
#3984=CIRCLE('',#10532,5.05);
#3985=CIRCLE('',#10534,5.05);
#3986=CIRCLE('',#10536,5.05);
#3987=CIRCLE('',#10538,5.05);
#3988=CIRCLE('',#10540,5.05);
#3989=CIRCLE('',#10542,5.05);
#3990=CIRCLE('',#10544,5.05);
#3991=CIRCLE('',#10547,2.);
#3992=CIRCLE('',#10548,1.);
#3993=CIRCLE('',#10551,2.);
#3994=CIRCLE('',#10552,1.);
#3995=CIRCLE('',#10555,2.);
#3996=CIRCLE('',#10556,1.);
#3997=CIRCLE('',#10559,2.);
#3998=CIRCLE('',#10560,1.);
#3999=CIRCLE('',#10562,2.);
#4000=CIRCLE('',#10565,2.);
#4001=CIRCLE('',#10568,3.25);
#4002=CIRCLE('',#10569,3.25);
#4003=CIRCLE('',#10570,3.25);
#4004=CIRCLE('',#10571,3.25);
#4005=CIRCLE('',#10572,3.25);
#4006=CIRCLE('',#10577,2.);
#4007=CIRCLE('',#10580,2.);
#4008=CIRCLE('',#10587,3.25);
#4009=CIRCLE('',#10589,3.25);
#4010=CIRCLE('',#10591,3.25);
#4011=CIRCLE('',#10593,3.25);
#4012=CIRCLE('',#10599,3.25);
#4013=VERTEX_POINT('',#13699);
#4014=VERTEX_POINT('',#13701);
#4015=VERTEX_POINT('',#13706);
#4016=VERTEX_POINT('',#13708);
#4017=VERTEX_POINT('',#13710);
#4018=VERTEX_POINT('',#13714);
#4019=VERTEX_POINT('',#13715);
#4020=VERTEX_POINT('',#13717);
#4021=VERTEX_POINT('',#13719);
#4022=VERTEX_POINT('',#13721);
#4023=VERTEX_POINT('',#13723);
#4024=VERTEX_POINT('',#13725);
#4025=VERTEX_POINT('',#13727);
#4026=VERTEX_POINT('',#13730);
#4027=VERTEX_POINT('',#13732);
#4028=VERTEX_POINT('',#13734);
#4029=VERTEX_POINT('',#13736);
#4030=VERTEX_POINT('',#13738);
#4031=VERTEX_POINT('',#13740);
#4032=VERTEX_POINT('',#13742);
#4033=VERTEX_POINT('',#13744);
#4034=VERTEX_POINT('',#13746);
#4035=VERTEX_POINT('',#13748);
#4036=VERTEX_POINT('',#13750);
#4037=VERTEX_POINT('',#13752);
#4038=VERTEX_POINT('',#13754);
#4039=VERTEX_POINT('',#13756);
#4040=VERTEX_POINT('',#13758);
#4041=VERTEX_POINT('',#13760);
#4042=VERTEX_POINT('',#13762);
#4043=VERTEX_POINT('',#13764);
#4044=VERTEX_POINT('',#13766);
#4045=VERTEX_POINT('',#13768);
#4046=VERTEX_POINT('',#13770);
#4047=VERTEX_POINT('',#13772);
#4048=VERTEX_POINT('',#13774);
#4049=VERTEX_POINT('',#13776);
#4050=VERTEX_POINT('',#13778);
#4051=VERTEX_POINT('',#13780);
#4052=VERTEX_POINT('',#13782);
#4053=VERTEX_POINT('',#13784);
#4054=VERTEX_POINT('',#13786);
#4055=VERTEX_POINT('',#13788);
#4056=VERTEX_POINT('',#13790);
#4057=VERTEX_POINT('',#13792);
#4058=VERTEX_POINT('',#13794);
#4059=VERTEX_POINT('',#13796);
#4060=VERTEX_POINT('',#13798);
#4061=VERTEX_POINT('',#13800);
#4062=VERTEX_POINT('',#13802);
#4063=VERTEX_POINT('',#13804);
#4064=VERTEX_POINT('',#13806);
#4065=VERTEX_POINT('',#13808);
#4066=VERTEX_POINT('',#13810);
#4067=VERTEX_POINT('',#13812);
#4068=VERTEX_POINT('',#13814);
#4069=VERTEX_POINT('',#13816);
#4070=VERTEX_POINT('',#13818);
#4071=VERTEX_POINT('',#13820);
#4072=VERTEX_POINT('',#13822);
#4073=VERTEX_POINT('',#13824);
#4074=VERTEX_POINT('',#13826);
#4075=VERTEX_POINT('',#13828);
#4076=VERTEX_POINT('',#13830);
#4077=VERTEX_POINT('',#13832);
#4078=VERTEX_POINT('',#13834);
#4079=VERTEX_POINT('',#13836);
#4080=VERTEX_POINT('',#13838);
#4081=VERTEX_POINT('',#13840);
#4082=VERTEX_POINT('',#13842);
#4083=VERTEX_POINT('',#13844);
#4084=VERTEX_POINT('',#13846);
#4085=VERTEX_POINT('',#13848);
#4086=VERTEX_POINT('',#13850);
#4087=VERTEX_POINT('',#13852);
#4088=VERTEX_POINT('',#13854);
#4089=VERTEX_POINT('',#13856);
#4090=VERTEX_POINT('',#13858);
#4091=VERTEX_POINT('',#13860);
#4092=VERTEX_POINT('',#13862);
#4093=VERTEX_POINT('',#13864);
#4094=VERTEX_POINT('',#13866);
#4095=VERTEX_POINT('',#13868);
#4096=VERTEX_POINT('',#13870);
#4097=VERTEX_POINT('',#13872);
#4098=VERTEX_POINT('',#13874);
#4099=VERTEX_POINT('',#13876);
#4100=VERTEX_POINT('',#13878);
#4101=VERTEX_POINT('',#13880);
#4102=VERTEX_POINT('',#13882);
#4103=VERTEX_POINT('',#13884);
#4104=VERTEX_POINT('',#13886);
#4105=VERTEX_POINT('',#13888);
#4106=VERTEX_POINT('',#13890);
#4107=VERTEX_POINT('',#13892);
#4108=VERTEX_POINT('',#13894);
#4109=VERTEX_POINT('',#13896);
#4110=VERTEX_POINT('',#13898);
#4111=VERTEX_POINT('',#13900);
#4112=VERTEX_POINT('',#13902);
#4113=VERTEX_POINT('',#13904);
#4114=VERTEX_POINT('',#13906);
#4115=VERTEX_POINT('',#13908);
#4116=VERTEX_POINT('',#13910);
#4117=VERTEX_POINT('',#13912);
#4118=VERTEX_POINT('',#13914);
#4119=VERTEX_POINT('',#13916);
#4120=VERTEX_POINT('',#13918);
#4121=VERTEX_POINT('',#13920);
#4122=VERTEX_POINT('',#13922);
#4123=VERTEX_POINT('',#13924);
#4124=VERTEX_POINT('',#13926);
#4125=VERTEX_POINT('',#13928);
#4126=VERTEX_POINT('',#13930);
#4127=VERTEX_POINT('',#13932);
#4128=VERTEX_POINT('',#13934);
#4129=VERTEX_POINT('',#13936);
#4130=VERTEX_POINT('',#13938);
#4131=VERTEX_POINT('',#13940);
#4132=VERTEX_POINT('',#13942);
#4133=VERTEX_POINT('',#13944);
#4134=VERTEX_POINT('',#13946);
#4135=VERTEX_POINT('',#13948);
#4136=VERTEX_POINT('',#13950);
#4137=VERTEX_POINT('',#13952);
#4138=VERTEX_POINT('',#13954);
#4139=VERTEX_POINT('',#13956);
#4140=VERTEX_POINT('',#13958);
#4141=VERTEX_POINT('',#13960);
#4142=VERTEX_POINT('',#13962);
#4143=VERTEX_POINT('',#13964);
#4144=VERTEX_POINT('',#13966);
#4145=VERTEX_POINT('',#13968);
#4146=VERTEX_POINT('',#13970);
#4147=VERTEX_POINT('',#13972);
#4148=VERTEX_POINT('',#13974);
#4149=VERTEX_POINT('',#13976);
#4150=VERTEX_POINT('',#13978);
#4151=VERTEX_POINT('',#13980);
#4152=VERTEX_POINT('',#13982);
#4153=VERTEX_POINT('',#13984);
#4154=VERTEX_POINT('',#13986);
#4155=VERTEX_POINT('',#13988);
#4156=VERTEX_POINT('',#13990);
#4157=VERTEX_POINT('',#13992);
#4158=VERTEX_POINT('',#13994);
#4159=VERTEX_POINT('',#13996);
#4160=VERTEX_POINT('',#13998);
#4161=VERTEX_POINT('',#14000);
#4162=VERTEX_POINT('',#14002);
#4163=VERTEX_POINT('',#14004);
#4164=VERTEX_POINT('',#14006);
#4165=VERTEX_POINT('',#14008);
#4166=VERTEX_POINT('',#14010);
#4167=VERTEX_POINT('',#14012);
#4168=VERTEX_POINT('',#14014);
#4169=VERTEX_POINT('',#14016);
#4170=VERTEX_POINT('',#14018);
#4171=VERTEX_POINT('',#14020);
#4172=VERTEX_POINT('',#14022);
#4173=VERTEX_POINT('',#14024);
#4174=VERTEX_POINT('',#14026);
#4175=VERTEX_POINT('',#14028);
#4176=VERTEX_POINT('',#14030);
#4177=VERTEX_POINT('',#14032);
#4178=VERTEX_POINT('',#14034);
#4179=VERTEX_POINT('',#14036);
#4180=VERTEX_POINT('',#14038);
#4181=VERTEX_POINT('',#14040);
#4182=VERTEX_POINT('',#14042);
#4183=VERTEX_POINT('',#14044);
#4184=VERTEX_POINT('',#14046);
#4185=VERTEX_POINT('',#14048);
#4186=VERTEX_POINT('',#14050);
#4187=VERTEX_POINT('',#14052);
#4188=VERTEX_POINT('',#14054);
#4189=VERTEX_POINT('',#14056);
#4190=VERTEX_POINT('',#14058);
#4191=VERTEX_POINT('',#14060);
#4192=VERTEX_POINT('',#14062);
#4193=VERTEX_POINT('',#14064);
#4194=VERTEX_POINT('',#14066);
#4195=VERTEX_POINT('',#14068);
#4196=VERTEX_POINT('',#14070);
#4197=VERTEX_POINT('',#14072);
#4198=VERTEX_POINT('',#14074);
#4199=VERTEX_POINT('',#14076);
#4200=VERTEX_POINT('',#14078);
#4201=VERTEX_POINT('',#14080);
#4202=VERTEX_POINT('',#14082);
#4203=VERTEX_POINT('',#14084);
#4204=VERTEX_POINT('',#14086);
#4205=VERTEX_POINT('',#14088);
#4206=VERTEX_POINT('',#14090);
#4207=VERTEX_POINT('',#14092);
#4208=VERTEX_POINT('',#14094);
#4209=VERTEX_POINT('',#14096);
#4210=VERTEX_POINT('',#14098);
#4211=VERTEX_POINT('',#14100);
#4212=VERTEX_POINT('',#14102);
#4213=VERTEX_POINT('',#14104);
#4214=VERTEX_POINT('',#14106);
#4215=VERTEX_POINT('',#14108);
#4216=VERTEX_POINT('',#14110);
#4217=VERTEX_POINT('',#14112);
#4218=VERTEX_POINT('',#14114);
#4219=VERTEX_POINT('',#14116);
#4220=VERTEX_POINT('',#14118);
#4221=VERTEX_POINT('',#14120);
#4222=VERTEX_POINT('',#14122);
#4223=VERTEX_POINT('',#14124);
#4224=VERTEX_POINT('',#14126);
#4225=VERTEX_POINT('',#14128);
#4226=VERTEX_POINT('',#14130);
#4227=VERTEX_POINT('',#14132);
#4228=VERTEX_POINT('',#14134);
#4229=VERTEX_POINT('',#14136);
#4230=VERTEX_POINT('',#14139);
#4231=VERTEX_POINT('',#14143);
#4232=VERTEX_POINT('',#14145);
#4233=VERTEX_POINT('',#14149);
#4234=VERTEX_POINT('',#14153);
#4235=VERTEX_POINT('',#14155);
#4236=VERTEX_POINT('',#14159);
#4237=VERTEX_POINT('',#14163);
#4238=VERTEX_POINT('',#14165);
#4239=VERTEX_POINT('',#14169);
#4240=VERTEX_POINT('',#14173);
#4241=VERTEX_POINT('',#14175);
#4242=VERTEX_POINT('',#14179);
#4243=VERTEX_POINT('',#14183);
#4244=VERTEX_POINT('',#14185);
#4245=VERTEX_POINT('',#14189);
#4246=VERTEX_POINT('',#14193);
#4247=VERTEX_POINT('',#14195);
#4248=VERTEX_POINT('',#14199);
#4249=VERTEX_POINT('',#14203);
#4250=VERTEX_POINT('',#14205);
#4251=VERTEX_POINT('',#14209);
#4252=VERTEX_POINT('',#14213);
#4253=VERTEX_POINT('',#14215);
#4254=VERTEX_POINT('',#14219);
#4255=VERTEX_POINT('',#14223);
#4256=VERTEX_POINT('',#14225);
#4257=VERTEX_POINT('',#14229);
#4258=VERTEX_POINT('',#14233);
#4259=VERTEX_POINT('',#14235);
#4260=VERTEX_POINT('',#14239);
#4261=VERTEX_POINT('',#14243);
#4262=VERTEX_POINT('',#14245);
#4263=VERTEX_POINT('',#14249);
#4264=VERTEX_POINT('',#14253);
#4265=VERTEX_POINT('',#14255);
#4266=VERTEX_POINT('',#14259);
#4267=VERTEX_POINT('',#14263);
#4268=VERTEX_POINT('',#14265);
#4269=VERTEX_POINT('',#14269);
#4270=VERTEX_POINT('',#14273);
#4271=VERTEX_POINT('',#14275);
#4272=VERTEX_POINT('',#14279);
#4273=VERTEX_POINT('',#14283);
#4274=VERTEX_POINT('',#14285);
#4275=VERTEX_POINT('',#14289);
#4276=VERTEX_POINT('',#14293);
#4277=VERTEX_POINT('',#14295);
#4278=VERTEX_POINT('',#14299);
#4279=VERTEX_POINT('',#14303);
#4280=VERTEX_POINT('',#14305);
#4281=VERTEX_POINT('',#14309);
#4282=VERTEX_POINT('',#14313);
#4283=VERTEX_POINT('',#14315);
#4284=VERTEX_POINT('',#14319);
#4285=VERTEX_POINT('',#14323);
#4286=VERTEX_POINT('',#14325);
#4287=VERTEX_POINT('',#14329);
#4288=VERTEX_POINT('',#14333);
#4289=VERTEX_POINT('',#14335);
#4290=VERTEX_POINT('',#14339);
#4291=VERTEX_POINT('',#14343);
#4292=VERTEX_POINT('',#14345);
#4293=VERTEX_POINT('',#14349);
#4294=VERTEX_POINT('',#14353);
#4295=VERTEX_POINT('',#14355);
#4296=VERTEX_POINT('',#14359);
#4297=VERTEX_POINT('',#14363);
#4298=VERTEX_POINT('',#14365);
#4299=VERTEX_POINT('',#14369);
#4300=VERTEX_POINT('',#14373);
#4301=VERTEX_POINT('',#14375);
#4302=VERTEX_POINT('',#14379);
#4303=VERTEX_POINT('',#14383);
#4304=VERTEX_POINT('',#14385);
#4305=VERTEX_POINT('',#14389);
#4306=VERTEX_POINT('',#14393);
#4307=VERTEX_POINT('',#14395);
#4308=VERTEX_POINT('',#14399);
#4309=VERTEX_POINT('',#14403);
#4310=VERTEX_POINT('',#14405);
#4311=VERTEX_POINT('',#14409);
#4312=VERTEX_POINT('',#14413);
#4313=VERTEX_POINT('',#14415);
#4314=VERTEX_POINT('',#14419);
#4315=VERTEX_POINT('',#14423);
#4316=VERTEX_POINT('',#14425);
#4317=VERTEX_POINT('',#14429);
#4318=VERTEX_POINT('',#14433);
#4319=VERTEX_POINT('',#14435);
#4320=VERTEX_POINT('',#14439);
#4321=VERTEX_POINT('',#14443);
#4322=VERTEX_POINT('',#14445);
#4323=VERTEX_POINT('',#14449);
#4324=VERTEX_POINT('',#14453);
#4325=VERTEX_POINT('',#14455);
#4326=VERTEX_POINT('',#14459);
#4327=VERTEX_POINT('',#14463);
#4328=VERTEX_POINT('',#14465);
#4329=VERTEX_POINT('',#14469);
#4330=VERTEX_POINT('',#14473);
#4331=VERTEX_POINT('',#14475);
#4332=VERTEX_POINT('',#14479);
#4333=VERTEX_POINT('',#14483);
#4334=VERTEX_POINT('',#14485);
#4335=VERTEX_POINT('',#14489);
#4336=VERTEX_POINT('',#14493);
#4337=VERTEX_POINT('',#14495);
#4338=VERTEX_POINT('',#14499);
#4339=VERTEX_POINT('',#14503);
#4340=VERTEX_POINT('',#14505);
#4341=VERTEX_POINT('',#14509);
#4342=VERTEX_POINT('',#14513);
#4343=VERTEX_POINT('',#14515);
#4344=VERTEX_POINT('',#14519);
#4345=VERTEX_POINT('',#14523);
#4346=VERTEX_POINT('',#14525);
#4347=VERTEX_POINT('',#14529);
#4348=VERTEX_POINT('',#14533);
#4349=VERTEX_POINT('',#14535);
#4350=VERTEX_POINT('',#14539);
#4351=VERTEX_POINT('',#14543);
#4352=VERTEX_POINT('',#14545);
#4353=VERTEX_POINT('',#14549);
#4354=VERTEX_POINT('',#14553);
#4355=VERTEX_POINT('',#14555);
#4356=VERTEX_POINT('',#14559);
#4357=VERTEX_POINT('',#14563);
#4358=VERTEX_POINT('',#14565);
#4359=VERTEX_POINT('',#14569);
#4360=VERTEX_POINT('',#14573);
#4361=VERTEX_POINT('',#14575);
#4362=VERTEX_POINT('',#14579);
#4363=VERTEX_POINT('',#14583);
#4364=VERTEX_POINT('',#14585);
#4365=VERTEX_POINT('',#14589);
#4366=VERTEX_POINT('',#14593);
#4367=VERTEX_POINT('',#14595);
#4368=VERTEX_POINT('',#14599);
#4369=VERTEX_POINT('',#14603);
#4370=VERTEX_POINT('',#14605);
#4371=VERTEX_POINT('',#14609);
#4372=VERTEX_POINT('',#14613);
#4373=VERTEX_POINT('',#14615);
#4374=VERTEX_POINT('',#14619);
#4375=VERTEX_POINT('',#14623);
#4376=VERTEX_POINT('',#14625);
#4377=VERTEX_POINT('',#14629);
#4378=VERTEX_POINT('',#14633);
#4379=VERTEX_POINT('',#14635);
#4380=VERTEX_POINT('',#14639);
#4381=VERTEX_POINT('',#14643);
#4382=VERTEX_POINT('',#14645);
#4383=VERTEX_POINT('',#14649);
#4384=VERTEX_POINT('',#14653);
#4385=VERTEX_POINT('',#14655);
#4386=VERTEX_POINT('',#14659);
#4387=VERTEX_POINT('',#14663);
#4388=VERTEX_POINT('',#14665);
#4389=VERTEX_POINT('',#14669);
#4390=VERTEX_POINT('',#14673);
#4391=VERTEX_POINT('',#14675);
#4392=VERTEX_POINT('',#14679);
#4393=VERTEX_POINT('',#14683);
#4394=VERTEX_POINT('',#14685);
#4395=VERTEX_POINT('',#14689);
#4396=VERTEX_POINT('',#14693);
#4397=VERTEX_POINT('',#14695);
#4398=VERTEX_POINT('',#14699);
#4399=VERTEX_POINT('',#14703);
#4400=VERTEX_POINT('',#14705);
#4401=VERTEX_POINT('',#14709);
#4402=VERTEX_POINT('',#14713);
#4403=VERTEX_POINT('',#14715);
#4404=VERTEX_POINT('',#14719);
#4405=VERTEX_POINT('',#14723);
#4406=VERTEX_POINT('',#14725);
#4407=VERTEX_POINT('',#14729);
#4408=VERTEX_POINT('',#14733);
#4409=VERTEX_POINT('',#14735);
#4410=VERTEX_POINT('',#14739);
#4411=VERTEX_POINT('',#14743);
#4412=VERTEX_POINT('',#14745);
#4413=VERTEX_POINT('',#14749);
#4414=VERTEX_POINT('',#14753);
#4415=VERTEX_POINT('',#14755);
#4416=VERTEX_POINT('',#14759);
#4417=VERTEX_POINT('',#14763);
#4418=VERTEX_POINT('',#14765);
#4419=VERTEX_POINT('',#14769);
#4420=VERTEX_POINT('',#14773);
#4421=VERTEX_POINT('',#14775);
#4422=VERTEX_POINT('',#14779);
#4423=VERTEX_POINT('',#14783);
#4424=VERTEX_POINT('',#14785);
#4425=VERTEX_POINT('',#14789);
#4426=VERTEX_POINT('',#14793);
#4427=VERTEX_POINT('',#14795);
#4428=VERTEX_POINT('',#14799);
#4429=VERTEX_POINT('',#14803);
#4430=VERTEX_POINT('',#14805);
#4431=VERTEX_POINT('',#14809);
#4432=VERTEX_POINT('',#14813);
#4433=VERTEX_POINT('',#14815);
#4434=VERTEX_POINT('',#14819);
#4435=VERTEX_POINT('',#14823);
#4436=VERTEX_POINT('',#14825);
#4437=VERTEX_POINT('',#14829);
#4438=VERTEX_POINT('',#14833);
#4439=VERTEX_POINT('',#14835);
#4440=VERTEX_POINT('',#14839);
#4441=VERTEX_POINT('',#14843);
#4442=VERTEX_POINT('',#14845);
#4443=VERTEX_POINT('',#14849);
#4444=VERTEX_POINT('',#14853);
#4445=VERTEX_POINT('',#14855);
#4446=VERTEX_POINT('',#14859);
#4447=VERTEX_POINT('',#14863);
#4448=VERTEX_POINT('',#14865);
#4449=VERTEX_POINT('',#14869);
#4450=VERTEX_POINT('',#14873);
#4451=VERTEX_POINT('',#14875);
#4452=VERTEX_POINT('',#14879);
#4453=VERTEX_POINT('',#14883);
#4454=VERTEX_POINT('',#14885);
#4455=VERTEX_POINT('',#14889);
#4456=VERTEX_POINT('',#14893);
#4457=VERTEX_POINT('',#14895);
#4458=VERTEX_POINT('',#14899);
#4459=VERTEX_POINT('',#14903);
#4460=VERTEX_POINT('',#14905);
#4461=VERTEX_POINT('',#14909);
#4462=VERTEX_POINT('',#14913);
#4463=VERTEX_POINT('',#14915);
#4464=VERTEX_POINT('',#14919);
#4465=VERTEX_POINT('',#14923);
#4466=VERTEX_POINT('',#14925);
#4467=VERTEX_POINT('',#14929);
#4468=VERTEX_POINT('',#14933);
#4469=VERTEX_POINT('',#14935);
#4470=VERTEX_POINT('',#14939);
#4471=VERTEX_POINT('',#14943);
#4472=VERTEX_POINT('',#14945);
#4473=VERTEX_POINT('',#14949);
#4474=VERTEX_POINT('',#14953);
#4475=VERTEX_POINT('',#14955);
#4476=VERTEX_POINT('',#14959);
#4477=VERTEX_POINT('',#14963);
#4478=VERTEX_POINT('',#14965);
#4479=VERTEX_POINT('',#14969);
#4480=VERTEX_POINT('',#14973);
#4481=VERTEX_POINT('',#14975);
#4482=VERTEX_POINT('',#14979);
#4483=VERTEX_POINT('',#14983);
#4484=VERTEX_POINT('',#14985);
#4485=VERTEX_POINT('',#14989);
#4486=VERTEX_POINT('',#14993);
#4487=VERTEX_POINT('',#14995);
#4488=VERTEX_POINT('',#14999);
#4489=VERTEX_POINT('',#15003);
#4490=VERTEX_POINT('',#15005);
#4491=VERTEX_POINT('',#15009);
#4492=VERTEX_POINT('',#15013);
#4493=VERTEX_POINT('',#15015);
#4494=VERTEX_POINT('',#15019);
#4495=VERTEX_POINT('',#15023);
#4496=VERTEX_POINT('',#15025);
#4497=VERTEX_POINT('',#15029);
#4498=VERTEX_POINT('',#15033);
#4499=VERTEX_POINT('',#15035);
#4500=VERTEX_POINT('',#15039);
#4501=VERTEX_POINT('',#15043);
#4502=VERTEX_POINT('',#15045);
#4503=VERTEX_POINT('',#15049);
#4504=VERTEX_POINT('',#15053);
#4505=VERTEX_POINT('',#15055);
#4506=VERTEX_POINT('',#15059);
#4507=VERTEX_POINT('',#15063);
#4508=VERTEX_POINT('',#15065);
#4509=VERTEX_POINT('',#15069);
#4510=VERTEX_POINT('',#15073);
#4511=VERTEX_POINT('',#15075);
#4512=VERTEX_POINT('',#15079);
#4513=VERTEX_POINT('',#15083);
#4514=VERTEX_POINT('',#15085);
#4515=VERTEX_POINT('',#15089);
#4516=VERTEX_POINT('',#15093);
#4517=VERTEX_POINT('',#15095);
#4518=VERTEX_POINT('',#15099);
#4519=VERTEX_POINT('',#15103);
#4520=VERTEX_POINT('',#15105);
#4521=VERTEX_POINT('',#15109);
#4522=VERTEX_POINT('',#15113);
#4523=VERTEX_POINT('',#15115);
#4524=VERTEX_POINT('',#15119);
#4525=VERTEX_POINT('',#15123);
#4526=VERTEX_POINT('',#15125);
#4527=VERTEX_POINT('',#15129);
#4528=VERTEX_POINT('',#15133);
#4529=VERTEX_POINT('',#15135);
#4530=VERTEX_POINT('',#15139);
#4531=VERTEX_POINT('',#15143);
#4532=VERTEX_POINT('',#15145);
#4533=VERTEX_POINT('',#15149);
#4534=VERTEX_POINT('',#15153);
#4535=VERTEX_POINT('',#15155);
#4536=VERTEX_POINT('',#15159);
#4537=VERTEX_POINT('',#15163);
#4538=VERTEX_POINT('',#15165);
#4539=VERTEX_POINT('',#15169);
#4540=VERTEX_POINT('',#15173);
#4541=VERTEX_POINT('',#15175);
#4542=VERTEX_POINT('',#15179);
#4543=VERTEX_POINT('',#15183);
#4544=VERTEX_POINT('',#15185);
#4545=VERTEX_POINT('',#15189);
#4546=VERTEX_POINT('',#15193);
#4547=VERTEX_POINT('',#15195);
#4548=VERTEX_POINT('',#15199);
#4549=VERTEX_POINT('',#15203);
#4550=VERTEX_POINT('',#15205);
#4551=VERTEX_POINT('',#15209);
#4552=VERTEX_POINT('',#15213);
#4553=VERTEX_POINT('',#15215);
#4554=VERTEX_POINT('',#15219);
#4555=VERTEX_POINT('',#15223);
#4556=VERTEX_POINT('',#15225);
#4557=VERTEX_POINT('',#15229);
#4558=VERTEX_POINT('',#15233);
#4559=VERTEX_POINT('',#15235);
#4560=VERTEX_POINT('',#15239);
#4561=VERTEX_POINT('',#15243);
#4562=VERTEX_POINT('',#15245);
#4563=VERTEX_POINT('',#15249);
#4564=VERTEX_POINT('',#15253);
#4565=VERTEX_POINT('',#15255);
#4566=VERTEX_POINT('',#15259);
#4567=VERTEX_POINT('',#15263);
#4568=VERTEX_POINT('',#15265);
#4569=VERTEX_POINT('',#15269);
#4570=VERTEX_POINT('',#15273);
#4571=VERTEX_POINT('',#15275);
#4572=VERTEX_POINT('',#15279);
#4573=VERTEX_POINT('',#15283);
#4574=VERTEX_POINT('',#15285);
#4575=VERTEX_POINT('',#15289);
#4576=VERTEX_POINT('',#15293);
#4577=VERTEX_POINT('',#15295);
#4578=VERTEX_POINT('',#15299);
#4579=VERTEX_POINT('',#15303);
#4580=VERTEX_POINT('',#15305);
#4581=VERTEX_POINT('',#15309);
#4582=VERTEX_POINT('',#15313);
#4583=VERTEX_POINT('',#15315);
#4584=VERTEX_POINT('',#15319);
#4585=VERTEX_POINT('',#15323);
#4586=VERTEX_POINT('',#15325);
#4587=VERTEX_POINT('',#15329);
#4588=VERTEX_POINT('',#15333);
#4589=VERTEX_POINT('',#15335);
#4590=VERTEX_POINT('',#15339);
#4591=VERTEX_POINT('',#15343);
#4592=VERTEX_POINT('',#15345);
#4593=VERTEX_POINT('',#15349);
#4594=VERTEX_POINT('',#15353);
#4595=VERTEX_POINT('',#15355);
#4596=VERTEX_POINT('',#15359);
#4597=VERTEX_POINT('',#15363);
#4598=VERTEX_POINT('',#15365);
#4599=VERTEX_POINT('',#15369);
#4600=VERTEX_POINT('',#15373);
#4601=VERTEX_POINT('',#15375);
#4602=VERTEX_POINT('',#15379);
#4603=VERTEX_POINT('',#15383);
#4604=VERTEX_POINT('',#15385);
#4605=VERTEX_POINT('',#15389);
#4606=VERTEX_POINT('',#15393);
#4607=VERTEX_POINT('',#15395);
#4608=VERTEX_POINT('',#15399);
#4609=VERTEX_POINT('',#15403);
#4610=VERTEX_POINT('',#15405);
#4611=VERTEX_POINT('',#15409);
#4612=VERTEX_POINT('',#15413);
#4613=VERTEX_POINT('',#15415);
#4614=VERTEX_POINT('',#15419);
#4615=VERTEX_POINT('',#15423);
#4616=VERTEX_POINT('',#15425);
#4617=VERTEX_POINT('',#15429);
#4618=VERTEX_POINT('',#15433);
#4619=VERTEX_POINT('',#15435);
#4620=VERTEX_POINT('',#15439);
#4621=VERTEX_POINT('',#15443);
#4622=VERTEX_POINT('',#15445);
#4623=VERTEX_POINT('',#15449);
#4624=VERTEX_POINT('',#15453);
#4625=VERTEX_POINT('',#15455);
#4626=VERTEX_POINT('',#15459);
#4627=VERTEX_POINT('',#15463);
#4628=VERTEX_POINT('',#15465);
#4629=VERTEX_POINT('',#15469);
#4630=VERTEX_POINT('',#15473);
#4631=VERTEX_POINT('',#15475);
#4632=VERTEX_POINT('',#15479);
#4633=VERTEX_POINT('',#15483);
#4634=VERTEX_POINT('',#15485);
#4635=VERTEX_POINT('',#15489);
#4636=VERTEX_POINT('',#15493);
#4637=VERTEX_POINT('',#15495);
#4638=VERTEX_POINT('',#15499);
#4639=VERTEX_POINT('',#15503);
#4640=VERTEX_POINT('',#15505);
#4641=VERTEX_POINT('',#15509);
#4642=VERTEX_POINT('',#15513);
#4643=VERTEX_POINT('',#15515);
#4644=VERTEX_POINT('',#15519);
#4645=VERTEX_POINT('',#15523);
#4646=VERTEX_POINT('',#15525);
#4647=VERTEX_POINT('',#15529);
#4648=VERTEX_POINT('',#15533);
#4649=VERTEX_POINT('',#15535);
#4650=VERTEX_POINT('',#15539);
#4651=VERTEX_POINT('',#15543);
#4652=VERTEX_POINT('',#15545);
#4653=VERTEX_POINT('',#15549);
#4654=VERTEX_POINT('',#15553);
#4655=VERTEX_POINT('',#15555);
#4656=VERTEX_POINT('',#15559);
#4657=VERTEX_POINT('',#15563);
#4658=VERTEX_POINT('',#15565);
#4659=VERTEX_POINT('',#15569);
#4660=VERTEX_POINT('',#15573);
#4661=VERTEX_POINT('',#15575);
#4662=VERTEX_POINT('',#15579);
#4663=VERTEX_POINT('',#15583);
#4664=VERTEX_POINT('',#15585);
#4665=VERTEX_POINT('',#15589);
#4666=VERTEX_POINT('',#15593);
#4667=VERTEX_POINT('',#15595);
#4668=VERTEX_POINT('',#15599);
#4669=VERTEX_POINT('',#15603);
#4670=VERTEX_POINT('',#15605);
#4671=VERTEX_POINT('',#15609);
#4672=VERTEX_POINT('',#15613);
#4673=VERTEX_POINT('',#15615);
#4674=VERTEX_POINT('',#15619);
#4675=VERTEX_POINT('',#15623);
#4676=VERTEX_POINT('',#15625);
#4677=VERTEX_POINT('',#15629);
#4678=VERTEX_POINT('',#15633);
#4679=VERTEX_POINT('',#15635);
#4680=VERTEX_POINT('',#15639);
#4681=VERTEX_POINT('',#15643);
#4682=VERTEX_POINT('',#15645);
#4683=VERTEX_POINT('',#15649);
#4684=VERTEX_POINT('',#15653);
#4685=VERTEX_POINT('',#15655);
#4686=VERTEX_POINT('',#15659);
#4687=VERTEX_POINT('',#15663);
#4688=VERTEX_POINT('',#15665);
#4689=VERTEX_POINT('',#15669);
#4690=VERTEX_POINT('',#15673);
#4691=VERTEX_POINT('',#15675);
#4692=VERTEX_POINT('',#15679);
#4693=VERTEX_POINT('',#15683);
#4694=VERTEX_POINT('',#15685);
#4695=VERTEX_POINT('',#15689);
#4696=VERTEX_POINT('',#15693);
#4697=VERTEX_POINT('',#15695);
#4698=VERTEX_POINT('',#15699);
#4699=VERTEX_POINT('',#15703);
#4700=VERTEX_POINT('',#15705);
#4701=VERTEX_POINT('',#15709);
#4702=VERTEX_POINT('',#15713);
#4703=VERTEX_POINT('',#15715);
#4704=VERTEX_POINT('',#15719);
#4705=VERTEX_POINT('',#15723);
#4706=VERTEX_POINT('',#15725);
#4707=VERTEX_POINT('',#15729);
#4708=VERTEX_POINT('',#15733);
#4709=VERTEX_POINT('',#15735);
#4710=VERTEX_POINT('',#15739);
#4711=VERTEX_POINT('',#15743);
#4712=VERTEX_POINT('',#15745);
#4713=VERTEX_POINT('',#15749);
#4714=VERTEX_POINT('',#15753);
#4715=VERTEX_POINT('',#15755);
#4716=VERTEX_POINT('',#15759);
#4717=VERTEX_POINT('',#15763);
#4718=VERTEX_POINT('',#15765);
#4719=VERTEX_POINT('',#15769);
#4720=VERTEX_POINT('',#15773);
#4721=VERTEX_POINT('',#15775);
#4722=VERTEX_POINT('',#15779);
#4723=VERTEX_POINT('',#15783);
#4724=VERTEX_POINT('',#15785);
#4725=VERTEX_POINT('',#15789);
#4726=VERTEX_POINT('',#15793);
#4727=VERTEX_POINT('',#15795);
#4728=VERTEX_POINT('',#15799);
#4729=VERTEX_POINT('',#15803);
#4730=VERTEX_POINT('',#15805);
#4731=VERTEX_POINT('',#15809);
#4732=VERTEX_POINT('',#15813);
#4733=VERTEX_POINT('',#15815);
#4734=VERTEX_POINT('',#15819);
#4735=VERTEX_POINT('',#15823);
#4736=VERTEX_POINT('',#15825);
#4737=VERTEX_POINT('',#15829);
#4738=VERTEX_POINT('',#15833);
#4739=VERTEX_POINT('',#15835);
#4740=VERTEX_POINT('',#15839);
#4741=VERTEX_POINT('',#15843);
#4742=VERTEX_POINT('',#15845);
#4743=VERTEX_POINT('',#15849);
#4744=VERTEX_POINT('',#15853);
#4745=VERTEX_POINT('',#15855);
#4746=VERTEX_POINT('',#15859);
#4747=VERTEX_POINT('',#15863);
#4748=VERTEX_POINT('',#15865);
#4749=VERTEX_POINT('',#15869);
#4750=VERTEX_POINT('',#15873);
#4751=VERTEX_POINT('',#15875);
#4752=VERTEX_POINT('',#15879);
#4753=VERTEX_POINT('',#15883);
#4754=VERTEX_POINT('',#15885);
#4755=VERTEX_POINT('',#15889);
#4756=VERTEX_POINT('',#15893);
#4757=VERTEX_POINT('',#15895);
#4758=VERTEX_POINT('',#15899);
#4759=VERTEX_POINT('',#15903);
#4760=VERTEX_POINT('',#15905);
#4761=VERTEX_POINT('',#15909);
#4762=VERTEX_POINT('',#15913);
#4763=VERTEX_POINT('',#15915);
#4764=VERTEX_POINT('',#15919);
#4765=VERTEX_POINT('',#15923);
#4766=VERTEX_POINT('',#15925);
#4767=VERTEX_POINT('',#15929);
#4768=VERTEX_POINT('',#15933);
#4769=VERTEX_POINT('',#15935);
#4770=VERTEX_POINT('',#15939);
#4771=VERTEX_POINT('',#15943);
#4772=VERTEX_POINT('',#15945);
#4773=VERTEX_POINT('',#15949);
#4774=VERTEX_POINT('',#15953);
#4775=VERTEX_POINT('',#15955);
#4776=VERTEX_POINT('',#15959);
#4777=VERTEX_POINT('',#15963);
#4778=VERTEX_POINT('',#15965);
#4779=VERTEX_POINT('',#15969);
#4780=VERTEX_POINT('',#15973);
#4781=VERTEX_POINT('',#15975);
#4782=VERTEX_POINT('',#15979);
#4783=VERTEX_POINT('',#15983);
#4784=VERTEX_POINT('',#15985);
#4785=VERTEX_POINT('',#15989);
#4786=VERTEX_POINT('',#15993);
#4787=VERTEX_POINT('',#15995);
#4788=VERTEX_POINT('',#15999);
#4789=VERTEX_POINT('',#16003);
#4790=VERTEX_POINT('',#16005);
#4791=VERTEX_POINT('',#16009);
#4792=VERTEX_POINT('',#16013);
#4793=VERTEX_POINT('',#16015);
#4794=VERTEX_POINT('',#16019);
#4795=VERTEX_POINT('',#16023);
#4796=VERTEX_POINT('',#16025);
#4797=VERTEX_POINT('',#16029);
#4798=VERTEX_POINT('',#16033);
#4799=VERTEX_POINT('',#16035);
#4800=VERTEX_POINT('',#16039);
#4801=VERTEX_POINT('',#16043);
#4802=VERTEX_POINT('',#16045);
#4803=VERTEX_POINT('',#16049);
#4804=VERTEX_POINT('',#16053);
#4805=VERTEX_POINT('',#16055);
#4806=VERTEX_POINT('',#16059);
#4807=VERTEX_POINT('',#16063);
#4808=VERTEX_POINT('',#16065);
#4809=VERTEX_POINT('',#16069);
#4810=VERTEX_POINT('',#16073);
#4811=VERTEX_POINT('',#16075);
#4812=VERTEX_POINT('',#16079);
#4813=VERTEX_POINT('',#16083);
#4814=VERTEX_POINT('',#16085);
#4815=VERTEX_POINT('',#16089);
#4816=VERTEX_POINT('',#16093);
#4817=VERTEX_POINT('',#16095);
#4818=VERTEX_POINT('',#16099);
#4819=VERTEX_POINT('',#16103);
#4820=VERTEX_POINT('',#16105);
#4821=VERTEX_POINT('',#16109);
#4822=VERTEX_POINT('',#16113);
#4823=VERTEX_POINT('',#16115);
#4824=VERTEX_POINT('',#16119);
#4825=VERTEX_POINT('',#16123);
#4826=VERTEX_POINT('',#16125);
#4827=VERTEX_POINT('',#16129);
#4828=VERTEX_POINT('',#16133);
#4829=VERTEX_POINT('',#16135);
#4830=VERTEX_POINT('',#16140);
#4831=VERTEX_POINT('',#16142);
#4832=VERTEX_POINT('',#16147);
#4833=VERTEX_POINT('',#16149);
#4834=VERTEX_POINT('',#16154);
#4835=VERTEX_POINT('',#16156);
#4836=VERTEX_POINT('',#16161);
#4837=VERTEX_POINT('',#16165);
#4838=VERTEX_POINT('',#16169);
#4839=VERTEX_POINT('',#16173);
#4840=VERTEX_POINT('',#16177);
#4841=VERTEX_POINT('',#16181);
#4842=VERTEX_POINT('',#16185);
#4843=VERTEX_POINT('',#16189);
#4844=VERTEX_POINT('',#16193);
#4845=VERTEX_POINT('',#16197);
#4846=VERTEX_POINT('',#16201);
#4847=VERTEX_POINT('',#16202);
#4848=VERTEX_POINT('',#16204);
#4849=VERTEX_POINT('',#16206);
#4850=VERTEX_POINT('',#16210);
#4851=VERTEX_POINT('',#16211);
#4852=VERTEX_POINT('',#16216);
#4853=VERTEX_POINT('',#16217);
#4854=VERTEX_POINT('',#16222);
#4855=VERTEX_POINT('',#16223);
#4856=VERTEX_POINT('',#16228);
#4857=VERTEX_POINT('',#16229);
#4858=VERTEX_POINT('',#16234);
#4859=VERTEX_POINT('',#16235);
#4860=VERTEX_POINT('',#16240);
#4861=VERTEX_POINT('',#16241);
#4862=VERTEX_POINT('',#16249);
#4863=VERTEX_POINT('',#16251);
#4864=VERTEX_POINT('',#16255);
#4865=VERTEX_POINT('',#16259);
#4866=VERTEX_POINT('',#16263);
#4867=VERTEX_POINT('',#16267);
#4868=VERTEX_POINT('',#16269);
#4869=VERTEX_POINT('',#16271);
#4870=VERTEX_POINT('',#16273);
#4871=VERTEX_POINT('',#16275);
#4872=VERTEX_POINT('',#16285);
#4873=VERTEX_POINT('',#16289);
#4874=VERTEX_POINT('',#16293);
#4875=VERTEX_POINT('',#16307);
#4876=VERTEX_POINT('',#16311);
#4877=VERTEX_POINT('',#16315);
#4878=VERTEX_POINT('',#16319);
#4879=VERTEX_POINT('',#16327);
#4880=EDGE_CURVE('',#4013,#4013,#3162,.T.);
#4881=EDGE_CURVE('',#4013,#4014,#3163,.T.);
#4882=EDGE_CURVE('',#4015,#4015,#3164,.T.);
#4883=EDGE_CURVE('',#4015,#4016,#668,.T.);
#4884=EDGE_CURVE('',#4016,#4017,#3165,.T.);
#4885=EDGE_CURVE('',#4017,#4016,#3166,.T.);
#4886=EDGE_CURVE('',#4018,#4019,#669,.T.);
#4887=EDGE_CURVE('',#4020,#4018,#3167,.T.);
#4888=EDGE_CURVE('',#4021,#4020,#670,.T.);
#4889=EDGE_CURVE('',#4022,#4021,#3168,.T.);
#4890=EDGE_CURVE('',#4023,#4022,#671,.T.);
#4891=EDGE_CURVE('',#4024,#4023,#3169,.T.);
#4892=EDGE_CURVE('',#4025,#4024,#672,.T.);
#4893=EDGE_CURVE('',#4019,#4025,#3170,.T.);
#4894=EDGE_CURVE('',#4026,#4026,#3171,.T.);
#4895=EDGE_CURVE('',#4027,#4027,#3172,.T.);
#4896=EDGE_CURVE('',#4028,#4028,#3173,.T.);
#4897=EDGE_CURVE('',#4029,#4029,#3174,.T.);
#4898=EDGE_CURVE('',#4030,#4030,#3175,.T.);
#4899=EDGE_CURVE('',#4031,#4031,#3176,.T.);
#4900=EDGE_CURVE('',#4032,#4032,#3177,.T.);
#4901=EDGE_CURVE('',#4033,#4033,#3178,.T.);
#4902=EDGE_CURVE('',#4034,#4034,#3179,.T.);
#4903=EDGE_CURVE('',#4035,#4035,#3180,.T.);
#4904=EDGE_CURVE('',#4036,#4036,#3181,.T.);
#4905=EDGE_CURVE('',#4037,#4037,#3182,.T.);
#4906=EDGE_CURVE('',#4038,#4038,#3183,.T.);
#4907=EDGE_CURVE('',#4039,#4039,#3184,.T.);
#4908=EDGE_CURVE('',#4040,#4040,#3185,.T.);
#4909=EDGE_CURVE('',#4041,#4041,#3186,.T.);
#4910=EDGE_CURVE('',#4042,#4042,#3187,.T.);
#4911=EDGE_CURVE('',#4043,#4043,#3188,.T.);
#4912=EDGE_CURVE('',#4044,#4044,#3189,.T.);
#4913=EDGE_CURVE('',#4045,#4045,#3190,.T.);
#4914=EDGE_CURVE('',#4046,#4046,#3191,.T.);
#4915=EDGE_CURVE('',#4047,#4047,#3192,.T.);
#4916=EDGE_CURVE('',#4048,#4048,#3193,.T.);
#4917=EDGE_CURVE('',#4049,#4049,#3194,.T.);
#4918=EDGE_CURVE('',#4050,#4050,#3195,.T.);
#4919=EDGE_CURVE('',#4051,#4051,#3196,.T.);
#4920=EDGE_CURVE('',#4052,#4052,#3197,.T.);
#4921=EDGE_CURVE('',#4053,#4053,#3198,.T.);
#4922=EDGE_CURVE('',#4054,#4054,#3199,.T.);
#4923=EDGE_CURVE('',#4055,#4055,#3200,.T.);
#4924=EDGE_CURVE('',#4056,#4056,#3201,.T.);
#4925=EDGE_CURVE('',#4057,#4057,#3202,.T.);
#4926=EDGE_CURVE('',#4058,#4058,#3203,.T.);
#4927=EDGE_CURVE('',#4059,#4059,#3204,.T.);
#4928=EDGE_CURVE('',#4060,#4060,#3205,.T.);
#4929=EDGE_CURVE('',#4061,#4061,#3206,.T.);
#4930=EDGE_CURVE('',#4062,#4062,#3207,.T.);
#4931=EDGE_CURVE('',#4063,#4063,#3208,.T.);
#4932=EDGE_CURVE('',#4064,#4064,#3209,.T.);
#4933=EDGE_CURVE('',#4065,#4065,#3210,.T.);
#4934=EDGE_CURVE('',#4066,#4066,#3211,.T.);
#4935=EDGE_CURVE('',#4067,#4067,#3212,.T.);
#4936=EDGE_CURVE('',#4068,#4068,#3213,.T.);
#4937=EDGE_CURVE('',#4069,#4069,#3214,.T.);
#4938=EDGE_CURVE('',#4070,#4070,#3215,.T.);
#4939=EDGE_CURVE('',#4071,#4071,#3216,.T.);
#4940=EDGE_CURVE('',#4072,#4072,#3217,.T.);
#4941=EDGE_CURVE('',#4073,#4073,#3218,.T.);
#4942=EDGE_CURVE('',#4074,#4074,#3219,.T.);
#4943=EDGE_CURVE('',#4075,#4075,#3220,.T.);
#4944=EDGE_CURVE('',#4076,#4076,#3221,.T.);
#4945=EDGE_CURVE('',#4077,#4077,#3222,.T.);
#4946=EDGE_CURVE('',#4078,#4078,#3223,.T.);
#4947=EDGE_CURVE('',#4079,#4079,#3224,.T.);
#4948=EDGE_CURVE('',#4080,#4080,#3225,.T.);
#4949=EDGE_CURVE('',#4081,#4081,#3226,.T.);
#4950=EDGE_CURVE('',#4082,#4082,#3227,.T.);
#4951=EDGE_CURVE('',#4083,#4083,#3228,.T.);
#4952=EDGE_CURVE('',#4084,#4084,#3229,.T.);
#4953=EDGE_CURVE('',#4085,#4085,#3230,.T.);
#4954=EDGE_CURVE('',#4086,#4086,#3231,.T.);
#4955=EDGE_CURVE('',#4087,#4087,#3232,.T.);
#4956=EDGE_CURVE('',#4088,#4088,#3233,.T.);
#4957=EDGE_CURVE('',#4089,#4089,#3234,.T.);
#4958=EDGE_CURVE('',#4090,#4090,#3235,.T.);
#4959=EDGE_CURVE('',#4091,#4091,#3236,.T.);
#4960=EDGE_CURVE('',#4092,#4092,#3237,.T.);
#4961=EDGE_CURVE('',#4093,#4093,#3238,.T.);
#4962=EDGE_CURVE('',#4094,#4094,#3239,.T.);
#4963=EDGE_CURVE('',#4095,#4095,#3240,.T.);
#4964=EDGE_CURVE('',#4096,#4096,#3241,.T.);
#4965=EDGE_CURVE('',#4097,#4097,#3242,.T.);
#4966=EDGE_CURVE('',#4098,#4098,#3243,.T.);
#4967=EDGE_CURVE('',#4099,#4099,#3244,.T.);
#4968=EDGE_CURVE('',#4100,#4100,#3245,.T.);
#4969=EDGE_CURVE('',#4101,#4101,#3246,.T.);
#4970=EDGE_CURVE('',#4102,#4102,#3247,.T.);
#4971=EDGE_CURVE('',#4103,#4103,#3248,.T.);
#4972=EDGE_CURVE('',#4104,#4104,#3249,.T.);
#4973=EDGE_CURVE('',#4105,#4105,#3250,.T.);
#4974=EDGE_CURVE('',#4106,#4106,#3251,.T.);
#4975=EDGE_CURVE('',#4107,#4107,#3252,.T.);
#4976=EDGE_CURVE('',#4108,#4108,#3253,.T.);
#4977=EDGE_CURVE('',#4109,#4109,#3254,.T.);
#4978=EDGE_CURVE('',#4110,#4110,#3255,.T.);
#4979=EDGE_CURVE('',#4111,#4111,#3256,.T.);
#4980=EDGE_CURVE('',#4112,#4112,#3257,.T.);
#4981=EDGE_CURVE('',#4113,#4113,#3258,.T.);
#4982=EDGE_CURVE('',#4114,#4114,#3259,.T.);
#4983=EDGE_CURVE('',#4115,#4115,#3260,.T.);
#4984=EDGE_CURVE('',#4116,#4116,#3261,.T.);
#4985=EDGE_CURVE('',#4117,#4117,#3262,.T.);
#4986=EDGE_CURVE('',#4118,#4118,#3263,.T.);
#4987=EDGE_CURVE('',#4119,#4119,#3264,.T.);
#4988=EDGE_CURVE('',#4120,#4120,#3265,.T.);
#4989=EDGE_CURVE('',#4121,#4121,#3266,.T.);
#4990=EDGE_CURVE('',#4122,#4122,#3267,.T.);
#4991=EDGE_CURVE('',#4123,#4123,#3268,.T.);
#4992=EDGE_CURVE('',#4124,#4124,#3269,.T.);
#4993=EDGE_CURVE('',#4125,#4125,#3270,.T.);
#4994=EDGE_CURVE('',#4126,#4126,#3271,.T.);
#4995=EDGE_CURVE('',#4127,#4127,#3272,.T.);
#4996=EDGE_CURVE('',#4128,#4128,#3273,.T.);
#4997=EDGE_CURVE('',#4129,#4129,#3274,.T.);
#4998=EDGE_CURVE('',#4130,#4130,#3275,.T.);
#4999=EDGE_CURVE('',#4131,#4131,#3276,.T.);
#5000=EDGE_CURVE('',#4132,#4132,#3277,.T.);
#5001=EDGE_CURVE('',#4133,#4133,#3278,.T.);
#5002=EDGE_CURVE('',#4134,#4134,#3279,.T.);
#5003=EDGE_CURVE('',#4135,#4135,#3280,.T.);
#5004=EDGE_CURVE('',#4136,#4136,#3281,.T.);
#5005=EDGE_CURVE('',#4137,#4137,#3282,.T.);
#5006=EDGE_CURVE('',#4138,#4138,#3283,.T.);
#5007=EDGE_CURVE('',#4139,#4139,#3284,.T.);
#5008=EDGE_CURVE('',#4140,#4140,#3285,.T.);
#5009=EDGE_CURVE('',#4141,#4141,#3286,.T.);
#5010=EDGE_CURVE('',#4142,#4142,#3287,.T.);
#5011=EDGE_CURVE('',#4143,#4143,#3288,.T.);
#5012=EDGE_CURVE('',#4144,#4144,#3289,.T.);
#5013=EDGE_CURVE('',#4145,#4145,#3290,.T.);
#5014=EDGE_CURVE('',#4146,#4146,#3291,.T.);
#5015=EDGE_CURVE('',#4147,#4147,#3292,.T.);
#5016=EDGE_CURVE('',#4148,#4148,#3293,.T.);
#5017=EDGE_CURVE('',#4149,#4149,#3294,.T.);
#5018=EDGE_CURVE('',#4150,#4150,#3295,.T.);
#5019=EDGE_CURVE('',#4151,#4151,#3296,.T.);
#5020=EDGE_CURVE('',#4152,#4152,#3297,.T.);
#5021=EDGE_CURVE('',#4153,#4153,#3298,.T.);
#5022=EDGE_CURVE('',#4154,#4154,#3299,.T.);
#5023=EDGE_CURVE('',#4155,#4155,#3300,.T.);
#5024=EDGE_CURVE('',#4156,#4156,#3301,.T.);
#5025=EDGE_CURVE('',#4157,#4157,#3302,.T.);
#5026=EDGE_CURVE('',#4158,#4158,#3303,.T.);
#5027=EDGE_CURVE('',#4159,#4159,#3304,.T.);
#5028=EDGE_CURVE('',#4160,#4160,#3305,.T.);
#5029=EDGE_CURVE('',#4161,#4161,#3306,.T.);
#5030=EDGE_CURVE('',#4162,#4162,#3307,.T.);
#5031=EDGE_CURVE('',#4163,#4163,#3308,.T.);
#5032=EDGE_CURVE('',#4164,#4164,#3309,.T.);
#5033=EDGE_CURVE('',#4165,#4165,#3310,.T.);
#5034=EDGE_CURVE('',#4166,#4166,#3311,.T.);
#5035=EDGE_CURVE('',#4167,#4167,#3312,.T.);
#5036=EDGE_CURVE('',#4168,#4168,#3313,.T.);
#5037=EDGE_CURVE('',#4169,#4169,#3314,.T.);
#5038=EDGE_CURVE('',#4170,#4170,#3315,.T.);
#5039=EDGE_CURVE('',#4171,#4171,#3316,.T.);
#5040=EDGE_CURVE('',#4172,#4172,#3317,.T.);
#5041=EDGE_CURVE('',#4173,#4173,#3318,.T.);
#5042=EDGE_CURVE('',#4174,#4174,#3319,.T.);
#5043=EDGE_CURVE('',#4175,#4175,#3320,.T.);
#5044=EDGE_CURVE('',#4176,#4176,#3321,.T.);
#5045=EDGE_CURVE('',#4177,#4177,#3322,.T.);
#5046=EDGE_CURVE('',#4178,#4178,#3323,.T.);
#5047=EDGE_CURVE('',#4179,#4179,#3324,.T.);
#5048=EDGE_CURVE('',#4180,#4180,#3325,.T.);
#5049=EDGE_CURVE('',#4181,#4181,#3326,.T.);
#5050=EDGE_CURVE('',#4182,#4182,#3327,.T.);
#5051=EDGE_CURVE('',#4183,#4183,#3328,.T.);
#5052=EDGE_CURVE('',#4184,#4184,#3329,.T.);
#5053=EDGE_CURVE('',#4185,#4185,#3330,.T.);
#5054=EDGE_CURVE('',#4186,#4186,#3331,.T.);
#5055=EDGE_CURVE('',#4187,#4187,#3332,.T.);
#5056=EDGE_CURVE('',#4188,#4188,#3333,.T.);
#5057=EDGE_CURVE('',#4189,#4189,#3334,.T.);
#5058=EDGE_CURVE('',#4190,#4190,#3335,.T.);
#5059=EDGE_CURVE('',#4191,#4191,#3336,.T.);
#5060=EDGE_CURVE('',#4192,#4192,#3337,.T.);
#5061=EDGE_CURVE('',#4193,#4193,#3338,.T.);
#5062=EDGE_CURVE('',#4194,#4194,#3339,.T.);
#5063=EDGE_CURVE('',#4195,#4195,#3340,.T.);
#5064=EDGE_CURVE('',#4196,#4196,#3341,.T.);
#5065=EDGE_CURVE('',#4197,#4197,#3342,.T.);
#5066=EDGE_CURVE('',#4198,#4198,#3343,.T.);
#5067=EDGE_CURVE('',#4199,#4199,#3344,.T.);
#5068=EDGE_CURVE('',#4200,#4200,#3345,.T.);
#5069=EDGE_CURVE('',#4201,#4201,#3346,.T.);
#5070=EDGE_CURVE('',#4202,#4202,#3347,.T.);
#5071=EDGE_CURVE('',#4203,#4203,#3348,.T.);
#5072=EDGE_CURVE('',#4204,#4204,#3349,.T.);
#5073=EDGE_CURVE('',#4205,#4205,#3350,.T.);
#5074=EDGE_CURVE('',#4206,#4206,#3351,.T.);
#5075=EDGE_CURVE('',#4207,#4207,#3352,.T.);
#5076=EDGE_CURVE('',#4208,#4208,#3353,.T.);
#5077=EDGE_CURVE('',#4209,#4209,#3354,.T.);
#5078=EDGE_CURVE('',#4210,#4210,#3355,.T.);
#5079=EDGE_CURVE('',#4211,#4211,#3356,.T.);
#5080=EDGE_CURVE('',#4212,#4212,#3357,.T.);
#5081=EDGE_CURVE('',#4213,#4213,#3358,.T.);
#5082=EDGE_CURVE('',#4214,#4214,#3359,.T.);
#5083=EDGE_CURVE('',#4215,#4215,#3360,.T.);
#5084=EDGE_CURVE('',#4216,#4216,#3361,.T.);
#5085=EDGE_CURVE('',#4217,#4217,#3362,.T.);
#5086=EDGE_CURVE('',#4218,#4218,#3363,.T.);
#5087=EDGE_CURVE('',#4219,#4219,#3364,.T.);
#5088=EDGE_CURVE('',#4220,#4220,#3365,.T.);
#5089=EDGE_CURVE('',#4221,#4221,#3366,.T.);
#5090=EDGE_CURVE('',#4222,#4222,#3367,.T.);
#5091=EDGE_CURVE('',#4223,#4223,#3368,.T.);
#5092=EDGE_CURVE('',#4224,#4224,#3369,.T.);
#5093=EDGE_CURVE('',#4225,#4225,#3370,.T.);
#5094=EDGE_CURVE('',#4226,#4226,#3371,.T.);
#5095=EDGE_CURVE('',#4227,#4227,#3372,.T.);
#5096=EDGE_CURVE('',#4228,#4228,#3373,.T.);
#5097=EDGE_CURVE('',#4229,#4229,#3374,.T.);
#5098=EDGE_CURVE('',#4017,#4230,#673,.T.);
#5099=EDGE_CURVE('',#4230,#4230,#3375,.T.);
#5100=EDGE_CURVE('',#4026,#4231,#674,.T.);
#5101=EDGE_CURVE('',#4231,#4232,#3376,.T.);
#5102=EDGE_CURVE('',#4232,#4231,#3377,.T.);
#5103=EDGE_CURVE('',#4232,#4233,#675,.T.);
#5104=EDGE_CURVE('',#4233,#4233,#3378,.T.);
#5105=EDGE_CURVE('',#4229,#4234,#676,.T.);
#5106=EDGE_CURVE('',#4234,#4235,#3379,.T.);
#5107=EDGE_CURVE('',#4235,#4234,#3380,.T.);
#5108=EDGE_CURVE('',#4235,#4236,#677,.T.);
#5109=EDGE_CURVE('',#4236,#4236,#3381,.T.);
#5110=EDGE_CURVE('',#4027,#4237,#678,.T.);
#5111=EDGE_CURVE('',#4237,#4238,#3382,.T.);
#5112=EDGE_CURVE('',#4238,#4237,#3383,.T.);
#5113=EDGE_CURVE('',#4238,#4239,#679,.T.);
#5114=EDGE_CURVE('',#4239,#4239,#3384,.T.);
#5115=EDGE_CURVE('',#4228,#4240,#680,.T.);
#5116=EDGE_CURVE('',#4240,#4241,#3385,.T.);
#5117=EDGE_CURVE('',#4241,#4240,#3386,.T.);
#5118=EDGE_CURVE('',#4241,#4242,#681,.T.);
#5119=EDGE_CURVE('',#4242,#4242,#3387,.T.);
#5120=EDGE_CURVE('',#4028,#4243,#682,.T.);
#5121=EDGE_CURVE('',#4243,#4244,#3388,.T.);
#5122=EDGE_CURVE('',#4244,#4243,#3389,.T.);
#5123=EDGE_CURVE('',#4244,#4245,#683,.T.);
#5124=EDGE_CURVE('',#4245,#4245,#3390,.T.);
#5125=EDGE_CURVE('',#4227,#4246,#684,.T.);
#5126=EDGE_CURVE('',#4246,#4247,#3391,.T.);
#5127=EDGE_CURVE('',#4247,#4246,#3392,.T.);
#5128=EDGE_CURVE('',#4247,#4248,#685,.T.);
#5129=EDGE_CURVE('',#4248,#4248,#3393,.T.);
#5130=EDGE_CURVE('',#4029,#4249,#686,.T.);
#5131=EDGE_CURVE('',#4249,#4250,#3394,.T.);
#5132=EDGE_CURVE('',#4250,#4249,#3395,.T.);
#5133=EDGE_CURVE('',#4250,#4251,#687,.T.);
#5134=EDGE_CURVE('',#4251,#4251,#3396,.T.);
#5135=EDGE_CURVE('',#4226,#4252,#688,.T.);
#5136=EDGE_CURVE('',#4252,#4253,#3397,.T.);
#5137=EDGE_CURVE('',#4253,#4252,#3398,.T.);
#5138=EDGE_CURVE('',#4253,#4254,#689,.T.);
#5139=EDGE_CURVE('',#4254,#4254,#3399,.T.);
#5140=EDGE_CURVE('',#4030,#4255,#690,.T.);
#5141=EDGE_CURVE('',#4255,#4256,#3400,.T.);
#5142=EDGE_CURVE('',#4256,#4255,#3401,.T.);
#5143=EDGE_CURVE('',#4256,#4257,#691,.T.);
#5144=EDGE_CURVE('',#4257,#4257,#3402,.T.);
#5145=EDGE_CURVE('',#4225,#4258,#692,.T.);
#5146=EDGE_CURVE('',#4258,#4259,#3403,.T.);
#5147=EDGE_CURVE('',#4259,#4258,#3404,.T.);
#5148=EDGE_CURVE('',#4259,#4260,#693,.T.);
#5149=EDGE_CURVE('',#4260,#4260,#3405,.T.);
#5150=EDGE_CURVE('',#4031,#4261,#694,.T.);
#5151=EDGE_CURVE('',#4261,#4262,#3406,.T.);
#5152=EDGE_CURVE('',#4262,#4261,#3407,.T.);
#5153=EDGE_CURVE('',#4262,#4263,#695,.T.);
#5154=EDGE_CURVE('',#4263,#4263,#3408,.T.);
#5155=EDGE_CURVE('',#4224,#4264,#696,.T.);
#5156=EDGE_CURVE('',#4264,#4265,#3409,.T.);
#5157=EDGE_CURVE('',#4265,#4264,#3410,.T.);
#5158=EDGE_CURVE('',#4265,#4266,#697,.T.);
#5159=EDGE_CURVE('',#4266,#4266,#3411,.T.);
#5160=EDGE_CURVE('',#4032,#4267,#698,.T.);
#5161=EDGE_CURVE('',#4267,#4268,#3412,.T.);
#5162=EDGE_CURVE('',#4268,#4267,#3413,.T.);
#5163=EDGE_CURVE('',#4268,#4269,#699,.T.);
#5164=EDGE_CURVE('',#4269,#4269,#3414,.T.);
#5165=EDGE_CURVE('',#4223,#4270,#700,.T.);
#5166=EDGE_CURVE('',#4270,#4271,#3415,.T.);
#5167=EDGE_CURVE('',#4271,#4270,#3416,.T.);
#5168=EDGE_CURVE('',#4271,#4272,#701,.T.);
#5169=EDGE_CURVE('',#4272,#4272,#3417,.T.);
#5170=EDGE_CURVE('',#4033,#4273,#702,.T.);
#5171=EDGE_CURVE('',#4273,#4274,#3418,.T.);
#5172=EDGE_CURVE('',#4274,#4273,#3419,.T.);
#5173=EDGE_CURVE('',#4274,#4275,#703,.T.);
#5174=EDGE_CURVE('',#4275,#4275,#3420,.T.);
#5175=EDGE_CURVE('',#4222,#4276,#704,.T.);
#5176=EDGE_CURVE('',#4276,#4277,#3421,.T.);
#5177=EDGE_CURVE('',#4277,#4276,#3422,.T.);
#5178=EDGE_CURVE('',#4277,#4278,#705,.T.);
#5179=EDGE_CURVE('',#4278,#4278,#3423,.T.);
#5180=EDGE_CURVE('',#4034,#4279,#706,.T.);
#5181=EDGE_CURVE('',#4279,#4280,#3424,.T.);
#5182=EDGE_CURVE('',#4280,#4279,#3425,.T.);
#5183=EDGE_CURVE('',#4280,#4281,#707,.T.);
#5184=EDGE_CURVE('',#4281,#4281,#3426,.T.);
#5185=EDGE_CURVE('',#4221,#4282,#708,.T.);
#5186=EDGE_CURVE('',#4282,#4283,#3427,.T.);
#5187=EDGE_CURVE('',#4283,#4282,#3428,.T.);
#5188=EDGE_CURVE('',#4283,#4284,#709,.T.);
#5189=EDGE_CURVE('',#4284,#4284,#3429,.T.);
#5190=EDGE_CURVE('',#4035,#4285,#710,.T.);
#5191=EDGE_CURVE('',#4285,#4286,#3430,.T.);
#5192=EDGE_CURVE('',#4286,#4285,#3431,.T.);
#5193=EDGE_CURVE('',#4286,#4287,#711,.T.);
#5194=EDGE_CURVE('',#4287,#4287,#3432,.T.);
#5195=EDGE_CURVE('',#4220,#4288,#712,.T.);
#5196=EDGE_CURVE('',#4288,#4289,#3433,.T.);
#5197=EDGE_CURVE('',#4289,#4288,#3434,.T.);
#5198=EDGE_CURVE('',#4289,#4290,#713,.T.);
#5199=EDGE_CURVE('',#4290,#4290,#3435,.T.);
#5200=EDGE_CURVE('',#4036,#4291,#714,.T.);
#5201=EDGE_CURVE('',#4291,#4292,#3436,.T.);
#5202=EDGE_CURVE('',#4292,#4291,#3437,.T.);
#5203=EDGE_CURVE('',#4292,#4293,#715,.T.);
#5204=EDGE_CURVE('',#4293,#4293,#3438,.T.);
#5205=EDGE_CURVE('',#4219,#4294,#716,.T.);
#5206=EDGE_CURVE('',#4294,#4295,#3439,.T.);
#5207=EDGE_CURVE('',#4295,#4294,#3440,.T.);
#5208=EDGE_CURVE('',#4295,#4296,#717,.T.);
#5209=EDGE_CURVE('',#4296,#4296,#3441,.T.);
#5210=EDGE_CURVE('',#4037,#4297,#718,.T.);
#5211=EDGE_CURVE('',#4297,#4298,#3442,.T.);
#5212=EDGE_CURVE('',#4298,#4297,#3443,.T.);
#5213=EDGE_CURVE('',#4298,#4299,#719,.T.);
#5214=EDGE_CURVE('',#4299,#4299,#3444,.T.);
#5215=EDGE_CURVE('',#4218,#4300,#720,.T.);
#5216=EDGE_CURVE('',#4300,#4301,#3445,.T.);
#5217=EDGE_CURVE('',#4301,#4300,#3446,.T.);
#5218=EDGE_CURVE('',#4301,#4302,#721,.T.);
#5219=EDGE_CURVE('',#4302,#4302,#3447,.T.);
#5220=EDGE_CURVE('',#4038,#4303,#722,.T.);
#5221=EDGE_CURVE('',#4303,#4304,#3448,.T.);
#5222=EDGE_CURVE('',#4304,#4303,#3449,.T.);
#5223=EDGE_CURVE('',#4304,#4305,#723,.T.);
#5224=EDGE_CURVE('',#4305,#4305,#3450,.T.);
#5225=EDGE_CURVE('',#4217,#4306,#724,.T.);
#5226=EDGE_CURVE('',#4306,#4307,#3451,.T.);
#5227=EDGE_CURVE('',#4307,#4306,#3452,.T.);
#5228=EDGE_CURVE('',#4307,#4308,#725,.T.);
#5229=EDGE_CURVE('',#4308,#4308,#3453,.T.);
#5230=EDGE_CURVE('',#4039,#4309,#726,.T.);
#5231=EDGE_CURVE('',#4309,#4310,#3454,.T.);
#5232=EDGE_CURVE('',#4310,#4309,#3455,.T.);
#5233=EDGE_CURVE('',#4310,#4311,#727,.T.);
#5234=EDGE_CURVE('',#4311,#4311,#3456,.T.);
#5235=EDGE_CURVE('',#4216,#4312,#728,.T.);
#5236=EDGE_CURVE('',#4312,#4313,#3457,.T.);
#5237=EDGE_CURVE('',#4313,#4312,#3458,.T.);
#5238=EDGE_CURVE('',#4313,#4314,#729,.T.);
#5239=EDGE_CURVE('',#4314,#4314,#3459,.T.);
#5240=EDGE_CURVE('',#4040,#4315,#730,.T.);
#5241=EDGE_CURVE('',#4315,#4316,#3460,.T.);
#5242=EDGE_CURVE('',#4316,#4315,#3461,.T.);
#5243=EDGE_CURVE('',#4316,#4317,#731,.T.);
#5244=EDGE_CURVE('',#4317,#4317,#3462,.T.);
#5245=EDGE_CURVE('',#4215,#4318,#732,.T.);
#5246=EDGE_CURVE('',#4318,#4319,#3463,.T.);
#5247=EDGE_CURVE('',#4319,#4318,#3464,.T.);
#5248=EDGE_CURVE('',#4319,#4320,#733,.T.);
#5249=EDGE_CURVE('',#4320,#4320,#3465,.T.);
#5250=EDGE_CURVE('',#4041,#4321,#734,.T.);
#5251=EDGE_CURVE('',#4321,#4322,#3466,.T.);
#5252=EDGE_CURVE('',#4322,#4321,#3467,.T.);
#5253=EDGE_CURVE('',#4322,#4323,#735,.T.);
#5254=EDGE_CURVE('',#4323,#4323,#3468,.T.);
#5255=EDGE_CURVE('',#4214,#4324,#736,.T.);
#5256=EDGE_CURVE('',#4324,#4325,#3469,.T.);
#5257=EDGE_CURVE('',#4325,#4324,#3470,.T.);
#5258=EDGE_CURVE('',#4325,#4326,#737,.T.);
#5259=EDGE_CURVE('',#4326,#4326,#3471,.T.);
#5260=EDGE_CURVE('',#4042,#4327,#738,.T.);
#5261=EDGE_CURVE('',#4327,#4328,#3472,.T.);
#5262=EDGE_CURVE('',#4328,#4327,#3473,.T.);
#5263=EDGE_CURVE('',#4328,#4329,#739,.T.);
#5264=EDGE_CURVE('',#4329,#4329,#3474,.T.);
#5265=EDGE_CURVE('',#4213,#4330,#740,.T.);
#5266=EDGE_CURVE('',#4330,#4331,#3475,.T.);
#5267=EDGE_CURVE('',#4331,#4330,#3476,.T.);
#5268=EDGE_CURVE('',#4331,#4332,#741,.T.);
#5269=EDGE_CURVE('',#4332,#4332,#3477,.T.);
#5270=EDGE_CURVE('',#4043,#4333,#742,.T.);
#5271=EDGE_CURVE('',#4333,#4334,#3478,.T.);
#5272=EDGE_CURVE('',#4334,#4333,#3479,.T.);
#5273=EDGE_CURVE('',#4334,#4335,#743,.T.);
#5274=EDGE_CURVE('',#4335,#4335,#3480,.T.);
#5275=EDGE_CURVE('',#4212,#4336,#744,.T.);
#5276=EDGE_CURVE('',#4336,#4337,#3481,.T.);
#5277=EDGE_CURVE('',#4337,#4336,#3482,.T.);
#5278=EDGE_CURVE('',#4337,#4338,#745,.T.);
#5279=EDGE_CURVE('',#4338,#4338,#3483,.T.);
#5280=EDGE_CURVE('',#4044,#4339,#746,.T.);
#5281=EDGE_CURVE('',#4339,#4340,#3484,.T.);
#5282=EDGE_CURVE('',#4340,#4339,#3485,.T.);
#5283=EDGE_CURVE('',#4340,#4341,#747,.T.);
#5284=EDGE_CURVE('',#4341,#4341,#3486,.T.);
#5285=EDGE_CURVE('',#4211,#4342,#748,.T.);
#5286=EDGE_CURVE('',#4342,#4343,#3487,.T.);
#5287=EDGE_CURVE('',#4343,#4342,#3488,.T.);
#5288=EDGE_CURVE('',#4343,#4344,#749,.T.);
#5289=EDGE_CURVE('',#4344,#4344,#3489,.T.);
#5290=EDGE_CURVE('',#4045,#4345,#750,.T.);
#5291=EDGE_CURVE('',#4345,#4346,#3490,.T.);
#5292=EDGE_CURVE('',#4346,#4345,#3491,.T.);
#5293=EDGE_CURVE('',#4346,#4347,#751,.T.);
#5294=EDGE_CURVE('',#4347,#4347,#3492,.T.);
#5295=EDGE_CURVE('',#4210,#4348,#752,.T.);
#5296=EDGE_CURVE('',#4348,#4349,#3493,.T.);
#5297=EDGE_CURVE('',#4349,#4348,#3494,.T.);
#5298=EDGE_CURVE('',#4349,#4350,#753,.T.);
#5299=EDGE_CURVE('',#4350,#4350,#3495,.T.);
#5300=EDGE_CURVE('',#4046,#4351,#754,.T.);
#5301=EDGE_CURVE('',#4351,#4352,#3496,.T.);
#5302=EDGE_CURVE('',#4352,#4351,#3497,.T.);
#5303=EDGE_CURVE('',#4352,#4353,#755,.T.);
#5304=EDGE_CURVE('',#4353,#4353,#3498,.T.);
#5305=EDGE_CURVE('',#4209,#4354,#756,.T.);
#5306=EDGE_CURVE('',#4354,#4355,#3499,.T.);
#5307=EDGE_CURVE('',#4355,#4354,#3500,.T.);
#5308=EDGE_CURVE('',#4355,#4356,#757,.T.);
#5309=EDGE_CURVE('',#4356,#4356,#3501,.T.);
#5310=EDGE_CURVE('',#4047,#4357,#758,.T.);
#5311=EDGE_CURVE('',#4357,#4358,#3502,.T.);
#5312=EDGE_CURVE('',#4358,#4357,#3503,.T.);
#5313=EDGE_CURVE('',#4358,#4359,#759,.T.);
#5314=EDGE_CURVE('',#4359,#4359,#3504,.T.);
#5315=EDGE_CURVE('',#4208,#4360,#760,.T.);
#5316=EDGE_CURVE('',#4360,#4361,#3505,.T.);
#5317=EDGE_CURVE('',#4361,#4360,#3506,.T.);
#5318=EDGE_CURVE('',#4361,#4362,#761,.T.);
#5319=EDGE_CURVE('',#4362,#4362,#3507,.T.);
#5320=EDGE_CURVE('',#4048,#4363,#762,.T.);
#5321=EDGE_CURVE('',#4363,#4364,#3508,.T.);
#5322=EDGE_CURVE('',#4364,#4363,#3509,.T.);
#5323=EDGE_CURVE('',#4364,#4365,#763,.T.);
#5324=EDGE_CURVE('',#4365,#4365,#3510,.T.);
#5325=EDGE_CURVE('',#4207,#4366,#764,.T.);
#5326=EDGE_CURVE('',#4366,#4367,#3511,.T.);
#5327=EDGE_CURVE('',#4367,#4366,#3512,.T.);
#5328=EDGE_CURVE('',#4367,#4368,#765,.T.);
#5329=EDGE_CURVE('',#4368,#4368,#3513,.T.);
#5330=EDGE_CURVE('',#4049,#4369,#766,.T.);
#5331=EDGE_CURVE('',#4369,#4370,#3514,.T.);
#5332=EDGE_CURVE('',#4370,#4369,#3515,.T.);
#5333=EDGE_CURVE('',#4370,#4371,#767,.T.);
#5334=EDGE_CURVE('',#4371,#4371,#3516,.T.);
#5335=EDGE_CURVE('',#4206,#4372,#768,.T.);
#5336=EDGE_CURVE('',#4372,#4373,#3517,.T.);
#5337=EDGE_CURVE('',#4373,#4372,#3518,.T.);
#5338=EDGE_CURVE('',#4373,#4374,#769,.T.);
#5339=EDGE_CURVE('',#4374,#4374,#3519,.T.);
#5340=EDGE_CURVE('',#4050,#4375,#770,.T.);
#5341=EDGE_CURVE('',#4375,#4376,#3520,.T.);
#5342=EDGE_CURVE('',#4376,#4375,#3521,.T.);
#5343=EDGE_CURVE('',#4376,#4377,#771,.T.);
#5344=EDGE_CURVE('',#4377,#4377,#3522,.T.);
#5345=EDGE_CURVE('',#4205,#4378,#772,.T.);
#5346=EDGE_CURVE('',#4378,#4379,#3523,.T.);
#5347=EDGE_CURVE('',#4379,#4378,#3524,.T.);
#5348=EDGE_CURVE('',#4379,#4380,#773,.T.);
#5349=EDGE_CURVE('',#4380,#4380,#3525,.T.);
#5350=EDGE_CURVE('',#4051,#4381,#774,.T.);
#5351=EDGE_CURVE('',#4381,#4382,#3526,.T.);
#5352=EDGE_CURVE('',#4382,#4381,#3527,.T.);
#5353=EDGE_CURVE('',#4382,#4383,#775,.T.);
#5354=EDGE_CURVE('',#4383,#4383,#3528,.T.);
#5355=EDGE_CURVE('',#4204,#4384,#776,.T.);
#5356=EDGE_CURVE('',#4384,#4385,#3529,.T.);
#5357=EDGE_CURVE('',#4385,#4384,#3530,.T.);
#5358=EDGE_CURVE('',#4385,#4386,#777,.T.);
#5359=EDGE_CURVE('',#4386,#4386,#3531,.T.);
#5360=EDGE_CURVE('',#4052,#4387,#778,.T.);
#5361=EDGE_CURVE('',#4387,#4388,#3532,.T.);
#5362=EDGE_CURVE('',#4388,#4387,#3533,.T.);
#5363=EDGE_CURVE('',#4388,#4389,#779,.T.);
#5364=EDGE_CURVE('',#4389,#4389,#3534,.T.);
#5365=EDGE_CURVE('',#4203,#4390,#780,.T.);
#5366=EDGE_CURVE('',#4390,#4391,#3535,.T.);
#5367=EDGE_CURVE('',#4391,#4390,#3536,.T.);
#5368=EDGE_CURVE('',#4391,#4392,#781,.T.);
#5369=EDGE_CURVE('',#4392,#4392,#3537,.T.);
#5370=EDGE_CURVE('',#4053,#4393,#782,.T.);
#5371=EDGE_CURVE('',#4393,#4394,#3538,.T.);
#5372=EDGE_CURVE('',#4394,#4393,#3539,.T.);
#5373=EDGE_CURVE('',#4394,#4395,#783,.T.);
#5374=EDGE_CURVE('',#4395,#4395,#3540,.T.);
#5375=EDGE_CURVE('',#4202,#4396,#784,.T.);
#5376=EDGE_CURVE('',#4396,#4397,#3541,.T.);
#5377=EDGE_CURVE('',#4397,#4396,#3542,.T.);
#5378=EDGE_CURVE('',#4397,#4398,#785,.T.);
#5379=EDGE_CURVE('',#4398,#4398,#3543,.T.);
#5380=EDGE_CURVE('',#4054,#4399,#786,.T.);
#5381=EDGE_CURVE('',#4399,#4400,#3544,.T.);
#5382=EDGE_CURVE('',#4400,#4399,#3545,.T.);
#5383=EDGE_CURVE('',#4400,#4401,#787,.T.);
#5384=EDGE_CURVE('',#4401,#4401,#3546,.T.);
#5385=EDGE_CURVE('',#4201,#4402,#788,.T.);
#5386=EDGE_CURVE('',#4402,#4403,#3547,.T.);
#5387=EDGE_CURVE('',#4403,#4402,#3548,.T.);
#5388=EDGE_CURVE('',#4403,#4404,#789,.T.);
#5389=EDGE_CURVE('',#4404,#4404,#3549,.T.);
#5390=EDGE_CURVE('',#4055,#4405,#790,.T.);
#5391=EDGE_CURVE('',#4405,#4406,#3550,.T.);
#5392=EDGE_CURVE('',#4406,#4405,#3551,.T.);
#5393=EDGE_CURVE('',#4406,#4407,#791,.T.);
#5394=EDGE_CURVE('',#4407,#4407,#3552,.T.);
#5395=EDGE_CURVE('',#4200,#4408,#792,.T.);
#5396=EDGE_CURVE('',#4408,#4409,#3553,.T.);
#5397=EDGE_CURVE('',#4409,#4408,#3554,.T.);
#5398=EDGE_CURVE('',#4409,#4410,#793,.T.);
#5399=EDGE_CURVE('',#4410,#4410,#3555,.T.);
#5400=EDGE_CURVE('',#4056,#4411,#794,.T.);
#5401=EDGE_CURVE('',#4411,#4412,#3556,.T.);
#5402=EDGE_CURVE('',#4412,#4411,#3557,.T.);
#5403=EDGE_CURVE('',#4412,#4413,#795,.T.);
#5404=EDGE_CURVE('',#4413,#4413,#3558,.T.);
#5405=EDGE_CURVE('',#4199,#4414,#796,.T.);
#5406=EDGE_CURVE('',#4414,#4415,#3559,.T.);
#5407=EDGE_CURVE('',#4415,#4414,#3560,.T.);
#5408=EDGE_CURVE('',#4415,#4416,#797,.T.);
#5409=EDGE_CURVE('',#4416,#4416,#3561,.T.);
#5410=EDGE_CURVE('',#4057,#4417,#798,.T.);
#5411=EDGE_CURVE('',#4417,#4418,#3562,.T.);
#5412=EDGE_CURVE('',#4418,#4417,#3563,.T.);
#5413=EDGE_CURVE('',#4418,#4419,#799,.T.);
#5414=EDGE_CURVE('',#4419,#4419,#3564,.T.);
#5415=EDGE_CURVE('',#4198,#4420,#800,.T.);
#5416=EDGE_CURVE('',#4420,#4421,#3565,.T.);
#5417=EDGE_CURVE('',#4421,#4420,#3566,.T.);
#5418=EDGE_CURVE('',#4421,#4422,#801,.T.);
#5419=EDGE_CURVE('',#4422,#4422,#3567,.T.);
#5420=EDGE_CURVE('',#4058,#4423,#802,.T.);
#5421=EDGE_CURVE('',#4423,#4424,#3568,.T.);
#5422=EDGE_CURVE('',#4424,#4423,#3569,.T.);
#5423=EDGE_CURVE('',#4424,#4425,#803,.T.);
#5424=EDGE_CURVE('',#4425,#4425,#3570,.T.);
#5425=EDGE_CURVE('',#4197,#4426,#804,.T.);
#5426=EDGE_CURVE('',#4426,#4427,#3571,.T.);
#5427=EDGE_CURVE('',#4427,#4426,#3572,.T.);
#5428=EDGE_CURVE('',#4427,#4428,#805,.T.);
#5429=EDGE_CURVE('',#4428,#4428,#3573,.T.);
#5430=EDGE_CURVE('',#4059,#4429,#806,.T.);
#5431=EDGE_CURVE('',#4429,#4430,#3574,.T.);
#5432=EDGE_CURVE('',#4430,#4429,#3575,.T.);
#5433=EDGE_CURVE('',#4430,#4431,#807,.T.);
#5434=EDGE_CURVE('',#4431,#4431,#3576,.T.);
#5435=EDGE_CURVE('',#4196,#4432,#808,.T.);
#5436=EDGE_CURVE('',#4432,#4433,#3577,.T.);
#5437=EDGE_CURVE('',#4433,#4432,#3578,.T.);
#5438=EDGE_CURVE('',#4433,#4434,#809,.T.);
#5439=EDGE_CURVE('',#4434,#4434,#3579,.T.);
#5440=EDGE_CURVE('',#4060,#4435,#810,.T.);
#5441=EDGE_CURVE('',#4435,#4436,#3580,.T.);
#5442=EDGE_CURVE('',#4436,#4435,#3581,.T.);
#5443=EDGE_CURVE('',#4436,#4437,#811,.T.);
#5444=EDGE_CURVE('',#4437,#4437,#3582,.T.);
#5445=EDGE_CURVE('',#4195,#4438,#812,.T.);
#5446=EDGE_CURVE('',#4438,#4439,#3583,.T.);
#5447=EDGE_CURVE('',#4439,#4438,#3584,.T.);
#5448=EDGE_CURVE('',#4439,#4440,#813,.T.);
#5449=EDGE_CURVE('',#4440,#4440,#3585,.T.);
#5450=EDGE_CURVE('',#4061,#4441,#814,.T.);
#5451=EDGE_CURVE('',#4441,#4442,#3586,.T.);
#5452=EDGE_CURVE('',#4442,#4441,#3587,.T.);
#5453=EDGE_CURVE('',#4442,#4443,#815,.T.);
#5454=EDGE_CURVE('',#4443,#4443,#3588,.T.);
#5455=EDGE_CURVE('',#4194,#4444,#816,.T.);
#5456=EDGE_CURVE('',#4444,#4445,#3589,.T.);
#5457=EDGE_CURVE('',#4445,#4444,#3590,.T.);
#5458=EDGE_CURVE('',#4445,#4446,#817,.T.);
#5459=EDGE_CURVE('',#4446,#4446,#3591,.T.);
#5460=EDGE_CURVE('',#4062,#4447,#818,.T.);
#5461=EDGE_CURVE('',#4447,#4448,#3592,.T.);
#5462=EDGE_CURVE('',#4448,#4447,#3593,.T.);
#5463=EDGE_CURVE('',#4448,#4449,#819,.T.);
#5464=EDGE_CURVE('',#4449,#4449,#3594,.T.);
#5465=EDGE_CURVE('',#4193,#4450,#820,.T.);
#5466=EDGE_CURVE('',#4450,#4451,#3595,.T.);
#5467=EDGE_CURVE('',#4451,#4450,#3596,.T.);
#5468=EDGE_CURVE('',#4451,#4452,#821,.T.);
#5469=EDGE_CURVE('',#4452,#4452,#3597,.T.);
#5470=EDGE_CURVE('',#4063,#4453,#822,.T.);
#5471=EDGE_CURVE('',#4453,#4454,#3598,.T.);
#5472=EDGE_CURVE('',#4454,#4453,#3599,.T.);
#5473=EDGE_CURVE('',#4454,#4455,#823,.T.);
#5474=EDGE_CURVE('',#4455,#4455,#3600,.T.);
#5475=EDGE_CURVE('',#4192,#4456,#824,.T.);
#5476=EDGE_CURVE('',#4456,#4457,#3601,.T.);
#5477=EDGE_CURVE('',#4457,#4456,#3602,.T.);
#5478=EDGE_CURVE('',#4457,#4458,#825,.T.);
#5479=EDGE_CURVE('',#4458,#4458,#3603,.T.);
#5480=EDGE_CURVE('',#4064,#4459,#826,.T.);
#5481=EDGE_CURVE('',#4459,#4460,#3604,.T.);
#5482=EDGE_CURVE('',#4460,#4459,#3605,.T.);
#5483=EDGE_CURVE('',#4460,#4461,#827,.T.);
#5484=EDGE_CURVE('',#4461,#4461,#3606,.T.);
#5485=EDGE_CURVE('',#4191,#4462,#828,.T.);
#5486=EDGE_CURVE('',#4462,#4463,#3607,.T.);
#5487=EDGE_CURVE('',#4463,#4462,#3608,.T.);
#5488=EDGE_CURVE('',#4463,#4464,#829,.T.);
#5489=EDGE_CURVE('',#4464,#4464,#3609,.T.);
#5490=EDGE_CURVE('',#4065,#4465,#830,.T.);
#5491=EDGE_CURVE('',#4465,#4466,#3610,.T.);
#5492=EDGE_CURVE('',#4466,#4465,#3611,.T.);
#5493=EDGE_CURVE('',#4466,#4467,#831,.T.);
#5494=EDGE_CURVE('',#4467,#4467,#3612,.T.);
#5495=EDGE_CURVE('',#4190,#4468,#832,.T.);
#5496=EDGE_CURVE('',#4468,#4469,#3613,.T.);
#5497=EDGE_CURVE('',#4469,#4468,#3614,.T.);
#5498=EDGE_CURVE('',#4469,#4470,#833,.T.);
#5499=EDGE_CURVE('',#4470,#4470,#3615,.T.);
#5500=EDGE_CURVE('',#4066,#4471,#834,.T.);
#5501=EDGE_CURVE('',#4471,#4472,#3616,.T.);
#5502=EDGE_CURVE('',#4472,#4471,#3617,.T.);
#5503=EDGE_CURVE('',#4472,#4473,#835,.T.);
#5504=EDGE_CURVE('',#4473,#4473,#3618,.T.);
#5505=EDGE_CURVE('',#4189,#4474,#836,.T.);
#5506=EDGE_CURVE('',#4474,#4475,#3619,.T.);
#5507=EDGE_CURVE('',#4475,#4474,#3620,.T.);
#5508=EDGE_CURVE('',#4475,#4476,#837,.T.);
#5509=EDGE_CURVE('',#4476,#4476,#3621,.T.);
#5510=EDGE_CURVE('',#4067,#4477,#838,.T.);
#5511=EDGE_CURVE('',#4477,#4478,#3622,.T.);
#5512=EDGE_CURVE('',#4478,#4477,#3623,.T.);
#5513=EDGE_CURVE('',#4478,#4479,#839,.T.);
#5514=EDGE_CURVE('',#4479,#4479,#3624,.T.);
#5515=EDGE_CURVE('',#4188,#4480,#840,.T.);
#5516=EDGE_CURVE('',#4480,#4481,#3625,.T.);
#5517=EDGE_CURVE('',#4481,#4480,#3626,.T.);
#5518=EDGE_CURVE('',#4481,#4482,#841,.T.);
#5519=EDGE_CURVE('',#4482,#4482,#3627,.T.);
#5520=EDGE_CURVE('',#4068,#4483,#842,.T.);
#5521=EDGE_CURVE('',#4483,#4484,#3628,.T.);
#5522=EDGE_CURVE('',#4484,#4483,#3629,.T.);
#5523=EDGE_CURVE('',#4484,#4485,#843,.T.);
#5524=EDGE_CURVE('',#4485,#4485,#3630,.T.);
#5525=EDGE_CURVE('',#4187,#4486,#844,.T.);
#5526=EDGE_CURVE('',#4486,#4487,#3631,.T.);
#5527=EDGE_CURVE('',#4487,#4486,#3632,.T.);
#5528=EDGE_CURVE('',#4487,#4488,#845,.T.);
#5529=EDGE_CURVE('',#4488,#4488,#3633,.T.);
#5530=EDGE_CURVE('',#4069,#4489,#846,.T.);
#5531=EDGE_CURVE('',#4489,#4490,#3634,.T.);
#5532=EDGE_CURVE('',#4490,#4489,#3635,.T.);
#5533=EDGE_CURVE('',#4490,#4491,#847,.T.);
#5534=EDGE_CURVE('',#4491,#4491,#3636,.T.);
#5535=EDGE_CURVE('',#4186,#4492,#848,.T.);
#5536=EDGE_CURVE('',#4492,#4493,#3637,.T.);
#5537=EDGE_CURVE('',#4493,#4492,#3638,.T.);
#5538=EDGE_CURVE('',#4493,#4494,#849,.T.);
#5539=EDGE_CURVE('',#4494,#4494,#3639,.T.);
#5540=EDGE_CURVE('',#4070,#4495,#850,.T.);
#5541=EDGE_CURVE('',#4495,#4496,#3640,.T.);
#5542=EDGE_CURVE('',#4496,#4495,#3641,.T.);
#5543=EDGE_CURVE('',#4496,#4497,#851,.T.);
#5544=EDGE_CURVE('',#4497,#4497,#3642,.T.);
#5545=EDGE_CURVE('',#4185,#4498,#852,.T.);
#5546=EDGE_CURVE('',#4498,#4499,#3643,.T.);
#5547=EDGE_CURVE('',#4499,#4498,#3644,.T.);
#5548=EDGE_CURVE('',#4499,#4500,#853,.T.);
#5549=EDGE_CURVE('',#4500,#4500,#3645,.T.);
#5550=EDGE_CURVE('',#4071,#4501,#854,.T.);
#5551=EDGE_CURVE('',#4501,#4502,#3646,.T.);
#5552=EDGE_CURVE('',#4502,#4501,#3647,.T.);
#5553=EDGE_CURVE('',#4502,#4503,#855,.T.);
#5554=EDGE_CURVE('',#4503,#4503,#3648,.T.);
#5555=EDGE_CURVE('',#4184,#4504,#856,.T.);
#5556=EDGE_CURVE('',#4504,#4505,#3649,.T.);
#5557=EDGE_CURVE('',#4505,#4504,#3650,.T.);
#5558=EDGE_CURVE('',#4505,#4506,#857,.T.);
#5559=EDGE_CURVE('',#4506,#4506,#3651,.T.);
#5560=EDGE_CURVE('',#4072,#4507,#858,.T.);
#5561=EDGE_CURVE('',#4507,#4508,#3652,.T.);
#5562=EDGE_CURVE('',#4508,#4507,#3653,.T.);
#5563=EDGE_CURVE('',#4508,#4509,#859,.T.);
#5564=EDGE_CURVE('',#4509,#4509,#3654,.T.);
#5565=EDGE_CURVE('',#4183,#4510,#860,.T.);
#5566=EDGE_CURVE('',#4510,#4511,#3655,.T.);
#5567=EDGE_CURVE('',#4511,#4510,#3656,.T.);
#5568=EDGE_CURVE('',#4511,#4512,#861,.T.);
#5569=EDGE_CURVE('',#4512,#4512,#3657,.T.);
#5570=EDGE_CURVE('',#4073,#4513,#862,.T.);
#5571=EDGE_CURVE('',#4513,#4514,#3658,.T.);
#5572=EDGE_CURVE('',#4514,#4513,#3659,.T.);
#5573=EDGE_CURVE('',#4514,#4515,#863,.T.);
#5574=EDGE_CURVE('',#4515,#4515,#3660,.T.);
#5575=EDGE_CURVE('',#4182,#4516,#864,.T.);
#5576=EDGE_CURVE('',#4516,#4517,#3661,.T.);
#5577=EDGE_CURVE('',#4517,#4516,#3662,.T.);
#5578=EDGE_CURVE('',#4517,#4518,#865,.T.);
#5579=EDGE_CURVE('',#4518,#4518,#3663,.T.);
#5580=EDGE_CURVE('',#4074,#4519,#866,.T.);
#5581=EDGE_CURVE('',#4519,#4520,#3664,.T.);
#5582=EDGE_CURVE('',#4520,#4519,#3665,.T.);
#5583=EDGE_CURVE('',#4520,#4521,#867,.T.);
#5584=EDGE_CURVE('',#4521,#4521,#3666,.T.);
#5585=EDGE_CURVE('',#4181,#4522,#868,.T.);
#5586=EDGE_CURVE('',#4522,#4523,#3667,.T.);
#5587=EDGE_CURVE('',#4523,#4522,#3668,.T.);
#5588=EDGE_CURVE('',#4523,#4524,#869,.T.);
#5589=EDGE_CURVE('',#4524,#4524,#3669,.T.);
#5590=EDGE_CURVE('',#4075,#4525,#870,.T.);
#5591=EDGE_CURVE('',#4525,#4526,#3670,.T.);
#5592=EDGE_CURVE('',#4526,#4525,#3671,.T.);
#5593=EDGE_CURVE('',#4526,#4527,#871,.T.);
#5594=EDGE_CURVE('',#4527,#4527,#3672,.T.);
#5595=EDGE_CURVE('',#4180,#4528,#872,.T.);
#5596=EDGE_CURVE('',#4528,#4529,#3673,.T.);
#5597=EDGE_CURVE('',#4529,#4528,#3674,.T.);
#5598=EDGE_CURVE('',#4529,#4530,#873,.T.);
#5599=EDGE_CURVE('',#4530,#4530,#3675,.T.);
#5600=EDGE_CURVE('',#4076,#4531,#874,.T.);
#5601=EDGE_CURVE('',#4531,#4532,#3676,.T.);
#5602=EDGE_CURVE('',#4532,#4531,#3677,.T.);
#5603=EDGE_CURVE('',#4532,#4533,#875,.T.);
#5604=EDGE_CURVE('',#4533,#4533,#3678,.T.);
#5605=EDGE_CURVE('',#4179,#4534,#876,.T.);
#5606=EDGE_CURVE('',#4534,#4535,#3679,.T.);
#5607=EDGE_CURVE('',#4535,#4534,#3680,.T.);
#5608=EDGE_CURVE('',#4535,#4536,#877,.T.);
#5609=EDGE_CURVE('',#4536,#4536,#3681,.T.);
#5610=EDGE_CURVE('',#4077,#4537,#878,.T.);
#5611=EDGE_CURVE('',#4537,#4538,#3682,.T.);
#5612=EDGE_CURVE('',#4538,#4537,#3683,.T.);
#5613=EDGE_CURVE('',#4538,#4539,#879,.T.);
#5614=EDGE_CURVE('',#4539,#4539,#3684,.T.);
#5615=EDGE_CURVE('',#4178,#4540,#880,.T.);
#5616=EDGE_CURVE('',#4540,#4541,#3685,.T.);
#5617=EDGE_CURVE('',#4541,#4540,#3686,.T.);
#5618=EDGE_CURVE('',#4541,#4542,#881,.T.);
#5619=EDGE_CURVE('',#4542,#4542,#3687,.T.);
#5620=EDGE_CURVE('',#4078,#4543,#882,.T.);
#5621=EDGE_CURVE('',#4543,#4544,#3688,.T.);
#5622=EDGE_CURVE('',#4544,#4543,#3689,.T.);
#5623=EDGE_CURVE('',#4544,#4545,#883,.T.);
#5624=EDGE_CURVE('',#4545,#4545,#3690,.T.);
#5625=EDGE_CURVE('',#4177,#4546,#884,.T.);
#5626=EDGE_CURVE('',#4546,#4547,#3691,.T.);
#5627=EDGE_CURVE('',#4547,#4546,#3692,.T.);
#5628=EDGE_CURVE('',#4547,#4548,#885,.T.);
#5629=EDGE_CURVE('',#4548,#4548,#3693,.T.);
#5630=EDGE_CURVE('',#4079,#4549,#886,.T.);
#5631=EDGE_CURVE('',#4549,#4550,#3694,.T.);
#5632=EDGE_CURVE('',#4550,#4549,#3695,.T.);
#5633=EDGE_CURVE('',#4550,#4551,#887,.T.);
#5634=EDGE_CURVE('',#4551,#4551,#3696,.T.);
#5635=EDGE_CURVE('',#4176,#4552,#888,.T.);
#5636=EDGE_CURVE('',#4552,#4553,#3697,.T.);
#5637=EDGE_CURVE('',#4553,#4552,#3698,.T.);
#5638=EDGE_CURVE('',#4553,#4554,#889,.T.);
#5639=EDGE_CURVE('',#4554,#4554,#3699,.T.);
#5640=EDGE_CURVE('',#4080,#4555,#890,.T.);
#5641=EDGE_CURVE('',#4555,#4556,#3700,.T.);
#5642=EDGE_CURVE('',#4556,#4555,#3701,.T.);
#5643=EDGE_CURVE('',#4556,#4557,#891,.T.);
#5644=EDGE_CURVE('',#4557,#4557,#3702,.T.);
#5645=EDGE_CURVE('',#4175,#4558,#892,.T.);
#5646=EDGE_CURVE('',#4558,#4559,#3703,.T.);
#5647=EDGE_CURVE('',#4559,#4558,#3704,.T.);
#5648=EDGE_CURVE('',#4559,#4560,#893,.T.);
#5649=EDGE_CURVE('',#4560,#4560,#3705,.T.);
#5650=EDGE_CURVE('',#4081,#4561,#894,.T.);
#5651=EDGE_CURVE('',#4561,#4562,#3706,.T.);
#5652=EDGE_CURVE('',#4562,#4561,#3707,.T.);
#5653=EDGE_CURVE('',#4562,#4563,#895,.T.);
#5654=EDGE_CURVE('',#4563,#4563,#3708,.T.);
#5655=EDGE_CURVE('',#4174,#4564,#896,.T.);
#5656=EDGE_CURVE('',#4564,#4565,#3709,.T.);
#5657=EDGE_CURVE('',#4565,#4564,#3710,.T.);
#5658=EDGE_CURVE('',#4565,#4566,#897,.T.);
#5659=EDGE_CURVE('',#4566,#4566,#3711,.T.);
#5660=EDGE_CURVE('',#4082,#4567,#898,.T.);
#5661=EDGE_CURVE('',#4567,#4568,#3712,.T.);
#5662=EDGE_CURVE('',#4568,#4567,#3713,.T.);
#5663=EDGE_CURVE('',#4568,#4569,#899,.T.);
#5664=EDGE_CURVE('',#4569,#4569,#3714,.T.);
#5665=EDGE_CURVE('',#4173,#4570,#900,.T.);
#5666=EDGE_CURVE('',#4570,#4571,#3715,.T.);
#5667=EDGE_CURVE('',#4571,#4570,#3716,.T.);
#5668=EDGE_CURVE('',#4571,#4572,#901,.T.);
#5669=EDGE_CURVE('',#4572,#4572,#3717,.T.);
#5670=EDGE_CURVE('',#4083,#4573,#902,.T.);
#5671=EDGE_CURVE('',#4573,#4574,#3718,.T.);
#5672=EDGE_CURVE('',#4574,#4573,#3719,.T.);
#5673=EDGE_CURVE('',#4574,#4575,#903,.T.);
#5674=EDGE_CURVE('',#4575,#4575,#3720,.T.);
#5675=EDGE_CURVE('',#4172,#4576,#904,.T.);
#5676=EDGE_CURVE('',#4576,#4577,#3721,.T.);
#5677=EDGE_CURVE('',#4577,#4576,#3722,.T.);
#5678=EDGE_CURVE('',#4577,#4578,#905,.T.);
#5679=EDGE_CURVE('',#4578,#4578,#3723,.T.);
#5680=EDGE_CURVE('',#4084,#4579,#906,.T.);
#5681=EDGE_CURVE('',#4579,#4580,#3724,.T.);
#5682=EDGE_CURVE('',#4580,#4579,#3725,.T.);
#5683=EDGE_CURVE('',#4580,#4581,#907,.T.);
#5684=EDGE_CURVE('',#4581,#4581,#3726,.T.);
#5685=EDGE_CURVE('',#4171,#4582,#908,.T.);
#5686=EDGE_CURVE('',#4582,#4583,#3727,.T.);
#5687=EDGE_CURVE('',#4583,#4582,#3728,.T.);
#5688=EDGE_CURVE('',#4583,#4584,#909,.T.);
#5689=EDGE_CURVE('',#4584,#4584,#3729,.T.);
#5690=EDGE_CURVE('',#4085,#4585,#910,.T.);
#5691=EDGE_CURVE('',#4585,#4586,#3730,.T.);
#5692=EDGE_CURVE('',#4586,#4585,#3731,.T.);
#5693=EDGE_CURVE('',#4586,#4587,#911,.T.);
#5694=EDGE_CURVE('',#4587,#4587,#3732,.T.);
#5695=EDGE_CURVE('',#4170,#4588,#912,.T.);
#5696=EDGE_CURVE('',#4588,#4589,#3733,.T.);
#5697=EDGE_CURVE('',#4589,#4588,#3734,.T.);
#5698=EDGE_CURVE('',#4589,#4590,#913,.T.);
#5699=EDGE_CURVE('',#4590,#4590,#3735,.T.);
#5700=EDGE_CURVE('',#4086,#4591,#914,.T.);
#5701=EDGE_CURVE('',#4591,#4592,#3736,.T.);
#5702=EDGE_CURVE('',#4592,#4591,#3737,.T.);
#5703=EDGE_CURVE('',#4592,#4593,#915,.T.);
#5704=EDGE_CURVE('',#4593,#4593,#3738,.T.);
#5705=EDGE_CURVE('',#4169,#4594,#916,.T.);
#5706=EDGE_CURVE('',#4594,#4595,#3739,.T.);
#5707=EDGE_CURVE('',#4595,#4594,#3740,.T.);
#5708=EDGE_CURVE('',#4595,#4596,#917,.T.);
#5709=EDGE_CURVE('',#4596,#4596,#3741,.T.);
#5710=EDGE_CURVE('',#4087,#4597,#918,.T.);
#5711=EDGE_CURVE('',#4597,#4598,#3742,.T.);
#5712=EDGE_CURVE('',#4598,#4597,#3743,.T.);
#5713=EDGE_CURVE('',#4598,#4599,#919,.T.);
#5714=EDGE_CURVE('',#4599,#4599,#3744,.T.);
#5715=EDGE_CURVE('',#4168,#4600,#920,.T.);
#5716=EDGE_CURVE('',#4600,#4601,#3745,.T.);
#5717=EDGE_CURVE('',#4601,#4600,#3746,.T.);
#5718=EDGE_CURVE('',#4601,#4602,#921,.T.);
#5719=EDGE_CURVE('',#4602,#4602,#3747,.T.);
#5720=EDGE_CURVE('',#4088,#4603,#922,.T.);
#5721=EDGE_CURVE('',#4603,#4604,#3748,.T.);
#5722=EDGE_CURVE('',#4604,#4603,#3749,.T.);
#5723=EDGE_CURVE('',#4604,#4605,#923,.T.);
#5724=EDGE_CURVE('',#4605,#4605,#3750,.T.);
#5725=EDGE_CURVE('',#4167,#4606,#924,.T.);
#5726=EDGE_CURVE('',#4606,#4607,#3751,.T.);
#5727=EDGE_CURVE('',#4607,#4606,#3752,.T.);
#5728=EDGE_CURVE('',#4607,#4608,#925,.T.);
#5729=EDGE_CURVE('',#4608,#4608,#3753,.T.);
#5730=EDGE_CURVE('',#4089,#4609,#926,.T.);
#5731=EDGE_CURVE('',#4609,#4610,#3754,.T.);
#5732=EDGE_CURVE('',#4610,#4609,#3755,.T.);
#5733=EDGE_CURVE('',#4610,#4611,#927,.T.);
#5734=EDGE_CURVE('',#4611,#4611,#3756,.T.);
#5735=EDGE_CURVE('',#4166,#4612,#928,.T.);
#5736=EDGE_CURVE('',#4612,#4613,#3757,.T.);
#5737=EDGE_CURVE('',#4613,#4612,#3758,.T.);
#5738=EDGE_CURVE('',#4613,#4614,#929,.T.);
#5739=EDGE_CURVE('',#4614,#4614,#3759,.T.);
#5740=EDGE_CURVE('',#4090,#4615,#930,.T.);
#5741=EDGE_CURVE('',#4615,#4616,#3760,.T.);
#5742=EDGE_CURVE('',#4616,#4615,#3761,.T.);
#5743=EDGE_CURVE('',#4616,#4617,#931,.T.);
#5744=EDGE_CURVE('',#4617,#4617,#3762,.T.);
#5745=EDGE_CURVE('',#4165,#4618,#932,.T.);
#5746=EDGE_CURVE('',#4618,#4619,#3763,.T.);
#5747=EDGE_CURVE('',#4619,#4618,#3764,.T.);
#5748=EDGE_CURVE('',#4619,#4620,#933,.T.);
#5749=EDGE_CURVE('',#4620,#4620,#3765,.T.);
#5750=EDGE_CURVE('',#4091,#4621,#934,.T.);
#5751=EDGE_CURVE('',#4621,#4622,#3766,.T.);
#5752=EDGE_CURVE('',#4622,#4621,#3767,.T.);
#5753=EDGE_CURVE('',#4622,#4623,#935,.T.);
#5754=EDGE_CURVE('',#4623,#4623,#3768,.T.);
#5755=EDGE_CURVE('',#4164,#4624,#936,.T.);
#5756=EDGE_CURVE('',#4624,#4625,#3769,.T.);
#5757=EDGE_CURVE('',#4625,#4624,#3770,.T.);
#5758=EDGE_CURVE('',#4625,#4626,#937,.T.);
#5759=EDGE_CURVE('',#4626,#4626,#3771,.T.);
#5760=EDGE_CURVE('',#4092,#4627,#938,.T.);
#5761=EDGE_CURVE('',#4627,#4628,#3772,.T.);
#5762=EDGE_CURVE('',#4628,#4627,#3773,.T.);
#5763=EDGE_CURVE('',#4628,#4629,#939,.T.);
#5764=EDGE_CURVE('',#4629,#4629,#3774,.T.);
#5765=EDGE_CURVE('',#4163,#4630,#940,.T.);
#5766=EDGE_CURVE('',#4630,#4631,#3775,.T.);
#5767=EDGE_CURVE('',#4631,#4630,#3776,.T.);
#5768=EDGE_CURVE('',#4631,#4632,#941,.T.);
#5769=EDGE_CURVE('',#4632,#4632,#3777,.T.);
#5770=EDGE_CURVE('',#4093,#4633,#942,.T.);
#5771=EDGE_CURVE('',#4633,#4634,#3778,.T.);
#5772=EDGE_CURVE('',#4634,#4633,#3779,.T.);
#5773=EDGE_CURVE('',#4634,#4635,#943,.T.);
#5774=EDGE_CURVE('',#4635,#4635,#3780,.T.);
#5775=EDGE_CURVE('',#4162,#4636,#944,.T.);
#5776=EDGE_CURVE('',#4636,#4637,#3781,.T.);
#5777=EDGE_CURVE('',#4637,#4636,#3782,.T.);
#5778=EDGE_CURVE('',#4637,#4638,#945,.T.);
#5779=EDGE_CURVE('',#4638,#4638,#3783,.T.);
#5780=EDGE_CURVE('',#4094,#4639,#946,.T.);
#5781=EDGE_CURVE('',#4639,#4640,#3784,.T.);
#5782=EDGE_CURVE('',#4640,#4639,#3785,.T.);
#5783=EDGE_CURVE('',#4640,#4641,#947,.T.);
#5784=EDGE_CURVE('',#4641,#4641,#3786,.T.);
#5785=EDGE_CURVE('',#4161,#4642,#948,.T.);
#5786=EDGE_CURVE('',#4642,#4643,#3787,.T.);
#5787=EDGE_CURVE('',#4643,#4642,#3788,.T.);
#5788=EDGE_CURVE('',#4643,#4644,#949,.T.);
#5789=EDGE_CURVE('',#4644,#4644,#3789,.T.);
#5790=EDGE_CURVE('',#4095,#4645,#950,.T.);
#5791=EDGE_CURVE('',#4645,#4646,#3790,.T.);
#5792=EDGE_CURVE('',#4646,#4645,#3791,.T.);
#5793=EDGE_CURVE('',#4646,#4647,#951,.T.);
#5794=EDGE_CURVE('',#4647,#4647,#3792,.T.);
#5795=EDGE_CURVE('',#4160,#4648,#952,.T.);
#5796=EDGE_CURVE('',#4648,#4649,#3793,.T.);
#5797=EDGE_CURVE('',#4649,#4648,#3794,.T.);
#5798=EDGE_CURVE('',#4649,#4650,#953,.T.);
#5799=EDGE_CURVE('',#4650,#4650,#3795,.T.);
#5800=EDGE_CURVE('',#4096,#4651,#954,.T.);
#5801=EDGE_CURVE('',#4651,#4652,#3796,.T.);
#5802=EDGE_CURVE('',#4652,#4651,#3797,.T.);
#5803=EDGE_CURVE('',#4652,#4653,#955,.T.);
#5804=EDGE_CURVE('',#4653,#4653,#3798,.T.);
#5805=EDGE_CURVE('',#4159,#4654,#956,.T.);
#5806=EDGE_CURVE('',#4654,#4655,#3799,.T.);
#5807=EDGE_CURVE('',#4655,#4654,#3800,.T.);
#5808=EDGE_CURVE('',#4655,#4656,#957,.T.);
#5809=EDGE_CURVE('',#4656,#4656,#3801,.T.);
#5810=EDGE_CURVE('',#4097,#4657,#958,.T.);
#5811=EDGE_CURVE('',#4657,#4658,#3802,.T.);
#5812=EDGE_CURVE('',#4658,#4657,#3803,.T.);
#5813=EDGE_CURVE('',#4658,#4659,#959,.T.);
#5814=EDGE_CURVE('',#4659,#4659,#3804,.T.);
#5815=EDGE_CURVE('',#4158,#4660,#960,.T.);
#5816=EDGE_CURVE('',#4660,#4661,#3805,.T.);
#5817=EDGE_CURVE('',#4661,#4660,#3806,.T.);
#5818=EDGE_CURVE('',#4661,#4662,#961,.T.);
#5819=EDGE_CURVE('',#4662,#4662,#3807,.T.);
#5820=EDGE_CURVE('',#4098,#4663,#962,.T.);
#5821=EDGE_CURVE('',#4663,#4664,#3808,.T.);
#5822=EDGE_CURVE('',#4664,#4663,#3809,.T.);
#5823=EDGE_CURVE('',#4664,#4665,#963,.T.);
#5824=EDGE_CURVE('',#4665,#4665,#3810,.T.);
#5825=EDGE_CURVE('',#4157,#4666,#964,.T.);
#5826=EDGE_CURVE('',#4666,#4667,#3811,.T.);
#5827=EDGE_CURVE('',#4667,#4666,#3812,.T.);
#5828=EDGE_CURVE('',#4667,#4668,#965,.T.);
#5829=EDGE_CURVE('',#4668,#4668,#3813,.T.);
#5830=EDGE_CURVE('',#4099,#4669,#966,.T.);
#5831=EDGE_CURVE('',#4669,#4670,#3814,.T.);
#5832=EDGE_CURVE('',#4670,#4669,#3815,.T.);
#5833=EDGE_CURVE('',#4670,#4671,#967,.T.);
#5834=EDGE_CURVE('',#4671,#4671,#3816,.T.);
#5835=EDGE_CURVE('',#4156,#4672,#968,.T.);
#5836=EDGE_CURVE('',#4672,#4673,#3817,.T.);
#5837=EDGE_CURVE('',#4673,#4672,#3818,.T.);
#5838=EDGE_CURVE('',#4673,#4674,#969,.T.);
#5839=EDGE_CURVE('',#4674,#4674,#3819,.T.);
#5840=EDGE_CURVE('',#4100,#4675,#970,.T.);
#5841=EDGE_CURVE('',#4675,#4676,#3820,.T.);
#5842=EDGE_CURVE('',#4676,#4675,#3821,.T.);
#5843=EDGE_CURVE('',#4676,#4677,#971,.T.);
#5844=EDGE_CURVE('',#4677,#4677,#3822,.T.);
#5845=EDGE_CURVE('',#4155,#4678,#972,.T.);
#5846=EDGE_CURVE('',#4678,#4679,#3823,.T.);
#5847=EDGE_CURVE('',#4679,#4678,#3824,.T.);
#5848=EDGE_CURVE('',#4679,#4680,#973,.T.);
#5849=EDGE_CURVE('',#4680,#4680,#3825,.T.);
#5850=EDGE_CURVE('',#4101,#4681,#974,.T.);
#5851=EDGE_CURVE('',#4681,#4682,#3826,.T.);
#5852=EDGE_CURVE('',#4682,#4681,#3827,.T.);
#5853=EDGE_CURVE('',#4682,#4683,#975,.T.);
#5854=EDGE_CURVE('',#4683,#4683,#3828,.T.);
#5855=EDGE_CURVE('',#4154,#4684,#976,.T.);
#5856=EDGE_CURVE('',#4684,#4685,#3829,.T.);
#5857=EDGE_CURVE('',#4685,#4684,#3830,.T.);
#5858=EDGE_CURVE('',#4685,#4686,#977,.T.);
#5859=EDGE_CURVE('',#4686,#4686,#3831,.T.);
#5860=EDGE_CURVE('',#4102,#4687,#978,.T.);
#5861=EDGE_CURVE('',#4687,#4688,#3832,.T.);
#5862=EDGE_CURVE('',#4688,#4687,#3833,.T.);
#5863=EDGE_CURVE('',#4688,#4689,#979,.T.);
#5864=EDGE_CURVE('',#4689,#4689,#3834,.T.);
#5865=EDGE_CURVE('',#4153,#4690,#980,.T.);
#5866=EDGE_CURVE('',#4690,#4691,#3835,.T.);
#5867=EDGE_CURVE('',#4691,#4690,#3836,.T.);
#5868=EDGE_CURVE('',#4691,#4692,#981,.T.);
#5869=EDGE_CURVE('',#4692,#4692,#3837,.T.);
#5870=EDGE_CURVE('',#4103,#4693,#982,.T.);
#5871=EDGE_CURVE('',#4693,#4694,#3838,.T.);
#5872=EDGE_CURVE('',#4694,#4693,#3839,.T.);
#5873=EDGE_CURVE('',#4694,#4695,#983,.T.);
#5874=EDGE_CURVE('',#4695,#4695,#3840,.T.);
#5875=EDGE_CURVE('',#4152,#4696,#984,.T.);
#5876=EDGE_CURVE('',#4696,#4697,#3841,.T.);
#5877=EDGE_CURVE('',#4697,#4696,#3842,.T.);
#5878=EDGE_CURVE('',#4697,#4698,#985,.T.);
#5879=EDGE_CURVE('',#4698,#4698,#3843,.T.);
#5880=EDGE_CURVE('',#4104,#4699,#986,.T.);
#5881=EDGE_CURVE('',#4699,#4700,#3844,.T.);
#5882=EDGE_CURVE('',#4700,#4699,#3845,.T.);
#5883=EDGE_CURVE('',#4700,#4701,#987,.T.);
#5884=EDGE_CURVE('',#4701,#4701,#3846,.T.);
#5885=EDGE_CURVE('',#4151,#4702,#988,.T.);
#5886=EDGE_CURVE('',#4702,#4703,#3847,.T.);
#5887=EDGE_CURVE('',#4703,#4702,#3848,.T.);
#5888=EDGE_CURVE('',#4703,#4704,#989,.T.);
#5889=EDGE_CURVE('',#4704,#4704,#3849,.T.);
#5890=EDGE_CURVE('',#4105,#4705,#990,.T.);
#5891=EDGE_CURVE('',#4705,#4706,#3850,.T.);
#5892=EDGE_CURVE('',#4706,#4705,#3851,.T.);
#5893=EDGE_CURVE('',#4706,#4707,#991,.T.);
#5894=EDGE_CURVE('',#4707,#4707,#3852,.T.);
#5895=EDGE_CURVE('',#4150,#4708,#992,.T.);
#5896=EDGE_CURVE('',#4708,#4709,#3853,.T.);
#5897=EDGE_CURVE('',#4709,#4708,#3854,.T.);
#5898=EDGE_CURVE('',#4709,#4710,#993,.T.);
#5899=EDGE_CURVE('',#4710,#4710,#3855,.T.);
#5900=EDGE_CURVE('',#4106,#4711,#994,.T.);
#5901=EDGE_CURVE('',#4711,#4712,#3856,.T.);
#5902=EDGE_CURVE('',#4712,#4711,#3857,.T.);
#5903=EDGE_CURVE('',#4712,#4713,#995,.T.);
#5904=EDGE_CURVE('',#4713,#4713,#3858,.T.);
#5905=EDGE_CURVE('',#4149,#4714,#996,.T.);
#5906=EDGE_CURVE('',#4714,#4715,#3859,.T.);
#5907=EDGE_CURVE('',#4715,#4714,#3860,.T.);
#5908=EDGE_CURVE('',#4715,#4716,#997,.T.);
#5909=EDGE_CURVE('',#4716,#4716,#3861,.T.);
#5910=EDGE_CURVE('',#4107,#4717,#998,.T.);
#5911=EDGE_CURVE('',#4717,#4718,#3862,.T.);
#5912=EDGE_CURVE('',#4718,#4717,#3863,.T.);
#5913=EDGE_CURVE('',#4718,#4719,#999,.T.);
#5914=EDGE_CURVE('',#4719,#4719,#3864,.T.);
#5915=EDGE_CURVE('',#4148,#4720,#1000,.T.);
#5916=EDGE_CURVE('',#4720,#4721,#3865,.T.);
#5917=EDGE_CURVE('',#4721,#4720,#3866,.T.);
#5918=EDGE_CURVE('',#4721,#4722,#1001,.T.);
#5919=EDGE_CURVE('',#4722,#4722,#3867,.T.);
#5920=EDGE_CURVE('',#4108,#4723,#1002,.T.);
#5921=EDGE_CURVE('',#4723,#4724,#3868,.T.);
#5922=EDGE_CURVE('',#4724,#4723,#3869,.T.);
#5923=EDGE_CURVE('',#4724,#4725,#1003,.T.);
#5924=EDGE_CURVE('',#4725,#4725,#3870,.T.);
#5925=EDGE_CURVE('',#4147,#4726,#1004,.T.);
#5926=EDGE_CURVE('',#4726,#4727,#3871,.T.);
#5927=EDGE_CURVE('',#4727,#4726,#3872,.T.);
#5928=EDGE_CURVE('',#4727,#4728,#1005,.T.);
#5929=EDGE_CURVE('',#4728,#4728,#3873,.T.);
#5930=EDGE_CURVE('',#4109,#4729,#1006,.T.);
#5931=EDGE_CURVE('',#4729,#4730,#3874,.T.);
#5932=EDGE_CURVE('',#4730,#4729,#3875,.T.);
#5933=EDGE_CURVE('',#4730,#4731,#1007,.T.);
#5934=EDGE_CURVE('',#4731,#4731,#3876,.T.);
#5935=EDGE_CURVE('',#4146,#4732,#1008,.T.);
#5936=EDGE_CURVE('',#4732,#4733,#3877,.T.);
#5937=EDGE_CURVE('',#4733,#4732,#3878,.T.);
#5938=EDGE_CURVE('',#4733,#4734,#1009,.T.);
#5939=EDGE_CURVE('',#4734,#4734,#3879,.T.);
#5940=EDGE_CURVE('',#4110,#4735,#1010,.T.);
#5941=EDGE_CURVE('',#4735,#4736,#3880,.T.);
#5942=EDGE_CURVE('',#4736,#4735,#3881,.T.);
#5943=EDGE_CURVE('',#4736,#4737,#1011,.T.);
#5944=EDGE_CURVE('',#4737,#4737,#3882,.T.);
#5945=EDGE_CURVE('',#4145,#4738,#1012,.T.);
#5946=EDGE_CURVE('',#4738,#4739,#3883,.T.);
#5947=EDGE_CURVE('',#4739,#4738,#3884,.T.);
#5948=EDGE_CURVE('',#4739,#4740,#1013,.T.);
#5949=EDGE_CURVE('',#4740,#4740,#3885,.T.);
#5950=EDGE_CURVE('',#4111,#4741,#1014,.T.);
#5951=EDGE_CURVE('',#4741,#4742,#3886,.T.);
#5952=EDGE_CURVE('',#4742,#4741,#3887,.T.);
#5953=EDGE_CURVE('',#4742,#4743,#1015,.T.);
#5954=EDGE_CURVE('',#4743,#4743,#3888,.T.);
#5955=EDGE_CURVE('',#4144,#4744,#1016,.T.);
#5956=EDGE_CURVE('',#4744,#4745,#3889,.T.);
#5957=EDGE_CURVE('',#4745,#4744,#3890,.T.);
#5958=EDGE_CURVE('',#4745,#4746,#1017,.T.);
#5959=EDGE_CURVE('',#4746,#4746,#3891,.T.);
#5960=EDGE_CURVE('',#4112,#4747,#1018,.T.);
#5961=EDGE_CURVE('',#4747,#4748,#3892,.T.);
#5962=EDGE_CURVE('',#4748,#4747,#3893,.T.);
#5963=EDGE_CURVE('',#4748,#4749,#1019,.T.);
#5964=EDGE_CURVE('',#4749,#4749,#3894,.T.);
#5965=EDGE_CURVE('',#4143,#4750,#1020,.T.);
#5966=EDGE_CURVE('',#4750,#4751,#3895,.T.);
#5967=EDGE_CURVE('',#4751,#4750,#3896,.T.);
#5968=EDGE_CURVE('',#4751,#4752,#1021,.T.);
#5969=EDGE_CURVE('',#4752,#4752,#3897,.T.);
#5970=EDGE_CURVE('',#4113,#4753,#1022,.T.);
#5971=EDGE_CURVE('',#4753,#4754,#3898,.T.);
#5972=EDGE_CURVE('',#4754,#4753,#3899,.T.);
#5973=EDGE_CURVE('',#4754,#4755,#1023,.T.);
#5974=EDGE_CURVE('',#4755,#4755,#3900,.T.);
#5975=EDGE_CURVE('',#4142,#4756,#1024,.T.);
#5976=EDGE_CURVE('',#4756,#4757,#3901,.T.);
#5977=EDGE_CURVE('',#4757,#4756,#3902,.T.);
#5978=EDGE_CURVE('',#4757,#4758,#1025,.T.);
#5979=EDGE_CURVE('',#4758,#4758,#3903,.T.);
#5980=EDGE_CURVE('',#4114,#4759,#1026,.T.);
#5981=EDGE_CURVE('',#4759,#4760,#3904,.T.);
#5982=EDGE_CURVE('',#4760,#4759,#3905,.T.);
#5983=EDGE_CURVE('',#4760,#4761,#1027,.T.);
#5984=EDGE_CURVE('',#4761,#4761,#3906,.T.);
#5985=EDGE_CURVE('',#4141,#4762,#1028,.T.);
#5986=EDGE_CURVE('',#4762,#4763,#3907,.T.);
#5987=EDGE_CURVE('',#4763,#4762,#3908,.T.);
#5988=EDGE_CURVE('',#4763,#4764,#1029,.T.);
#5989=EDGE_CURVE('',#4764,#4764,#3909,.T.);
#5990=EDGE_CURVE('',#4115,#4765,#1030,.T.);
#5991=EDGE_CURVE('',#4765,#4766,#3910,.T.);
#5992=EDGE_CURVE('',#4766,#4765,#3911,.T.);
#5993=EDGE_CURVE('',#4766,#4767,#1031,.T.);
#5994=EDGE_CURVE('',#4767,#4767,#3912,.T.);
#5995=EDGE_CURVE('',#4140,#4768,#1032,.T.);
#5996=EDGE_CURVE('',#4768,#4769,#3913,.T.);
#5997=EDGE_CURVE('',#4769,#4768,#3914,.T.);
#5998=EDGE_CURVE('',#4769,#4770,#1033,.T.);
#5999=EDGE_CURVE('',#4770,#4770,#3915,.T.);
#6000=EDGE_CURVE('',#4116,#4771,#1034,.T.);
#6001=EDGE_CURVE('',#4771,#4772,#3916,.T.);
#6002=EDGE_CURVE('',#4772,#4771,#3917,.T.);
#6003=EDGE_CURVE('',#4772,#4773,#1035,.T.);
#6004=EDGE_CURVE('',#4773,#4773,#3918,.T.);
#6005=EDGE_CURVE('',#4139,#4774,#1036,.T.);
#6006=EDGE_CURVE('',#4774,#4775,#3919,.T.);
#6007=EDGE_CURVE('',#4775,#4774,#3920,.T.);
#6008=EDGE_CURVE('',#4775,#4776,#1037,.T.);
#6009=EDGE_CURVE('',#4776,#4776,#3921,.T.);
#6010=EDGE_CURVE('',#4117,#4777,#1038,.T.);
#6011=EDGE_CURVE('',#4777,#4778,#3922,.T.);
#6012=EDGE_CURVE('',#4778,#4777,#3923,.T.);
#6013=EDGE_CURVE('',#4778,#4779,#1039,.T.);
#6014=EDGE_CURVE('',#4779,#4779,#3924,.T.);
#6015=EDGE_CURVE('',#4138,#4780,#1040,.T.);
#6016=EDGE_CURVE('',#4780,#4781,#3925,.T.);
#6017=EDGE_CURVE('',#4781,#4780,#3926,.T.);
#6018=EDGE_CURVE('',#4781,#4782,#1041,.T.);
#6019=EDGE_CURVE('',#4782,#4782,#3927,.T.);
#6020=EDGE_CURVE('',#4118,#4783,#1042,.T.);
#6021=EDGE_CURVE('',#4783,#4784,#3928,.T.);
#6022=EDGE_CURVE('',#4784,#4783,#3929,.T.);
#6023=EDGE_CURVE('',#4784,#4785,#1043,.T.);
#6024=EDGE_CURVE('',#4785,#4785,#3930,.T.);
#6025=EDGE_CURVE('',#4137,#4786,#1044,.T.);
#6026=EDGE_CURVE('',#4786,#4787,#3931,.T.);
#6027=EDGE_CURVE('',#4787,#4786,#3932,.T.);
#6028=EDGE_CURVE('',#4787,#4788,#1045,.T.);
#6029=EDGE_CURVE('',#4788,#4788,#3933,.T.);
#6030=EDGE_CURVE('',#4119,#4789,#1046,.T.);
#6031=EDGE_CURVE('',#4789,#4790,#3934,.T.);
#6032=EDGE_CURVE('',#4790,#4789,#3935,.T.);
#6033=EDGE_CURVE('',#4790,#4791,#1047,.T.);
#6034=EDGE_CURVE('',#4791,#4791,#3936,.T.);
#6035=EDGE_CURVE('',#4136,#4792,#1048,.T.);
#6036=EDGE_CURVE('',#4792,#4793,#3937,.T.);
#6037=EDGE_CURVE('',#4793,#4792,#3938,.T.);
#6038=EDGE_CURVE('',#4793,#4794,#1049,.T.);
#6039=EDGE_CURVE('',#4794,#4794,#3939,.T.);
#6040=EDGE_CURVE('',#4120,#4795,#1050,.T.);
#6041=EDGE_CURVE('',#4795,#4796,#3940,.T.);
#6042=EDGE_CURVE('',#4796,#4795,#3941,.T.);
#6043=EDGE_CURVE('',#4796,#4797,#1051,.T.);
#6044=EDGE_CURVE('',#4797,#4797,#3942,.T.);
#6045=EDGE_CURVE('',#4135,#4798,#1052,.T.);
#6046=EDGE_CURVE('',#4798,#4799,#3943,.T.);
#6047=EDGE_CURVE('',#4799,#4798,#3944,.T.);
#6048=EDGE_CURVE('',#4799,#4800,#1053,.T.);
#6049=EDGE_CURVE('',#4800,#4800,#3945,.T.);
#6050=EDGE_CURVE('',#4121,#4801,#1054,.T.);
#6051=EDGE_CURVE('',#4801,#4802,#3946,.T.);
#6052=EDGE_CURVE('',#4802,#4801,#3947,.T.);
#6053=EDGE_CURVE('',#4802,#4803,#1055,.T.);
#6054=EDGE_CURVE('',#4803,#4803,#3948,.T.);
#6055=EDGE_CURVE('',#4134,#4804,#1056,.T.);
#6056=EDGE_CURVE('',#4804,#4805,#3949,.T.);
#6057=EDGE_CURVE('',#4805,#4804,#3950,.T.);
#6058=EDGE_CURVE('',#4805,#4806,#1057,.T.);
#6059=EDGE_CURVE('',#4806,#4806,#3951,.T.);
#6060=EDGE_CURVE('',#4122,#4807,#1058,.T.);
#6061=EDGE_CURVE('',#4807,#4808,#3952,.T.);
#6062=EDGE_CURVE('',#4808,#4807,#3953,.T.);
#6063=EDGE_CURVE('',#4808,#4809,#1059,.T.);
#6064=EDGE_CURVE('',#4809,#4809,#3954,.T.);
#6065=EDGE_CURVE('',#4133,#4810,#1060,.T.);
#6066=EDGE_CURVE('',#4810,#4811,#3955,.T.);
#6067=EDGE_CURVE('',#4811,#4810,#3956,.T.);
#6068=EDGE_CURVE('',#4811,#4812,#1061,.T.);
#6069=EDGE_CURVE('',#4812,#4812,#3957,.T.);
#6070=EDGE_CURVE('',#4123,#4813,#1062,.T.);
#6071=EDGE_CURVE('',#4813,#4814,#3958,.T.);
#6072=EDGE_CURVE('',#4814,#4813,#3959,.T.);
#6073=EDGE_CURVE('',#4814,#4815,#1063,.T.);
#6074=EDGE_CURVE('',#4815,#4815,#3960,.T.);
#6075=EDGE_CURVE('',#4132,#4816,#1064,.T.);
#6076=EDGE_CURVE('',#4816,#4817,#3961,.T.);
#6077=EDGE_CURVE('',#4817,#4816,#3962,.T.);
#6078=EDGE_CURVE('',#4817,#4818,#1065,.T.);
#6079=EDGE_CURVE('',#4818,#4818,#3963,.T.);
#6080=EDGE_CURVE('',#4124,#4819,#1066,.T.);
#6081=EDGE_CURVE('',#4819,#4820,#3964,.T.);
#6082=EDGE_CURVE('',#4820,#4819,#3965,.T.);
#6083=EDGE_CURVE('',#4820,#4821,#1067,.T.);
#6084=EDGE_CURVE('',#4821,#4821,#3966,.T.);
#6085=EDGE_CURVE('',#4131,#4822,#1068,.T.);
#6086=EDGE_CURVE('',#4822,#4823,#3967,.T.);
#6087=EDGE_CURVE('',#4823,#4822,#3968,.T.);
#6088=EDGE_CURVE('',#4823,#4824,#1069,.T.);
#6089=EDGE_CURVE('',#4824,#4824,#3969,.T.);
#6090=EDGE_CURVE('',#4125,#4825,#1070,.T.);
#6091=EDGE_CURVE('',#4825,#4826,#3970,.T.);
#6092=EDGE_CURVE('',#4826,#4825,#3971,.T.);
#6093=EDGE_CURVE('',#4826,#4827,#1071,.T.);
#6094=EDGE_CURVE('',#4827,#4827,#3972,.T.);
#6095=EDGE_CURVE('',#4828,#4828,#3973,.T.);
#6096=EDGE_CURVE('',#4828,#4829,#1072,.T.);
#6097=EDGE_CURVE('',#4829,#4829,#3974,.T.);
#6098=EDGE_CURVE('',#4830,#4830,#3975,.T.);
#6099=EDGE_CURVE('',#4830,#4831,#1073,.T.);
#6100=EDGE_CURVE('',#4831,#4831,#3976,.T.);
#6101=EDGE_CURVE('',#4832,#4832,#3977,.T.);
#6102=EDGE_CURVE('',#4832,#4833,#1074,.T.);
#6103=EDGE_CURVE('',#4833,#4833,#3978,.T.);
#6104=EDGE_CURVE('',#4834,#4834,#3979,.T.);
#6105=EDGE_CURVE('',#4834,#4835,#1075,.T.);
#6106=EDGE_CURVE('',#4835,#4835,#3980,.T.);
#6107=EDGE_CURVE('',#4130,#4836,#1076,.T.);
#6108=EDGE_CURVE('',#4836,#4836,#3981,.T.);
#6109=EDGE_CURVE('',#4836,#4837,#1077,.T.);
#6110=EDGE_CURVE('',#4837,#4837,#3982,.T.);
#6111=EDGE_CURVE('',#4126,#4838,#1078,.T.);
#6112=EDGE_CURVE('',#4838,#4838,#3983,.T.);
#6113=EDGE_CURVE('',#4838,#4839,#1079,.T.);
#6114=EDGE_CURVE('',#4839,#4839,#3984,.T.);
#6115=EDGE_CURVE('',#4129,#4840,#1080,.T.);
#6116=EDGE_CURVE('',#4840,#4840,#3985,.T.);
#6117=EDGE_CURVE('',#4840,#4841,#1081,.T.);
#6118=EDGE_CURVE('',#4841,#4841,#3986,.T.);
#6119=EDGE_CURVE('',#4127,#4842,#1082,.T.);
#6120=EDGE_CURVE('',#4842,#4842,#3987,.T.);
#6121=EDGE_CURVE('',#4842,#4843,#1083,.T.);
#6122=EDGE_CURVE('',#4843,#4843,#3988,.T.);
#6123=EDGE_CURVE('',#4128,#4844,#1084,.T.);
#6124=EDGE_CURVE('',#4844,#4844,#3989,.T.);
#6125=EDGE_CURVE('',#4844,#4845,#1085,.T.);
#6126=EDGE_CURVE('',#4845,#4845,#3990,.T.);
#6127=EDGE_CURVE('',#4846,#4847,#1086,.T.);
#6128=EDGE_CURVE('',#4847,#4848,#1087,.T.);
#6129=EDGE_CURVE('',#4848,#4849,#1088,.T.);
#6130=EDGE_CURVE('',#4849,#4846,#1089,.T.);
#6131=EDGE_CURVE('',#4850,#4851,#1090,.T.);
#6132=EDGE_CURVE('',#4851,#4847,#3991,.T.);
#6133=EDGE_CURVE('',#4846,#4850,#3992,.T.);
#6134=EDGE_CURVE('',#4852,#4853,#1091,.T.);
#6135=EDGE_CURVE('',#4853,#4851,#1092,.T.);
#6136=EDGE_CURVE('',#4850,#4852,#1093,.T.);
#6137=EDGE_CURVE('',#4854,#4855,#1094,.T.);
#6138=EDGE_CURVE('',#4855,#4853,#3993,.T.);
#6139=EDGE_CURVE('',#4852,#4854,#3994,.T.);
#6140=EDGE_CURVE('',#4856,#4857,#1095,.T.);
#6141=EDGE_CURVE('',#4857,#4855,#1096,.T.);
#6142=EDGE_CURVE('',#4854,#4856,#1097,.T.);
#6143=EDGE_CURVE('',#4858,#4859,#1098,.T.);
#6144=EDGE_CURVE('',#4859,#4857,#3995,.T.);
#6145=EDGE_CURVE('',#4856,#4858,#3996,.T.);
#6146=EDGE_CURVE('',#4860,#4861,#1099,.T.);
#6147=EDGE_CURVE('',#4861,#4859,#1100,.T.);
#6148=EDGE_CURVE('',#4858,#4860,#1101,.T.);
#6149=EDGE_CURVE('',#4848,#4861,#3997,.T.);
#6150=EDGE_CURVE('',#4860,#4849,#3998,.T.);
#6151=EDGE_CURVE('',#4859,#4862,#1102,.T.);
#6152=EDGE_CURVE('',#4863,#4862,#3999,.T.);
#6153=EDGE_CURVE('',#4863,#4857,#1103,.T.);
#6154=EDGE_CURVE('',#4864,#4861,#1104,.T.);
#6155=EDGE_CURVE('',#4862,#4864,#1105,.T.);
#6156=EDGE_CURVE('',#4848,#4865,#1106,.T.);
#6157=EDGE_CURVE('',#4864,#4865,#4000,.T.);
#6158=EDGE_CURVE('',#4866,#4847,#1107,.T.);
#6159=EDGE_CURVE('',#4865,#4866,#1108,.T.);
#6160=EDGE_CURVE('',#4867,#4867,#4001,.T.);
#6161=EDGE_CURVE('',#4868,#4868,#4002,.T.);
#6162=EDGE_CURVE('',#4869,#4869,#4003,.T.);
#6163=EDGE_CURVE('',#4870,#4870,#4004,.T.);
#6164=EDGE_CURVE('',#4871,#4871,#4005,.T.);
#6165=EDGE_CURVE('',#4864,#4018,#1109,.T.);
#6166=EDGE_CURVE('',#4019,#4862,#1110,.T.);
#6167=EDGE_CURVE('',#4865,#4020,#1111,.T.);
#6168=EDGE_CURVE('',#4866,#4021,#1112,.T.);
#6169=EDGE_CURVE('',#4866,#4872,#4006,.T.);
#6170=EDGE_CURVE('',#4872,#4022,#1113,.T.);
#6171=EDGE_CURVE('',#4873,#4023,#1114,.T.);
#6172=EDGE_CURVE('',#4872,#4873,#1115,.T.);
#6173=EDGE_CURVE('',#4873,#4874,#4007,.T.);
#6174=EDGE_CURVE('',#4874,#4024,#1116,.T.);
#6175=EDGE_CURVE('',#4863,#4025,#1117,.T.);
#6176=EDGE_CURVE('',#4874,#4863,#1118,.T.);
#6177=EDGE_CURVE('',#4851,#4872,#1119,.T.);
#6178=EDGE_CURVE('',#4855,#4874,#1120,.T.);
#6179=EDGE_CURVE('',#4873,#4853,#1121,.T.);
#6180=EDGE_CURVE('',#4875,#4875,#4008,.T.);
#6181=EDGE_CURVE('',#4875,#4871,#1122,.T.);
#6182=EDGE_CURVE('',#4876,#4876,#4009,.T.);
#6183=EDGE_CURVE('',#4876,#4870,#1123,.T.);
#6184=EDGE_CURVE('',#4877,#4877,#4010,.T.);
#6185=EDGE_CURVE('',#4877,#4869,#1124,.T.);
#6186=EDGE_CURVE('',#4878,#4878,#4011,.T.);
#6187=EDGE_CURVE('',#4878,#4868,#1125,.T.);
#6188=EDGE_CURVE('',#4879,#4879,#4012,.T.);
#6189=EDGE_CURVE('',#4879,#4867,#1126,.T.);
#6190=ORIENTED_EDGE('',*,*,#4880,.F.);
#6191=ORIENTED_EDGE('',*,*,#4881,.T.);
#6192=ORIENTED_EDGE('',*,*,#4881,.F.);
#6193=ORIENTED_EDGE('',*,*,#4880,.T.);
#6194=ORIENTED_EDGE('',*,*,#4882,.T.);
#6195=ORIENTED_EDGE('',*,*,#4883,.T.);
#6196=ORIENTED_EDGE('',*,*,#4884,.T.);
#6197=ORIENTED_EDGE('',*,*,#4885,.T.);
#6198=ORIENTED_EDGE('',*,*,#4883,.F.);
#6199=ORIENTED_EDGE('',*,*,#4886,.F.);
#6200=ORIENTED_EDGE('',*,*,#4887,.F.);
#6201=ORIENTED_EDGE('',*,*,#4888,.F.);
#6202=ORIENTED_EDGE('',*,*,#4889,.F.);
#6203=ORIENTED_EDGE('',*,*,#4890,.F.);
#6204=ORIENTED_EDGE('',*,*,#4891,.F.);
#6205=ORIENTED_EDGE('',*,*,#4892,.F.);
#6206=ORIENTED_EDGE('',*,*,#4893,.F.);
#6207=ORIENTED_EDGE('',*,*,#4894,.F.);
#6208=ORIENTED_EDGE('',*,*,#4895,.F.);
#6209=ORIENTED_EDGE('',*,*,#4896,.F.);
#6210=ORIENTED_EDGE('',*,*,#4897,.F.);
#6211=ORIENTED_EDGE('',*,*,#4898,.F.);
#6212=ORIENTED_EDGE('',*,*,#4899,.F.);
#6213=ORIENTED_EDGE('',*,*,#4900,.F.);
#6214=ORIENTED_EDGE('',*,*,#4901,.F.);
#6215=ORIENTED_EDGE('',*,*,#4902,.F.);
#6216=ORIENTED_EDGE('',*,*,#4903,.F.);
#6217=ORIENTED_EDGE('',*,*,#4904,.F.);
#6218=ORIENTED_EDGE('',*,*,#4905,.F.);
#6219=ORIENTED_EDGE('',*,*,#4906,.F.);
#6220=ORIENTED_EDGE('',*,*,#4907,.F.);
#6221=ORIENTED_EDGE('',*,*,#4908,.F.);
#6222=ORIENTED_EDGE('',*,*,#4909,.F.);
#6223=ORIENTED_EDGE('',*,*,#4910,.F.);
#6224=ORIENTED_EDGE('',*,*,#4911,.F.);
#6225=ORIENTED_EDGE('',*,*,#4912,.F.);
#6226=ORIENTED_EDGE('',*,*,#4913,.F.);
#6227=ORIENTED_EDGE('',*,*,#4914,.F.);
#6228=ORIENTED_EDGE('',*,*,#4915,.F.);
#6229=ORIENTED_EDGE('',*,*,#4916,.F.);
#6230=ORIENTED_EDGE('',*,*,#4917,.F.);
#6231=ORIENTED_EDGE('',*,*,#4918,.F.);
#6232=ORIENTED_EDGE('',*,*,#4919,.F.);
#6233=ORIENTED_EDGE('',*,*,#4920,.F.);
#6234=ORIENTED_EDGE('',*,*,#4921,.F.);
#6235=ORIENTED_EDGE('',*,*,#4922,.F.);
#6236=ORIENTED_EDGE('',*,*,#4923,.F.);
#6237=ORIENTED_EDGE('',*,*,#4924,.F.);
#6238=ORIENTED_EDGE('',*,*,#4925,.F.);
#6239=ORIENTED_EDGE('',*,*,#4926,.F.);
#6240=ORIENTED_EDGE('',*,*,#4927,.F.);
#6241=ORIENTED_EDGE('',*,*,#4928,.F.);
#6242=ORIENTED_EDGE('',*,*,#4929,.F.);
#6243=ORIENTED_EDGE('',*,*,#4930,.F.);
#6244=ORIENTED_EDGE('',*,*,#4931,.F.);
#6245=ORIENTED_EDGE('',*,*,#4932,.F.);
#6246=ORIENTED_EDGE('',*,*,#4933,.F.);
#6247=ORIENTED_EDGE('',*,*,#4934,.F.);
#6248=ORIENTED_EDGE('',*,*,#4935,.F.);
#6249=ORIENTED_EDGE('',*,*,#4936,.F.);
#6250=ORIENTED_EDGE('',*,*,#4937,.F.);
#6251=ORIENTED_EDGE('',*,*,#4938,.F.);
#6252=ORIENTED_EDGE('',*,*,#4939,.F.);
#6253=ORIENTED_EDGE('',*,*,#4940,.F.);
#6254=ORIENTED_EDGE('',*,*,#4941,.F.);
#6255=ORIENTED_EDGE('',*,*,#4942,.F.);
#6256=ORIENTED_EDGE('',*,*,#4943,.F.);
#6257=ORIENTED_EDGE('',*,*,#4944,.F.);
#6258=ORIENTED_EDGE('',*,*,#4945,.F.);
#6259=ORIENTED_EDGE('',*,*,#4946,.F.);
#6260=ORIENTED_EDGE('',*,*,#4947,.F.);
#6261=ORIENTED_EDGE('',*,*,#4948,.F.);
#6262=ORIENTED_EDGE('',*,*,#4949,.F.);
#6263=ORIENTED_EDGE('',*,*,#4950,.F.);
#6264=ORIENTED_EDGE('',*,*,#4951,.F.);
#6265=ORIENTED_EDGE('',*,*,#4952,.F.);
#6266=ORIENTED_EDGE('',*,*,#4953,.F.);
#6267=ORIENTED_EDGE('',*,*,#4954,.F.);
#6268=ORIENTED_EDGE('',*,*,#4955,.F.);
#6269=ORIENTED_EDGE('',*,*,#4956,.F.);
#6270=ORIENTED_EDGE('',*,*,#4957,.F.);
#6271=ORIENTED_EDGE('',*,*,#4958,.F.);
#6272=ORIENTED_EDGE('',*,*,#4959,.F.);
#6273=ORIENTED_EDGE('',*,*,#4960,.F.);
#6274=ORIENTED_EDGE('',*,*,#4961,.F.);
#6275=ORIENTED_EDGE('',*,*,#4962,.F.);
#6276=ORIENTED_EDGE('',*,*,#4963,.F.);
#6277=ORIENTED_EDGE('',*,*,#4964,.F.);
#6278=ORIENTED_EDGE('',*,*,#4965,.F.);
#6279=ORIENTED_EDGE('',*,*,#4966,.F.);
#6280=ORIENTED_EDGE('',*,*,#4967,.F.);
#6281=ORIENTED_EDGE('',*,*,#4968,.F.);
#6282=ORIENTED_EDGE('',*,*,#4969,.F.);
#6283=ORIENTED_EDGE('',*,*,#4970,.F.);
#6284=ORIENTED_EDGE('',*,*,#4971,.F.);
#6285=ORIENTED_EDGE('',*,*,#4972,.F.);
#6286=ORIENTED_EDGE('',*,*,#4973,.F.);
#6287=ORIENTED_EDGE('',*,*,#4974,.F.);
#6288=ORIENTED_EDGE('',*,*,#4975,.F.);
#6289=ORIENTED_EDGE('',*,*,#4976,.F.);
#6290=ORIENTED_EDGE('',*,*,#4977,.F.);
#6291=ORIENTED_EDGE('',*,*,#4978,.F.);
#6292=ORIENTED_EDGE('',*,*,#4979,.F.);
#6293=ORIENTED_EDGE('',*,*,#4980,.F.);
#6294=ORIENTED_EDGE('',*,*,#4981,.F.);
#6295=ORIENTED_EDGE('',*,*,#4982,.F.);
#6296=ORIENTED_EDGE('',*,*,#4983,.F.);
#6297=ORIENTED_EDGE('',*,*,#4984,.F.);
#6298=ORIENTED_EDGE('',*,*,#4985,.F.);
#6299=ORIENTED_EDGE('',*,*,#4986,.F.);
#6300=ORIENTED_EDGE('',*,*,#4987,.F.);
#6301=ORIENTED_EDGE('',*,*,#4988,.F.);
#6302=ORIENTED_EDGE('',*,*,#4989,.F.);
#6303=ORIENTED_EDGE('',*,*,#4990,.F.);
#6304=ORIENTED_EDGE('',*,*,#4991,.F.);
#6305=ORIENTED_EDGE('',*,*,#4992,.F.);
#6306=ORIENTED_EDGE('',*,*,#4993,.F.);
#6307=ORIENTED_EDGE('',*,*,#4994,.F.);
#6308=ORIENTED_EDGE('',*,*,#4995,.F.);
#6309=ORIENTED_EDGE('',*,*,#4996,.F.);
#6310=ORIENTED_EDGE('',*,*,#4997,.F.);
#6311=ORIENTED_EDGE('',*,*,#4998,.F.);
#6312=ORIENTED_EDGE('',*,*,#4999,.F.);
#6313=ORIENTED_EDGE('',*,*,#5000,.F.);
#6314=ORIENTED_EDGE('',*,*,#5001,.F.);
#6315=ORIENTED_EDGE('',*,*,#5002,.F.);
#6316=ORIENTED_EDGE('',*,*,#5003,.F.);
#6317=ORIENTED_EDGE('',*,*,#5004,.F.);
#6318=ORIENTED_EDGE('',*,*,#5005,.F.);
#6319=ORIENTED_EDGE('',*,*,#5006,.F.);
#6320=ORIENTED_EDGE('',*,*,#5007,.F.);
#6321=ORIENTED_EDGE('',*,*,#5008,.F.);
#6322=ORIENTED_EDGE('',*,*,#5009,.F.);
#6323=ORIENTED_EDGE('',*,*,#5010,.F.);
#6324=ORIENTED_EDGE('',*,*,#5011,.F.);
#6325=ORIENTED_EDGE('',*,*,#5012,.F.);
#6326=ORIENTED_EDGE('',*,*,#5013,.F.);
#6327=ORIENTED_EDGE('',*,*,#5014,.F.);
#6328=ORIENTED_EDGE('',*,*,#5015,.F.);
#6329=ORIENTED_EDGE('',*,*,#5016,.F.);
#6330=ORIENTED_EDGE('',*,*,#5017,.F.);
#6331=ORIENTED_EDGE('',*,*,#5018,.F.);
#6332=ORIENTED_EDGE('',*,*,#5019,.F.);
#6333=ORIENTED_EDGE('',*,*,#5020,.F.);
#6334=ORIENTED_EDGE('',*,*,#5021,.F.);
#6335=ORIENTED_EDGE('',*,*,#5022,.F.);
#6336=ORIENTED_EDGE('',*,*,#5023,.F.);
#6337=ORIENTED_EDGE('',*,*,#5024,.F.);
#6338=ORIENTED_EDGE('',*,*,#5025,.F.);
#6339=ORIENTED_EDGE('',*,*,#5026,.F.);
#6340=ORIENTED_EDGE('',*,*,#5027,.F.);
#6341=ORIENTED_EDGE('',*,*,#5028,.F.);
#6342=ORIENTED_EDGE('',*,*,#5029,.F.);
#6343=ORIENTED_EDGE('',*,*,#5030,.F.);
#6344=ORIENTED_EDGE('',*,*,#5031,.F.);
#6345=ORIENTED_EDGE('',*,*,#5032,.F.);
#6346=ORIENTED_EDGE('',*,*,#5033,.F.);
#6347=ORIENTED_EDGE('',*,*,#5034,.F.);
#6348=ORIENTED_EDGE('',*,*,#5035,.F.);
#6349=ORIENTED_EDGE('',*,*,#5036,.F.);
#6350=ORIENTED_EDGE('',*,*,#5037,.F.);
#6351=ORIENTED_EDGE('',*,*,#5038,.F.);
#6352=ORIENTED_EDGE('',*,*,#5039,.F.);
#6353=ORIENTED_EDGE('',*,*,#5040,.F.);
#6354=ORIENTED_EDGE('',*,*,#5041,.F.);
#6355=ORIENTED_EDGE('',*,*,#5042,.F.);
#6356=ORIENTED_EDGE('',*,*,#5043,.F.);
#6357=ORIENTED_EDGE('',*,*,#5044,.F.);
#6358=ORIENTED_EDGE('',*,*,#5045,.F.);
#6359=ORIENTED_EDGE('',*,*,#5046,.F.);
#6360=ORIENTED_EDGE('',*,*,#5047,.F.);
#6361=ORIENTED_EDGE('',*,*,#5048,.F.);
#6362=ORIENTED_EDGE('',*,*,#5049,.F.);
#6363=ORIENTED_EDGE('',*,*,#5050,.F.);
#6364=ORIENTED_EDGE('',*,*,#5051,.F.);
#6365=ORIENTED_EDGE('',*,*,#5052,.F.);
#6366=ORIENTED_EDGE('',*,*,#5053,.F.);
#6367=ORIENTED_EDGE('',*,*,#5054,.F.);
#6368=ORIENTED_EDGE('',*,*,#5055,.F.);
#6369=ORIENTED_EDGE('',*,*,#5056,.F.);
#6370=ORIENTED_EDGE('',*,*,#5057,.F.);
#6371=ORIENTED_EDGE('',*,*,#5058,.F.);
#6372=ORIENTED_EDGE('',*,*,#5059,.F.);
#6373=ORIENTED_EDGE('',*,*,#5060,.F.);
#6374=ORIENTED_EDGE('',*,*,#5061,.F.);
#6375=ORIENTED_EDGE('',*,*,#5062,.F.);
#6376=ORIENTED_EDGE('',*,*,#5063,.F.);
#6377=ORIENTED_EDGE('',*,*,#5064,.F.);
#6378=ORIENTED_EDGE('',*,*,#5065,.F.);
#6379=ORIENTED_EDGE('',*,*,#5066,.F.);
#6380=ORIENTED_EDGE('',*,*,#5067,.F.);
#6381=ORIENTED_EDGE('',*,*,#5068,.F.);
#6382=ORIENTED_EDGE('',*,*,#5069,.F.);
#6383=ORIENTED_EDGE('',*,*,#5070,.F.);
#6384=ORIENTED_EDGE('',*,*,#5071,.F.);
#6385=ORIENTED_EDGE('',*,*,#5072,.F.);
#6386=ORIENTED_EDGE('',*,*,#5073,.F.);
#6387=ORIENTED_EDGE('',*,*,#5074,.F.);
#6388=ORIENTED_EDGE('',*,*,#5075,.F.);
#6389=ORIENTED_EDGE('',*,*,#5076,.F.);
#6390=ORIENTED_EDGE('',*,*,#5077,.F.);
#6391=ORIENTED_EDGE('',*,*,#5078,.F.);
#6392=ORIENTED_EDGE('',*,*,#5079,.F.);
#6393=ORIENTED_EDGE('',*,*,#5080,.F.);
#6394=ORIENTED_EDGE('',*,*,#5081,.F.);
#6395=ORIENTED_EDGE('',*,*,#5082,.F.);
#6396=ORIENTED_EDGE('',*,*,#5083,.F.);
#6397=ORIENTED_EDGE('',*,*,#5084,.F.);
#6398=ORIENTED_EDGE('',*,*,#5085,.F.);
#6399=ORIENTED_EDGE('',*,*,#5086,.F.);
#6400=ORIENTED_EDGE('',*,*,#5087,.F.);
#6401=ORIENTED_EDGE('',*,*,#5088,.F.);
#6402=ORIENTED_EDGE('',*,*,#5089,.F.);
#6403=ORIENTED_EDGE('',*,*,#5090,.F.);
#6404=ORIENTED_EDGE('',*,*,#5091,.F.);
#6405=ORIENTED_EDGE('',*,*,#5092,.F.);
#6406=ORIENTED_EDGE('',*,*,#5093,.F.);
#6407=ORIENTED_EDGE('',*,*,#5094,.F.);
#6408=ORIENTED_EDGE('',*,*,#5095,.F.);
#6409=ORIENTED_EDGE('',*,*,#5096,.F.);
#6410=ORIENTED_EDGE('',*,*,#5097,.F.);
#6411=ORIENTED_EDGE('',*,*,#4882,.F.);
#6412=ORIENTED_EDGE('',*,*,#4884,.F.);
#6413=ORIENTED_EDGE('',*,*,#4885,.F.);
#6414=ORIENTED_EDGE('',*,*,#5098,.T.);
#6415=ORIENTED_EDGE('',*,*,#5099,.F.);
#6416=ORIENTED_EDGE('',*,*,#5098,.F.);
#6417=ORIENTED_EDGE('',*,*,#4894,.T.);
#6418=ORIENTED_EDGE('',*,*,#5100,.T.);
#6419=ORIENTED_EDGE('',*,*,#5101,.T.);
#6420=ORIENTED_EDGE('',*,*,#5102,.T.);
#6421=ORIENTED_EDGE('',*,*,#5100,.F.);
#6422=ORIENTED_EDGE('',*,*,#5101,.F.);
#6423=ORIENTED_EDGE('',*,*,#5102,.F.);
#6424=ORIENTED_EDGE('',*,*,#5103,.T.);
#6425=ORIENTED_EDGE('',*,*,#5104,.F.);
#6426=ORIENTED_EDGE('',*,*,#5103,.F.);
#6427=ORIENTED_EDGE('',*,*,#5097,.T.);
#6428=ORIENTED_EDGE('',*,*,#5105,.T.);
#6429=ORIENTED_EDGE('',*,*,#5106,.T.);
#6430=ORIENTED_EDGE('',*,*,#5107,.T.);
#6431=ORIENTED_EDGE('',*,*,#5105,.F.);
#6432=ORIENTED_EDGE('',*,*,#5106,.F.);
#6433=ORIENTED_EDGE('',*,*,#5107,.F.);
#6434=ORIENTED_EDGE('',*,*,#5108,.T.);
#6435=ORIENTED_EDGE('',*,*,#5109,.F.);
#6436=ORIENTED_EDGE('',*,*,#5108,.F.);
#6437=ORIENTED_EDGE('',*,*,#4895,.T.);
#6438=ORIENTED_EDGE('',*,*,#5110,.T.);
#6439=ORIENTED_EDGE('',*,*,#5111,.T.);
#6440=ORIENTED_EDGE('',*,*,#5112,.T.);
#6441=ORIENTED_EDGE('',*,*,#5110,.F.);
#6442=ORIENTED_EDGE('',*,*,#5111,.F.);
#6443=ORIENTED_EDGE('',*,*,#5112,.F.);
#6444=ORIENTED_EDGE('',*,*,#5113,.T.);
#6445=ORIENTED_EDGE('',*,*,#5114,.F.);
#6446=ORIENTED_EDGE('',*,*,#5113,.F.);
#6447=ORIENTED_EDGE('',*,*,#5096,.T.);
#6448=ORIENTED_EDGE('',*,*,#5115,.T.);
#6449=ORIENTED_EDGE('',*,*,#5116,.T.);
#6450=ORIENTED_EDGE('',*,*,#5117,.T.);
#6451=ORIENTED_EDGE('',*,*,#5115,.F.);
#6452=ORIENTED_EDGE('',*,*,#5116,.F.);
#6453=ORIENTED_EDGE('',*,*,#5117,.F.);
#6454=ORIENTED_EDGE('',*,*,#5118,.T.);
#6455=ORIENTED_EDGE('',*,*,#5119,.F.);
#6456=ORIENTED_EDGE('',*,*,#5118,.F.);
#6457=ORIENTED_EDGE('',*,*,#4896,.T.);
#6458=ORIENTED_EDGE('',*,*,#5120,.T.);
#6459=ORIENTED_EDGE('',*,*,#5121,.T.);
#6460=ORIENTED_EDGE('',*,*,#5122,.T.);
#6461=ORIENTED_EDGE('',*,*,#5120,.F.);
#6462=ORIENTED_EDGE('',*,*,#5121,.F.);
#6463=ORIENTED_EDGE('',*,*,#5122,.F.);
#6464=ORIENTED_EDGE('',*,*,#5123,.T.);
#6465=ORIENTED_EDGE('',*,*,#5124,.F.);
#6466=ORIENTED_EDGE('',*,*,#5123,.F.);
#6467=ORIENTED_EDGE('',*,*,#5095,.T.);
#6468=ORIENTED_EDGE('',*,*,#5125,.T.);
#6469=ORIENTED_EDGE('',*,*,#5126,.T.);
#6470=ORIENTED_EDGE('',*,*,#5127,.T.);
#6471=ORIENTED_EDGE('',*,*,#5125,.F.);
#6472=ORIENTED_EDGE('',*,*,#5126,.F.);
#6473=ORIENTED_EDGE('',*,*,#5127,.F.);
#6474=ORIENTED_EDGE('',*,*,#5128,.T.);
#6475=ORIENTED_EDGE('',*,*,#5129,.F.);
#6476=ORIENTED_EDGE('',*,*,#5128,.F.);
#6477=ORIENTED_EDGE('',*,*,#4897,.T.);
#6478=ORIENTED_EDGE('',*,*,#5130,.T.);
#6479=ORIENTED_EDGE('',*,*,#5131,.T.);
#6480=ORIENTED_EDGE('',*,*,#5132,.T.);
#6481=ORIENTED_EDGE('',*,*,#5130,.F.);
#6482=ORIENTED_EDGE('',*,*,#5131,.F.);
#6483=ORIENTED_EDGE('',*,*,#5132,.F.);
#6484=ORIENTED_EDGE('',*,*,#5133,.T.);
#6485=ORIENTED_EDGE('',*,*,#5134,.F.);
#6486=ORIENTED_EDGE('',*,*,#5133,.F.);
#6487=ORIENTED_EDGE('',*,*,#5094,.T.);
#6488=ORIENTED_EDGE('',*,*,#5135,.T.);
#6489=ORIENTED_EDGE('',*,*,#5136,.T.);
#6490=ORIENTED_EDGE('',*,*,#5137,.T.);
#6491=ORIENTED_EDGE('',*,*,#5135,.F.);
#6492=ORIENTED_EDGE('',*,*,#5136,.F.);
#6493=ORIENTED_EDGE('',*,*,#5137,.F.);
#6494=ORIENTED_EDGE('',*,*,#5138,.T.);
#6495=ORIENTED_EDGE('',*,*,#5139,.F.);
#6496=ORIENTED_EDGE('',*,*,#5138,.F.);
#6497=ORIENTED_EDGE('',*,*,#4898,.T.);
#6498=ORIENTED_EDGE('',*,*,#5140,.T.);
#6499=ORIENTED_EDGE('',*,*,#5141,.T.);
#6500=ORIENTED_EDGE('',*,*,#5142,.T.);
#6501=ORIENTED_EDGE('',*,*,#5140,.F.);
#6502=ORIENTED_EDGE('',*,*,#5141,.F.);
#6503=ORIENTED_EDGE('',*,*,#5142,.F.);
#6504=ORIENTED_EDGE('',*,*,#5143,.T.);
#6505=ORIENTED_EDGE('',*,*,#5144,.F.);
#6506=ORIENTED_EDGE('',*,*,#5143,.F.);
#6507=ORIENTED_EDGE('',*,*,#5093,.T.);
#6508=ORIENTED_EDGE('',*,*,#5145,.T.);
#6509=ORIENTED_EDGE('',*,*,#5146,.T.);
#6510=ORIENTED_EDGE('',*,*,#5147,.T.);
#6511=ORIENTED_EDGE('',*,*,#5145,.F.);
#6512=ORIENTED_EDGE('',*,*,#5146,.F.);
#6513=ORIENTED_EDGE('',*,*,#5147,.F.);
#6514=ORIENTED_EDGE('',*,*,#5148,.T.);
#6515=ORIENTED_EDGE('',*,*,#5149,.F.);
#6516=ORIENTED_EDGE('',*,*,#5148,.F.);
#6517=ORIENTED_EDGE('',*,*,#4899,.T.);
#6518=ORIENTED_EDGE('',*,*,#5150,.T.);
#6519=ORIENTED_EDGE('',*,*,#5151,.T.);
#6520=ORIENTED_EDGE('',*,*,#5152,.T.);
#6521=ORIENTED_EDGE('',*,*,#5150,.F.);
#6522=ORIENTED_EDGE('',*,*,#5151,.F.);
#6523=ORIENTED_EDGE('',*,*,#5152,.F.);
#6524=ORIENTED_EDGE('',*,*,#5153,.T.);
#6525=ORIENTED_EDGE('',*,*,#5154,.F.);
#6526=ORIENTED_EDGE('',*,*,#5153,.F.);
#6527=ORIENTED_EDGE('',*,*,#5092,.T.);
#6528=ORIENTED_EDGE('',*,*,#5155,.T.);
#6529=ORIENTED_EDGE('',*,*,#5156,.T.);
#6530=ORIENTED_EDGE('',*,*,#5157,.T.);
#6531=ORIENTED_EDGE('',*,*,#5155,.F.);
#6532=ORIENTED_EDGE('',*,*,#5156,.F.);
#6533=ORIENTED_EDGE('',*,*,#5157,.F.);
#6534=ORIENTED_EDGE('',*,*,#5158,.T.);
#6535=ORIENTED_EDGE('',*,*,#5159,.F.);
#6536=ORIENTED_EDGE('',*,*,#5158,.F.);
#6537=ORIENTED_EDGE('',*,*,#4900,.T.);
#6538=ORIENTED_EDGE('',*,*,#5160,.T.);
#6539=ORIENTED_EDGE('',*,*,#5161,.T.);
#6540=ORIENTED_EDGE('',*,*,#5162,.T.);
#6541=ORIENTED_EDGE('',*,*,#5160,.F.);
#6542=ORIENTED_EDGE('',*,*,#5161,.F.);
#6543=ORIENTED_EDGE('',*,*,#5162,.F.);
#6544=ORIENTED_EDGE('',*,*,#5163,.T.);
#6545=ORIENTED_EDGE('',*,*,#5164,.F.);
#6546=ORIENTED_EDGE('',*,*,#5163,.F.);
#6547=ORIENTED_EDGE('',*,*,#5091,.T.);
#6548=ORIENTED_EDGE('',*,*,#5165,.T.);
#6549=ORIENTED_EDGE('',*,*,#5166,.T.);
#6550=ORIENTED_EDGE('',*,*,#5167,.T.);
#6551=ORIENTED_EDGE('',*,*,#5165,.F.);
#6552=ORIENTED_EDGE('',*,*,#5166,.F.);
#6553=ORIENTED_EDGE('',*,*,#5167,.F.);
#6554=ORIENTED_EDGE('',*,*,#5168,.T.);
#6555=ORIENTED_EDGE('',*,*,#5169,.F.);
#6556=ORIENTED_EDGE('',*,*,#5168,.F.);
#6557=ORIENTED_EDGE('',*,*,#4901,.T.);
#6558=ORIENTED_EDGE('',*,*,#5170,.T.);
#6559=ORIENTED_EDGE('',*,*,#5171,.T.);
#6560=ORIENTED_EDGE('',*,*,#5172,.T.);
#6561=ORIENTED_EDGE('',*,*,#5170,.F.);
#6562=ORIENTED_EDGE('',*,*,#5171,.F.);
#6563=ORIENTED_EDGE('',*,*,#5172,.F.);
#6564=ORIENTED_EDGE('',*,*,#5173,.T.);
#6565=ORIENTED_EDGE('',*,*,#5174,.F.);
#6566=ORIENTED_EDGE('',*,*,#5173,.F.);
#6567=ORIENTED_EDGE('',*,*,#5090,.T.);
#6568=ORIENTED_EDGE('',*,*,#5175,.T.);
#6569=ORIENTED_EDGE('',*,*,#5176,.T.);
#6570=ORIENTED_EDGE('',*,*,#5177,.T.);
#6571=ORIENTED_EDGE('',*,*,#5175,.F.);
#6572=ORIENTED_EDGE('',*,*,#5176,.F.);
#6573=ORIENTED_EDGE('',*,*,#5177,.F.);
#6574=ORIENTED_EDGE('',*,*,#5178,.T.);
#6575=ORIENTED_EDGE('',*,*,#5179,.F.);
#6576=ORIENTED_EDGE('',*,*,#5178,.F.);
#6577=ORIENTED_EDGE('',*,*,#4902,.T.);
#6578=ORIENTED_EDGE('',*,*,#5180,.T.);
#6579=ORIENTED_EDGE('',*,*,#5181,.T.);
#6580=ORIENTED_EDGE('',*,*,#5182,.T.);
#6581=ORIENTED_EDGE('',*,*,#5180,.F.);
#6582=ORIENTED_EDGE('',*,*,#5181,.F.);
#6583=ORIENTED_EDGE('',*,*,#5182,.F.);
#6584=ORIENTED_EDGE('',*,*,#5183,.T.);
#6585=ORIENTED_EDGE('',*,*,#5184,.F.);
#6586=ORIENTED_EDGE('',*,*,#5183,.F.);
#6587=ORIENTED_EDGE('',*,*,#5089,.T.);
#6588=ORIENTED_EDGE('',*,*,#5185,.T.);
#6589=ORIENTED_EDGE('',*,*,#5186,.T.);
#6590=ORIENTED_EDGE('',*,*,#5187,.T.);
#6591=ORIENTED_EDGE('',*,*,#5185,.F.);
#6592=ORIENTED_EDGE('',*,*,#5186,.F.);
#6593=ORIENTED_EDGE('',*,*,#5187,.F.);
#6594=ORIENTED_EDGE('',*,*,#5188,.T.);
#6595=ORIENTED_EDGE('',*,*,#5189,.F.);
#6596=ORIENTED_EDGE('',*,*,#5188,.F.);
#6597=ORIENTED_EDGE('',*,*,#4903,.T.);
#6598=ORIENTED_EDGE('',*,*,#5190,.T.);
#6599=ORIENTED_EDGE('',*,*,#5191,.T.);
#6600=ORIENTED_EDGE('',*,*,#5192,.T.);
#6601=ORIENTED_EDGE('',*,*,#5190,.F.);
#6602=ORIENTED_EDGE('',*,*,#5191,.F.);
#6603=ORIENTED_EDGE('',*,*,#5192,.F.);
#6604=ORIENTED_EDGE('',*,*,#5193,.T.);
#6605=ORIENTED_EDGE('',*,*,#5194,.F.);
#6606=ORIENTED_EDGE('',*,*,#5193,.F.);
#6607=ORIENTED_EDGE('',*,*,#5088,.T.);
#6608=ORIENTED_EDGE('',*,*,#5195,.T.);
#6609=ORIENTED_EDGE('',*,*,#5196,.T.);
#6610=ORIENTED_EDGE('',*,*,#5197,.T.);
#6611=ORIENTED_EDGE('',*,*,#5195,.F.);
#6612=ORIENTED_EDGE('',*,*,#5196,.F.);
#6613=ORIENTED_EDGE('',*,*,#5197,.F.);
#6614=ORIENTED_EDGE('',*,*,#5198,.T.);
#6615=ORIENTED_EDGE('',*,*,#5199,.F.);
#6616=ORIENTED_EDGE('',*,*,#5198,.F.);
#6617=ORIENTED_EDGE('',*,*,#4904,.T.);
#6618=ORIENTED_EDGE('',*,*,#5200,.T.);
#6619=ORIENTED_EDGE('',*,*,#5201,.T.);
#6620=ORIENTED_EDGE('',*,*,#5202,.T.);
#6621=ORIENTED_EDGE('',*,*,#5200,.F.);
#6622=ORIENTED_EDGE('',*,*,#5201,.F.);
#6623=ORIENTED_EDGE('',*,*,#5202,.F.);
#6624=ORIENTED_EDGE('',*,*,#5203,.T.);
#6625=ORIENTED_EDGE('',*,*,#5204,.F.);
#6626=ORIENTED_EDGE('',*,*,#5203,.F.);
#6627=ORIENTED_EDGE('',*,*,#5087,.T.);
#6628=ORIENTED_EDGE('',*,*,#5205,.T.);
#6629=ORIENTED_EDGE('',*,*,#5206,.T.);
#6630=ORIENTED_EDGE('',*,*,#5207,.T.);
#6631=ORIENTED_EDGE('',*,*,#5205,.F.);
#6632=ORIENTED_EDGE('',*,*,#5206,.F.);
#6633=ORIENTED_EDGE('',*,*,#5207,.F.);
#6634=ORIENTED_EDGE('',*,*,#5208,.T.);
#6635=ORIENTED_EDGE('',*,*,#5209,.F.);
#6636=ORIENTED_EDGE('',*,*,#5208,.F.);
#6637=ORIENTED_EDGE('',*,*,#4905,.T.);
#6638=ORIENTED_EDGE('',*,*,#5210,.T.);
#6639=ORIENTED_EDGE('',*,*,#5211,.T.);
#6640=ORIENTED_EDGE('',*,*,#5212,.T.);
#6641=ORIENTED_EDGE('',*,*,#5210,.F.);
#6642=ORIENTED_EDGE('',*,*,#5211,.F.);
#6643=ORIENTED_EDGE('',*,*,#5212,.F.);
#6644=ORIENTED_EDGE('',*,*,#5213,.T.);
#6645=ORIENTED_EDGE('',*,*,#5214,.F.);
#6646=ORIENTED_EDGE('',*,*,#5213,.F.);
#6647=ORIENTED_EDGE('',*,*,#5086,.T.);
#6648=ORIENTED_EDGE('',*,*,#5215,.T.);
#6649=ORIENTED_EDGE('',*,*,#5216,.T.);
#6650=ORIENTED_EDGE('',*,*,#5217,.T.);
#6651=ORIENTED_EDGE('',*,*,#5215,.F.);
#6652=ORIENTED_EDGE('',*,*,#5216,.F.);
#6653=ORIENTED_EDGE('',*,*,#5217,.F.);
#6654=ORIENTED_EDGE('',*,*,#5218,.T.);
#6655=ORIENTED_EDGE('',*,*,#5219,.F.);
#6656=ORIENTED_EDGE('',*,*,#5218,.F.);
#6657=ORIENTED_EDGE('',*,*,#4906,.T.);
#6658=ORIENTED_EDGE('',*,*,#5220,.T.);
#6659=ORIENTED_EDGE('',*,*,#5221,.T.);
#6660=ORIENTED_EDGE('',*,*,#5222,.T.);
#6661=ORIENTED_EDGE('',*,*,#5220,.F.);
#6662=ORIENTED_EDGE('',*,*,#5221,.F.);
#6663=ORIENTED_EDGE('',*,*,#5222,.F.);
#6664=ORIENTED_EDGE('',*,*,#5223,.T.);
#6665=ORIENTED_EDGE('',*,*,#5224,.F.);
#6666=ORIENTED_EDGE('',*,*,#5223,.F.);
#6667=ORIENTED_EDGE('',*,*,#5085,.T.);
#6668=ORIENTED_EDGE('',*,*,#5225,.T.);
#6669=ORIENTED_EDGE('',*,*,#5226,.T.);
#6670=ORIENTED_EDGE('',*,*,#5227,.T.);
#6671=ORIENTED_EDGE('',*,*,#5225,.F.);
#6672=ORIENTED_EDGE('',*,*,#5226,.F.);
#6673=ORIENTED_EDGE('',*,*,#5227,.F.);
#6674=ORIENTED_EDGE('',*,*,#5228,.T.);
#6675=ORIENTED_EDGE('',*,*,#5229,.F.);
#6676=ORIENTED_EDGE('',*,*,#5228,.F.);
#6677=ORIENTED_EDGE('',*,*,#4907,.T.);
#6678=ORIENTED_EDGE('',*,*,#5230,.T.);
#6679=ORIENTED_EDGE('',*,*,#5231,.T.);
#6680=ORIENTED_EDGE('',*,*,#5232,.T.);
#6681=ORIENTED_EDGE('',*,*,#5230,.F.);
#6682=ORIENTED_EDGE('',*,*,#5231,.F.);
#6683=ORIENTED_EDGE('',*,*,#5232,.F.);
#6684=ORIENTED_EDGE('',*,*,#5233,.T.);
#6685=ORIENTED_EDGE('',*,*,#5234,.F.);
#6686=ORIENTED_EDGE('',*,*,#5233,.F.);
#6687=ORIENTED_EDGE('',*,*,#5084,.T.);
#6688=ORIENTED_EDGE('',*,*,#5235,.T.);
#6689=ORIENTED_EDGE('',*,*,#5236,.T.);
#6690=ORIENTED_EDGE('',*,*,#5237,.T.);
#6691=ORIENTED_EDGE('',*,*,#5235,.F.);
#6692=ORIENTED_EDGE('',*,*,#5236,.F.);
#6693=ORIENTED_EDGE('',*,*,#5237,.F.);
#6694=ORIENTED_EDGE('',*,*,#5238,.T.);
#6695=ORIENTED_EDGE('',*,*,#5239,.F.);
#6696=ORIENTED_EDGE('',*,*,#5238,.F.);
#6697=ORIENTED_EDGE('',*,*,#4908,.T.);
#6698=ORIENTED_EDGE('',*,*,#5240,.T.);
#6699=ORIENTED_EDGE('',*,*,#5241,.T.);
#6700=ORIENTED_EDGE('',*,*,#5242,.T.);
#6701=ORIENTED_EDGE('',*,*,#5240,.F.);
#6702=ORIENTED_EDGE('',*,*,#5241,.F.);
#6703=ORIENTED_EDGE('',*,*,#5242,.F.);
#6704=ORIENTED_EDGE('',*,*,#5243,.T.);
#6705=ORIENTED_EDGE('',*,*,#5244,.F.);
#6706=ORIENTED_EDGE('',*,*,#5243,.F.);
#6707=ORIENTED_EDGE('',*,*,#5083,.T.);
#6708=ORIENTED_EDGE('',*,*,#5245,.T.);
#6709=ORIENTED_EDGE('',*,*,#5246,.T.);
#6710=ORIENTED_EDGE('',*,*,#5247,.T.);
#6711=ORIENTED_EDGE('',*,*,#5245,.F.);
#6712=ORIENTED_EDGE('',*,*,#5246,.F.);
#6713=ORIENTED_EDGE('',*,*,#5247,.F.);
#6714=ORIENTED_EDGE('',*,*,#5248,.T.);
#6715=ORIENTED_EDGE('',*,*,#5249,.F.);
#6716=ORIENTED_EDGE('',*,*,#5248,.F.);
#6717=ORIENTED_EDGE('',*,*,#4909,.T.);
#6718=ORIENTED_EDGE('',*,*,#5250,.T.);
#6719=ORIENTED_EDGE('',*,*,#5251,.T.);
#6720=ORIENTED_EDGE('',*,*,#5252,.T.);
#6721=ORIENTED_EDGE('',*,*,#5250,.F.);
#6722=ORIENTED_EDGE('',*,*,#5251,.F.);
#6723=ORIENTED_EDGE('',*,*,#5252,.F.);
#6724=ORIENTED_EDGE('',*,*,#5253,.T.);
#6725=ORIENTED_EDGE('',*,*,#5254,.F.);
#6726=ORIENTED_EDGE('',*,*,#5253,.F.);
#6727=ORIENTED_EDGE('',*,*,#5082,.T.);
#6728=ORIENTED_EDGE('',*,*,#5255,.T.);
#6729=ORIENTED_EDGE('',*,*,#5256,.T.);
#6730=ORIENTED_EDGE('',*,*,#5257,.T.);
#6731=ORIENTED_EDGE('',*,*,#5255,.F.);
#6732=ORIENTED_EDGE('',*,*,#5256,.F.);
#6733=ORIENTED_EDGE('',*,*,#5257,.F.);
#6734=ORIENTED_EDGE('',*,*,#5258,.T.);
#6735=ORIENTED_EDGE('',*,*,#5259,.F.);
#6736=ORIENTED_EDGE('',*,*,#5258,.F.);
#6737=ORIENTED_EDGE('',*,*,#4910,.T.);
#6738=ORIENTED_EDGE('',*,*,#5260,.T.);
#6739=ORIENTED_EDGE('',*,*,#5261,.T.);
#6740=ORIENTED_EDGE('',*,*,#5262,.T.);
#6741=ORIENTED_EDGE('',*,*,#5260,.F.);
#6742=ORIENTED_EDGE('',*,*,#5261,.F.);
#6743=ORIENTED_EDGE('',*,*,#5262,.F.);
#6744=ORIENTED_EDGE('',*,*,#5263,.T.);
#6745=ORIENTED_EDGE('',*,*,#5264,.F.);
#6746=ORIENTED_EDGE('',*,*,#5263,.F.);
#6747=ORIENTED_EDGE('',*,*,#5081,.T.);
#6748=ORIENTED_EDGE('',*,*,#5265,.T.);
#6749=ORIENTED_EDGE('',*,*,#5266,.T.);
#6750=ORIENTED_EDGE('',*,*,#5267,.T.);
#6751=ORIENTED_EDGE('',*,*,#5265,.F.);
#6752=ORIENTED_EDGE('',*,*,#5266,.F.);
#6753=ORIENTED_EDGE('',*,*,#5267,.F.);
#6754=ORIENTED_EDGE('',*,*,#5268,.T.);
#6755=ORIENTED_EDGE('',*,*,#5269,.F.);
#6756=ORIENTED_EDGE('',*,*,#5268,.F.);
#6757=ORIENTED_EDGE('',*,*,#4911,.T.);
#6758=ORIENTED_EDGE('',*,*,#5270,.T.);
#6759=ORIENTED_EDGE('',*,*,#5271,.T.);
#6760=ORIENTED_EDGE('',*,*,#5272,.T.);
#6761=ORIENTED_EDGE('',*,*,#5270,.F.);
#6762=ORIENTED_EDGE('',*,*,#5271,.F.);
#6763=ORIENTED_EDGE('',*,*,#5272,.F.);
#6764=ORIENTED_EDGE('',*,*,#5273,.T.);
#6765=ORIENTED_EDGE('',*,*,#5274,.F.);
#6766=ORIENTED_EDGE('',*,*,#5273,.F.);
#6767=ORIENTED_EDGE('',*,*,#5080,.T.);
#6768=ORIENTED_EDGE('',*,*,#5275,.T.);
#6769=ORIENTED_EDGE('',*,*,#5276,.T.);
#6770=ORIENTED_EDGE('',*,*,#5277,.T.);
#6771=ORIENTED_EDGE('',*,*,#5275,.F.);
#6772=ORIENTED_EDGE('',*,*,#5276,.F.);
#6773=ORIENTED_EDGE('',*,*,#5277,.F.);
#6774=ORIENTED_EDGE('',*,*,#5278,.T.);
#6775=ORIENTED_EDGE('',*,*,#5279,.F.);
#6776=ORIENTED_EDGE('',*,*,#5278,.F.);
#6777=ORIENTED_EDGE('',*,*,#4912,.T.);
#6778=ORIENTED_EDGE('',*,*,#5280,.T.);
#6779=ORIENTED_EDGE('',*,*,#5281,.T.);
#6780=ORIENTED_EDGE('',*,*,#5282,.T.);
#6781=ORIENTED_EDGE('',*,*,#5280,.F.);
#6782=ORIENTED_EDGE('',*,*,#5281,.F.);
#6783=ORIENTED_EDGE('',*,*,#5282,.F.);
#6784=ORIENTED_EDGE('',*,*,#5283,.T.);
#6785=ORIENTED_EDGE('',*,*,#5284,.F.);
#6786=ORIENTED_EDGE('',*,*,#5283,.F.);
#6787=ORIENTED_EDGE('',*,*,#5079,.T.);
#6788=ORIENTED_EDGE('',*,*,#5285,.T.);
#6789=ORIENTED_EDGE('',*,*,#5286,.T.);
#6790=ORIENTED_EDGE('',*,*,#5287,.T.);
#6791=ORIENTED_EDGE('',*,*,#5285,.F.);
#6792=ORIENTED_EDGE('',*,*,#5286,.F.);
#6793=ORIENTED_EDGE('',*,*,#5287,.F.);
#6794=ORIENTED_EDGE('',*,*,#5288,.T.);
#6795=ORIENTED_EDGE('',*,*,#5289,.F.);
#6796=ORIENTED_EDGE('',*,*,#5288,.F.);
#6797=ORIENTED_EDGE('',*,*,#4913,.T.);
#6798=ORIENTED_EDGE('',*,*,#5290,.T.);
#6799=ORIENTED_EDGE('',*,*,#5291,.T.);
#6800=ORIENTED_EDGE('',*,*,#5292,.T.);
#6801=ORIENTED_EDGE('',*,*,#5290,.F.);
#6802=ORIENTED_EDGE('',*,*,#5291,.F.);
#6803=ORIENTED_EDGE('',*,*,#5292,.F.);
#6804=ORIENTED_EDGE('',*,*,#5293,.T.);
#6805=ORIENTED_EDGE('',*,*,#5294,.F.);
#6806=ORIENTED_EDGE('',*,*,#5293,.F.);
#6807=ORIENTED_EDGE('',*,*,#5078,.T.);
#6808=ORIENTED_EDGE('',*,*,#5295,.T.);
#6809=ORIENTED_EDGE('',*,*,#5296,.T.);
#6810=ORIENTED_EDGE('',*,*,#5297,.T.);
#6811=ORIENTED_EDGE('',*,*,#5295,.F.);
#6812=ORIENTED_EDGE('',*,*,#5296,.F.);
#6813=ORIENTED_EDGE('',*,*,#5297,.F.);
#6814=ORIENTED_EDGE('',*,*,#5298,.T.);
#6815=ORIENTED_EDGE('',*,*,#5299,.F.);
#6816=ORIENTED_EDGE('',*,*,#5298,.F.);
#6817=ORIENTED_EDGE('',*,*,#4914,.T.);
#6818=ORIENTED_EDGE('',*,*,#5300,.T.);
#6819=ORIENTED_EDGE('',*,*,#5301,.T.);
#6820=ORIENTED_EDGE('',*,*,#5302,.T.);
#6821=ORIENTED_EDGE('',*,*,#5300,.F.);
#6822=ORIENTED_EDGE('',*,*,#5301,.F.);
#6823=ORIENTED_EDGE('',*,*,#5302,.F.);
#6824=ORIENTED_EDGE('',*,*,#5303,.T.);
#6825=ORIENTED_EDGE('',*,*,#5304,.F.);
#6826=ORIENTED_EDGE('',*,*,#5303,.F.);
#6827=ORIENTED_EDGE('',*,*,#5077,.T.);
#6828=ORIENTED_EDGE('',*,*,#5305,.T.);
#6829=ORIENTED_EDGE('',*,*,#5306,.T.);
#6830=ORIENTED_EDGE('',*,*,#5307,.T.);
#6831=ORIENTED_EDGE('',*,*,#5305,.F.);
#6832=ORIENTED_EDGE('',*,*,#5306,.F.);
#6833=ORIENTED_EDGE('',*,*,#5307,.F.);
#6834=ORIENTED_EDGE('',*,*,#5308,.T.);
#6835=ORIENTED_EDGE('',*,*,#5309,.F.);
#6836=ORIENTED_EDGE('',*,*,#5308,.F.);
#6837=ORIENTED_EDGE('',*,*,#4915,.T.);
#6838=ORIENTED_EDGE('',*,*,#5310,.T.);
#6839=ORIENTED_EDGE('',*,*,#5311,.T.);
#6840=ORIENTED_EDGE('',*,*,#5312,.T.);
#6841=ORIENTED_EDGE('',*,*,#5310,.F.);
#6842=ORIENTED_EDGE('',*,*,#5311,.F.);
#6843=ORIENTED_EDGE('',*,*,#5312,.F.);
#6844=ORIENTED_EDGE('',*,*,#5313,.T.);
#6845=ORIENTED_EDGE('',*,*,#5314,.F.);
#6846=ORIENTED_EDGE('',*,*,#5313,.F.);
#6847=ORIENTED_EDGE('',*,*,#5076,.T.);
#6848=ORIENTED_EDGE('',*,*,#5315,.T.);
#6849=ORIENTED_EDGE('',*,*,#5316,.T.);
#6850=ORIENTED_EDGE('',*,*,#5317,.T.);
#6851=ORIENTED_EDGE('',*,*,#5315,.F.);
#6852=ORIENTED_EDGE('',*,*,#5316,.F.);
#6853=ORIENTED_EDGE('',*,*,#5317,.F.);
#6854=ORIENTED_EDGE('',*,*,#5318,.T.);
#6855=ORIENTED_EDGE('',*,*,#5319,.F.);
#6856=ORIENTED_EDGE('',*,*,#5318,.F.);
#6857=ORIENTED_EDGE('',*,*,#4916,.T.);
#6858=ORIENTED_EDGE('',*,*,#5320,.T.);
#6859=ORIENTED_EDGE('',*,*,#5321,.T.);
#6860=ORIENTED_EDGE('',*,*,#5322,.T.);
#6861=ORIENTED_EDGE('',*,*,#5320,.F.);
#6862=ORIENTED_EDGE('',*,*,#5321,.F.);
#6863=ORIENTED_EDGE('',*,*,#5322,.F.);
#6864=ORIENTED_EDGE('',*,*,#5323,.T.);
#6865=ORIENTED_EDGE('',*,*,#5324,.F.);
#6866=ORIENTED_EDGE('',*,*,#5323,.F.);
#6867=ORIENTED_EDGE('',*,*,#5075,.T.);
#6868=ORIENTED_EDGE('',*,*,#5325,.T.);
#6869=ORIENTED_EDGE('',*,*,#5326,.T.);
#6870=ORIENTED_EDGE('',*,*,#5327,.T.);
#6871=ORIENTED_EDGE('',*,*,#5325,.F.);
#6872=ORIENTED_EDGE('',*,*,#5326,.F.);
#6873=ORIENTED_EDGE('',*,*,#5327,.F.);
#6874=ORIENTED_EDGE('',*,*,#5328,.T.);
#6875=ORIENTED_EDGE('',*,*,#5329,.F.);
#6876=ORIENTED_EDGE('',*,*,#5328,.F.);
#6877=ORIENTED_EDGE('',*,*,#4917,.T.);
#6878=ORIENTED_EDGE('',*,*,#5330,.T.);
#6879=ORIENTED_EDGE('',*,*,#5331,.T.);
#6880=ORIENTED_EDGE('',*,*,#5332,.T.);
#6881=ORIENTED_EDGE('',*,*,#5330,.F.);
#6882=ORIENTED_EDGE('',*,*,#5331,.F.);
#6883=ORIENTED_EDGE('',*,*,#5332,.F.);
#6884=ORIENTED_EDGE('',*,*,#5333,.T.);
#6885=ORIENTED_EDGE('',*,*,#5334,.F.);
#6886=ORIENTED_EDGE('',*,*,#5333,.F.);
#6887=ORIENTED_EDGE('',*,*,#5074,.T.);
#6888=ORIENTED_EDGE('',*,*,#5335,.T.);
#6889=ORIENTED_EDGE('',*,*,#5336,.T.);
#6890=ORIENTED_EDGE('',*,*,#5337,.T.);
#6891=ORIENTED_EDGE('',*,*,#5335,.F.);
#6892=ORIENTED_EDGE('',*,*,#5336,.F.);
#6893=ORIENTED_EDGE('',*,*,#5337,.F.);
#6894=ORIENTED_EDGE('',*,*,#5338,.T.);
#6895=ORIENTED_EDGE('',*,*,#5339,.F.);
#6896=ORIENTED_EDGE('',*,*,#5338,.F.);
#6897=ORIENTED_EDGE('',*,*,#4918,.T.);
#6898=ORIENTED_EDGE('',*,*,#5340,.T.);
#6899=ORIENTED_EDGE('',*,*,#5341,.T.);
#6900=ORIENTED_EDGE('',*,*,#5342,.T.);
#6901=ORIENTED_EDGE('',*,*,#5340,.F.);
#6902=ORIENTED_EDGE('',*,*,#5341,.F.);
#6903=ORIENTED_EDGE('',*,*,#5342,.F.);
#6904=ORIENTED_EDGE('',*,*,#5343,.T.);
#6905=ORIENTED_EDGE('',*,*,#5344,.F.);
#6906=ORIENTED_EDGE('',*,*,#5343,.F.);
#6907=ORIENTED_EDGE('',*,*,#5073,.T.);
#6908=ORIENTED_EDGE('',*,*,#5345,.T.);
#6909=ORIENTED_EDGE('',*,*,#5346,.T.);
#6910=ORIENTED_EDGE('',*,*,#5347,.T.);
#6911=ORIENTED_EDGE('',*,*,#5345,.F.);
#6912=ORIENTED_EDGE('',*,*,#5346,.F.);
#6913=ORIENTED_EDGE('',*,*,#5347,.F.);
#6914=ORIENTED_EDGE('',*,*,#5348,.T.);
#6915=ORIENTED_EDGE('',*,*,#5349,.F.);
#6916=ORIENTED_EDGE('',*,*,#5348,.F.);
#6917=ORIENTED_EDGE('',*,*,#4919,.T.);
#6918=ORIENTED_EDGE('',*,*,#5350,.T.);
#6919=ORIENTED_EDGE('',*,*,#5351,.T.);
#6920=ORIENTED_EDGE('',*,*,#5352,.T.);
#6921=ORIENTED_EDGE('',*,*,#5350,.F.);
#6922=ORIENTED_EDGE('',*,*,#5351,.F.);
#6923=ORIENTED_EDGE('',*,*,#5352,.F.);
#6924=ORIENTED_EDGE('',*,*,#5353,.T.);
#6925=ORIENTED_EDGE('',*,*,#5354,.F.);
#6926=ORIENTED_EDGE('',*,*,#5353,.F.);
#6927=ORIENTED_EDGE('',*,*,#5072,.T.);
#6928=ORIENTED_EDGE('',*,*,#5355,.T.);
#6929=ORIENTED_EDGE('',*,*,#5356,.T.);
#6930=ORIENTED_EDGE('',*,*,#5357,.T.);
#6931=ORIENTED_EDGE('',*,*,#5355,.F.);
#6932=ORIENTED_EDGE('',*,*,#5356,.F.);
#6933=ORIENTED_EDGE('',*,*,#5357,.F.);
#6934=ORIENTED_EDGE('',*,*,#5358,.T.);
#6935=ORIENTED_EDGE('',*,*,#5359,.F.);
#6936=ORIENTED_EDGE('',*,*,#5358,.F.);
#6937=ORIENTED_EDGE('',*,*,#4920,.T.);
#6938=ORIENTED_EDGE('',*,*,#5360,.T.);
#6939=ORIENTED_EDGE('',*,*,#5361,.T.);
#6940=ORIENTED_EDGE('',*,*,#5362,.T.);
#6941=ORIENTED_EDGE('',*,*,#5360,.F.);
#6942=ORIENTED_EDGE('',*,*,#5361,.F.);
#6943=ORIENTED_EDGE('',*,*,#5362,.F.);
#6944=ORIENTED_EDGE('',*,*,#5363,.T.);
#6945=ORIENTED_EDGE('',*,*,#5364,.F.);
#6946=ORIENTED_EDGE('',*,*,#5363,.F.);
#6947=ORIENTED_EDGE('',*,*,#5071,.T.);
#6948=ORIENTED_EDGE('',*,*,#5365,.T.);
#6949=ORIENTED_EDGE('',*,*,#5366,.T.);
#6950=ORIENTED_EDGE('',*,*,#5367,.T.);
#6951=ORIENTED_EDGE('',*,*,#5365,.F.);
#6952=ORIENTED_EDGE('',*,*,#5366,.F.);
#6953=ORIENTED_EDGE('',*,*,#5367,.F.);
#6954=ORIENTED_EDGE('',*,*,#5368,.T.);
#6955=ORIENTED_EDGE('',*,*,#5369,.F.);
#6956=ORIENTED_EDGE('',*,*,#5368,.F.);
#6957=ORIENTED_EDGE('',*,*,#4921,.T.);
#6958=ORIENTED_EDGE('',*,*,#5370,.T.);
#6959=ORIENTED_EDGE('',*,*,#5371,.T.);
#6960=ORIENTED_EDGE('',*,*,#5372,.T.);
#6961=ORIENTED_EDGE('',*,*,#5370,.F.);
#6962=ORIENTED_EDGE('',*,*,#5371,.F.);
#6963=ORIENTED_EDGE('',*,*,#5372,.F.);
#6964=ORIENTED_EDGE('',*,*,#5373,.T.);
#6965=ORIENTED_EDGE('',*,*,#5374,.F.);
#6966=ORIENTED_EDGE('',*,*,#5373,.F.);
#6967=ORIENTED_EDGE('',*,*,#5070,.T.);
#6968=ORIENTED_EDGE('',*,*,#5375,.T.);
#6969=ORIENTED_EDGE('',*,*,#5376,.T.);
#6970=ORIENTED_EDGE('',*,*,#5377,.T.);
#6971=ORIENTED_EDGE('',*,*,#5375,.F.);
#6972=ORIENTED_EDGE('',*,*,#5376,.F.);
#6973=ORIENTED_EDGE('',*,*,#5377,.F.);
#6974=ORIENTED_EDGE('',*,*,#5378,.T.);
#6975=ORIENTED_EDGE('',*,*,#5379,.F.);
#6976=ORIENTED_EDGE('',*,*,#5378,.F.);
#6977=ORIENTED_EDGE('',*,*,#4922,.T.);
#6978=ORIENTED_EDGE('',*,*,#5380,.T.);
#6979=ORIENTED_EDGE('',*,*,#5381,.T.);
#6980=ORIENTED_EDGE('',*,*,#5382,.T.);
#6981=ORIENTED_EDGE('',*,*,#5380,.F.);
#6982=ORIENTED_EDGE('',*,*,#5381,.F.);
#6983=ORIENTED_EDGE('',*,*,#5382,.F.);
#6984=ORIENTED_EDGE('',*,*,#5383,.T.);
#6985=ORIENTED_EDGE('',*,*,#5384,.F.);
#6986=ORIENTED_EDGE('',*,*,#5383,.F.);
#6987=ORIENTED_EDGE('',*,*,#5069,.T.);
#6988=ORIENTED_EDGE('',*,*,#5385,.T.);
#6989=ORIENTED_EDGE('',*,*,#5386,.T.);
#6990=ORIENTED_EDGE('',*,*,#5387,.T.);
#6991=ORIENTED_EDGE('',*,*,#5385,.F.);
#6992=ORIENTED_EDGE('',*,*,#5386,.F.);
#6993=ORIENTED_EDGE('',*,*,#5387,.F.);
#6994=ORIENTED_EDGE('',*,*,#5388,.T.);
#6995=ORIENTED_EDGE('',*,*,#5389,.F.);
#6996=ORIENTED_EDGE('',*,*,#5388,.F.);
#6997=ORIENTED_EDGE('',*,*,#4923,.T.);
#6998=ORIENTED_EDGE('',*,*,#5390,.T.);
#6999=ORIENTED_EDGE('',*,*,#5391,.T.);
#7000=ORIENTED_EDGE('',*,*,#5392,.T.);
#7001=ORIENTED_EDGE('',*,*,#5390,.F.);
#7002=ORIENTED_EDGE('',*,*,#5391,.F.);
#7003=ORIENTED_EDGE('',*,*,#5392,.F.);
#7004=ORIENTED_EDGE('',*,*,#5393,.T.);
#7005=ORIENTED_EDGE('',*,*,#5394,.F.);
#7006=ORIENTED_EDGE('',*,*,#5393,.F.);
#7007=ORIENTED_EDGE('',*,*,#5068,.T.);
#7008=ORIENTED_EDGE('',*,*,#5395,.T.);
#7009=ORIENTED_EDGE('',*,*,#5396,.T.);
#7010=ORIENTED_EDGE('',*,*,#5397,.T.);
#7011=ORIENTED_EDGE('',*,*,#5395,.F.);
#7012=ORIENTED_EDGE('',*,*,#5396,.F.);
#7013=ORIENTED_EDGE('',*,*,#5397,.F.);
#7014=ORIENTED_EDGE('',*,*,#5398,.T.);
#7015=ORIENTED_EDGE('',*,*,#5399,.F.);
#7016=ORIENTED_EDGE('',*,*,#5398,.F.);
#7017=ORIENTED_EDGE('',*,*,#4924,.T.);
#7018=ORIENTED_EDGE('',*,*,#5400,.T.);
#7019=ORIENTED_EDGE('',*,*,#5401,.T.);
#7020=ORIENTED_EDGE('',*,*,#5402,.T.);
#7021=ORIENTED_EDGE('',*,*,#5400,.F.);
#7022=ORIENTED_EDGE('',*,*,#5401,.F.);
#7023=ORIENTED_EDGE('',*,*,#5402,.F.);
#7024=ORIENTED_EDGE('',*,*,#5403,.T.);
#7025=ORIENTED_EDGE('',*,*,#5404,.F.);
#7026=ORIENTED_EDGE('',*,*,#5403,.F.);
#7027=ORIENTED_EDGE('',*,*,#5067,.T.);
#7028=ORIENTED_EDGE('',*,*,#5405,.T.);
#7029=ORIENTED_EDGE('',*,*,#5406,.T.);
#7030=ORIENTED_EDGE('',*,*,#5407,.T.);
#7031=ORIENTED_EDGE('',*,*,#5405,.F.);
#7032=ORIENTED_EDGE('',*,*,#5406,.F.);
#7033=ORIENTED_EDGE('',*,*,#5407,.F.);
#7034=ORIENTED_EDGE('',*,*,#5408,.T.);
#7035=ORIENTED_EDGE('',*,*,#5409,.F.);
#7036=ORIENTED_EDGE('',*,*,#5408,.F.);
#7037=ORIENTED_EDGE('',*,*,#4925,.T.);
#7038=ORIENTED_EDGE('',*,*,#5410,.T.);
#7039=ORIENTED_EDGE('',*,*,#5411,.T.);
#7040=ORIENTED_EDGE('',*,*,#5412,.T.);
#7041=ORIENTED_EDGE('',*,*,#5410,.F.);
#7042=ORIENTED_EDGE('',*,*,#5411,.F.);
#7043=ORIENTED_EDGE('',*,*,#5412,.F.);
#7044=ORIENTED_EDGE('',*,*,#5413,.T.);
#7045=ORIENTED_EDGE('',*,*,#5414,.F.);
#7046=ORIENTED_EDGE('',*,*,#5413,.F.);
#7047=ORIENTED_EDGE('',*,*,#5066,.T.);
#7048=ORIENTED_EDGE('',*,*,#5415,.T.);
#7049=ORIENTED_EDGE('',*,*,#5416,.T.);
#7050=ORIENTED_EDGE('',*,*,#5417,.T.);
#7051=ORIENTED_EDGE('',*,*,#5415,.F.);
#7052=ORIENTED_EDGE('',*,*,#5416,.F.);
#7053=ORIENTED_EDGE('',*,*,#5417,.F.);
#7054=ORIENTED_EDGE('',*,*,#5418,.T.);
#7055=ORIENTED_EDGE('',*,*,#5419,.F.);
#7056=ORIENTED_EDGE('',*,*,#5418,.F.);
#7057=ORIENTED_EDGE('',*,*,#4926,.T.);
#7058=ORIENTED_EDGE('',*,*,#5420,.T.);
#7059=ORIENTED_EDGE('',*,*,#5421,.T.);
#7060=ORIENTED_EDGE('',*,*,#5422,.T.);
#7061=ORIENTED_EDGE('',*,*,#5420,.F.);
#7062=ORIENTED_EDGE('',*,*,#5421,.F.);
#7063=ORIENTED_EDGE('',*,*,#5422,.F.);
#7064=ORIENTED_EDGE('',*,*,#5423,.T.);
#7065=ORIENTED_EDGE('',*,*,#5424,.F.);
#7066=ORIENTED_EDGE('',*,*,#5423,.F.);
#7067=ORIENTED_EDGE('',*,*,#5065,.T.);
#7068=ORIENTED_EDGE('',*,*,#5425,.T.);
#7069=ORIENTED_EDGE('',*,*,#5426,.T.);
#7070=ORIENTED_EDGE('',*,*,#5427,.T.);
#7071=ORIENTED_EDGE('',*,*,#5425,.F.);
#7072=ORIENTED_EDGE('',*,*,#5426,.F.);
#7073=ORIENTED_EDGE('',*,*,#5427,.F.);
#7074=ORIENTED_EDGE('',*,*,#5428,.T.);
#7075=ORIENTED_EDGE('',*,*,#5429,.F.);
#7076=ORIENTED_EDGE('',*,*,#5428,.F.);
#7077=ORIENTED_EDGE('',*,*,#4927,.T.);
#7078=ORIENTED_EDGE('',*,*,#5430,.T.);
#7079=ORIENTED_EDGE('',*,*,#5431,.T.);
#7080=ORIENTED_EDGE('',*,*,#5432,.T.);
#7081=ORIENTED_EDGE('',*,*,#5430,.F.);
#7082=ORIENTED_EDGE('',*,*,#5431,.F.);
#7083=ORIENTED_EDGE('',*,*,#5432,.F.);
#7084=ORIENTED_EDGE('',*,*,#5433,.T.);
#7085=ORIENTED_EDGE('',*,*,#5434,.F.);
#7086=ORIENTED_EDGE('',*,*,#5433,.F.);
#7087=ORIENTED_EDGE('',*,*,#5064,.T.);
#7088=ORIENTED_EDGE('',*,*,#5435,.T.);
#7089=ORIENTED_EDGE('',*,*,#5436,.T.);
#7090=ORIENTED_EDGE('',*,*,#5437,.T.);
#7091=ORIENTED_EDGE('',*,*,#5435,.F.);
#7092=ORIENTED_EDGE('',*,*,#5436,.F.);
#7093=ORIENTED_EDGE('',*,*,#5437,.F.);
#7094=ORIENTED_EDGE('',*,*,#5438,.T.);
#7095=ORIENTED_EDGE('',*,*,#5439,.F.);
#7096=ORIENTED_EDGE('',*,*,#5438,.F.);
#7097=ORIENTED_EDGE('',*,*,#4928,.T.);
#7098=ORIENTED_EDGE('',*,*,#5440,.T.);
#7099=ORIENTED_EDGE('',*,*,#5441,.T.);
#7100=ORIENTED_EDGE('',*,*,#5442,.T.);
#7101=ORIENTED_EDGE('',*,*,#5440,.F.);
#7102=ORIENTED_EDGE('',*,*,#5441,.F.);
#7103=ORIENTED_EDGE('',*,*,#5442,.F.);
#7104=ORIENTED_EDGE('',*,*,#5443,.T.);
#7105=ORIENTED_EDGE('',*,*,#5444,.F.);
#7106=ORIENTED_EDGE('',*,*,#5443,.F.);
#7107=ORIENTED_EDGE('',*,*,#5063,.T.);
#7108=ORIENTED_EDGE('',*,*,#5445,.T.);
#7109=ORIENTED_EDGE('',*,*,#5446,.T.);
#7110=ORIENTED_EDGE('',*,*,#5447,.T.);
#7111=ORIENTED_EDGE('',*,*,#5445,.F.);
#7112=ORIENTED_EDGE('',*,*,#5446,.F.);
#7113=ORIENTED_EDGE('',*,*,#5447,.F.);
#7114=ORIENTED_EDGE('',*,*,#5448,.T.);
#7115=ORIENTED_EDGE('',*,*,#5449,.F.);
#7116=ORIENTED_EDGE('',*,*,#5448,.F.);
#7117=ORIENTED_EDGE('',*,*,#4929,.T.);
#7118=ORIENTED_EDGE('',*,*,#5450,.T.);
#7119=ORIENTED_EDGE('',*,*,#5451,.T.);
#7120=ORIENTED_EDGE('',*,*,#5452,.T.);
#7121=ORIENTED_EDGE('',*,*,#5450,.F.);
#7122=ORIENTED_EDGE('',*,*,#5451,.F.);
#7123=ORIENTED_EDGE('',*,*,#5452,.F.);
#7124=ORIENTED_EDGE('',*,*,#5453,.T.);
#7125=ORIENTED_EDGE('',*,*,#5454,.F.);
#7126=ORIENTED_EDGE('',*,*,#5453,.F.);
#7127=ORIENTED_EDGE('',*,*,#5062,.T.);
#7128=ORIENTED_EDGE('',*,*,#5455,.T.);
#7129=ORIENTED_EDGE('',*,*,#5456,.T.);
#7130=ORIENTED_EDGE('',*,*,#5457,.T.);
#7131=ORIENTED_EDGE('',*,*,#5455,.F.);
#7132=ORIENTED_EDGE('',*,*,#5456,.F.);
#7133=ORIENTED_EDGE('',*,*,#5457,.F.);
#7134=ORIENTED_EDGE('',*,*,#5458,.T.);
#7135=ORIENTED_EDGE('',*,*,#5459,.F.);
#7136=ORIENTED_EDGE('',*,*,#5458,.F.);
#7137=ORIENTED_EDGE('',*,*,#4930,.T.);
#7138=ORIENTED_EDGE('',*,*,#5460,.T.);
#7139=ORIENTED_EDGE('',*,*,#5461,.T.);
#7140=ORIENTED_EDGE('',*,*,#5462,.T.);
#7141=ORIENTED_EDGE('',*,*,#5460,.F.);
#7142=ORIENTED_EDGE('',*,*,#5461,.F.);
#7143=ORIENTED_EDGE('',*,*,#5462,.F.);
#7144=ORIENTED_EDGE('',*,*,#5463,.T.);
#7145=ORIENTED_EDGE('',*,*,#5464,.F.);
#7146=ORIENTED_EDGE('',*,*,#5463,.F.);
#7147=ORIENTED_EDGE('',*,*,#5061,.T.);
#7148=ORIENTED_EDGE('',*,*,#5465,.T.);
#7149=ORIENTED_EDGE('',*,*,#5466,.T.);
#7150=ORIENTED_EDGE('',*,*,#5467,.T.);
#7151=ORIENTED_EDGE('',*,*,#5465,.F.);
#7152=ORIENTED_EDGE('',*,*,#5466,.F.);
#7153=ORIENTED_EDGE('',*,*,#5467,.F.);
#7154=ORIENTED_EDGE('',*,*,#5468,.T.);
#7155=ORIENTED_EDGE('',*,*,#5469,.F.);
#7156=ORIENTED_EDGE('',*,*,#5468,.F.);
#7157=ORIENTED_EDGE('',*,*,#4931,.T.);
#7158=ORIENTED_EDGE('',*,*,#5470,.T.);
#7159=ORIENTED_EDGE('',*,*,#5471,.T.);
#7160=ORIENTED_EDGE('',*,*,#5472,.T.);
#7161=ORIENTED_EDGE('',*,*,#5470,.F.);
#7162=ORIENTED_EDGE('',*,*,#5471,.F.);
#7163=ORIENTED_EDGE('',*,*,#5472,.F.);
#7164=ORIENTED_EDGE('',*,*,#5473,.T.);
#7165=ORIENTED_EDGE('',*,*,#5474,.F.);
#7166=ORIENTED_EDGE('',*,*,#5473,.F.);
#7167=ORIENTED_EDGE('',*,*,#5060,.T.);
#7168=ORIENTED_EDGE('',*,*,#5475,.T.);
#7169=ORIENTED_EDGE('',*,*,#5476,.T.);
#7170=ORIENTED_EDGE('',*,*,#5477,.T.);
#7171=ORIENTED_EDGE('',*,*,#5475,.F.);
#7172=ORIENTED_EDGE('',*,*,#5476,.F.);
#7173=ORIENTED_EDGE('',*,*,#5477,.F.);
#7174=ORIENTED_EDGE('',*,*,#5478,.T.);
#7175=ORIENTED_EDGE('',*,*,#5479,.F.);
#7176=ORIENTED_EDGE('',*,*,#5478,.F.);
#7177=ORIENTED_EDGE('',*,*,#4932,.T.);
#7178=ORIENTED_EDGE('',*,*,#5480,.T.);
#7179=ORIENTED_EDGE('',*,*,#5481,.T.);
#7180=ORIENTED_EDGE('',*,*,#5482,.T.);
#7181=ORIENTED_EDGE('',*,*,#5480,.F.);
#7182=ORIENTED_EDGE('',*,*,#5481,.F.);
#7183=ORIENTED_EDGE('',*,*,#5482,.F.);
#7184=ORIENTED_EDGE('',*,*,#5483,.T.);
#7185=ORIENTED_EDGE('',*,*,#5484,.F.);
#7186=ORIENTED_EDGE('',*,*,#5483,.F.);
#7187=ORIENTED_EDGE('',*,*,#5059,.T.);
#7188=ORIENTED_EDGE('',*,*,#5485,.T.);
#7189=ORIENTED_EDGE('',*,*,#5486,.T.);
#7190=ORIENTED_EDGE('',*,*,#5487,.T.);
#7191=ORIENTED_EDGE('',*,*,#5485,.F.);
#7192=ORIENTED_EDGE('',*,*,#5486,.F.);
#7193=ORIENTED_EDGE('',*,*,#5487,.F.);
#7194=ORIENTED_EDGE('',*,*,#5488,.T.);
#7195=ORIENTED_EDGE('',*,*,#5489,.F.);
#7196=ORIENTED_EDGE('',*,*,#5488,.F.);
#7197=ORIENTED_EDGE('',*,*,#4933,.T.);
#7198=ORIENTED_EDGE('',*,*,#5490,.T.);
#7199=ORIENTED_EDGE('',*,*,#5491,.T.);
#7200=ORIENTED_EDGE('',*,*,#5492,.T.);
#7201=ORIENTED_EDGE('',*,*,#5490,.F.);
#7202=ORIENTED_EDGE('',*,*,#5491,.F.);
#7203=ORIENTED_EDGE('',*,*,#5492,.F.);
#7204=ORIENTED_EDGE('',*,*,#5493,.T.);
#7205=ORIENTED_EDGE('',*,*,#5494,.F.);
#7206=ORIENTED_EDGE('',*,*,#5493,.F.);
#7207=ORIENTED_EDGE('',*,*,#5058,.T.);
#7208=ORIENTED_EDGE('',*,*,#5495,.T.);
#7209=ORIENTED_EDGE('',*,*,#5496,.T.);
#7210=ORIENTED_EDGE('',*,*,#5497,.T.);
#7211=ORIENTED_EDGE('',*,*,#5495,.F.);
#7212=ORIENTED_EDGE('',*,*,#5496,.F.);
#7213=ORIENTED_EDGE('',*,*,#5497,.F.);
#7214=ORIENTED_EDGE('',*,*,#5498,.T.);
#7215=ORIENTED_EDGE('',*,*,#5499,.F.);
#7216=ORIENTED_EDGE('',*,*,#5498,.F.);
#7217=ORIENTED_EDGE('',*,*,#4934,.T.);
#7218=ORIENTED_EDGE('',*,*,#5500,.T.);
#7219=ORIENTED_EDGE('',*,*,#5501,.T.);
#7220=ORIENTED_EDGE('',*,*,#5502,.T.);
#7221=ORIENTED_EDGE('',*,*,#5500,.F.);
#7222=ORIENTED_EDGE('',*,*,#5501,.F.);
#7223=ORIENTED_EDGE('',*,*,#5502,.F.);
#7224=ORIENTED_EDGE('',*,*,#5503,.T.);
#7225=ORIENTED_EDGE('',*,*,#5504,.F.);
#7226=ORIENTED_EDGE('',*,*,#5503,.F.);
#7227=ORIENTED_EDGE('',*,*,#5057,.T.);
#7228=ORIENTED_EDGE('',*,*,#5505,.T.);
#7229=ORIENTED_EDGE('',*,*,#5506,.T.);
#7230=ORIENTED_EDGE('',*,*,#5507,.T.);
#7231=ORIENTED_EDGE('',*,*,#5505,.F.);
#7232=ORIENTED_EDGE('',*,*,#5506,.F.);
#7233=ORIENTED_EDGE('',*,*,#5507,.F.);
#7234=ORIENTED_EDGE('',*,*,#5508,.T.);
#7235=ORIENTED_EDGE('',*,*,#5509,.F.);
#7236=ORIENTED_EDGE('',*,*,#5508,.F.);
#7237=ORIENTED_EDGE('',*,*,#4935,.T.);
#7238=ORIENTED_EDGE('',*,*,#5510,.T.);
#7239=ORIENTED_EDGE('',*,*,#5511,.T.);
#7240=ORIENTED_EDGE('',*,*,#5512,.T.);
#7241=ORIENTED_EDGE('',*,*,#5510,.F.);
#7242=ORIENTED_EDGE('',*,*,#5511,.F.);
#7243=ORIENTED_EDGE('',*,*,#5512,.F.);
#7244=ORIENTED_EDGE('',*,*,#5513,.T.);
#7245=ORIENTED_EDGE('',*,*,#5514,.F.);
#7246=ORIENTED_EDGE('',*,*,#5513,.F.);
#7247=ORIENTED_EDGE('',*,*,#5056,.T.);
#7248=ORIENTED_EDGE('',*,*,#5515,.T.);
#7249=ORIENTED_EDGE('',*,*,#5516,.T.);
#7250=ORIENTED_EDGE('',*,*,#5517,.T.);
#7251=ORIENTED_EDGE('',*,*,#5515,.F.);
#7252=ORIENTED_EDGE('',*,*,#5516,.F.);
#7253=ORIENTED_EDGE('',*,*,#5517,.F.);
#7254=ORIENTED_EDGE('',*,*,#5518,.T.);
#7255=ORIENTED_EDGE('',*,*,#5519,.F.);
#7256=ORIENTED_EDGE('',*,*,#5518,.F.);
#7257=ORIENTED_EDGE('',*,*,#4936,.T.);
#7258=ORIENTED_EDGE('',*,*,#5520,.T.);
#7259=ORIENTED_EDGE('',*,*,#5521,.T.);
#7260=ORIENTED_EDGE('',*,*,#5522,.T.);
#7261=ORIENTED_EDGE('',*,*,#5520,.F.);
#7262=ORIENTED_EDGE('',*,*,#5521,.F.);
#7263=ORIENTED_EDGE('',*,*,#5522,.F.);
#7264=ORIENTED_EDGE('',*,*,#5523,.T.);
#7265=ORIENTED_EDGE('',*,*,#5524,.F.);
#7266=ORIENTED_EDGE('',*,*,#5523,.F.);
#7267=ORIENTED_EDGE('',*,*,#5055,.T.);
#7268=ORIENTED_EDGE('',*,*,#5525,.T.);
#7269=ORIENTED_EDGE('',*,*,#5526,.T.);
#7270=ORIENTED_EDGE('',*,*,#5527,.T.);
#7271=ORIENTED_EDGE('',*,*,#5525,.F.);
#7272=ORIENTED_EDGE('',*,*,#5526,.F.);
#7273=ORIENTED_EDGE('',*,*,#5527,.F.);
#7274=ORIENTED_EDGE('',*,*,#5528,.T.);
#7275=ORIENTED_EDGE('',*,*,#5529,.F.);
#7276=ORIENTED_EDGE('',*,*,#5528,.F.);
#7277=ORIENTED_EDGE('',*,*,#4937,.T.);
#7278=ORIENTED_EDGE('',*,*,#5530,.T.);
#7279=ORIENTED_EDGE('',*,*,#5531,.T.);
#7280=ORIENTED_EDGE('',*,*,#5532,.T.);
#7281=ORIENTED_EDGE('',*,*,#5530,.F.);
#7282=ORIENTED_EDGE('',*,*,#5531,.F.);
#7283=ORIENTED_EDGE('',*,*,#5532,.F.);
#7284=ORIENTED_EDGE('',*,*,#5533,.T.);
#7285=ORIENTED_EDGE('',*,*,#5534,.F.);
#7286=ORIENTED_EDGE('',*,*,#5533,.F.);
#7287=ORIENTED_EDGE('',*,*,#5054,.T.);
#7288=ORIENTED_EDGE('',*,*,#5535,.T.);
#7289=ORIENTED_EDGE('',*,*,#5536,.T.);
#7290=ORIENTED_EDGE('',*,*,#5537,.T.);
#7291=ORIENTED_EDGE('',*,*,#5535,.F.);
#7292=ORIENTED_EDGE('',*,*,#5536,.F.);
#7293=ORIENTED_EDGE('',*,*,#5537,.F.);
#7294=ORIENTED_EDGE('',*,*,#5538,.T.);
#7295=ORIENTED_EDGE('',*,*,#5539,.F.);
#7296=ORIENTED_EDGE('',*,*,#5538,.F.);
#7297=ORIENTED_EDGE('',*,*,#4938,.T.);
#7298=ORIENTED_EDGE('',*,*,#5540,.T.);
#7299=ORIENTED_EDGE('',*,*,#5541,.T.);
#7300=ORIENTED_EDGE('',*,*,#5542,.T.);
#7301=ORIENTED_EDGE('',*,*,#5540,.F.);
#7302=ORIENTED_EDGE('',*,*,#5541,.F.);
#7303=ORIENTED_EDGE('',*,*,#5542,.F.);
#7304=ORIENTED_EDGE('',*,*,#5543,.T.);
#7305=ORIENTED_EDGE('',*,*,#5544,.F.);
#7306=ORIENTED_EDGE('',*,*,#5543,.F.);
#7307=ORIENTED_EDGE('',*,*,#5053,.T.);
#7308=ORIENTED_EDGE('',*,*,#5545,.T.);
#7309=ORIENTED_EDGE('',*,*,#5546,.T.);
#7310=ORIENTED_EDGE('',*,*,#5547,.T.);
#7311=ORIENTED_EDGE('',*,*,#5545,.F.);
#7312=ORIENTED_EDGE('',*,*,#5546,.F.);
#7313=ORIENTED_EDGE('',*,*,#5547,.F.);
#7314=ORIENTED_EDGE('',*,*,#5548,.T.);
#7315=ORIENTED_EDGE('',*,*,#5549,.F.);
#7316=ORIENTED_EDGE('',*,*,#5548,.F.);
#7317=ORIENTED_EDGE('',*,*,#4939,.T.);
#7318=ORIENTED_EDGE('',*,*,#5550,.T.);
#7319=ORIENTED_EDGE('',*,*,#5551,.T.);
#7320=ORIENTED_EDGE('',*,*,#5552,.T.);
#7321=ORIENTED_EDGE('',*,*,#5550,.F.);
#7322=ORIENTED_EDGE('',*,*,#5551,.F.);
#7323=ORIENTED_EDGE('',*,*,#5552,.F.);
#7324=ORIENTED_EDGE('',*,*,#5553,.T.);
#7325=ORIENTED_EDGE('',*,*,#5554,.F.);
#7326=ORIENTED_EDGE('',*,*,#5553,.F.);
#7327=ORIENTED_EDGE('',*,*,#5052,.T.);
#7328=ORIENTED_EDGE('',*,*,#5555,.T.);
#7329=ORIENTED_EDGE('',*,*,#5556,.T.);
#7330=ORIENTED_EDGE('',*,*,#5557,.T.);
#7331=ORIENTED_EDGE('',*,*,#5555,.F.);
#7332=ORIENTED_EDGE('',*,*,#5556,.F.);
#7333=ORIENTED_EDGE('',*,*,#5557,.F.);
#7334=ORIENTED_EDGE('',*,*,#5558,.T.);
#7335=ORIENTED_EDGE('',*,*,#5559,.F.);
#7336=ORIENTED_EDGE('',*,*,#5558,.F.);
#7337=ORIENTED_EDGE('',*,*,#4940,.T.);
#7338=ORIENTED_EDGE('',*,*,#5560,.T.);
#7339=ORIENTED_EDGE('',*,*,#5561,.T.);
#7340=ORIENTED_EDGE('',*,*,#5562,.T.);
#7341=ORIENTED_EDGE('',*,*,#5560,.F.);
#7342=ORIENTED_EDGE('',*,*,#5561,.F.);
#7343=ORIENTED_EDGE('',*,*,#5562,.F.);
#7344=ORIENTED_EDGE('',*,*,#5563,.T.);
#7345=ORIENTED_EDGE('',*,*,#5564,.F.);
#7346=ORIENTED_EDGE('',*,*,#5563,.F.);
#7347=ORIENTED_EDGE('',*,*,#5051,.T.);
#7348=ORIENTED_EDGE('',*,*,#5565,.T.);
#7349=ORIENTED_EDGE('',*,*,#5566,.T.);
#7350=ORIENTED_EDGE('',*,*,#5567,.T.);
#7351=ORIENTED_EDGE('',*,*,#5565,.F.);
#7352=ORIENTED_EDGE('',*,*,#5566,.F.);
#7353=ORIENTED_EDGE('',*,*,#5567,.F.);
#7354=ORIENTED_EDGE('',*,*,#5568,.T.);
#7355=ORIENTED_EDGE('',*,*,#5569,.F.);
#7356=ORIENTED_EDGE('',*,*,#5568,.F.);
#7357=ORIENTED_EDGE('',*,*,#4941,.T.);
#7358=ORIENTED_EDGE('',*,*,#5570,.T.);
#7359=ORIENTED_EDGE('',*,*,#5571,.T.);
#7360=ORIENTED_EDGE('',*,*,#5572,.T.);
#7361=ORIENTED_EDGE('',*,*,#5570,.F.);
#7362=ORIENTED_EDGE('',*,*,#5571,.F.);
#7363=ORIENTED_EDGE('',*,*,#5572,.F.);
#7364=ORIENTED_EDGE('',*,*,#5573,.T.);
#7365=ORIENTED_EDGE('',*,*,#5574,.F.);
#7366=ORIENTED_EDGE('',*,*,#5573,.F.);
#7367=ORIENTED_EDGE('',*,*,#5050,.T.);
#7368=ORIENTED_EDGE('',*,*,#5575,.T.);
#7369=ORIENTED_EDGE('',*,*,#5576,.T.);
#7370=ORIENTED_EDGE('',*,*,#5577,.T.);
#7371=ORIENTED_EDGE('',*,*,#5575,.F.);
#7372=ORIENTED_EDGE('',*,*,#5576,.F.);
#7373=ORIENTED_EDGE('',*,*,#5577,.F.);
#7374=ORIENTED_EDGE('',*,*,#5578,.T.);
#7375=ORIENTED_EDGE('',*,*,#5579,.F.);
#7376=ORIENTED_EDGE('',*,*,#5578,.F.);
#7377=ORIENTED_EDGE('',*,*,#4942,.T.);
#7378=ORIENTED_EDGE('',*,*,#5580,.T.);
#7379=ORIENTED_EDGE('',*,*,#5581,.T.);
#7380=ORIENTED_EDGE('',*,*,#5582,.T.);
#7381=ORIENTED_EDGE('',*,*,#5580,.F.);
#7382=ORIENTED_EDGE('',*,*,#5581,.F.);
#7383=ORIENTED_EDGE('',*,*,#5582,.F.);
#7384=ORIENTED_EDGE('',*,*,#5583,.T.);
#7385=ORIENTED_EDGE('',*,*,#5584,.F.);
#7386=ORIENTED_EDGE('',*,*,#5583,.F.);
#7387=ORIENTED_EDGE('',*,*,#5049,.T.);
#7388=ORIENTED_EDGE('',*,*,#5585,.T.);
#7389=ORIENTED_EDGE('',*,*,#5586,.T.);
#7390=ORIENTED_EDGE('',*,*,#5587,.T.);
#7391=ORIENTED_EDGE('',*,*,#5585,.F.);
#7392=ORIENTED_EDGE('',*,*,#5586,.F.);
#7393=ORIENTED_EDGE('',*,*,#5587,.F.);
#7394=ORIENTED_EDGE('',*,*,#5588,.T.);
#7395=ORIENTED_EDGE('',*,*,#5589,.F.);
#7396=ORIENTED_EDGE('',*,*,#5588,.F.);
#7397=ORIENTED_EDGE('',*,*,#4943,.T.);
#7398=ORIENTED_EDGE('',*,*,#5590,.T.);
#7399=ORIENTED_EDGE('',*,*,#5591,.T.);
#7400=ORIENTED_EDGE('',*,*,#5592,.T.);
#7401=ORIENTED_EDGE('',*,*,#5590,.F.);
#7402=ORIENTED_EDGE('',*,*,#5591,.F.);
#7403=ORIENTED_EDGE('',*,*,#5592,.F.);
#7404=ORIENTED_EDGE('',*,*,#5593,.T.);
#7405=ORIENTED_EDGE('',*,*,#5594,.F.);
#7406=ORIENTED_EDGE('',*,*,#5593,.F.);
#7407=ORIENTED_EDGE('',*,*,#5048,.T.);
#7408=ORIENTED_EDGE('',*,*,#5595,.T.);
#7409=ORIENTED_EDGE('',*,*,#5596,.T.);
#7410=ORIENTED_EDGE('',*,*,#5597,.T.);
#7411=ORIENTED_EDGE('',*,*,#5595,.F.);
#7412=ORIENTED_EDGE('',*,*,#5596,.F.);
#7413=ORIENTED_EDGE('',*,*,#5597,.F.);
#7414=ORIENTED_EDGE('',*,*,#5598,.T.);
#7415=ORIENTED_EDGE('',*,*,#5599,.F.);
#7416=ORIENTED_EDGE('',*,*,#5598,.F.);
#7417=ORIENTED_EDGE('',*,*,#4944,.T.);
#7418=ORIENTED_EDGE('',*,*,#5600,.T.);
#7419=ORIENTED_EDGE('',*,*,#5601,.T.);
#7420=ORIENTED_EDGE('',*,*,#5602,.T.);
#7421=ORIENTED_EDGE('',*,*,#5600,.F.);
#7422=ORIENTED_EDGE('',*,*,#5601,.F.);
#7423=ORIENTED_EDGE('',*,*,#5602,.F.);
#7424=ORIENTED_EDGE('',*,*,#5603,.T.);
#7425=ORIENTED_EDGE('',*,*,#5604,.F.);
#7426=ORIENTED_EDGE('',*,*,#5603,.F.);
#7427=ORIENTED_EDGE('',*,*,#5047,.T.);
#7428=ORIENTED_EDGE('',*,*,#5605,.T.);
#7429=ORIENTED_EDGE('',*,*,#5606,.T.);
#7430=ORIENTED_EDGE('',*,*,#5607,.T.);
#7431=ORIENTED_EDGE('',*,*,#5605,.F.);
#7432=ORIENTED_EDGE('',*,*,#5606,.F.);
#7433=ORIENTED_EDGE('',*,*,#5607,.F.);
#7434=ORIENTED_EDGE('',*,*,#5608,.T.);
#7435=ORIENTED_EDGE('',*,*,#5609,.F.);
#7436=ORIENTED_EDGE('',*,*,#5608,.F.);
#7437=ORIENTED_EDGE('',*,*,#4945,.T.);
#7438=ORIENTED_EDGE('',*,*,#5610,.T.);
#7439=ORIENTED_EDGE('',*,*,#5611,.T.);
#7440=ORIENTED_EDGE('',*,*,#5612,.T.);
#7441=ORIENTED_EDGE('',*,*,#5610,.F.);
#7442=ORIENTED_EDGE('',*,*,#5611,.F.);
#7443=ORIENTED_EDGE('',*,*,#5612,.F.);
#7444=ORIENTED_EDGE('',*,*,#5613,.T.);
#7445=ORIENTED_EDGE('',*,*,#5614,.F.);
#7446=ORIENTED_EDGE('',*,*,#5613,.F.);
#7447=ORIENTED_EDGE('',*,*,#5046,.T.);
#7448=ORIENTED_EDGE('',*,*,#5615,.T.);
#7449=ORIENTED_EDGE('',*,*,#5616,.T.);
#7450=ORIENTED_EDGE('',*,*,#5617,.T.);
#7451=ORIENTED_EDGE('',*,*,#5615,.F.);
#7452=ORIENTED_EDGE('',*,*,#5616,.F.);
#7453=ORIENTED_EDGE('',*,*,#5617,.F.);
#7454=ORIENTED_EDGE('',*,*,#5618,.T.);
#7455=ORIENTED_EDGE('',*,*,#5619,.F.);
#7456=ORIENTED_EDGE('',*,*,#5618,.F.);
#7457=ORIENTED_EDGE('',*,*,#4946,.T.);
#7458=ORIENTED_EDGE('',*,*,#5620,.T.);
#7459=ORIENTED_EDGE('',*,*,#5621,.T.);
#7460=ORIENTED_EDGE('',*,*,#5622,.T.);
#7461=ORIENTED_EDGE('',*,*,#5620,.F.);
#7462=ORIENTED_EDGE('',*,*,#5621,.F.);
#7463=ORIENTED_EDGE('',*,*,#5622,.F.);
#7464=ORIENTED_EDGE('',*,*,#5623,.T.);
#7465=ORIENTED_EDGE('',*,*,#5624,.F.);
#7466=ORIENTED_EDGE('',*,*,#5623,.F.);
#7467=ORIENTED_EDGE('',*,*,#5045,.T.);
#7468=ORIENTED_EDGE('',*,*,#5625,.T.);
#7469=ORIENTED_EDGE('',*,*,#5626,.T.);
#7470=ORIENTED_EDGE('',*,*,#5627,.T.);
#7471=ORIENTED_EDGE('',*,*,#5625,.F.);
#7472=ORIENTED_EDGE('',*,*,#5626,.F.);
#7473=ORIENTED_EDGE('',*,*,#5627,.F.);
#7474=ORIENTED_EDGE('',*,*,#5628,.T.);
#7475=ORIENTED_EDGE('',*,*,#5629,.F.);
#7476=ORIENTED_EDGE('',*,*,#5628,.F.);
#7477=ORIENTED_EDGE('',*,*,#4947,.T.);
#7478=ORIENTED_EDGE('',*,*,#5630,.T.);
#7479=ORIENTED_EDGE('',*,*,#5631,.T.);
#7480=ORIENTED_EDGE('',*,*,#5632,.T.);
#7481=ORIENTED_EDGE('',*,*,#5630,.F.);
#7482=ORIENTED_EDGE('',*,*,#5631,.F.);
#7483=ORIENTED_EDGE('',*,*,#5632,.F.);
#7484=ORIENTED_EDGE('',*,*,#5633,.T.);
#7485=ORIENTED_EDGE('',*,*,#5634,.F.);
#7486=ORIENTED_EDGE('',*,*,#5633,.F.);
#7487=ORIENTED_EDGE('',*,*,#5044,.T.);
#7488=ORIENTED_EDGE('',*,*,#5635,.T.);
#7489=ORIENTED_EDGE('',*,*,#5636,.T.);
#7490=ORIENTED_EDGE('',*,*,#5637,.T.);
#7491=ORIENTED_EDGE('',*,*,#5635,.F.);
#7492=ORIENTED_EDGE('',*,*,#5636,.F.);
#7493=ORIENTED_EDGE('',*,*,#5637,.F.);
#7494=ORIENTED_EDGE('',*,*,#5638,.T.);
#7495=ORIENTED_EDGE('',*,*,#5639,.F.);
#7496=ORIENTED_EDGE('',*,*,#5638,.F.);
#7497=ORIENTED_EDGE('',*,*,#4948,.T.);
#7498=ORIENTED_EDGE('',*,*,#5640,.T.);
#7499=ORIENTED_EDGE('',*,*,#5641,.T.);
#7500=ORIENTED_EDGE('',*,*,#5642,.T.);
#7501=ORIENTED_EDGE('',*,*,#5640,.F.);
#7502=ORIENTED_EDGE('',*,*,#5641,.F.);
#7503=ORIENTED_EDGE('',*,*,#5642,.F.);
#7504=ORIENTED_EDGE('',*,*,#5643,.T.);
#7505=ORIENTED_EDGE('',*,*,#5644,.F.);
#7506=ORIENTED_EDGE('',*,*,#5643,.F.);
#7507=ORIENTED_EDGE('',*,*,#5043,.T.);
#7508=ORIENTED_EDGE('',*,*,#5645,.T.);
#7509=ORIENTED_EDGE('',*,*,#5646,.T.);
#7510=ORIENTED_EDGE('',*,*,#5647,.T.);
#7511=ORIENTED_EDGE('',*,*,#5645,.F.);
#7512=ORIENTED_EDGE('',*,*,#5646,.F.);
#7513=ORIENTED_EDGE('',*,*,#5647,.F.);
#7514=ORIENTED_EDGE('',*,*,#5648,.T.);
#7515=ORIENTED_EDGE('',*,*,#5649,.F.);
#7516=ORIENTED_EDGE('',*,*,#5648,.F.);
#7517=ORIENTED_EDGE('',*,*,#4949,.T.);
#7518=ORIENTED_EDGE('',*,*,#5650,.T.);
#7519=ORIENTED_EDGE('',*,*,#5651,.T.);
#7520=ORIENTED_EDGE('',*,*,#5652,.T.);
#7521=ORIENTED_EDGE('',*,*,#5650,.F.);
#7522=ORIENTED_EDGE('',*,*,#5651,.F.);
#7523=ORIENTED_EDGE('',*,*,#5652,.F.);
#7524=ORIENTED_EDGE('',*,*,#5653,.T.);
#7525=ORIENTED_EDGE('',*,*,#5654,.F.);
#7526=ORIENTED_EDGE('',*,*,#5653,.F.);
#7527=ORIENTED_EDGE('',*,*,#5042,.T.);
#7528=ORIENTED_EDGE('',*,*,#5655,.T.);
#7529=ORIENTED_EDGE('',*,*,#5656,.T.);
#7530=ORIENTED_EDGE('',*,*,#5657,.T.);
#7531=ORIENTED_EDGE('',*,*,#5655,.F.);
#7532=ORIENTED_EDGE('',*,*,#5656,.F.);
#7533=ORIENTED_EDGE('',*,*,#5657,.F.);
#7534=ORIENTED_EDGE('',*,*,#5658,.T.);
#7535=ORIENTED_EDGE('',*,*,#5659,.F.);
#7536=ORIENTED_EDGE('',*,*,#5658,.F.);
#7537=ORIENTED_EDGE('',*,*,#4950,.T.);
#7538=ORIENTED_EDGE('',*,*,#5660,.T.);
#7539=ORIENTED_EDGE('',*,*,#5661,.T.);
#7540=ORIENTED_EDGE('',*,*,#5662,.T.);
#7541=ORIENTED_EDGE('',*,*,#5660,.F.);
#7542=ORIENTED_EDGE('',*,*,#5661,.F.);
#7543=ORIENTED_EDGE('',*,*,#5662,.F.);
#7544=ORIENTED_EDGE('',*,*,#5663,.T.);
#7545=ORIENTED_EDGE('',*,*,#5664,.F.);
#7546=ORIENTED_EDGE('',*,*,#5663,.F.);
#7547=ORIENTED_EDGE('',*,*,#5041,.T.);
#7548=ORIENTED_EDGE('',*,*,#5665,.T.);
#7549=ORIENTED_EDGE('',*,*,#5666,.T.);
#7550=ORIENTED_EDGE('',*,*,#5667,.T.);
#7551=ORIENTED_EDGE('',*,*,#5665,.F.);
#7552=ORIENTED_EDGE('',*,*,#5666,.F.);
#7553=ORIENTED_EDGE('',*,*,#5667,.F.);
#7554=ORIENTED_EDGE('',*,*,#5668,.T.);
#7555=ORIENTED_EDGE('',*,*,#5669,.F.);
#7556=ORIENTED_EDGE('',*,*,#5668,.F.);
#7557=ORIENTED_EDGE('',*,*,#4951,.T.);
#7558=ORIENTED_EDGE('',*,*,#5670,.T.);
#7559=ORIENTED_EDGE('',*,*,#5671,.T.);
#7560=ORIENTED_EDGE('',*,*,#5672,.T.);
#7561=ORIENTED_EDGE('',*,*,#5670,.F.);
#7562=ORIENTED_EDGE('',*,*,#5671,.F.);
#7563=ORIENTED_EDGE('',*,*,#5672,.F.);
#7564=ORIENTED_EDGE('',*,*,#5673,.T.);
#7565=ORIENTED_EDGE('',*,*,#5674,.F.);
#7566=ORIENTED_EDGE('',*,*,#5673,.F.);
#7567=ORIENTED_EDGE('',*,*,#5040,.T.);
#7568=ORIENTED_EDGE('',*,*,#5675,.T.);
#7569=ORIENTED_EDGE('',*,*,#5676,.T.);
#7570=ORIENTED_EDGE('',*,*,#5677,.T.);
#7571=ORIENTED_EDGE('',*,*,#5675,.F.);
#7572=ORIENTED_EDGE('',*,*,#5676,.F.);
#7573=ORIENTED_EDGE('',*,*,#5677,.F.);
#7574=ORIENTED_EDGE('',*,*,#5678,.T.);
#7575=ORIENTED_EDGE('',*,*,#5679,.F.);
#7576=ORIENTED_EDGE('',*,*,#5678,.F.);
#7577=ORIENTED_EDGE('',*,*,#4952,.T.);
#7578=ORIENTED_EDGE('',*,*,#5680,.T.);
#7579=ORIENTED_EDGE('',*,*,#5681,.T.);
#7580=ORIENTED_EDGE('',*,*,#5682,.T.);
#7581=ORIENTED_EDGE('',*,*,#5680,.F.);
#7582=ORIENTED_EDGE('',*,*,#5681,.F.);
#7583=ORIENTED_EDGE('',*,*,#5682,.F.);
#7584=ORIENTED_EDGE('',*,*,#5683,.T.);
#7585=ORIENTED_EDGE('',*,*,#5684,.F.);
#7586=ORIENTED_EDGE('',*,*,#5683,.F.);
#7587=ORIENTED_EDGE('',*,*,#5039,.T.);
#7588=ORIENTED_EDGE('',*,*,#5685,.T.);
#7589=ORIENTED_EDGE('',*,*,#5686,.T.);
#7590=ORIENTED_EDGE('',*,*,#5687,.T.);
#7591=ORIENTED_EDGE('',*,*,#5685,.F.);
#7592=ORIENTED_EDGE('',*,*,#5686,.F.);
#7593=ORIENTED_EDGE('',*,*,#5687,.F.);
#7594=ORIENTED_EDGE('',*,*,#5688,.T.);
#7595=ORIENTED_EDGE('',*,*,#5689,.F.);
#7596=ORIENTED_EDGE('',*,*,#5688,.F.);
#7597=ORIENTED_EDGE('',*,*,#4953,.T.);
#7598=ORIENTED_EDGE('',*,*,#5690,.T.);
#7599=ORIENTED_EDGE('',*,*,#5691,.T.);
#7600=ORIENTED_EDGE('',*,*,#5692,.T.);
#7601=ORIENTED_EDGE('',*,*,#5690,.F.);
#7602=ORIENTED_EDGE('',*,*,#5691,.F.);
#7603=ORIENTED_EDGE('',*,*,#5692,.F.);
#7604=ORIENTED_EDGE('',*,*,#5693,.T.);
#7605=ORIENTED_EDGE('',*,*,#5694,.F.);
#7606=ORIENTED_EDGE('',*,*,#5693,.F.);
#7607=ORIENTED_EDGE('',*,*,#5038,.T.);
#7608=ORIENTED_EDGE('',*,*,#5695,.T.);
#7609=ORIENTED_EDGE('',*,*,#5696,.T.);
#7610=ORIENTED_EDGE('',*,*,#5697,.T.);
#7611=ORIENTED_EDGE('',*,*,#5695,.F.);
#7612=ORIENTED_EDGE('',*,*,#5696,.F.);
#7613=ORIENTED_EDGE('',*,*,#5697,.F.);
#7614=ORIENTED_EDGE('',*,*,#5698,.T.);
#7615=ORIENTED_EDGE('',*,*,#5699,.F.);
#7616=ORIENTED_EDGE('',*,*,#5698,.F.);
#7617=ORIENTED_EDGE('',*,*,#4954,.T.);
#7618=ORIENTED_EDGE('',*,*,#5700,.T.);
#7619=ORIENTED_EDGE('',*,*,#5701,.T.);
#7620=ORIENTED_EDGE('',*,*,#5702,.T.);
#7621=ORIENTED_EDGE('',*,*,#5700,.F.);
#7622=ORIENTED_EDGE('',*,*,#5701,.F.);
#7623=ORIENTED_EDGE('',*,*,#5702,.F.);
#7624=ORIENTED_EDGE('',*,*,#5703,.T.);
#7625=ORIENTED_EDGE('',*,*,#5704,.F.);
#7626=ORIENTED_EDGE('',*,*,#5703,.F.);
#7627=ORIENTED_EDGE('',*,*,#5037,.T.);
#7628=ORIENTED_EDGE('',*,*,#5705,.T.);
#7629=ORIENTED_EDGE('',*,*,#5706,.T.);
#7630=ORIENTED_EDGE('',*,*,#5707,.T.);
#7631=ORIENTED_EDGE('',*,*,#5705,.F.);
#7632=ORIENTED_EDGE('',*,*,#5706,.F.);
#7633=ORIENTED_EDGE('',*,*,#5707,.F.);
#7634=ORIENTED_EDGE('',*,*,#5708,.T.);
#7635=ORIENTED_EDGE('',*,*,#5709,.F.);
#7636=ORIENTED_EDGE('',*,*,#5708,.F.);
#7637=ORIENTED_EDGE('',*,*,#4955,.T.);
#7638=ORIENTED_EDGE('',*,*,#5710,.T.);
#7639=ORIENTED_EDGE('',*,*,#5711,.T.);
#7640=ORIENTED_EDGE('',*,*,#5712,.T.);
#7641=ORIENTED_EDGE('',*,*,#5710,.F.);
#7642=ORIENTED_EDGE('',*,*,#5711,.F.);
#7643=ORIENTED_EDGE('',*,*,#5712,.F.);
#7644=ORIENTED_EDGE('',*,*,#5713,.T.);
#7645=ORIENTED_EDGE('',*,*,#5714,.F.);
#7646=ORIENTED_EDGE('',*,*,#5713,.F.);
#7647=ORIENTED_EDGE('',*,*,#5036,.T.);
#7648=ORIENTED_EDGE('',*,*,#5715,.T.);
#7649=ORIENTED_EDGE('',*,*,#5716,.T.);
#7650=ORIENTED_EDGE('',*,*,#5717,.T.);
#7651=ORIENTED_EDGE('',*,*,#5715,.F.);
#7652=ORIENTED_EDGE('',*,*,#5716,.F.);
#7653=ORIENTED_EDGE('',*,*,#5717,.F.);
#7654=ORIENTED_EDGE('',*,*,#5718,.T.);
#7655=ORIENTED_EDGE('',*,*,#5719,.F.);
#7656=ORIENTED_EDGE('',*,*,#5718,.F.);
#7657=ORIENTED_EDGE('',*,*,#4956,.T.);
#7658=ORIENTED_EDGE('',*,*,#5720,.T.);
#7659=ORIENTED_EDGE('',*,*,#5721,.T.);
#7660=ORIENTED_EDGE('',*,*,#5722,.T.);
#7661=ORIENTED_EDGE('',*,*,#5720,.F.);
#7662=ORIENTED_EDGE('',*,*,#5721,.F.);
#7663=ORIENTED_EDGE('',*,*,#5722,.F.);
#7664=ORIENTED_EDGE('',*,*,#5723,.T.);
#7665=ORIENTED_EDGE('',*,*,#5724,.F.);
#7666=ORIENTED_EDGE('',*,*,#5723,.F.);
#7667=ORIENTED_EDGE('',*,*,#5035,.T.);
#7668=ORIENTED_EDGE('',*,*,#5725,.T.);
#7669=ORIENTED_EDGE('',*,*,#5726,.T.);
#7670=ORIENTED_EDGE('',*,*,#5727,.T.);
#7671=ORIENTED_EDGE('',*,*,#5725,.F.);
#7672=ORIENTED_EDGE('',*,*,#5726,.F.);
#7673=ORIENTED_EDGE('',*,*,#5727,.F.);
#7674=ORIENTED_EDGE('',*,*,#5728,.T.);
#7675=ORIENTED_EDGE('',*,*,#5729,.F.);
#7676=ORIENTED_EDGE('',*,*,#5728,.F.);
#7677=ORIENTED_EDGE('',*,*,#4957,.T.);
#7678=ORIENTED_EDGE('',*,*,#5730,.T.);
#7679=ORIENTED_EDGE('',*,*,#5731,.T.);
#7680=ORIENTED_EDGE('',*,*,#5732,.T.);
#7681=ORIENTED_EDGE('',*,*,#5730,.F.);
#7682=ORIENTED_EDGE('',*,*,#5731,.F.);
#7683=ORIENTED_EDGE('',*,*,#5732,.F.);
#7684=ORIENTED_EDGE('',*,*,#5733,.T.);
#7685=ORIENTED_EDGE('',*,*,#5734,.F.);
#7686=ORIENTED_EDGE('',*,*,#5733,.F.);
#7687=ORIENTED_EDGE('',*,*,#5034,.T.);
#7688=ORIENTED_EDGE('',*,*,#5735,.T.);
#7689=ORIENTED_EDGE('',*,*,#5736,.T.);
#7690=ORIENTED_EDGE('',*,*,#5737,.T.);
#7691=ORIENTED_EDGE('',*,*,#5735,.F.);
#7692=ORIENTED_EDGE('',*,*,#5736,.F.);
#7693=ORIENTED_EDGE('',*,*,#5737,.F.);
#7694=ORIENTED_EDGE('',*,*,#5738,.T.);
#7695=ORIENTED_EDGE('',*,*,#5739,.F.);
#7696=ORIENTED_EDGE('',*,*,#5738,.F.);
#7697=ORIENTED_EDGE('',*,*,#4958,.T.);
#7698=ORIENTED_EDGE('',*,*,#5740,.T.);
#7699=ORIENTED_EDGE('',*,*,#5741,.T.);
#7700=ORIENTED_EDGE('',*,*,#5742,.T.);
#7701=ORIENTED_EDGE('',*,*,#5740,.F.);
#7702=ORIENTED_EDGE('',*,*,#5741,.F.);
#7703=ORIENTED_EDGE('',*,*,#5742,.F.);
#7704=ORIENTED_EDGE('',*,*,#5743,.T.);
#7705=ORIENTED_EDGE('',*,*,#5744,.F.);
#7706=ORIENTED_EDGE('',*,*,#5743,.F.);
#7707=ORIENTED_EDGE('',*,*,#5033,.T.);
#7708=ORIENTED_EDGE('',*,*,#5745,.T.);
#7709=ORIENTED_EDGE('',*,*,#5746,.T.);
#7710=ORIENTED_EDGE('',*,*,#5747,.T.);
#7711=ORIENTED_EDGE('',*,*,#5745,.F.);
#7712=ORIENTED_EDGE('',*,*,#5746,.F.);
#7713=ORIENTED_EDGE('',*,*,#5747,.F.);
#7714=ORIENTED_EDGE('',*,*,#5748,.T.);
#7715=ORIENTED_EDGE('',*,*,#5749,.F.);
#7716=ORIENTED_EDGE('',*,*,#5748,.F.);
#7717=ORIENTED_EDGE('',*,*,#4959,.T.);
#7718=ORIENTED_EDGE('',*,*,#5750,.T.);
#7719=ORIENTED_EDGE('',*,*,#5751,.T.);
#7720=ORIENTED_EDGE('',*,*,#5752,.T.);
#7721=ORIENTED_EDGE('',*,*,#5750,.F.);
#7722=ORIENTED_EDGE('',*,*,#5751,.F.);
#7723=ORIENTED_EDGE('',*,*,#5752,.F.);
#7724=ORIENTED_EDGE('',*,*,#5753,.T.);
#7725=ORIENTED_EDGE('',*,*,#5754,.F.);
#7726=ORIENTED_EDGE('',*,*,#5753,.F.);
#7727=ORIENTED_EDGE('',*,*,#5032,.T.);
#7728=ORIENTED_EDGE('',*,*,#5755,.T.);
#7729=ORIENTED_EDGE('',*,*,#5756,.T.);
#7730=ORIENTED_EDGE('',*,*,#5757,.T.);
#7731=ORIENTED_EDGE('',*,*,#5755,.F.);
#7732=ORIENTED_EDGE('',*,*,#5756,.F.);
#7733=ORIENTED_EDGE('',*,*,#5757,.F.);
#7734=ORIENTED_EDGE('',*,*,#5758,.T.);
#7735=ORIENTED_EDGE('',*,*,#5759,.F.);
#7736=ORIENTED_EDGE('',*,*,#5758,.F.);
#7737=ORIENTED_EDGE('',*,*,#4960,.T.);
#7738=ORIENTED_EDGE('',*,*,#5760,.T.);
#7739=ORIENTED_EDGE('',*,*,#5761,.T.);
#7740=ORIENTED_EDGE('',*,*,#5762,.T.);
#7741=ORIENTED_EDGE('',*,*,#5760,.F.);
#7742=ORIENTED_EDGE('',*,*,#5761,.F.);
#7743=ORIENTED_EDGE('',*,*,#5762,.F.);
#7744=ORIENTED_EDGE('',*,*,#5763,.T.);
#7745=ORIENTED_EDGE('',*,*,#5764,.F.);
#7746=ORIENTED_EDGE('',*,*,#5763,.F.);
#7747=ORIENTED_EDGE('',*,*,#5031,.T.);
#7748=ORIENTED_EDGE('',*,*,#5765,.T.);
#7749=ORIENTED_EDGE('',*,*,#5766,.T.);
#7750=ORIENTED_EDGE('',*,*,#5767,.T.);
#7751=ORIENTED_EDGE('',*,*,#5765,.F.);
#7752=ORIENTED_EDGE('',*,*,#5766,.F.);
#7753=ORIENTED_EDGE('',*,*,#5767,.F.);
#7754=ORIENTED_EDGE('',*,*,#5768,.T.);
#7755=ORIENTED_EDGE('',*,*,#5769,.F.);
#7756=ORIENTED_EDGE('',*,*,#5768,.F.);
#7757=ORIENTED_EDGE('',*,*,#4961,.T.);
#7758=ORIENTED_EDGE('',*,*,#5770,.T.);
#7759=ORIENTED_EDGE('',*,*,#5771,.T.);
#7760=ORIENTED_EDGE('',*,*,#5772,.T.);
#7761=ORIENTED_EDGE('',*,*,#5770,.F.);
#7762=ORIENTED_EDGE('',*,*,#5771,.F.);
#7763=ORIENTED_EDGE('',*,*,#5772,.F.);
#7764=ORIENTED_EDGE('',*,*,#5773,.T.);
#7765=ORIENTED_EDGE('',*,*,#5774,.F.);
#7766=ORIENTED_EDGE('',*,*,#5773,.F.);
#7767=ORIENTED_EDGE('',*,*,#5030,.T.);
#7768=ORIENTED_EDGE('',*,*,#5775,.T.);
#7769=ORIENTED_EDGE('',*,*,#5776,.T.);
#7770=ORIENTED_EDGE('',*,*,#5777,.T.);
#7771=ORIENTED_EDGE('',*,*,#5775,.F.);
#7772=ORIENTED_EDGE('',*,*,#5776,.F.);
#7773=ORIENTED_EDGE('',*,*,#5777,.F.);
#7774=ORIENTED_EDGE('',*,*,#5778,.T.);
#7775=ORIENTED_EDGE('',*,*,#5779,.F.);
#7776=ORIENTED_EDGE('',*,*,#5778,.F.);
#7777=ORIENTED_EDGE('',*,*,#4962,.T.);
#7778=ORIENTED_EDGE('',*,*,#5780,.T.);
#7779=ORIENTED_EDGE('',*,*,#5781,.T.);
#7780=ORIENTED_EDGE('',*,*,#5782,.T.);
#7781=ORIENTED_EDGE('',*,*,#5780,.F.);
#7782=ORIENTED_EDGE('',*,*,#5781,.F.);
#7783=ORIENTED_EDGE('',*,*,#5782,.F.);
#7784=ORIENTED_EDGE('',*,*,#5783,.T.);
#7785=ORIENTED_EDGE('',*,*,#5784,.F.);
#7786=ORIENTED_EDGE('',*,*,#5783,.F.);
#7787=ORIENTED_EDGE('',*,*,#5029,.T.);
#7788=ORIENTED_EDGE('',*,*,#5785,.T.);
#7789=ORIENTED_EDGE('',*,*,#5786,.T.);
#7790=ORIENTED_EDGE('',*,*,#5787,.T.);
#7791=ORIENTED_EDGE('',*,*,#5785,.F.);
#7792=ORIENTED_EDGE('',*,*,#5786,.F.);
#7793=ORIENTED_EDGE('',*,*,#5787,.F.);
#7794=ORIENTED_EDGE('',*,*,#5788,.T.);
#7795=ORIENTED_EDGE('',*,*,#5789,.F.);
#7796=ORIENTED_EDGE('',*,*,#5788,.F.);
#7797=ORIENTED_EDGE('',*,*,#4963,.T.);
#7798=ORIENTED_EDGE('',*,*,#5790,.T.);
#7799=ORIENTED_EDGE('',*,*,#5791,.T.);
#7800=ORIENTED_EDGE('',*,*,#5792,.T.);
#7801=ORIENTED_EDGE('',*,*,#5790,.F.);
#7802=ORIENTED_EDGE('',*,*,#5791,.F.);
#7803=ORIENTED_EDGE('',*,*,#5792,.F.);
#7804=ORIENTED_EDGE('',*,*,#5793,.T.);
#7805=ORIENTED_EDGE('',*,*,#5794,.F.);
#7806=ORIENTED_EDGE('',*,*,#5793,.F.);
#7807=ORIENTED_EDGE('',*,*,#5028,.T.);
#7808=ORIENTED_EDGE('',*,*,#5795,.T.);
#7809=ORIENTED_EDGE('',*,*,#5796,.T.);
#7810=ORIENTED_EDGE('',*,*,#5797,.T.);
#7811=ORIENTED_EDGE('',*,*,#5795,.F.);
#7812=ORIENTED_EDGE('',*,*,#5796,.F.);
#7813=ORIENTED_EDGE('',*,*,#5797,.F.);
#7814=ORIENTED_EDGE('',*,*,#5798,.T.);
#7815=ORIENTED_EDGE('',*,*,#5799,.F.);
#7816=ORIENTED_EDGE('',*,*,#5798,.F.);
#7817=ORIENTED_EDGE('',*,*,#4964,.T.);
#7818=ORIENTED_EDGE('',*,*,#5800,.T.);
#7819=ORIENTED_EDGE('',*,*,#5801,.T.);
#7820=ORIENTED_EDGE('',*,*,#5802,.T.);
#7821=ORIENTED_EDGE('',*,*,#5800,.F.);
#7822=ORIENTED_EDGE('',*,*,#5801,.F.);
#7823=ORIENTED_EDGE('',*,*,#5802,.F.);
#7824=ORIENTED_EDGE('',*,*,#5803,.T.);
#7825=ORIENTED_EDGE('',*,*,#5804,.F.);
#7826=ORIENTED_EDGE('',*,*,#5803,.F.);
#7827=ORIENTED_EDGE('',*,*,#5027,.T.);
#7828=ORIENTED_EDGE('',*,*,#5805,.T.);
#7829=ORIENTED_EDGE('',*,*,#5806,.T.);
#7830=ORIENTED_EDGE('',*,*,#5807,.T.);
#7831=ORIENTED_EDGE('',*,*,#5805,.F.);
#7832=ORIENTED_EDGE('',*,*,#5806,.F.);
#7833=ORIENTED_EDGE('',*,*,#5807,.F.);
#7834=ORIENTED_EDGE('',*,*,#5808,.T.);
#7835=ORIENTED_EDGE('',*,*,#5809,.F.);
#7836=ORIENTED_EDGE('',*,*,#5808,.F.);
#7837=ORIENTED_EDGE('',*,*,#4965,.T.);
#7838=ORIENTED_EDGE('',*,*,#5810,.T.);
#7839=ORIENTED_EDGE('',*,*,#5811,.T.);
#7840=ORIENTED_EDGE('',*,*,#5812,.T.);
#7841=ORIENTED_EDGE('',*,*,#5810,.F.);
#7842=ORIENTED_EDGE('',*,*,#5811,.F.);
#7843=ORIENTED_EDGE('',*,*,#5812,.F.);
#7844=ORIENTED_EDGE('',*,*,#5813,.T.);
#7845=ORIENTED_EDGE('',*,*,#5814,.F.);
#7846=ORIENTED_EDGE('',*,*,#5813,.F.);
#7847=ORIENTED_EDGE('',*,*,#5026,.T.);
#7848=ORIENTED_EDGE('',*,*,#5815,.T.);
#7849=ORIENTED_EDGE('',*,*,#5816,.T.);
#7850=ORIENTED_EDGE('',*,*,#5817,.T.);
#7851=ORIENTED_EDGE('',*,*,#5815,.F.);
#7852=ORIENTED_EDGE('',*,*,#5816,.F.);
#7853=ORIENTED_EDGE('',*,*,#5817,.F.);
#7854=ORIENTED_EDGE('',*,*,#5818,.T.);
#7855=ORIENTED_EDGE('',*,*,#5819,.F.);
#7856=ORIENTED_EDGE('',*,*,#5818,.F.);
#7857=ORIENTED_EDGE('',*,*,#4966,.T.);
#7858=ORIENTED_EDGE('',*,*,#5820,.T.);
#7859=ORIENTED_EDGE('',*,*,#5821,.T.);
#7860=ORIENTED_EDGE('',*,*,#5822,.T.);
#7861=ORIENTED_EDGE('',*,*,#5820,.F.);
#7862=ORIENTED_EDGE('',*,*,#5821,.F.);
#7863=ORIENTED_EDGE('',*,*,#5822,.F.);
#7864=ORIENTED_EDGE('',*,*,#5823,.T.);
#7865=ORIENTED_EDGE('',*,*,#5824,.F.);
#7866=ORIENTED_EDGE('',*,*,#5823,.F.);
#7867=ORIENTED_EDGE('',*,*,#5025,.T.);
#7868=ORIENTED_EDGE('',*,*,#5825,.T.);
#7869=ORIENTED_EDGE('',*,*,#5826,.T.);
#7870=ORIENTED_EDGE('',*,*,#5827,.T.);
#7871=ORIENTED_EDGE('',*,*,#5825,.F.);
#7872=ORIENTED_EDGE('',*,*,#5826,.F.);
#7873=ORIENTED_EDGE('',*,*,#5827,.F.);
#7874=ORIENTED_EDGE('',*,*,#5828,.T.);
#7875=ORIENTED_EDGE('',*,*,#5829,.F.);
#7876=ORIENTED_EDGE('',*,*,#5828,.F.);
#7877=ORIENTED_EDGE('',*,*,#4967,.T.);
#7878=ORIENTED_EDGE('',*,*,#5830,.T.);
#7879=ORIENTED_EDGE('',*,*,#5831,.T.);
#7880=ORIENTED_EDGE('',*,*,#5832,.T.);
#7881=ORIENTED_EDGE('',*,*,#5830,.F.);
#7882=ORIENTED_EDGE('',*,*,#5831,.F.);
#7883=ORIENTED_EDGE('',*,*,#5832,.F.);
#7884=ORIENTED_EDGE('',*,*,#5833,.T.);
#7885=ORIENTED_EDGE('',*,*,#5834,.F.);
#7886=ORIENTED_EDGE('',*,*,#5833,.F.);
#7887=ORIENTED_EDGE('',*,*,#5024,.T.);
#7888=ORIENTED_EDGE('',*,*,#5835,.T.);
#7889=ORIENTED_EDGE('',*,*,#5836,.T.);
#7890=ORIENTED_EDGE('',*,*,#5837,.T.);
#7891=ORIENTED_EDGE('',*,*,#5835,.F.);
#7892=ORIENTED_EDGE('',*,*,#5836,.F.);
#7893=ORIENTED_EDGE('',*,*,#5837,.F.);
#7894=ORIENTED_EDGE('',*,*,#5838,.T.);
#7895=ORIENTED_EDGE('',*,*,#5839,.F.);
#7896=ORIENTED_EDGE('',*,*,#5838,.F.);
#7897=ORIENTED_EDGE('',*,*,#4968,.T.);
#7898=ORIENTED_EDGE('',*,*,#5840,.T.);
#7899=ORIENTED_EDGE('',*,*,#5841,.T.);
#7900=ORIENTED_EDGE('',*,*,#5842,.T.);
#7901=ORIENTED_EDGE('',*,*,#5840,.F.);
#7902=ORIENTED_EDGE('',*,*,#5841,.F.);
#7903=ORIENTED_EDGE('',*,*,#5842,.F.);
#7904=ORIENTED_EDGE('',*,*,#5843,.T.);
#7905=ORIENTED_EDGE('',*,*,#5844,.F.);
#7906=ORIENTED_EDGE('',*,*,#5843,.F.);
#7907=ORIENTED_EDGE('',*,*,#5023,.T.);
#7908=ORIENTED_EDGE('',*,*,#5845,.T.);
#7909=ORIENTED_EDGE('',*,*,#5846,.T.);
#7910=ORIENTED_EDGE('',*,*,#5847,.T.);
#7911=ORIENTED_EDGE('',*,*,#5845,.F.);
#7912=ORIENTED_EDGE('',*,*,#5846,.F.);
#7913=ORIENTED_EDGE('',*,*,#5847,.F.);
#7914=ORIENTED_EDGE('',*,*,#5848,.T.);
#7915=ORIENTED_EDGE('',*,*,#5849,.F.);
#7916=ORIENTED_EDGE('',*,*,#5848,.F.);
#7917=ORIENTED_EDGE('',*,*,#4969,.T.);
#7918=ORIENTED_EDGE('',*,*,#5850,.T.);
#7919=ORIENTED_EDGE('',*,*,#5851,.T.);
#7920=ORIENTED_EDGE('',*,*,#5852,.T.);
#7921=ORIENTED_EDGE('',*,*,#5850,.F.);
#7922=ORIENTED_EDGE('',*,*,#5851,.F.);
#7923=ORIENTED_EDGE('',*,*,#5852,.F.);
#7924=ORIENTED_EDGE('',*,*,#5853,.T.);
#7925=ORIENTED_EDGE('',*,*,#5854,.F.);
#7926=ORIENTED_EDGE('',*,*,#5853,.F.);
#7927=ORIENTED_EDGE('',*,*,#5022,.T.);
#7928=ORIENTED_EDGE('',*,*,#5855,.T.);
#7929=ORIENTED_EDGE('',*,*,#5856,.T.);
#7930=ORIENTED_EDGE('',*,*,#5857,.T.);
#7931=ORIENTED_EDGE('',*,*,#5855,.F.);
#7932=ORIENTED_EDGE('',*,*,#5856,.F.);
#7933=ORIENTED_EDGE('',*,*,#5857,.F.);
#7934=ORIENTED_EDGE('',*,*,#5858,.T.);
#7935=ORIENTED_EDGE('',*,*,#5859,.F.);
#7936=ORIENTED_EDGE('',*,*,#5858,.F.);
#7937=ORIENTED_EDGE('',*,*,#4970,.T.);
#7938=ORIENTED_EDGE('',*,*,#5860,.T.);
#7939=ORIENTED_EDGE('',*,*,#5861,.T.);
#7940=ORIENTED_EDGE('',*,*,#5862,.T.);
#7941=ORIENTED_EDGE('',*,*,#5860,.F.);
#7942=ORIENTED_EDGE('',*,*,#5861,.F.);
#7943=ORIENTED_EDGE('',*,*,#5862,.F.);
#7944=ORIENTED_EDGE('',*,*,#5863,.T.);
#7945=ORIENTED_EDGE('',*,*,#5864,.F.);
#7946=ORIENTED_EDGE('',*,*,#5863,.F.);
#7947=ORIENTED_EDGE('',*,*,#5021,.T.);
#7948=ORIENTED_EDGE('',*,*,#5865,.T.);
#7949=ORIENTED_EDGE('',*,*,#5866,.T.);
#7950=ORIENTED_EDGE('',*,*,#5867,.T.);
#7951=ORIENTED_EDGE('',*,*,#5865,.F.);
#7952=ORIENTED_EDGE('',*,*,#5866,.F.);
#7953=ORIENTED_EDGE('',*,*,#5867,.F.);
#7954=ORIENTED_EDGE('',*,*,#5868,.T.);
#7955=ORIENTED_EDGE('',*,*,#5869,.F.);
#7956=ORIENTED_EDGE('',*,*,#5868,.F.);
#7957=ORIENTED_EDGE('',*,*,#4971,.T.);
#7958=ORIENTED_EDGE('',*,*,#5870,.T.);
#7959=ORIENTED_EDGE('',*,*,#5871,.T.);
#7960=ORIENTED_EDGE('',*,*,#5872,.T.);
#7961=ORIENTED_EDGE('',*,*,#5870,.F.);
#7962=ORIENTED_EDGE('',*,*,#5871,.F.);
#7963=ORIENTED_EDGE('',*,*,#5872,.F.);
#7964=ORIENTED_EDGE('',*,*,#5873,.T.);
#7965=ORIENTED_EDGE('',*,*,#5874,.F.);
#7966=ORIENTED_EDGE('',*,*,#5873,.F.);
#7967=ORIENTED_EDGE('',*,*,#5020,.T.);
#7968=ORIENTED_EDGE('',*,*,#5875,.T.);
#7969=ORIENTED_EDGE('',*,*,#5876,.T.);
#7970=ORIENTED_EDGE('',*,*,#5877,.T.);
#7971=ORIENTED_EDGE('',*,*,#5875,.F.);
#7972=ORIENTED_EDGE('',*,*,#5876,.F.);
#7973=ORIENTED_EDGE('',*,*,#5877,.F.);
#7974=ORIENTED_EDGE('',*,*,#5878,.T.);
#7975=ORIENTED_EDGE('',*,*,#5879,.F.);
#7976=ORIENTED_EDGE('',*,*,#5878,.F.);
#7977=ORIENTED_EDGE('',*,*,#4972,.T.);
#7978=ORIENTED_EDGE('',*,*,#5880,.T.);
#7979=ORIENTED_EDGE('',*,*,#5881,.T.);
#7980=ORIENTED_EDGE('',*,*,#5882,.T.);
#7981=ORIENTED_EDGE('',*,*,#5880,.F.);
#7982=ORIENTED_EDGE('',*,*,#5881,.F.);
#7983=ORIENTED_EDGE('',*,*,#5882,.F.);
#7984=ORIENTED_EDGE('',*,*,#5883,.T.);
#7985=ORIENTED_EDGE('',*,*,#5884,.F.);
#7986=ORIENTED_EDGE('',*,*,#5883,.F.);
#7987=ORIENTED_EDGE('',*,*,#5019,.T.);
#7988=ORIENTED_EDGE('',*,*,#5885,.T.);
#7989=ORIENTED_EDGE('',*,*,#5886,.T.);
#7990=ORIENTED_EDGE('',*,*,#5887,.T.);
#7991=ORIENTED_EDGE('',*,*,#5885,.F.);
#7992=ORIENTED_EDGE('',*,*,#5886,.F.);
#7993=ORIENTED_EDGE('',*,*,#5887,.F.);
#7994=ORIENTED_EDGE('',*,*,#5888,.T.);
#7995=ORIENTED_EDGE('',*,*,#5889,.F.);
#7996=ORIENTED_EDGE('',*,*,#5888,.F.);
#7997=ORIENTED_EDGE('',*,*,#4973,.T.);
#7998=ORIENTED_EDGE('',*,*,#5890,.T.);
#7999=ORIENTED_EDGE('',*,*,#5891,.T.);
#8000=ORIENTED_EDGE('',*,*,#5892,.T.);
#8001=ORIENTED_EDGE('',*,*,#5890,.F.);
#8002=ORIENTED_EDGE('',*,*,#5891,.F.);
#8003=ORIENTED_EDGE('',*,*,#5892,.F.);
#8004=ORIENTED_EDGE('',*,*,#5893,.T.);
#8005=ORIENTED_EDGE('',*,*,#5894,.F.);
#8006=ORIENTED_EDGE('',*,*,#5893,.F.);
#8007=ORIENTED_EDGE('',*,*,#5018,.T.);
#8008=ORIENTED_EDGE('',*,*,#5895,.T.);
#8009=ORIENTED_EDGE('',*,*,#5896,.T.);
#8010=ORIENTED_EDGE('',*,*,#5897,.T.);
#8011=ORIENTED_EDGE('',*,*,#5895,.F.);
#8012=ORIENTED_EDGE('',*,*,#5896,.F.);
#8013=ORIENTED_EDGE('',*,*,#5897,.F.);
#8014=ORIENTED_EDGE('',*,*,#5898,.T.);
#8015=ORIENTED_EDGE('',*,*,#5899,.F.);
#8016=ORIENTED_EDGE('',*,*,#5898,.F.);
#8017=ORIENTED_EDGE('',*,*,#4974,.T.);
#8018=ORIENTED_EDGE('',*,*,#5900,.T.);
#8019=ORIENTED_EDGE('',*,*,#5901,.T.);
#8020=ORIENTED_EDGE('',*,*,#5902,.T.);
#8021=ORIENTED_EDGE('',*,*,#5900,.F.);
#8022=ORIENTED_EDGE('',*,*,#5901,.F.);
#8023=ORIENTED_EDGE('',*,*,#5902,.F.);
#8024=ORIENTED_EDGE('',*,*,#5903,.T.);
#8025=ORIENTED_EDGE('',*,*,#5904,.F.);
#8026=ORIENTED_EDGE('',*,*,#5903,.F.);
#8027=ORIENTED_EDGE('',*,*,#5017,.T.);
#8028=ORIENTED_EDGE('',*,*,#5905,.T.);
#8029=ORIENTED_EDGE('',*,*,#5906,.T.);
#8030=ORIENTED_EDGE('',*,*,#5907,.T.);
#8031=ORIENTED_EDGE('',*,*,#5905,.F.);
#8032=ORIENTED_EDGE('',*,*,#5906,.F.);
#8033=ORIENTED_EDGE('',*,*,#5907,.F.);
#8034=ORIENTED_EDGE('',*,*,#5908,.T.);
#8035=ORIENTED_EDGE('',*,*,#5909,.F.);
#8036=ORIENTED_EDGE('',*,*,#5908,.F.);
#8037=ORIENTED_EDGE('',*,*,#4975,.T.);
#8038=ORIENTED_EDGE('',*,*,#5910,.T.);
#8039=ORIENTED_EDGE('',*,*,#5911,.T.);
#8040=ORIENTED_EDGE('',*,*,#5912,.T.);
#8041=ORIENTED_EDGE('',*,*,#5910,.F.);
#8042=ORIENTED_EDGE('',*,*,#5911,.F.);
#8043=ORIENTED_EDGE('',*,*,#5912,.F.);
#8044=ORIENTED_EDGE('',*,*,#5913,.T.);
#8045=ORIENTED_EDGE('',*,*,#5914,.F.);
#8046=ORIENTED_EDGE('',*,*,#5913,.F.);
#8047=ORIENTED_EDGE('',*,*,#5016,.T.);
#8048=ORIENTED_EDGE('',*,*,#5915,.T.);
#8049=ORIENTED_EDGE('',*,*,#5916,.T.);
#8050=ORIENTED_EDGE('',*,*,#5917,.T.);
#8051=ORIENTED_EDGE('',*,*,#5915,.F.);
#8052=ORIENTED_EDGE('',*,*,#5916,.F.);
#8053=ORIENTED_EDGE('',*,*,#5917,.F.);
#8054=ORIENTED_EDGE('',*,*,#5918,.T.);
#8055=ORIENTED_EDGE('',*,*,#5919,.F.);
#8056=ORIENTED_EDGE('',*,*,#5918,.F.);
#8057=ORIENTED_EDGE('',*,*,#4976,.T.);
#8058=ORIENTED_EDGE('',*,*,#5920,.T.);
#8059=ORIENTED_EDGE('',*,*,#5921,.T.);
#8060=ORIENTED_EDGE('',*,*,#5922,.T.);
#8061=ORIENTED_EDGE('',*,*,#5920,.F.);
#8062=ORIENTED_EDGE('',*,*,#5921,.F.);
#8063=ORIENTED_EDGE('',*,*,#5922,.F.);
#8064=ORIENTED_EDGE('',*,*,#5923,.T.);
#8065=ORIENTED_EDGE('',*,*,#5924,.F.);
#8066=ORIENTED_EDGE('',*,*,#5923,.F.);
#8067=ORIENTED_EDGE('',*,*,#5015,.T.);
#8068=ORIENTED_EDGE('',*,*,#5925,.T.);
#8069=ORIENTED_EDGE('',*,*,#5926,.T.);
#8070=ORIENTED_EDGE('',*,*,#5927,.T.);
#8071=ORIENTED_EDGE('',*,*,#5925,.F.);
#8072=ORIENTED_EDGE('',*,*,#5926,.F.);
#8073=ORIENTED_EDGE('',*,*,#5927,.F.);
#8074=ORIENTED_EDGE('',*,*,#5928,.T.);
#8075=ORIENTED_EDGE('',*,*,#5929,.F.);
#8076=ORIENTED_EDGE('',*,*,#5928,.F.);
#8077=ORIENTED_EDGE('',*,*,#4977,.T.);
#8078=ORIENTED_EDGE('',*,*,#5930,.T.);
#8079=ORIENTED_EDGE('',*,*,#5931,.T.);
#8080=ORIENTED_EDGE('',*,*,#5932,.T.);
#8081=ORIENTED_EDGE('',*,*,#5930,.F.);
#8082=ORIENTED_EDGE('',*,*,#5931,.F.);
#8083=ORIENTED_EDGE('',*,*,#5932,.F.);
#8084=ORIENTED_EDGE('',*,*,#5933,.T.);
#8085=ORIENTED_EDGE('',*,*,#5934,.F.);
#8086=ORIENTED_EDGE('',*,*,#5933,.F.);
#8087=ORIENTED_EDGE('',*,*,#5014,.T.);
#8088=ORIENTED_EDGE('',*,*,#5935,.T.);
#8089=ORIENTED_EDGE('',*,*,#5936,.T.);
#8090=ORIENTED_EDGE('',*,*,#5937,.T.);
#8091=ORIENTED_EDGE('',*,*,#5935,.F.);
#8092=ORIENTED_EDGE('',*,*,#5936,.F.);
#8093=ORIENTED_EDGE('',*,*,#5937,.F.);
#8094=ORIENTED_EDGE('',*,*,#5938,.T.);
#8095=ORIENTED_EDGE('',*,*,#5939,.F.);
#8096=ORIENTED_EDGE('',*,*,#5938,.F.);
#8097=ORIENTED_EDGE('',*,*,#4978,.T.);
#8098=ORIENTED_EDGE('',*,*,#5940,.T.);
#8099=ORIENTED_EDGE('',*,*,#5941,.T.);
#8100=ORIENTED_EDGE('',*,*,#5942,.T.);
#8101=ORIENTED_EDGE('',*,*,#5940,.F.);
#8102=ORIENTED_EDGE('',*,*,#5941,.F.);
#8103=ORIENTED_EDGE('',*,*,#5942,.F.);
#8104=ORIENTED_EDGE('',*,*,#5943,.T.);
#8105=ORIENTED_EDGE('',*,*,#5944,.F.);
#8106=ORIENTED_EDGE('',*,*,#5943,.F.);
#8107=ORIENTED_EDGE('',*,*,#5013,.T.);
#8108=ORIENTED_EDGE('',*,*,#5945,.T.);
#8109=ORIENTED_EDGE('',*,*,#5946,.T.);
#8110=ORIENTED_EDGE('',*,*,#5947,.T.);
#8111=ORIENTED_EDGE('',*,*,#5945,.F.);
#8112=ORIENTED_EDGE('',*,*,#5946,.F.);
#8113=ORIENTED_EDGE('',*,*,#5947,.F.);
#8114=ORIENTED_EDGE('',*,*,#5948,.T.);
#8115=ORIENTED_EDGE('',*,*,#5949,.F.);
#8116=ORIENTED_EDGE('',*,*,#5948,.F.);
#8117=ORIENTED_EDGE('',*,*,#4979,.T.);
#8118=ORIENTED_EDGE('',*,*,#5950,.T.);
#8119=ORIENTED_EDGE('',*,*,#5951,.T.);
#8120=ORIENTED_EDGE('',*,*,#5952,.T.);
#8121=ORIENTED_EDGE('',*,*,#5950,.F.);
#8122=ORIENTED_EDGE('',*,*,#5951,.F.);
#8123=ORIENTED_EDGE('',*,*,#5952,.F.);
#8124=ORIENTED_EDGE('',*,*,#5953,.T.);
#8125=ORIENTED_EDGE('',*,*,#5954,.F.);
#8126=ORIENTED_EDGE('',*,*,#5953,.F.);
#8127=ORIENTED_EDGE('',*,*,#5012,.T.);
#8128=ORIENTED_EDGE('',*,*,#5955,.T.);
#8129=ORIENTED_EDGE('',*,*,#5956,.T.);
#8130=ORIENTED_EDGE('',*,*,#5957,.T.);
#8131=ORIENTED_EDGE('',*,*,#5955,.F.);
#8132=ORIENTED_EDGE('',*,*,#5956,.F.);
#8133=ORIENTED_EDGE('',*,*,#5957,.F.);
#8134=ORIENTED_EDGE('',*,*,#5958,.T.);
#8135=ORIENTED_EDGE('',*,*,#5959,.F.);
#8136=ORIENTED_EDGE('',*,*,#5958,.F.);
#8137=ORIENTED_EDGE('',*,*,#4980,.T.);
#8138=ORIENTED_EDGE('',*,*,#5960,.T.);
#8139=ORIENTED_EDGE('',*,*,#5961,.T.);
#8140=ORIENTED_EDGE('',*,*,#5962,.T.);
#8141=ORIENTED_EDGE('',*,*,#5960,.F.);
#8142=ORIENTED_EDGE('',*,*,#5961,.F.);
#8143=ORIENTED_EDGE('',*,*,#5962,.F.);
#8144=ORIENTED_EDGE('',*,*,#5963,.T.);
#8145=ORIENTED_EDGE('',*,*,#5964,.F.);
#8146=ORIENTED_EDGE('',*,*,#5963,.F.);
#8147=ORIENTED_EDGE('',*,*,#5011,.T.);
#8148=ORIENTED_EDGE('',*,*,#5965,.T.);
#8149=ORIENTED_EDGE('',*,*,#5966,.T.);
#8150=ORIENTED_EDGE('',*,*,#5967,.T.);
#8151=ORIENTED_EDGE('',*,*,#5965,.F.);
#8152=ORIENTED_EDGE('',*,*,#5966,.F.);
#8153=ORIENTED_EDGE('',*,*,#5967,.F.);
#8154=ORIENTED_EDGE('',*,*,#5968,.T.);
#8155=ORIENTED_EDGE('',*,*,#5969,.F.);
#8156=ORIENTED_EDGE('',*,*,#5968,.F.);
#8157=ORIENTED_EDGE('',*,*,#4981,.T.);
#8158=ORIENTED_EDGE('',*,*,#5970,.T.);
#8159=ORIENTED_EDGE('',*,*,#5971,.T.);
#8160=ORIENTED_EDGE('',*,*,#5972,.T.);
#8161=ORIENTED_EDGE('',*,*,#5970,.F.);
#8162=ORIENTED_EDGE('',*,*,#5971,.F.);
#8163=ORIENTED_EDGE('',*,*,#5972,.F.);
#8164=ORIENTED_EDGE('',*,*,#5973,.T.);
#8165=ORIENTED_EDGE('',*,*,#5974,.F.);
#8166=ORIENTED_EDGE('',*,*,#5973,.F.);
#8167=ORIENTED_EDGE('',*,*,#5010,.T.);
#8168=ORIENTED_EDGE('',*,*,#5975,.T.);
#8169=ORIENTED_EDGE('',*,*,#5976,.T.);
#8170=ORIENTED_EDGE('',*,*,#5977,.T.);
#8171=ORIENTED_EDGE('',*,*,#5975,.F.);
#8172=ORIENTED_EDGE('',*,*,#5976,.F.);
#8173=ORIENTED_EDGE('',*,*,#5977,.F.);
#8174=ORIENTED_EDGE('',*,*,#5978,.T.);
#8175=ORIENTED_EDGE('',*,*,#5979,.F.);
#8176=ORIENTED_EDGE('',*,*,#5978,.F.);
#8177=ORIENTED_EDGE('',*,*,#4982,.T.);
#8178=ORIENTED_EDGE('',*,*,#5980,.T.);
#8179=ORIENTED_EDGE('',*,*,#5981,.T.);
#8180=ORIENTED_EDGE('',*,*,#5982,.T.);
#8181=ORIENTED_EDGE('',*,*,#5980,.F.);
#8182=ORIENTED_EDGE('',*,*,#5981,.F.);
#8183=ORIENTED_EDGE('',*,*,#5982,.F.);
#8184=ORIENTED_EDGE('',*,*,#5983,.T.);
#8185=ORIENTED_EDGE('',*,*,#5984,.F.);
#8186=ORIENTED_EDGE('',*,*,#5983,.F.);
#8187=ORIENTED_EDGE('',*,*,#5009,.T.);
#8188=ORIENTED_EDGE('',*,*,#5985,.T.);
#8189=ORIENTED_EDGE('',*,*,#5986,.T.);
#8190=ORIENTED_EDGE('',*,*,#5987,.T.);
#8191=ORIENTED_EDGE('',*,*,#5985,.F.);
#8192=ORIENTED_EDGE('',*,*,#5986,.F.);
#8193=ORIENTED_EDGE('',*,*,#5987,.F.);
#8194=ORIENTED_EDGE('',*,*,#5988,.T.);
#8195=ORIENTED_EDGE('',*,*,#5989,.F.);
#8196=ORIENTED_EDGE('',*,*,#5988,.F.);
#8197=ORIENTED_EDGE('',*,*,#4983,.T.);
#8198=ORIENTED_EDGE('',*,*,#5990,.T.);
#8199=ORIENTED_EDGE('',*,*,#5991,.T.);
#8200=ORIENTED_EDGE('',*,*,#5992,.T.);
#8201=ORIENTED_EDGE('',*,*,#5990,.F.);
#8202=ORIENTED_EDGE('',*,*,#5991,.F.);
#8203=ORIENTED_EDGE('',*,*,#5992,.F.);
#8204=ORIENTED_EDGE('',*,*,#5993,.T.);
#8205=ORIENTED_EDGE('',*,*,#5994,.F.);
#8206=ORIENTED_EDGE('',*,*,#5993,.F.);
#8207=ORIENTED_EDGE('',*,*,#5008,.T.);
#8208=ORIENTED_EDGE('',*,*,#5995,.T.);
#8209=ORIENTED_EDGE('',*,*,#5996,.T.);
#8210=ORIENTED_EDGE('',*,*,#5997,.T.);
#8211=ORIENTED_EDGE('',*,*,#5995,.F.);
#8212=ORIENTED_EDGE('',*,*,#5996,.F.);
#8213=ORIENTED_EDGE('',*,*,#5997,.F.);
#8214=ORIENTED_EDGE('',*,*,#5998,.T.);
#8215=ORIENTED_EDGE('',*,*,#5999,.F.);
#8216=ORIENTED_EDGE('',*,*,#5998,.F.);
#8217=ORIENTED_EDGE('',*,*,#4984,.T.);
#8218=ORIENTED_EDGE('',*,*,#6000,.T.);
#8219=ORIENTED_EDGE('',*,*,#6001,.T.);
#8220=ORIENTED_EDGE('',*,*,#6002,.T.);
#8221=ORIENTED_EDGE('',*,*,#6000,.F.);
#8222=ORIENTED_EDGE('',*,*,#6001,.F.);
#8223=ORIENTED_EDGE('',*,*,#6002,.F.);
#8224=ORIENTED_EDGE('',*,*,#6003,.T.);
#8225=ORIENTED_EDGE('',*,*,#6004,.F.);
#8226=ORIENTED_EDGE('',*,*,#6003,.F.);
#8227=ORIENTED_EDGE('',*,*,#5007,.T.);
#8228=ORIENTED_EDGE('',*,*,#6005,.T.);
#8229=ORIENTED_EDGE('',*,*,#6006,.T.);
#8230=ORIENTED_EDGE('',*,*,#6007,.T.);
#8231=ORIENTED_EDGE('',*,*,#6005,.F.);
#8232=ORIENTED_EDGE('',*,*,#6006,.F.);
#8233=ORIENTED_EDGE('',*,*,#6007,.F.);
#8234=ORIENTED_EDGE('',*,*,#6008,.T.);
#8235=ORIENTED_EDGE('',*,*,#6009,.F.);
#8236=ORIENTED_EDGE('',*,*,#6008,.F.);
#8237=ORIENTED_EDGE('',*,*,#4985,.T.);
#8238=ORIENTED_EDGE('',*,*,#6010,.T.);
#8239=ORIENTED_EDGE('',*,*,#6011,.T.);
#8240=ORIENTED_EDGE('',*,*,#6012,.T.);
#8241=ORIENTED_EDGE('',*,*,#6010,.F.);
#8242=ORIENTED_EDGE('',*,*,#6011,.F.);
#8243=ORIENTED_EDGE('',*,*,#6012,.F.);
#8244=ORIENTED_EDGE('',*,*,#6013,.T.);
#8245=ORIENTED_EDGE('',*,*,#6014,.F.);
#8246=ORIENTED_EDGE('',*,*,#6013,.F.);
#8247=ORIENTED_EDGE('',*,*,#5006,.T.);
#8248=ORIENTED_EDGE('',*,*,#6015,.T.);
#8249=ORIENTED_EDGE('',*,*,#6016,.T.);
#8250=ORIENTED_EDGE('',*,*,#6017,.T.);
#8251=ORIENTED_EDGE('',*,*,#6015,.F.);
#8252=ORIENTED_EDGE('',*,*,#6016,.F.);
#8253=ORIENTED_EDGE('',*,*,#6017,.F.);
#8254=ORIENTED_EDGE('',*,*,#6018,.T.);
#8255=ORIENTED_EDGE('',*,*,#6019,.F.);
#8256=ORIENTED_EDGE('',*,*,#6018,.F.);
#8257=ORIENTED_EDGE('',*,*,#4986,.T.);
#8258=ORIENTED_EDGE('',*,*,#6020,.T.);
#8259=ORIENTED_EDGE('',*,*,#6021,.T.);
#8260=ORIENTED_EDGE('',*,*,#6022,.T.);
#8261=ORIENTED_EDGE('',*,*,#6020,.F.);
#8262=ORIENTED_EDGE('',*,*,#6021,.F.);
#8263=ORIENTED_EDGE('',*,*,#6022,.F.);
#8264=ORIENTED_EDGE('',*,*,#6023,.T.);
#8265=ORIENTED_EDGE('',*,*,#6024,.F.);
#8266=ORIENTED_EDGE('',*,*,#6023,.F.);
#8267=ORIENTED_EDGE('',*,*,#5005,.T.);
#8268=ORIENTED_EDGE('',*,*,#6025,.T.);
#8269=ORIENTED_EDGE('',*,*,#6026,.T.);
#8270=ORIENTED_EDGE('',*,*,#6027,.T.);
#8271=ORIENTED_EDGE('',*,*,#6025,.F.);
#8272=ORIENTED_EDGE('',*,*,#6026,.F.);
#8273=ORIENTED_EDGE('',*,*,#6027,.F.);
#8274=ORIENTED_EDGE('',*,*,#6028,.T.);
#8275=ORIENTED_EDGE('',*,*,#6029,.F.);
#8276=ORIENTED_EDGE('',*,*,#6028,.F.);
#8277=ORIENTED_EDGE('',*,*,#4987,.T.);
#8278=ORIENTED_EDGE('',*,*,#6030,.T.);
#8279=ORIENTED_EDGE('',*,*,#6031,.T.);
#8280=ORIENTED_EDGE('',*,*,#6032,.T.);
#8281=ORIENTED_EDGE('',*,*,#6030,.F.);
#8282=ORIENTED_EDGE('',*,*,#6031,.F.);
#8283=ORIENTED_EDGE('',*,*,#6032,.F.);
#8284=ORIENTED_EDGE('',*,*,#6033,.T.);
#8285=ORIENTED_EDGE('',*,*,#6034,.F.);
#8286=ORIENTED_EDGE('',*,*,#6033,.F.);
#8287=ORIENTED_EDGE('',*,*,#5004,.T.);
#8288=ORIENTED_EDGE('',*,*,#6035,.T.);
#8289=ORIENTED_EDGE('',*,*,#6036,.T.);
#8290=ORIENTED_EDGE('',*,*,#6037,.T.);
#8291=ORIENTED_EDGE('',*,*,#6035,.F.);
#8292=ORIENTED_EDGE('',*,*,#6036,.F.);
#8293=ORIENTED_EDGE('',*,*,#6037,.F.);
#8294=ORIENTED_EDGE('',*,*,#6038,.T.);
#8295=ORIENTED_EDGE('',*,*,#6039,.F.);
#8296=ORIENTED_EDGE('',*,*,#6038,.F.);
#8297=ORIENTED_EDGE('',*,*,#4988,.T.);
#8298=ORIENTED_EDGE('',*,*,#6040,.T.);
#8299=ORIENTED_EDGE('',*,*,#6041,.T.);
#8300=ORIENTED_EDGE('',*,*,#6042,.T.);
#8301=ORIENTED_EDGE('',*,*,#6040,.F.);
#8302=ORIENTED_EDGE('',*,*,#6041,.F.);
#8303=ORIENTED_EDGE('',*,*,#6042,.F.);
#8304=ORIENTED_EDGE('',*,*,#6043,.T.);
#8305=ORIENTED_EDGE('',*,*,#6044,.F.);
#8306=ORIENTED_EDGE('',*,*,#6043,.F.);
#8307=ORIENTED_EDGE('',*,*,#5003,.T.);
#8308=ORIENTED_EDGE('',*,*,#6045,.T.);
#8309=ORIENTED_EDGE('',*,*,#6046,.T.);
#8310=ORIENTED_EDGE('',*,*,#6047,.T.);
#8311=ORIENTED_EDGE('',*,*,#6045,.F.);
#8312=ORIENTED_EDGE('',*,*,#6046,.F.);
#8313=ORIENTED_EDGE('',*,*,#6047,.F.);
#8314=ORIENTED_EDGE('',*,*,#6048,.T.);
#8315=ORIENTED_EDGE('',*,*,#6049,.F.);
#8316=ORIENTED_EDGE('',*,*,#6048,.F.);
#8317=ORIENTED_EDGE('',*,*,#4989,.T.);
#8318=ORIENTED_EDGE('',*,*,#6050,.T.);
#8319=ORIENTED_EDGE('',*,*,#6051,.T.);
#8320=ORIENTED_EDGE('',*,*,#6052,.T.);
#8321=ORIENTED_EDGE('',*,*,#6050,.F.);
#8322=ORIENTED_EDGE('',*,*,#6051,.F.);
#8323=ORIENTED_EDGE('',*,*,#6052,.F.);
#8324=ORIENTED_EDGE('',*,*,#6053,.T.);
#8325=ORIENTED_EDGE('',*,*,#6054,.F.);
#8326=ORIENTED_EDGE('',*,*,#6053,.F.);
#8327=ORIENTED_EDGE('',*,*,#5002,.T.);
#8328=ORIENTED_EDGE('',*,*,#6055,.T.);
#8329=ORIENTED_EDGE('',*,*,#6056,.T.);
#8330=ORIENTED_EDGE('',*,*,#6057,.T.);
#8331=ORIENTED_EDGE('',*,*,#6055,.F.);
#8332=ORIENTED_EDGE('',*,*,#6056,.F.);
#8333=ORIENTED_EDGE('',*,*,#6057,.F.);
#8334=ORIENTED_EDGE('',*,*,#6058,.T.);
#8335=ORIENTED_EDGE('',*,*,#6059,.F.);
#8336=ORIENTED_EDGE('',*,*,#6058,.F.);
#8337=ORIENTED_EDGE('',*,*,#4990,.T.);
#8338=ORIENTED_EDGE('',*,*,#6060,.T.);
#8339=ORIENTED_EDGE('',*,*,#6061,.T.);
#8340=ORIENTED_EDGE('',*,*,#6062,.T.);
#8341=ORIENTED_EDGE('',*,*,#6060,.F.);
#8342=ORIENTED_EDGE('',*,*,#6061,.F.);
#8343=ORIENTED_EDGE('',*,*,#6062,.F.);
#8344=ORIENTED_EDGE('',*,*,#6063,.T.);
#8345=ORIENTED_EDGE('',*,*,#6064,.F.);
#8346=ORIENTED_EDGE('',*,*,#6063,.F.);
#8347=ORIENTED_EDGE('',*,*,#5001,.T.);
#8348=ORIENTED_EDGE('',*,*,#6065,.T.);
#8349=ORIENTED_EDGE('',*,*,#6066,.T.);
#8350=ORIENTED_EDGE('',*,*,#6067,.T.);
#8351=ORIENTED_EDGE('',*,*,#6065,.F.);
#8352=ORIENTED_EDGE('',*,*,#6066,.F.);
#8353=ORIENTED_EDGE('',*,*,#6067,.F.);
#8354=ORIENTED_EDGE('',*,*,#6068,.T.);
#8355=ORIENTED_EDGE('',*,*,#6069,.F.);
#8356=ORIENTED_EDGE('',*,*,#6068,.F.);
#8357=ORIENTED_EDGE('',*,*,#4991,.T.);
#8358=ORIENTED_EDGE('',*,*,#6070,.T.);
#8359=ORIENTED_EDGE('',*,*,#6071,.T.);
#8360=ORIENTED_EDGE('',*,*,#6072,.T.);
#8361=ORIENTED_EDGE('',*,*,#6070,.F.);
#8362=ORIENTED_EDGE('',*,*,#6071,.F.);
#8363=ORIENTED_EDGE('',*,*,#6072,.F.);
#8364=ORIENTED_EDGE('',*,*,#6073,.T.);
#8365=ORIENTED_EDGE('',*,*,#6074,.F.);
#8366=ORIENTED_EDGE('',*,*,#6073,.F.);
#8367=ORIENTED_EDGE('',*,*,#5000,.T.);
#8368=ORIENTED_EDGE('',*,*,#6075,.T.);
#8369=ORIENTED_EDGE('',*,*,#6076,.T.);
#8370=ORIENTED_EDGE('',*,*,#6077,.T.);
#8371=ORIENTED_EDGE('',*,*,#6075,.F.);
#8372=ORIENTED_EDGE('',*,*,#6076,.F.);
#8373=ORIENTED_EDGE('',*,*,#6077,.F.);
#8374=ORIENTED_EDGE('',*,*,#6078,.T.);
#8375=ORIENTED_EDGE('',*,*,#6079,.F.);
#8376=ORIENTED_EDGE('',*,*,#6078,.F.);
#8377=ORIENTED_EDGE('',*,*,#4992,.T.);
#8378=ORIENTED_EDGE('',*,*,#6080,.T.);
#8379=ORIENTED_EDGE('',*,*,#6081,.T.);
#8380=ORIENTED_EDGE('',*,*,#6082,.T.);
#8381=ORIENTED_EDGE('',*,*,#6080,.F.);
#8382=ORIENTED_EDGE('',*,*,#6081,.F.);
#8383=ORIENTED_EDGE('',*,*,#6082,.F.);
#8384=ORIENTED_EDGE('',*,*,#6083,.T.);
#8385=ORIENTED_EDGE('',*,*,#6084,.F.);
#8386=ORIENTED_EDGE('',*,*,#6083,.F.);
#8387=ORIENTED_EDGE('',*,*,#4999,.T.);
#8388=ORIENTED_EDGE('',*,*,#6085,.T.);
#8389=ORIENTED_EDGE('',*,*,#6086,.T.);
#8390=ORIENTED_EDGE('',*,*,#6087,.T.);
#8391=ORIENTED_EDGE('',*,*,#6085,.F.);
#8392=ORIENTED_EDGE('',*,*,#6086,.F.);
#8393=ORIENTED_EDGE('',*,*,#6087,.F.);
#8394=ORIENTED_EDGE('',*,*,#6088,.T.);
#8395=ORIENTED_EDGE('',*,*,#6089,.F.);
#8396=ORIENTED_EDGE('',*,*,#6088,.F.);
#8397=ORIENTED_EDGE('',*,*,#4993,.T.);
#8398=ORIENTED_EDGE('',*,*,#6090,.T.);
#8399=ORIENTED_EDGE('',*,*,#6091,.T.);
#8400=ORIENTED_EDGE('',*,*,#6092,.T.);
#8401=ORIENTED_EDGE('',*,*,#6090,.F.);
#8402=ORIENTED_EDGE('',*,*,#6091,.F.);
#8403=ORIENTED_EDGE('',*,*,#6092,.F.);
#8404=ORIENTED_EDGE('',*,*,#6093,.T.);
#8405=ORIENTED_EDGE('',*,*,#6094,.F.);
#8406=ORIENTED_EDGE('',*,*,#6093,.F.);
#8407=ORIENTED_EDGE('',*,*,#6095,.F.);
#8408=ORIENTED_EDGE('',*,*,#6096,.T.);
#8409=ORIENTED_EDGE('',*,*,#6097,.T.);
#8410=ORIENTED_EDGE('',*,*,#6096,.F.);
#8411=ORIENTED_EDGE('',*,*,#6097,.F.);
#8412=ORIENTED_EDGE('',*,*,#6098,.F.);
#8413=ORIENTED_EDGE('',*,*,#6099,.T.);
#8414=ORIENTED_EDGE('',*,*,#6100,.T.);
#8415=ORIENTED_EDGE('',*,*,#6099,.F.);
#8416=ORIENTED_EDGE('',*,*,#6100,.F.);
#8417=ORIENTED_EDGE('',*,*,#6101,.F.);
#8418=ORIENTED_EDGE('',*,*,#6102,.T.);
#8419=ORIENTED_EDGE('',*,*,#6103,.T.);
#8420=ORIENTED_EDGE('',*,*,#6102,.F.);
#8421=ORIENTED_EDGE('',*,*,#6103,.F.);
#8422=ORIENTED_EDGE('',*,*,#6104,.F.);
#8423=ORIENTED_EDGE('',*,*,#6105,.T.);
#8424=ORIENTED_EDGE('',*,*,#6106,.T.);
#8425=ORIENTED_EDGE('',*,*,#6105,.F.);
#8426=ORIENTED_EDGE('',*,*,#6106,.F.);
#8427=ORIENTED_EDGE('',*,*,#4998,.T.);
#8428=ORIENTED_EDGE('',*,*,#6107,.T.);
#8429=ORIENTED_EDGE('',*,*,#6108,.T.);
#8430=ORIENTED_EDGE('',*,*,#6107,.F.);
#8431=ORIENTED_EDGE('',*,*,#6108,.F.);
#8432=ORIENTED_EDGE('',*,*,#6109,.T.);
#8433=ORIENTED_EDGE('',*,*,#6110,.T.);
#8434=ORIENTED_EDGE('',*,*,#6109,.F.);
#8435=ORIENTED_EDGE('',*,*,#4994,.T.);
#8436=ORIENTED_EDGE('',*,*,#6111,.T.);
#8437=ORIENTED_EDGE('',*,*,#6112,.T.);
#8438=ORIENTED_EDGE('',*,*,#6111,.F.);
#8439=ORIENTED_EDGE('',*,*,#6112,.F.);
#8440=ORIENTED_EDGE('',*,*,#6113,.T.);
#8441=ORIENTED_EDGE('',*,*,#6114,.T.);
#8442=ORIENTED_EDGE('',*,*,#6113,.F.);
#8443=ORIENTED_EDGE('',*,*,#4997,.T.);
#8444=ORIENTED_EDGE('',*,*,#6115,.T.);
#8445=ORIENTED_EDGE('',*,*,#6116,.T.);
#8446=ORIENTED_EDGE('',*,*,#6115,.F.);
#8447=ORIENTED_EDGE('',*,*,#6116,.F.);
#8448=ORIENTED_EDGE('',*,*,#6117,.T.);
#8449=ORIENTED_EDGE('',*,*,#6118,.T.);
#8450=ORIENTED_EDGE('',*,*,#6117,.F.);
#8451=ORIENTED_EDGE('',*,*,#4995,.T.);
#8452=ORIENTED_EDGE('',*,*,#6119,.T.);
#8453=ORIENTED_EDGE('',*,*,#6120,.T.);
#8454=ORIENTED_EDGE('',*,*,#6119,.F.);
#8455=ORIENTED_EDGE('',*,*,#6120,.F.);
#8456=ORIENTED_EDGE('',*,*,#6121,.T.);
#8457=ORIENTED_EDGE('',*,*,#6122,.T.);
#8458=ORIENTED_EDGE('',*,*,#6121,.F.);
#8459=ORIENTED_EDGE('',*,*,#4996,.T.);
#8460=ORIENTED_EDGE('',*,*,#6123,.T.);
#8461=ORIENTED_EDGE('',*,*,#6124,.T.);
#8462=ORIENTED_EDGE('',*,*,#6123,.F.);
#8463=ORIENTED_EDGE('',*,*,#6124,.F.);
#8464=ORIENTED_EDGE('',*,*,#6125,.T.);
#8465=ORIENTED_EDGE('',*,*,#6126,.T.);
#8466=ORIENTED_EDGE('',*,*,#6125,.F.);
#8467=ORIENTED_EDGE('',*,*,#6127,.T.);
#8468=ORIENTED_EDGE('',*,*,#6128,.T.);
#8469=ORIENTED_EDGE('',*,*,#6129,.T.);
#8470=ORIENTED_EDGE('',*,*,#6130,.T.);
#8471=ORIENTED_EDGE('',*,*,#6131,.T.);
#8472=ORIENTED_EDGE('',*,*,#6132,.T.);
#8473=ORIENTED_EDGE('',*,*,#6127,.F.);
#8474=ORIENTED_EDGE('',*,*,#6133,.T.);
#8475=ORIENTED_EDGE('',*,*,#6134,.T.);
#8476=ORIENTED_EDGE('',*,*,#6135,.T.);
#8477=ORIENTED_EDGE('',*,*,#6131,.F.);
#8478=ORIENTED_EDGE('',*,*,#6136,.T.);
#8479=ORIENTED_EDGE('',*,*,#6137,.T.);
#8480=ORIENTED_EDGE('',*,*,#6138,.T.);
#8481=ORIENTED_EDGE('',*,*,#6134,.F.);
#8482=ORIENTED_EDGE('',*,*,#6139,.T.);
#8483=ORIENTED_EDGE('',*,*,#6140,.T.);
#8484=ORIENTED_EDGE('',*,*,#6141,.T.);
#8485=ORIENTED_EDGE('',*,*,#6137,.F.);
#8486=ORIENTED_EDGE('',*,*,#6142,.T.);
#8487=ORIENTED_EDGE('',*,*,#6143,.T.);
#8488=ORIENTED_EDGE('',*,*,#6144,.T.);
#8489=ORIENTED_EDGE('',*,*,#6140,.F.);
#8490=ORIENTED_EDGE('',*,*,#6145,.T.);
#8491=ORIENTED_EDGE('',*,*,#6146,.T.);
#8492=ORIENTED_EDGE('',*,*,#6147,.T.);
#8493=ORIENTED_EDGE('',*,*,#6143,.F.);
#8494=ORIENTED_EDGE('',*,*,#6148,.T.);
#8495=ORIENTED_EDGE('',*,*,#6129,.F.);
#8496=ORIENTED_EDGE('',*,*,#6149,.T.);
#8497=ORIENTED_EDGE('',*,*,#6146,.F.);
#8498=ORIENTED_EDGE('',*,*,#6150,.T.);
#8499=ORIENTED_EDGE('',*,*,#6144,.F.);
#8500=ORIENTED_EDGE('',*,*,#6151,.T.);
#8501=ORIENTED_EDGE('',*,*,#6152,.F.);
#8502=ORIENTED_EDGE('',*,*,#6153,.T.);
#8503=ORIENTED_EDGE('',*,*,#6147,.F.);
#8504=ORIENTED_EDGE('',*,*,#6154,.F.);
#8505=ORIENTED_EDGE('',*,*,#6155,.F.);
#8506=ORIENTED_EDGE('',*,*,#6151,.F.);
#8507=ORIENTED_EDGE('',*,*,#6149,.F.);
#8508=ORIENTED_EDGE('',*,*,#6156,.T.);
#8509=ORIENTED_EDGE('',*,*,#6157,.F.);
#8510=ORIENTED_EDGE('',*,*,#6154,.T.);
#8511=ORIENTED_EDGE('',*,*,#6128,.F.);
#8512=ORIENTED_EDGE('',*,*,#6158,.F.);
#8513=ORIENTED_EDGE('',*,*,#6159,.F.);
#8514=ORIENTED_EDGE('',*,*,#6156,.F.);
#8515=ORIENTED_EDGE('',*,*,#6130,.F.);
#8516=ORIENTED_EDGE('',*,*,#6150,.F.);
#8517=ORIENTED_EDGE('',*,*,#6148,.F.);
#8518=ORIENTED_EDGE('',*,*,#6145,.F.);
#8519=ORIENTED_EDGE('',*,*,#6142,.F.);
#8520=ORIENTED_EDGE('',*,*,#6139,.F.);
#8521=ORIENTED_EDGE('',*,*,#6136,.F.);
#8522=ORIENTED_EDGE('',*,*,#6133,.F.);
#8523=ORIENTED_EDGE('',*,*,#6095,.T.);
#8524=ORIENTED_EDGE('',*,*,#6098,.T.);
#8525=ORIENTED_EDGE('',*,*,#6101,.T.);
#8526=ORIENTED_EDGE('',*,*,#6104,.T.);
#8527=ORIENTED_EDGE('',*,*,#6049,.T.);
#8528=ORIENTED_EDGE('',*,*,#6044,.T.);
#8529=ORIENTED_EDGE('',*,*,#5949,.T.);
#8530=ORIENTED_EDGE('',*,*,#5944,.T.);
#8531=ORIENTED_EDGE('',*,*,#5849,.T.);
#8532=ORIENTED_EDGE('',*,*,#5844,.T.);
#8533=ORIENTED_EDGE('',*,*,#5749,.T.);
#8534=ORIENTED_EDGE('',*,*,#5744,.T.);
#8535=ORIENTED_EDGE('',*,*,#5649,.T.);
#8536=ORIENTED_EDGE('',*,*,#5644,.T.);
#8537=ORIENTED_EDGE('',*,*,#5549,.T.);
#8538=ORIENTED_EDGE('',*,*,#5544,.T.);
#8539=ORIENTED_EDGE('',*,*,#5449,.T.);
#8540=ORIENTED_EDGE('',*,*,#5444,.T.);
#8541=ORIENTED_EDGE('',*,*,#5349,.T.);
#8542=ORIENTED_EDGE('',*,*,#5344,.T.);
#8543=ORIENTED_EDGE('',*,*,#5339,.T.);
#8544=ORIENTED_EDGE('',*,*,#5334,.T.);
#8545=ORIENTED_EDGE('',*,*,#5329,.T.);
#8546=ORIENTED_EDGE('',*,*,#5324,.T.);
#8547=ORIENTED_EDGE('',*,*,#6054,.T.);
#8548=ORIENTED_EDGE('',*,*,#6039,.T.);
#8549=ORIENTED_EDGE('',*,*,#5954,.T.);
#8550=ORIENTED_EDGE('',*,*,#5939,.T.);
#8551=ORIENTED_EDGE('',*,*,#5854,.T.);
#8552=ORIENTED_EDGE('',*,*,#5839,.T.);
#8553=ORIENTED_EDGE('',*,*,#5754,.T.);
#8554=ORIENTED_EDGE('',*,*,#5739,.T.);
#8555=ORIENTED_EDGE('',*,*,#5654,.T.);
#8556=ORIENTED_EDGE('',*,*,#5639,.T.);
#8557=ORIENTED_EDGE('',*,*,#5554,.T.);
#8558=ORIENTED_EDGE('',*,*,#5539,.T.);
#8559=ORIENTED_EDGE('',*,*,#5454,.T.);
#8560=ORIENTED_EDGE('',*,*,#5439,.T.);
#8561=ORIENTED_EDGE('',*,*,#5354,.T.);
#8562=ORIENTED_EDGE('',*,*,#5219,.T.);
#8563=ORIENTED_EDGE('',*,*,#5214,.T.);
#8564=ORIENTED_EDGE('',*,*,#5209,.T.);
#8565=ORIENTED_EDGE('',*,*,#5204,.T.);
#8566=ORIENTED_EDGE('',*,*,#5319,.T.);
#8567=ORIENTED_EDGE('',*,*,#6059,.T.);
#8568=ORIENTED_EDGE('',*,*,#6034,.T.);
#8569=ORIENTED_EDGE('',*,*,#5959,.T.);
#8570=ORIENTED_EDGE('',*,*,#5934,.T.);
#8571=ORIENTED_EDGE('',*,*,#5859,.T.);
#8572=ORIENTED_EDGE('',*,*,#5834,.T.);
#8573=ORIENTED_EDGE('',*,*,#5759,.T.);
#8574=ORIENTED_EDGE('',*,*,#5734,.T.);
#8575=ORIENTED_EDGE('',*,*,#5659,.T.);
#8576=ORIENTED_EDGE('',*,*,#5634,.T.);
#8577=ORIENTED_EDGE('',*,*,#5559,.T.);
#8578=ORIENTED_EDGE('',*,*,#5534,.T.);
#8579=ORIENTED_EDGE('',*,*,#5459,.T.);
#8580=ORIENTED_EDGE('',*,*,#5434,.T.);
#8581=ORIENTED_EDGE('',*,*,#5359,.T.);
#8582=ORIENTED_EDGE('',*,*,#5224,.T.);
#8583=ORIENTED_EDGE('',*,*,#5129,.T.);
#8584=ORIENTED_EDGE('',*,*,#5124,.T.);
#8585=ORIENTED_EDGE('',*,*,#5199,.T.);
#8586=ORIENTED_EDGE('',*,*,#5314,.T.);
#8587=ORIENTED_EDGE('',*,*,#6064,.T.);
#8588=ORIENTED_EDGE('',*,*,#6029,.T.);
#8589=ORIENTED_EDGE('',*,*,#5964,.T.);
#8590=ORIENTED_EDGE('',*,*,#5929,.T.);
#8591=ORIENTED_EDGE('',*,*,#5864,.T.);
#8592=ORIENTED_EDGE('',*,*,#5829,.T.);
#8593=ORIENTED_EDGE('',*,*,#5764,.T.);
#8594=ORIENTED_EDGE('',*,*,#5729,.T.);
#8595=ORIENTED_EDGE('',*,*,#5664,.T.);
#8596=ORIENTED_EDGE('',*,*,#5629,.T.);
#8597=ORIENTED_EDGE('',*,*,#5564,.T.);
#8598=ORIENTED_EDGE('',*,*,#5529,.T.);
#8599=ORIENTED_EDGE('',*,*,#5464,.T.);
#8600=ORIENTED_EDGE('',*,*,#5429,.T.);
#8601=ORIENTED_EDGE('',*,*,#5364,.T.);
#8602=ORIENTED_EDGE('',*,*,#5229,.T.);
#8603=ORIENTED_EDGE('',*,*,#5134,.T.);
#8604=ORIENTED_EDGE('',*,*,#5119,.T.);
#8605=ORIENTED_EDGE('',*,*,#5194,.T.);
#8606=ORIENTED_EDGE('',*,*,#5309,.T.);
#8607=ORIENTED_EDGE('',*,*,#6069,.T.);
#8608=ORIENTED_EDGE('',*,*,#6024,.T.);
#8609=ORIENTED_EDGE('',*,*,#5969,.T.);
#8610=ORIENTED_EDGE('',*,*,#5924,.T.);
#8611=ORIENTED_EDGE('',*,*,#5869,.T.);
#8612=ORIENTED_EDGE('',*,*,#5824,.T.);
#8613=ORIENTED_EDGE('',*,*,#5769,.T.);
#8614=ORIENTED_EDGE('',*,*,#5724,.T.);
#8615=ORIENTED_EDGE('',*,*,#5669,.T.);
#8616=ORIENTED_EDGE('',*,*,#5624,.T.);
#8617=ORIENTED_EDGE('',*,*,#5569,.T.);
#8618=ORIENTED_EDGE('',*,*,#5524,.T.);
#8619=ORIENTED_EDGE('',*,*,#5469,.T.);
#8620=ORIENTED_EDGE('',*,*,#5424,.T.);
#8621=ORIENTED_EDGE('',*,*,#5369,.T.);
#8622=ORIENTED_EDGE('',*,*,#5234,.T.);
#8623=ORIENTED_EDGE('',*,*,#5139,.T.);
#8624=ORIENTED_EDGE('',*,*,#5114,.T.);
#8625=ORIENTED_EDGE('',*,*,#5189,.T.);
#8626=ORIENTED_EDGE('',*,*,#5304,.T.);
#8627=ORIENTED_EDGE('',*,*,#6074,.T.);
#8628=ORIENTED_EDGE('',*,*,#6019,.T.);
#8629=ORIENTED_EDGE('',*,*,#5974,.T.);
#8630=ORIENTED_EDGE('',*,*,#5919,.T.);
#8631=ORIENTED_EDGE('',*,*,#5874,.T.);
#8632=ORIENTED_EDGE('',*,*,#5819,.T.);
#8633=ORIENTED_EDGE('',*,*,#5774,.T.);
#8634=ORIENTED_EDGE('',*,*,#5719,.T.);
#8635=ORIENTED_EDGE('',*,*,#5674,.T.);
#8636=ORIENTED_EDGE('',*,*,#5619,.T.);
#8637=ORIENTED_EDGE('',*,*,#5574,.T.);
#8638=ORIENTED_EDGE('',*,*,#5519,.T.);
#8639=ORIENTED_EDGE('',*,*,#5474,.T.);
#8640=ORIENTED_EDGE('',*,*,#5419,.T.);
#8641=ORIENTED_EDGE('',*,*,#5374,.T.);
#8642=ORIENTED_EDGE('',*,*,#5239,.T.);
#8643=ORIENTED_EDGE('',*,*,#5144,.T.);
#8644=ORIENTED_EDGE('',*,*,#5109,.T.);
#8645=ORIENTED_EDGE('',*,*,#5184,.T.);
#8646=ORIENTED_EDGE('',*,*,#5299,.T.);
#8647=ORIENTED_EDGE('',*,*,#6079,.T.);
#8648=ORIENTED_EDGE('',*,*,#6014,.T.);
#8649=ORIENTED_EDGE('',*,*,#5979,.T.);
#8650=ORIENTED_EDGE('',*,*,#5914,.T.);
#8651=ORIENTED_EDGE('',*,*,#5879,.T.);
#8652=ORIENTED_EDGE('',*,*,#5814,.T.);
#8653=ORIENTED_EDGE('',*,*,#5779,.T.);
#8654=ORIENTED_EDGE('',*,*,#5714,.T.);
#8655=ORIENTED_EDGE('',*,*,#5679,.T.);
#8656=ORIENTED_EDGE('',*,*,#5614,.T.);
#8657=ORIENTED_EDGE('',*,*,#5579,.T.);
#8658=ORIENTED_EDGE('',*,*,#5514,.T.);
#8659=ORIENTED_EDGE('',*,*,#5479,.T.);
#8660=ORIENTED_EDGE('',*,*,#5414,.T.);
#8661=ORIENTED_EDGE('',*,*,#5379,.T.);
#8662=ORIENTED_EDGE('',*,*,#5244,.T.);
#8663=ORIENTED_EDGE('',*,*,#5149,.T.);
#8664=ORIENTED_EDGE('',*,*,#5104,.T.);
#8665=ORIENTED_EDGE('',*,*,#5179,.T.);
#8666=ORIENTED_EDGE('',*,*,#5294,.T.);
#8667=ORIENTED_EDGE('',*,*,#6084,.T.);
#8668=ORIENTED_EDGE('',*,*,#6009,.T.);
#8669=ORIENTED_EDGE('',*,*,#5984,.T.);
#8670=ORIENTED_EDGE('',*,*,#5909,.T.);
#8671=ORIENTED_EDGE('',*,*,#5884,.T.);
#8672=ORIENTED_EDGE('',*,*,#5809,.T.);
#8673=ORIENTED_EDGE('',*,*,#5784,.T.);
#8674=ORIENTED_EDGE('',*,*,#5709,.T.);
#8675=ORIENTED_EDGE('',*,*,#5684,.T.);
#8676=ORIENTED_EDGE('',*,*,#5609,.T.);
#8677=ORIENTED_EDGE('',*,*,#5584,.T.);
#8678=ORIENTED_EDGE('',*,*,#5509,.T.);
#8679=ORIENTED_EDGE('',*,*,#5484,.T.);
#8680=ORIENTED_EDGE('',*,*,#5409,.T.);
#8681=ORIENTED_EDGE('',*,*,#5384,.T.);
#8682=ORIENTED_EDGE('',*,*,#5249,.T.);
#8683=ORIENTED_EDGE('',*,*,#5154,.T.);
#8684=ORIENTED_EDGE('',*,*,#5099,.T.);
#8685=ORIENTED_EDGE('',*,*,#5174,.T.);
#8686=ORIENTED_EDGE('',*,*,#5289,.T.);
#8687=ORIENTED_EDGE('',*,*,#6089,.T.);
#8688=ORIENTED_EDGE('',*,*,#6004,.T.);
#8689=ORIENTED_EDGE('',*,*,#5989,.T.);
#8690=ORIENTED_EDGE('',*,*,#5904,.T.);
#8691=ORIENTED_EDGE('',*,*,#5889,.T.);
#8692=ORIENTED_EDGE('',*,*,#5804,.T.);
#8693=ORIENTED_EDGE('',*,*,#5789,.T.);
#8694=ORIENTED_EDGE('',*,*,#5704,.T.);
#8695=ORIENTED_EDGE('',*,*,#5689,.T.);
#8696=ORIENTED_EDGE('',*,*,#5604,.T.);
#8697=ORIENTED_EDGE('',*,*,#5589,.T.);
#8698=ORIENTED_EDGE('',*,*,#5504,.T.);
#8699=ORIENTED_EDGE('',*,*,#5489,.T.);
#8700=ORIENTED_EDGE('',*,*,#5404,.T.);
#8701=ORIENTED_EDGE('',*,*,#5389,.T.);
#8702=ORIENTED_EDGE('',*,*,#5254,.T.);
#8703=ORIENTED_EDGE('',*,*,#5159,.T.);
#8704=ORIENTED_EDGE('',*,*,#5164,.T.);
#8705=ORIENTED_EDGE('',*,*,#5169,.T.);
#8706=ORIENTED_EDGE('',*,*,#5284,.T.);
#8707=ORIENTED_EDGE('',*,*,#6094,.T.);
#8708=ORIENTED_EDGE('',*,*,#5999,.T.);
#8709=ORIENTED_EDGE('',*,*,#5994,.T.);
#8710=ORIENTED_EDGE('',*,*,#5899,.T.);
#8711=ORIENTED_EDGE('',*,*,#5894,.T.);
#8712=ORIENTED_EDGE('',*,*,#5799,.T.);
#8713=ORIENTED_EDGE('',*,*,#5794,.T.);
#8714=ORIENTED_EDGE('',*,*,#5699,.T.);
#8715=ORIENTED_EDGE('',*,*,#5694,.T.);
#8716=ORIENTED_EDGE('',*,*,#5599,.T.);
#8717=ORIENTED_EDGE('',*,*,#5594,.T.);
#8718=ORIENTED_EDGE('',*,*,#5499,.T.);
#8719=ORIENTED_EDGE('',*,*,#5494,.T.);
#8720=ORIENTED_EDGE('',*,*,#5399,.T.);
#8721=ORIENTED_EDGE('',*,*,#5394,.T.);
#8722=ORIENTED_EDGE('',*,*,#5259,.T.);
#8723=ORIENTED_EDGE('',*,*,#5264,.T.);
#8724=ORIENTED_EDGE('',*,*,#5269,.T.);
#8725=ORIENTED_EDGE('',*,*,#5274,.T.);
#8726=ORIENTED_EDGE('',*,*,#5279,.T.);
#8727=ORIENTED_EDGE('',*,*,#6160,.T.);
#8728=ORIENTED_EDGE('',*,*,#6161,.T.);
#8729=ORIENTED_EDGE('',*,*,#6162,.T.);
#8730=ORIENTED_EDGE('',*,*,#6163,.T.);
#8731=ORIENTED_EDGE('',*,*,#6164,.T.);
#8732=ORIENTED_EDGE('',*,*,#6165,.T.);
#8733=ORIENTED_EDGE('',*,*,#4886,.T.);
#8734=ORIENTED_EDGE('',*,*,#6166,.T.);
#8735=ORIENTED_EDGE('',*,*,#6155,.T.);
#8736=ORIENTED_EDGE('',*,*,#6165,.F.);
#8737=ORIENTED_EDGE('',*,*,#6157,.T.);
#8738=ORIENTED_EDGE('',*,*,#6167,.T.);
#8739=ORIENTED_EDGE('',*,*,#4887,.T.);
#8740=ORIENTED_EDGE('',*,*,#6168,.T.);
#8741=ORIENTED_EDGE('',*,*,#4888,.T.);
#8742=ORIENTED_EDGE('',*,*,#6167,.F.);
#8743=ORIENTED_EDGE('',*,*,#6159,.T.);
#8744=ORIENTED_EDGE('',*,*,#6168,.F.);
#8745=ORIENTED_EDGE('',*,*,#6169,.T.);
#8746=ORIENTED_EDGE('',*,*,#6170,.T.);
#8747=ORIENTED_EDGE('',*,*,#4889,.T.);
#8748=ORIENTED_EDGE('',*,*,#6171,.T.);
#8749=ORIENTED_EDGE('',*,*,#4890,.T.);
#8750=ORIENTED_EDGE('',*,*,#6170,.F.);
#8751=ORIENTED_EDGE('',*,*,#6172,.T.);
#8752=ORIENTED_EDGE('',*,*,#6171,.F.);
#8753=ORIENTED_EDGE('',*,*,#6173,.T.);
#8754=ORIENTED_EDGE('',*,*,#6174,.T.);
#8755=ORIENTED_EDGE('',*,*,#4891,.T.);
#8756=ORIENTED_EDGE('',*,*,#6175,.T.);
#8757=ORIENTED_EDGE('',*,*,#4892,.T.);
#8758=ORIENTED_EDGE('',*,*,#6174,.F.);
#8759=ORIENTED_EDGE('',*,*,#6176,.T.);
#8760=ORIENTED_EDGE('',*,*,#6175,.F.);
#8761=ORIENTED_EDGE('',*,*,#6152,.T.);
#8762=ORIENTED_EDGE('',*,*,#6166,.F.);
#8763=ORIENTED_EDGE('',*,*,#4893,.T.);
#8764=ORIENTED_EDGE('',*,*,#6132,.F.);
#8765=ORIENTED_EDGE('',*,*,#6177,.T.);
#8766=ORIENTED_EDGE('',*,*,#6169,.F.);
#8767=ORIENTED_EDGE('',*,*,#6158,.T.);
#8768=ORIENTED_EDGE('',*,*,#6141,.F.);
#8769=ORIENTED_EDGE('',*,*,#6153,.F.);
#8770=ORIENTED_EDGE('',*,*,#6176,.F.);
#8771=ORIENTED_EDGE('',*,*,#6178,.F.);
#8772=ORIENTED_EDGE('',*,*,#6138,.F.);
#8773=ORIENTED_EDGE('',*,*,#6178,.T.);
#8774=ORIENTED_EDGE('',*,*,#6173,.F.);
#8775=ORIENTED_EDGE('',*,*,#6179,.T.);
#8776=ORIENTED_EDGE('',*,*,#6180,.F.);
#8777=ORIENTED_EDGE('',*,*,#6181,.T.);
#8778=ORIENTED_EDGE('',*,*,#6164,.F.);
#8779=ORIENTED_EDGE('',*,*,#6181,.F.);
#8780=ORIENTED_EDGE('',*,*,#6182,.F.);
#8781=ORIENTED_EDGE('',*,*,#6183,.T.);
#8782=ORIENTED_EDGE('',*,*,#6163,.F.);
#8783=ORIENTED_EDGE('',*,*,#6183,.F.);
#8784=ORIENTED_EDGE('',*,*,#6184,.F.);
#8785=ORIENTED_EDGE('',*,*,#6185,.T.);
#8786=ORIENTED_EDGE('',*,*,#6162,.F.);
#8787=ORIENTED_EDGE('',*,*,#6185,.F.);
#8788=ORIENTED_EDGE('',*,*,#6186,.F.);
#8789=ORIENTED_EDGE('',*,*,#6187,.T.);
#8790=ORIENTED_EDGE('',*,*,#6161,.F.);
#8791=ORIENTED_EDGE('',*,*,#6187,.F.);
#8792=ORIENTED_EDGE('',*,*,#6114,.F.);
#8793=ORIENTED_EDGE('',*,*,#6180,.T.);
#8794=ORIENTED_EDGE('',*,*,#6110,.F.);
#8795=ORIENTED_EDGE('',*,*,#6182,.T.);
#8796=ORIENTED_EDGE('',*,*,#6126,.F.);
#8797=ORIENTED_EDGE('',*,*,#6184,.T.);
#8798=ORIENTED_EDGE('',*,*,#6118,.F.);
#8799=ORIENTED_EDGE('',*,*,#6186,.T.);
#8800=ORIENTED_EDGE('',*,*,#6188,.F.);
#8801=ORIENTED_EDGE('',*,*,#6189,.T.);
#8802=ORIENTED_EDGE('',*,*,#6160,.F.);
#8803=ORIENTED_EDGE('',*,*,#6189,.F.);
#8804=ORIENTED_EDGE('',*,*,#6122,.F.);
#8805=ORIENTED_EDGE('',*,*,#6188,.T.);
#8806=ORIENTED_EDGE('',*,*,#6135,.F.);
#8807=ORIENTED_EDGE('',*,*,#6179,.F.);
#8808=ORIENTED_EDGE('',*,*,#6172,.F.);
#8809=ORIENTED_EDGE('',*,*,#6177,.F.);
#8810=SPHERICAL_SURFACE('',#9294,2.5);
#8811=ADVANCED_FACE('',(#1831),#8810,.T.);
#8812=ADVANCED_FACE('',(#1832),#1807,.F.);
#8813=ADVANCED_FACE('',(#1833),#1586,.F.);
#8814=ADVANCED_FACE('',(#1834,#249,#250,#251,#252,#253,#254,#255,#256,#257,
#258,#259,#260,#261,#262,#263,#264,#265,#266,#267,#268,#269,#270,#271,#272,
#273,#274,#275,#276,#277,#278,#279,#280,#281,#282,#283,#284,#285,#286,#287,
#288,#289,#290,#291,#292,#293,#294,#295,#296,#297,#298,#299,#300,#301,#302,
#303,#304,#305,#306,#307,#308,#309,#310,#311,#312,#313,#314,#315,#316,#317,
#318,#319,#320,#321,#322,#323,#324,#325,#326,#327,#328,#329,#330,#331,#332,
#333,#334,#335,#336,#337,#338,#339,#340,#341,#342,#343,#344,#345,#346,#347,
#348,#349,#350,#351,#352,#353,#354,#355,#356,#357,#358,#359,#360,#361,#362,
#363,#364,#365,#366,#367,#368,#369,#370,#371,#372,#373,#374,#375,#376,#377,
#378,#379,#380,#381,#382,#383,#384,#385,#386,#387,#388,#389,#390,#391,#392,
#393,#394,#395,#396,#397,#398,#399,#400,#401,#402,#403,#404,#405,#406,#407,
#408,#409,#410,#411,#412,#413,#414,#415,#416,#417,#418,#419,#420,#421,#422,
#423,#424,#425,#426,#427,#428,#429,#430,#431,#432,#433,#434,#435,#436,#437,
#438,#439,#440,#441,#442,#443,#444,#445,#446,#447,#448,#449,#450,#451,#452,
#453),#1808,.T.);
#8815=ADVANCED_FACE('',(#1835),#31,.F.);
#8816=ADVANCED_FACE('',(#1836),#1587,.F.);
#8817=ADVANCED_FACE('',(#1837),#32,.F.);
#8818=ADVANCED_FACE('',(#1838),#1588,.F.);
#8819=ADVANCED_FACE('',(#1839),#33,.F.);
#8820=ADVANCED_FACE('',(#1840),#1589,.F.);
#8821=ADVANCED_FACE('',(#1841),#34,.F.);
#8822=ADVANCED_FACE('',(#1842),#1590,.F.);
#8823=ADVANCED_FACE('',(#1843),#35,.F.);
#8824=ADVANCED_FACE('',(#1844),#1591,.F.);
#8825=ADVANCED_FACE('',(#1845),#36,.F.);
#8826=ADVANCED_FACE('',(#1846),#1592,.F.);
#8827=ADVANCED_FACE('',(#1847),#37,.F.);
#8828=ADVANCED_FACE('',(#1848),#1593,.F.);
#8829=ADVANCED_FACE('',(#1849),#38,.F.);
#8830=ADVANCED_FACE('',(#1850),#1594,.F.);
#8831=ADVANCED_FACE('',(#1851),#39,.F.);
#8832=ADVANCED_FACE('',(#1852),#1595,.F.);
#8833=ADVANCED_FACE('',(#1853),#40,.F.);
#8834=ADVANCED_FACE('',(#1854),#1596,.F.);
#8835=ADVANCED_FACE('',(#1855),#41,.F.);
#8836=ADVANCED_FACE('',(#1856),#1597,.F.);
#8837=ADVANCED_FACE('',(#1857),#42,.F.);
#8838=ADVANCED_FACE('',(#1858),#1598,.F.);
#8839=ADVANCED_FACE('',(#1859),#43,.F.);
#8840=ADVANCED_FACE('',(#1860),#1599,.F.);
#8841=ADVANCED_FACE('',(#1861),#44,.F.);
#8842=ADVANCED_FACE('',(#1862),#1600,.F.);
#8843=ADVANCED_FACE('',(#1863),#45,.F.);
#8844=ADVANCED_FACE('',(#1864),#1601,.F.);
#8845=ADVANCED_FACE('',(#1865),#46,.F.);
#8846=ADVANCED_FACE('',(#1866),#1602,.F.);
#8847=ADVANCED_FACE('',(#1867),#47,.F.);
#8848=ADVANCED_FACE('',(#1868),#1603,.F.);
#8849=ADVANCED_FACE('',(#1869),#48,.F.);
#8850=ADVANCED_FACE('',(#1870),#1604,.F.);
#8851=ADVANCED_FACE('',(#1871),#49,.F.);
#8852=ADVANCED_FACE('',(#1872),#1605,.F.);
#8853=ADVANCED_FACE('',(#1873),#50,.F.);
#8854=ADVANCED_FACE('',(#1874),#1606,.F.);
#8855=ADVANCED_FACE('',(#1875),#51,.F.);
#8856=ADVANCED_FACE('',(#1876),#1607,.F.);
#8857=ADVANCED_FACE('',(#1877),#52,.F.);
#8858=ADVANCED_FACE('',(#1878),#1608,.F.);
#8859=ADVANCED_FACE('',(#1879),#53,.F.);
#8860=ADVANCED_FACE('',(#1880),#1609,.F.);
#8861=ADVANCED_FACE('',(#1881),#54,.F.);
#8862=ADVANCED_FACE('',(#1882),#1610,.F.);
#8863=ADVANCED_FACE('',(#1883),#55,.F.);
#8864=ADVANCED_FACE('',(#1884),#1611,.F.);
#8865=ADVANCED_FACE('',(#1885),#56,.F.);
#8866=ADVANCED_FACE('',(#1886),#1612,.F.);
#8867=ADVANCED_FACE('',(#1887),#57,.F.);
#8868=ADVANCED_FACE('',(#1888),#1613,.F.);
#8869=ADVANCED_FACE('',(#1889),#58,.F.);
#8870=ADVANCED_FACE('',(#1890),#1614,.F.);
#8871=ADVANCED_FACE('',(#1891),#59,.F.);
#8872=ADVANCED_FACE('',(#1892),#1615,.F.);
#8873=ADVANCED_FACE('',(#1893),#60,.F.);
#8874=ADVANCED_FACE('',(#1894),#1616,.F.);
#8875=ADVANCED_FACE('',(#1895),#61,.F.);
#8876=ADVANCED_FACE('',(#1896),#1617,.F.);
#8877=ADVANCED_FACE('',(#1897),#62,.F.);
#8878=ADVANCED_FACE('',(#1898),#1618,.F.);
#8879=ADVANCED_FACE('',(#1899),#63,.F.);
#8880=ADVANCED_FACE('',(#1900),#1619,.F.);
#8881=ADVANCED_FACE('',(#1901),#64,.F.);
#8882=ADVANCED_FACE('',(#1902),#1620,.F.);
#8883=ADVANCED_FACE('',(#1903),#65,.F.);
#8884=ADVANCED_FACE('',(#1904),#1621,.F.);
#8885=ADVANCED_FACE('',(#1905),#66,.F.);
#8886=ADVANCED_FACE('',(#1906),#1622,.F.);
#8887=ADVANCED_FACE('',(#1907),#67,.F.);
#8888=ADVANCED_FACE('',(#1908),#1623,.F.);
#8889=ADVANCED_FACE('',(#1909),#68,.F.);
#8890=ADVANCED_FACE('',(#1910),#1624,.F.);
#8891=ADVANCED_FACE('',(#1911),#69,.F.);
#8892=ADVANCED_FACE('',(#1912),#1625,.F.);
#8893=ADVANCED_FACE('',(#1913),#70,.F.);
#8894=ADVANCED_FACE('',(#1914),#1626,.F.);
#8895=ADVANCED_FACE('',(#1915),#71,.F.);
#8896=ADVANCED_FACE('',(#1916),#1627,.F.);
#8897=ADVANCED_FACE('',(#1917),#72,.F.);
#8898=ADVANCED_FACE('',(#1918),#1628,.F.);
#8899=ADVANCED_FACE('',(#1919),#73,.F.);
#8900=ADVANCED_FACE('',(#1920),#1629,.F.);
#8901=ADVANCED_FACE('',(#1921),#74,.F.);
#8902=ADVANCED_FACE('',(#1922),#1630,.F.);
#8903=ADVANCED_FACE('',(#1923),#75,.F.);
#8904=ADVANCED_FACE('',(#1924),#1631,.F.);
#8905=ADVANCED_FACE('',(#1925),#76,.F.);
#8906=ADVANCED_FACE('',(#1926),#1632,.F.);
#8907=ADVANCED_FACE('',(#1927),#77,.F.);
#8908=ADVANCED_FACE('',(#1928),#1633,.F.);
#8909=ADVANCED_FACE('',(#1929),#78,.F.);
#8910=ADVANCED_FACE('',(#1930),#1634,.F.);
#8911=ADVANCED_FACE('',(#1931),#79,.F.);
#8912=ADVANCED_FACE('',(#1932),#1635,.F.);
#8913=ADVANCED_FACE('',(#1933),#80,.F.);
#8914=ADVANCED_FACE('',(#1934),#1636,.F.);
#8915=ADVANCED_FACE('',(#1935),#81,.F.);
#8916=ADVANCED_FACE('',(#1936),#1637,.F.);
#8917=ADVANCED_FACE('',(#1937),#82,.F.);
#8918=ADVANCED_FACE('',(#1938),#1638,.F.);
#8919=ADVANCED_FACE('',(#1939),#83,.F.);
#8920=ADVANCED_FACE('',(#1940),#1639,.F.);
#8921=ADVANCED_FACE('',(#1941),#84,.F.);
#8922=ADVANCED_FACE('',(#1942),#1640,.F.);
#8923=ADVANCED_FACE('',(#1943),#85,.F.);
#8924=ADVANCED_FACE('',(#1944),#1641,.F.);
#8925=ADVANCED_FACE('',(#1945),#86,.F.);
#8926=ADVANCED_FACE('',(#1946),#1642,.F.);
#8927=ADVANCED_FACE('',(#1947),#87,.F.);
#8928=ADVANCED_FACE('',(#1948),#1643,.F.);
#8929=ADVANCED_FACE('',(#1949),#88,.F.);
#8930=ADVANCED_FACE('',(#1950),#1644,.F.);
#8931=ADVANCED_FACE('',(#1951),#89,.F.);
#8932=ADVANCED_FACE('',(#1952),#1645,.F.);
#8933=ADVANCED_FACE('',(#1953),#90,.F.);
#8934=ADVANCED_FACE('',(#1954),#1646,.F.);
#8935=ADVANCED_FACE('',(#1955),#91,.F.);
#8936=ADVANCED_FACE('',(#1956),#1647,.F.);
#8937=ADVANCED_FACE('',(#1957),#92,.F.);
#8938=ADVANCED_FACE('',(#1958),#1648,.F.);
#8939=ADVANCED_FACE('',(#1959),#93,.F.);
#8940=ADVANCED_FACE('',(#1960),#1649,.F.);
#8941=ADVANCED_FACE('',(#1961),#94,.F.);
#8942=ADVANCED_FACE('',(#1962),#1650,.F.);
#8943=ADVANCED_FACE('',(#1963),#95,.F.);
#8944=ADVANCED_FACE('',(#1964),#1651,.F.);
#8945=ADVANCED_FACE('',(#1965),#96,.F.);
#8946=ADVANCED_FACE('',(#1966),#1652,.F.);
#8947=ADVANCED_FACE('',(#1967),#97,.F.);
#8948=ADVANCED_FACE('',(#1968),#1653,.F.);
#8949=ADVANCED_FACE('',(#1969),#98,.F.);
#8950=ADVANCED_FACE('',(#1970),#1654,.F.);
#8951=ADVANCED_FACE('',(#1971),#99,.F.);
#8952=ADVANCED_FACE('',(#1972),#1655,.F.);
#8953=ADVANCED_FACE('',(#1973),#100,.F.);
#8954=ADVANCED_FACE('',(#1974),#1656,.F.);
#8955=ADVANCED_FACE('',(#1975),#101,.F.);
#8956=ADVANCED_FACE('',(#1976),#1657,.F.);
#8957=ADVANCED_FACE('',(#1977),#102,.F.);
#8958=ADVANCED_FACE('',(#1978),#1658,.F.);
#8959=ADVANCED_FACE('',(#1979),#103,.F.);
#8960=ADVANCED_FACE('',(#1980),#1659,.F.);
#8961=ADVANCED_FACE('',(#1981),#104,.F.);
#8962=ADVANCED_FACE('',(#1982),#1660,.F.);
#8963=ADVANCED_FACE('',(#1983),#105,.F.);
#8964=ADVANCED_FACE('',(#1984),#1661,.F.);
#8965=ADVANCED_FACE('',(#1985),#106,.F.);
#8966=ADVANCED_FACE('',(#1986),#1662,.F.);
#8967=ADVANCED_FACE('',(#1987),#107,.F.);
#8968=ADVANCED_FACE('',(#1988),#1663,.F.);
#8969=ADVANCED_FACE('',(#1989),#108,.F.);
#8970=ADVANCED_FACE('',(#1990),#1664,.F.);
#8971=ADVANCED_FACE('',(#1991),#109,.F.);
#8972=ADVANCED_FACE('',(#1992),#1665,.F.);
#8973=ADVANCED_FACE('',(#1993),#110,.F.);
#8974=ADVANCED_FACE('',(#1994),#1666,.F.);
#8975=ADVANCED_FACE('',(#1995),#111,.F.);
#8976=ADVANCED_FACE('',(#1996),#1667,.F.);
#8977=ADVANCED_FACE('',(#1997),#112,.F.);
#8978=ADVANCED_FACE('',(#1998),#1668,.F.);
#8979=ADVANCED_FACE('',(#1999),#113,.F.);
#8980=ADVANCED_FACE('',(#2000),#1669,.F.);
#8981=ADVANCED_FACE('',(#2001),#114,.F.);
#8982=ADVANCED_FACE('',(#2002),#1670,.F.);
#8983=ADVANCED_FACE('',(#2003),#115,.F.);
#8984=ADVANCED_FACE('',(#2004),#1671,.F.);
#8985=ADVANCED_FACE('',(#2005),#116,.F.);
#8986=ADVANCED_FACE('',(#2006),#1672,.F.);
#8987=ADVANCED_FACE('',(#2007),#117,.F.);
#8988=ADVANCED_FACE('',(#2008),#1673,.F.);
#8989=ADVANCED_FACE('',(#2009),#118,.F.);
#8990=ADVANCED_FACE('',(#2010),#1674,.F.);
#8991=ADVANCED_FACE('',(#2011),#119,.F.);
#8992=ADVANCED_FACE('',(#2012),#1675,.F.);
#8993=ADVANCED_FACE('',(#2013),#120,.F.);
#8994=ADVANCED_FACE('',(#2014),#1676,.F.);
#8995=ADVANCED_FACE('',(#2015),#121,.F.);
#8996=ADVANCED_FACE('',(#2016),#1677,.F.);
#8997=ADVANCED_FACE('',(#2017),#122,.F.);
#8998=ADVANCED_FACE('',(#2018),#1678,.F.);
#8999=ADVANCED_FACE('',(#2019),#123,.F.);
#9000=ADVANCED_FACE('',(#2020),#1679,.F.);
#9001=ADVANCED_FACE('',(#2021),#124,.F.);
#9002=ADVANCED_FACE('',(#2022),#1680,.F.);
#9003=ADVANCED_FACE('',(#2023),#125,.F.);
#9004=ADVANCED_FACE('',(#2024),#1681,.F.);
#9005=ADVANCED_FACE('',(#2025),#126,.F.);
#9006=ADVANCED_FACE('',(#2026),#1682,.F.);
#9007=ADVANCED_FACE('',(#2027),#127,.F.);
#9008=ADVANCED_FACE('',(#2028),#1683,.F.);
#9009=ADVANCED_FACE('',(#2029),#128,.F.);
#9010=ADVANCED_FACE('',(#2030),#1684,.F.);
#9011=ADVANCED_FACE('',(#2031),#129,.F.);
#9012=ADVANCED_FACE('',(#2032),#1685,.F.);
#9013=ADVANCED_FACE('',(#2033),#130,.F.);
#9014=ADVANCED_FACE('',(#2034),#1686,.F.);
#9015=ADVANCED_FACE('',(#2035),#131,.F.);
#9016=ADVANCED_FACE('',(#2036),#1687,.F.);
#9017=ADVANCED_FACE('',(#2037),#132,.F.);
#9018=ADVANCED_FACE('',(#2038),#1688,.F.);
#9019=ADVANCED_FACE('',(#2039),#133,.F.);
#9020=ADVANCED_FACE('',(#2040),#1689,.F.);
#9021=ADVANCED_FACE('',(#2041),#134,.F.);
#9022=ADVANCED_FACE('',(#2042),#1690,.F.);
#9023=ADVANCED_FACE('',(#2043),#135,.F.);
#9024=ADVANCED_FACE('',(#2044),#1691,.F.);
#9025=ADVANCED_FACE('',(#2045),#136,.F.);
#9026=ADVANCED_FACE('',(#2046),#1692,.F.);
#9027=ADVANCED_FACE('',(#2047),#137,.F.);
#9028=ADVANCED_FACE('',(#2048),#1693,.F.);
#9029=ADVANCED_FACE('',(#2049),#138,.F.);
#9030=ADVANCED_FACE('',(#2050),#1694,.F.);
#9031=ADVANCED_FACE('',(#2051),#139,.F.);
#9032=ADVANCED_FACE('',(#2052),#1695,.F.);
#9033=ADVANCED_FACE('',(#2053),#140,.F.);
#9034=ADVANCED_FACE('',(#2054),#1696,.F.);
#9035=ADVANCED_FACE('',(#2055),#141,.F.);
#9036=ADVANCED_FACE('',(#2056),#1697,.F.);
#9037=ADVANCED_FACE('',(#2057),#142,.F.);
#9038=ADVANCED_FACE('',(#2058),#1698,.F.);
#9039=ADVANCED_FACE('',(#2059),#143,.F.);
#9040=ADVANCED_FACE('',(#2060),#1699,.F.);
#9041=ADVANCED_FACE('',(#2061),#144,.F.);
#9042=ADVANCED_FACE('',(#2062),#1700,.F.);
#9043=ADVANCED_FACE('',(#2063),#145,.F.);
#9044=ADVANCED_FACE('',(#2064),#1701,.F.);
#9045=ADVANCED_FACE('',(#2065),#146,.F.);
#9046=ADVANCED_FACE('',(#2066),#1702,.F.);
#9047=ADVANCED_FACE('',(#2067),#147,.F.);
#9048=ADVANCED_FACE('',(#2068),#1703,.F.);
#9049=ADVANCED_FACE('',(#2069),#148,.F.);
#9050=ADVANCED_FACE('',(#2070),#1704,.F.);
#9051=ADVANCED_FACE('',(#2071),#149,.F.);
#9052=ADVANCED_FACE('',(#2072),#1705,.F.);
#9053=ADVANCED_FACE('',(#2073),#150,.F.);
#9054=ADVANCED_FACE('',(#2074),#1706,.F.);
#9055=ADVANCED_FACE('',(#2075),#151,.F.);
#9056=ADVANCED_FACE('',(#2076),#1707,.F.);
#9057=ADVANCED_FACE('',(#2077),#152,.F.);
#9058=ADVANCED_FACE('',(#2078),#1708,.F.);
#9059=ADVANCED_FACE('',(#2079),#153,.F.);
#9060=ADVANCED_FACE('',(#2080),#1709,.F.);
#9061=ADVANCED_FACE('',(#2081),#154,.F.);
#9062=ADVANCED_FACE('',(#2082),#1710,.F.);
#9063=ADVANCED_FACE('',(#2083),#155,.F.);
#9064=ADVANCED_FACE('',(#2084),#1711,.F.);
#9065=ADVANCED_FACE('',(#2085),#156,.F.);
#9066=ADVANCED_FACE('',(#2086),#1712,.F.);
#9067=ADVANCED_FACE('',(#2087),#157,.F.);
#9068=ADVANCED_FACE('',(#2088),#1713,.F.);
#9069=ADVANCED_FACE('',(#2089),#158,.F.);
#9070=ADVANCED_FACE('',(#2090),#1714,.F.);
#9071=ADVANCED_FACE('',(#2091),#159,.F.);
#9072=ADVANCED_FACE('',(#2092),#1715,.F.);
#9073=ADVANCED_FACE('',(#2093),#160,.F.);
#9074=ADVANCED_FACE('',(#2094),#1716,.F.);
#9075=ADVANCED_FACE('',(#2095),#161,.F.);
#9076=ADVANCED_FACE('',(#2096),#1717,.F.);
#9077=ADVANCED_FACE('',(#2097),#162,.F.);
#9078=ADVANCED_FACE('',(#2098),#1718,.F.);
#9079=ADVANCED_FACE('',(#2099),#163,.F.);
#9080=ADVANCED_FACE('',(#2100),#1719,.F.);
#9081=ADVANCED_FACE('',(#2101),#164,.F.);
#9082=ADVANCED_FACE('',(#2102),#1720,.F.);
#9083=ADVANCED_FACE('',(#2103),#165,.F.);
#9084=ADVANCED_FACE('',(#2104),#1721,.F.);
#9085=ADVANCED_FACE('',(#2105),#166,.F.);
#9086=ADVANCED_FACE('',(#2106),#1722,.F.);
#9087=ADVANCED_FACE('',(#2107),#167,.F.);
#9088=ADVANCED_FACE('',(#2108),#1723,.F.);
#9089=ADVANCED_FACE('',(#2109),#168,.F.);
#9090=ADVANCED_FACE('',(#2110),#1724,.F.);
#9091=ADVANCED_FACE('',(#2111),#169,.F.);
#9092=ADVANCED_FACE('',(#2112),#1725,.F.);
#9093=ADVANCED_FACE('',(#2113),#170,.F.);
#9094=ADVANCED_FACE('',(#2114),#1726,.F.);
#9095=ADVANCED_FACE('',(#2115),#171,.F.);
#9096=ADVANCED_FACE('',(#2116),#1727,.F.);
#9097=ADVANCED_FACE('',(#2117),#172,.F.);
#9098=ADVANCED_FACE('',(#2118),#1728,.F.);
#9099=ADVANCED_FACE('',(#2119),#173,.F.);
#9100=ADVANCED_FACE('',(#2120),#1729,.F.);
#9101=ADVANCED_FACE('',(#2121),#174,.F.);
#9102=ADVANCED_FACE('',(#2122),#1730,.F.);
#9103=ADVANCED_FACE('',(#2123),#175,.F.);
#9104=ADVANCED_FACE('',(#2124),#1731,.F.);
#9105=ADVANCED_FACE('',(#2125),#176,.F.);
#9106=ADVANCED_FACE('',(#2126),#1732,.F.);
#9107=ADVANCED_FACE('',(#2127),#177,.F.);
#9108=ADVANCED_FACE('',(#2128),#1733,.F.);
#9109=ADVANCED_FACE('',(#2129),#178,.F.);
#9110=ADVANCED_FACE('',(#2130),#1734,.F.);
#9111=ADVANCED_FACE('',(#2131),#179,.F.);
#9112=ADVANCED_FACE('',(#2132),#1735,.F.);
#9113=ADVANCED_FACE('',(#2133),#180,.F.);
#9114=ADVANCED_FACE('',(#2134),#1736,.F.);
#9115=ADVANCED_FACE('',(#2135),#181,.F.);
#9116=ADVANCED_FACE('',(#2136),#1737,.F.);
#9117=ADVANCED_FACE('',(#2137),#182,.F.);
#9118=ADVANCED_FACE('',(#2138),#1738,.F.);
#9119=ADVANCED_FACE('',(#2139),#183,.F.);
#9120=ADVANCED_FACE('',(#2140),#1739,.F.);
#9121=ADVANCED_FACE('',(#2141),#184,.F.);
#9122=ADVANCED_FACE('',(#2142),#1740,.F.);
#9123=ADVANCED_FACE('',(#2143),#185,.F.);
#9124=ADVANCED_FACE('',(#2144),#1741,.F.);
#9125=ADVANCED_FACE('',(#2145),#186,.F.);
#9126=ADVANCED_FACE('',(#2146),#1742,.F.);
#9127=ADVANCED_FACE('',(#2147),#187,.F.);
#9128=ADVANCED_FACE('',(#2148),#1743,.F.);
#9129=ADVANCED_FACE('',(#2149),#188,.F.);
#9130=ADVANCED_FACE('',(#2150),#1744,.F.);
#9131=ADVANCED_FACE('',(#2151),#189,.F.);
#9132=ADVANCED_FACE('',(#2152),#1745,.F.);
#9133=ADVANCED_FACE('',(#2153),#190,.F.);
#9134=ADVANCED_FACE('',(#2154),#1746,.F.);
#9135=ADVANCED_FACE('',(#2155),#191,.F.);
#9136=ADVANCED_FACE('',(#2156),#1747,.F.);
#9137=ADVANCED_FACE('',(#2157),#192,.F.);
#9138=ADVANCED_FACE('',(#2158),#1748,.F.);
#9139=ADVANCED_FACE('',(#2159),#193,.F.);
#9140=ADVANCED_FACE('',(#2160),#1749,.F.);
#9141=ADVANCED_FACE('',(#2161),#194,.F.);
#9142=ADVANCED_FACE('',(#2162),#1750,.F.);
#9143=ADVANCED_FACE('',(#2163),#195,.F.);
#9144=ADVANCED_FACE('',(#2164),#1751,.F.);
#9145=ADVANCED_FACE('',(#2165),#196,.F.);
#9146=ADVANCED_FACE('',(#2166),#1752,.F.);
#9147=ADVANCED_FACE('',(#2167),#197,.F.);
#9148=ADVANCED_FACE('',(#2168),#1753,.F.);
#9149=ADVANCED_FACE('',(#2169),#198,.F.);
#9150=ADVANCED_FACE('',(#2170),#1754,.F.);
#9151=ADVANCED_FACE('',(#2171),#199,.F.);
#9152=ADVANCED_FACE('',(#2172),#1755,.F.);
#9153=ADVANCED_FACE('',(#2173),#200,.F.);
#9154=ADVANCED_FACE('',(#2174),#1756,.F.);
#9155=ADVANCED_FACE('',(#2175),#201,.F.);
#9156=ADVANCED_FACE('',(#2176),#1757,.F.);
#9157=ADVANCED_FACE('',(#2177),#202,.F.);
#9158=ADVANCED_FACE('',(#2178),#1758,.F.);
#9159=ADVANCED_FACE('',(#2179),#203,.F.);
#9160=ADVANCED_FACE('',(#2180),#1759,.F.);
#9161=ADVANCED_FACE('',(#2181),#204,.F.);
#9162=ADVANCED_FACE('',(#2182),#1760,.F.);
#9163=ADVANCED_FACE('',(#2183),#205,.F.);
#9164=ADVANCED_FACE('',(#2184),#1761,.F.);
#9165=ADVANCED_FACE('',(#2185),#206,.F.);
#9166=ADVANCED_FACE('',(#2186),#1762,.F.);
#9167=ADVANCED_FACE('',(#2187),#207,.F.);
#9168=ADVANCED_FACE('',(#2188),#1763,.F.);
#9169=ADVANCED_FACE('',(#2189),#208,.F.);
#9170=ADVANCED_FACE('',(#2190),#1764,.F.);
#9171=ADVANCED_FACE('',(#2191),#209,.F.);
#9172=ADVANCED_FACE('',(#2192),#1765,.F.);
#9173=ADVANCED_FACE('',(#2193),#210,.F.);
#9174=ADVANCED_FACE('',(#2194),#1766,.F.);
#9175=ADVANCED_FACE('',(#2195),#211,.F.);
#9176=ADVANCED_FACE('',(#2196),#1767,.F.);
#9177=ADVANCED_FACE('',(#2197),#212,.F.);
#9178=ADVANCED_FACE('',(#2198),#1768,.F.);
#9179=ADVANCED_FACE('',(#2199),#213,.F.);
#9180=ADVANCED_FACE('',(#2200),#1769,.F.);
#9181=ADVANCED_FACE('',(#2201),#214,.F.);
#9182=ADVANCED_FACE('',(#2202),#1770,.F.);
#9183=ADVANCED_FACE('',(#2203),#215,.F.);
#9184=ADVANCED_FACE('',(#2204),#1771,.F.);
#9185=ADVANCED_FACE('',(#2205),#216,.F.);
#9186=ADVANCED_FACE('',(#2206),#1772,.F.);
#9187=ADVANCED_FACE('',(#2207),#217,.F.);
#9188=ADVANCED_FACE('',(#2208),#1773,.F.);
#9189=ADVANCED_FACE('',(#2209),#218,.F.);
#9190=ADVANCED_FACE('',(#2210),#1774,.F.);
#9191=ADVANCED_FACE('',(#2211),#219,.F.);
#9192=ADVANCED_FACE('',(#2212),#1775,.F.);
#9193=ADVANCED_FACE('',(#2213),#220,.F.);
#9194=ADVANCED_FACE('',(#2214),#1776,.F.);
#9195=ADVANCED_FACE('',(#2215),#221,.F.);
#9196=ADVANCED_FACE('',(#2216),#1777,.F.);
#9197=ADVANCED_FACE('',(#2217),#222,.F.);
#9198=ADVANCED_FACE('',(#2218),#1778,.F.);
#9199=ADVANCED_FACE('',(#2219),#223,.F.);
#9200=ADVANCED_FACE('',(#2220),#1779,.F.);
#9201=ADVANCED_FACE('',(#2221),#224,.F.);
#9202=ADVANCED_FACE('',(#2222),#1780,.F.);
#9203=ADVANCED_FACE('',(#2223),#225,.F.);
#9204=ADVANCED_FACE('',(#2224),#1781,.F.);
#9205=ADVANCED_FACE('',(#2225),#226,.F.);
#9206=ADVANCED_FACE('',(#2226),#1782,.F.);
#9207=ADVANCED_FACE('',(#2227),#227,.F.);
#9208=ADVANCED_FACE('',(#2228),#1783,.F.);
#9209=ADVANCED_FACE('',(#2229),#228,.F.);
#9210=ADVANCED_FACE('',(#2230),#1784,.F.);
#9211=ADVANCED_FACE('',(#2231),#229,.F.);
#9212=ADVANCED_FACE('',(#2232),#1785,.F.);
#9213=ADVANCED_FACE('',(#2233),#230,.F.);
#9214=ADVANCED_FACE('',(#2234),#231,.F.);
#9215=ADVANCED_FACE('',(#2235),#1809,.T.);
#9216=ADVANCED_FACE('',(#2236),#232,.F.);
#9217=ADVANCED_FACE('',(#2237),#1810,.T.);
#9218=ADVANCED_FACE('',(#2238),#233,.F.);
#9219=ADVANCED_FACE('',(#2239),#1811,.T.);
#9220=ADVANCED_FACE('',(#2240),#234,.F.);
#9221=ADVANCED_FACE('',(#2241),#1812,.T.);
#9222=ADVANCED_FACE('',(#2242),#1786,.F.);
#9223=ADVANCED_FACE('',(#2243),#235,.F.);
#9224=ADVANCED_FACE('',(#2244),#1787,.F.);
#9225=ADVANCED_FACE('',(#2245),#236,.F.);
#9226=ADVANCED_FACE('',(#2246),#1788,.F.);
#9227=ADVANCED_FACE('',(#2247),#237,.F.);
#9228=ADVANCED_FACE('',(#2248),#1789,.F.);
#9229=ADVANCED_FACE('',(#2249),#238,.F.);
#9230=ADVANCED_FACE('',(#2250),#1790,.F.);
#9231=ADVANCED_FACE('',(#2251),#239,.F.);
#9232=ADVANCED_FACE('',(#2252),#1813,.T.);
#9233=ADVANCED_FACE('',(#2253),#1791,.T.);
#9234=ADVANCED_FACE('',(#2254),#1814,.T.);
#9235=ADVANCED_FACE('',(#2255),#1792,.T.);
#9236=ADVANCED_FACE('',(#2256),#1815,.T.);
#9237=ADVANCED_FACE('',(#2257),#1793,.T.);
#9238=ADVANCED_FACE('',(#2258),#1816,.T.);
#9239=ADVANCED_FACE('',(#2259),#1794,.T.);
#9240=ADVANCED_FACE('',(#2260),#240,.T.);
#9241=ADVANCED_FACE('',(#2261),#1817,.T.);
#9242=ADVANCED_FACE('',(#2262),#241,.T.);
#9243=ADVANCED_FACE('',(#2263),#1818,.T.);
#9244=ADVANCED_FACE('',(#2264,#454,#455,#456,#457,#458,#459,#460,#461,#462,
#463,#464,#465,#466,#467,#468,#469,#470,#471,#472,#473,#474,#475,#476,#477,
#478,#479,#480,#481,#482,#483,#484,#485,#486,#487,#488,#489,#490,#491,#492,
#493,#494,#495,#496,#497,#498,#499,#500,#501,#502,#503,#504,#505,#506,#507,
#508,#509,#510,#511,#512,#513,#514,#515,#516,#517,#518,#519,#520,#521,#522,
#523,#524,#525,#526,#527,#528,#529,#530,#531,#532,#533,#534,#535,#536,#537,
#538,#539,#540,#541,#542,#543,#544,#545,#546,#547,#548,#549,#550,#551,#552,
#553,#554,#555,#556,#557,#558,#559,#560,#561,#562,#563,#564,#565,#566,#567,
#568,#569,#570,#571,#572,#573,#574,#575,#576,#577,#578,#579,#580,#581,#582,
#583,#584,#585,#586,#587,#588,#589,#590,#591,#592,#593,#594,#595,#596,#597,
#598,#599,#600,#601,#602,#603,#604,#605,#606,#607,#608,#609,#610,#611,#612,
#613,#614,#615,#616,#617,#618,#619,#620,#621,#622,#623,#624,#625,#626,#627,
#628,#629,#630,#631,#632,#633,#634,#635,#636,#637,#638,#639,#640,#641,#642,
#643,#644,#645,#646,#647,#648,#649,#650,#651,#652,#653,#654,#655,#656,#657,
#658,#659,#660,#661,#662),#1819,.F.);
#9245=ADVANCED_FACE('',(#2265),#1820,.T.);
#9246=ADVANCED_FACE('',(#2266),#1795,.T.);
#9247=ADVANCED_FACE('',(#2267),#1821,.T.);
#9248=ADVANCED_FACE('',(#2268),#1796,.T.);
#9249=ADVANCED_FACE('',(#2269),#1822,.T.);
#9250=ADVANCED_FACE('',(#2270),#1797,.T.);
#9251=ADVANCED_FACE('',(#2271),#1823,.T.);
#9252=ADVANCED_FACE('',(#2272),#1798,.T.);
#9253=ADVANCED_FACE('',(#2273),#242,.T.);
#9254=ADVANCED_FACE('',(#2274),#1824,.T.);
#9255=ADVANCED_FACE('',(#2275),#243,.T.);
#9256=ADVANCED_FACE('',(#2276),#244,.F.);
#9257=ADVANCED_FACE('',(#2277),#245,.F.);
#9258=ADVANCED_FACE('',(#2278),#246,.F.);
#9259=ADVANCED_FACE('',(#2279),#247,.F.);
#9260=ADVANCED_FACE('',(#2280,#663),#1825,.T.);
#9261=ADVANCED_FACE('',(#2281,#664),#1826,.T.);
#9262=ADVANCED_FACE('',(#2282,#665),#1827,.T.);
#9263=ADVANCED_FACE('',(#2283,#666),#1828,.T.);
#9264=ADVANCED_FACE('',(#2284),#248,.F.);
#9265=ADVANCED_FACE('',(#2285,#667),#1829,.T.);
#9266=ADVANCED_FACE('',(#2286),#1830,.T.);
#9267=CLOSED_SHELL('',(#8811,#8812));
#9268=CLOSED_SHELL('',(#8813,#8814,#8815,#8816,#8817,#8818,#8819,#8820,
#8821,#8822,#8823,#8824,#8825,#8826,#8827,#8828,#8829,#8830,#8831,#8832,
#8833,#8834,#8835,#8836,#8837,#8838,#8839,#8840,#8841,#8842,#8843,#8844,
#8845,#8846,#8847,#8848,#8849,#8850,#8851,#8852,#8853,#8854,#8855,#8856,
#8857,#8858,#8859,#8860,#8861,#8862,#8863,#8864,#8865,#8866,#8867,#8868,
#8869,#8870,#8871,#8872,#8873,#8874,#8875,#8876,#8877,#8878,#8879,#8880,
#8881,#8882,#8883,#8884,#8885,#8886,#8887,#8888,#8889,#8890,#8891,#8892,
#8893,#8894,#8895,#8896,#8897,#8898,#8899,#8900,#8901,#8902,#8903,#8904,
#8905,#8906,#8907,#8908,#8909,#8910,#8911,#8912,#8913,#8914,#8915,#8916,
#8917,#8918,#8919,#8920,#8921,#8922,#8923,#8924,#8925,#8926,#8927,#8928,
#8929,#8930,#8931,#8932,#8933,#8934,#8935,#8936,#8937,#8938,#8939,#8940,
#8941,#8942,#8943,#8944,#8945,#8946,#8947,#8948,#8949,#8950,#8951,#8952,
#8953,#8954,#8955,#8956,#8957,#8958,#8959,#8960,#8961,#8962,#8963,#8964,
#8965,#8966,#8967,#8968,#8969,#8970,#8971,#8972,#8973,#8974,#8975,#8976,
#8977,#8978,#8979,#8980,#8981,#8982,#8983,#8984,#8985,#8986,#8987,#8988,
#8989,#8990,#8991,#8992,#8993,#8994,#8995,#8996,#8997,#8998,#8999,#9000,
#9001,#9002,#9003,#9004,#9005,#9006,#9007,#9008,#9009,#9010,#9011,#9012,
#9013,#9014,#9015,#9016,#9017,#9018,#9019,#9020,#9021,#9022,#9023,#9024,
#9025,#9026,#9027,#9028,#9029,#9030,#9031,#9032,#9033,#9034,#9035,#9036,
#9037,#9038,#9039,#9040,#9041,#9042,#9043,#9044,#9045,#9046,#9047,#9048,
#9049,#9050,#9051,#9052,#9053,#9054,#9055,#9056,#9057,#9058,#9059,#9060,
#9061,#9062,#9063,#9064,#9065,#9066,#9067,#9068,#9069,#9070,#9071,#9072,
#9073,#9074,#9075,#9076,#9077,#9078,#9079,#9080,#9081,#9082,#9083,#9084,
#9085,#9086,#9087,#9088,#9089,#9090,#9091,#9092,#9093,#9094,#9095,#9096,
#9097,#9098,#9099,#9100,#9101,#9102,#9103,#9104,#9105,#9106,#9107,#9108,
#9109,#9110,#9111,#9112,#9113,#9114,#9115,#9116,#9117,#9118,#9119,#9120,
#9121,#9122,#9123,#9124,#9125,#9126,#9127,#9128,#9129,#9130,#9131,#9132,
#9133,#9134,#9135,#9136,#9137,#9138,#9139,#9140,#9141,#9142,#9143,#9144,
#9145,#9146,#9147,#9148,#9149,#9150,#9151,#9152,#9153,#9154,#9155,#9156,
#9157,#9158,#9159,#9160,#9161,#9162,#9163,#9164,#9165,#9166,#9167,#9168,
#9169,#9170,#9171,#9172,#9173,#9174,#9175,#9176,#9177,#9178,#9179,#9180,
#9181,#9182,#9183,#9184,#9185,#9186,#9187,#9188,#9189,#9190,#9191,#9192,
#9193,#9194,#9195,#9196,#9197,#9198,#9199,#9200,#9201,#9202,#9203,#9204,
#9205,#9206,#9207,#9208,#9209,#9210,#9211,#9212,#9213,#9214,#9215,#9216,
#9217,#9218,#9219,#9220,#9221,#9222,#9223,#9224,#9225,#9226,#9227,#9228,
#9229,#9230,#9231,#9232,#9233,#9234,#9235,#9236,#9237,#9238,#9239,#9240,
#9241,#9242,#9243,#9244,#9245,#9246,#9247,#9248,#9249,#9250,#9251,#9252,
#9253,#9254,#9255,#9256,#9257,#9258,#9259,#9260,#9261,#9262,#9263,#9264,
#9265,#9266));
#9269=DERIVED_UNIT_ELEMENT(#9273,1.);
#9270=DERIVED_UNIT_ELEMENT(#16346,-3.);
#9271=DERIVED_UNIT_ELEMENT(#9273,1.);
#9272=DERIVED_UNIT_ELEMENT(#16346,-3.);
#9273=(
MASS_UNIT()
NAMED_UNIT(*)
SI_UNIT(.KILO.,.GRAM.)
);
#9274=DERIVED_UNIT((#9269,#9270));
#9275=DERIVED_UNIT((#9271,#9272));
#9276=MEASURE_REPRESENTATION_ITEM('density measure',
POSITIVE_RATIO_MEASURE(7850.),#9274);
#9277=MEASURE_REPRESENTATION_ITEM('density measure',
POSITIVE_RATIO_MEASURE(7850.),#9275);
#9278=PROPERTY_DEFINITION_REPRESENTATION(#9288,#9282);
#9279=PROPERTY_DEFINITION_REPRESENTATION(#9289,#9283);
#9280=PROPERTY_DEFINITION_REPRESENTATION(#9290,#9284);
#9281=PROPERTY_DEFINITION_REPRESENTATION(#9291,#9285);
#9282=REPRESENTATION('material name',(#9286),#16342);
#9283=REPRESENTATION('density',(#9276),#16342);
#9284=REPRESENTATION('material name',(#9287),#16343);
#9285=REPRESENTATION('density',(#9277),#16343);
#9286=DESCRIPTIVE_REPRESENTATION_ITEM('Steel','Steel');
#9287=DESCRIPTIVE_REPRESENTATION_ITEM('Steel','Steel');
#9288=PROPERTY_DEFINITION('material property','material name',#16365);
#9289=PROPERTY_DEFINITION('material property','density of part',#16365);
#9290=PROPERTY_DEFINITION('material property','material name',#16366);
#9291=PROPERTY_DEFINITION('material property','density of part',#16366);
#9292=AXIS2_PLACEMENT_3D('',#13696,#10607,#10608);
#9293=AXIS2_PLACEMENT_3D('',#13697,#10609,#10610);
#9294=AXIS2_PLACEMENT_3D('',#13698,#10611,#10612);
#9295=AXIS2_PLACEMENT_3D('',#13700,#10613,#10614);
#9296=AXIS2_PLACEMENT_3D('',#13702,#10615,#10616);
#9297=AXIS2_PLACEMENT_3D('',#13703,#10617,#10618);
#9298=AXIS2_PLACEMENT_3D('',#13704,#10619,#10620);
#9299=AXIS2_PLACEMENT_3D('',#13705,#10621,#10622);
#9300=AXIS2_PLACEMENT_3D('',#13707,#10623,#10624);
#9301=AXIS2_PLACEMENT_3D('',#13711,#10626,#10627);
#9302=AXIS2_PLACEMENT_3D('',#13712,#10628,#10629);
#9303=AXIS2_PLACEMENT_3D('',#13713,#10630,#10631);
#9304=AXIS2_PLACEMENT_3D('',#13718,#10633,#10634);
#9305=AXIS2_PLACEMENT_3D('',#13722,#10636,#10637);
#9306=AXIS2_PLACEMENT_3D('',#13726,#10639,#10640);
#9307=AXIS2_PLACEMENT_3D('',#13729,#10642,#10643);
#9308=AXIS2_PLACEMENT_3D('',#13731,#10644,#10645);
#9309=AXIS2_PLACEMENT_3D('',#13733,#10646,#10647);
#9310=AXIS2_PLACEMENT_3D('',#13735,#10648,#10649);
#9311=AXIS2_PLACEMENT_3D('',#13737,#10650,#10651);
#9312=AXIS2_PLACEMENT_3D('',#13739,#10652,#10653);
#9313=AXIS2_PLACEMENT_3D('',#13741,#10654,#10655);
#9314=AXIS2_PLACEMENT_3D('',#13743,#10656,#10657);
#9315=AXIS2_PLACEMENT_3D('',#13745,#10658,#10659);
#9316=AXIS2_PLACEMENT_3D('',#13747,#10660,#10661);
#9317=AXIS2_PLACEMENT_3D('',#13749,#10662,#10663);
#9318=AXIS2_PLACEMENT_3D('',#13751,#10664,#10665);
#9319=AXIS2_PLACEMENT_3D('',#13753,#10666,#10667);
#9320=AXIS2_PLACEMENT_3D('',#13755,#10668,#10669);
#9321=AXIS2_PLACEMENT_3D('',#13757,#10670,#10671);
#9322=AXIS2_PLACEMENT_3D('',#13759,#10672,#10673);
#9323=AXIS2_PLACEMENT_3D('',#13761,#10674,#10675);
#9324=AXIS2_PLACEMENT_3D('',#13763,#10676,#10677);
#9325=AXIS2_PLACEMENT_3D('',#13765,#10678,#10679);
#9326=AXIS2_PLACEMENT_3D('',#13767,#10680,#10681);
#9327=AXIS2_PLACEMENT_3D('',#13769,#10682,#10683);
#9328=AXIS2_PLACEMENT_3D('',#13771,#10684,#10685);
#9329=AXIS2_PLACEMENT_3D('',#13773,#10686,#10687);
#9330=AXIS2_PLACEMENT_3D('',#13775,#10688,#10689);
#9331=AXIS2_PLACEMENT_3D('',#13777,#10690,#10691);
#9332=AXIS2_PLACEMENT_3D('',#13779,#10692,#10693);
#9333=AXIS2_PLACEMENT_3D('',#13781,#10694,#10695);
#9334=AXIS2_PLACEMENT_3D('',#13783,#10696,#10697);
#9335=AXIS2_PLACEMENT_3D('',#13785,#10698,#10699);
#9336=AXIS2_PLACEMENT_3D('',#13787,#10700,#10701);
#9337=AXIS2_PLACEMENT_3D('',#13789,#10702,#10703);
#9338=AXIS2_PLACEMENT_3D('',#13791,#10704,#10705);
#9339=AXIS2_PLACEMENT_3D('',#13793,#10706,#10707);
#9340=AXIS2_PLACEMENT_3D('',#13795,#10708,#10709);
#9341=AXIS2_PLACEMENT_3D('',#13797,#10710,#10711);
#9342=AXIS2_PLACEMENT_3D('',#13799,#10712,#10713);
#9343=AXIS2_PLACEMENT_3D('',#13801,#10714,#10715);
#9344=AXIS2_PLACEMENT_3D('',#13803,#10716,#10717);
#9345=AXIS2_PLACEMENT_3D('',#13805,#10718,#10719);
#9346=AXIS2_PLACEMENT_3D('',#13807,#10720,#10721);
#9347=AXIS2_PLACEMENT_3D('',#13809,#10722,#10723);
#9348=AXIS2_PLACEMENT_3D('',#13811,#10724,#10725);
#9349=AXIS2_PLACEMENT_3D('',#13813,#10726,#10727);
#9350=AXIS2_PLACEMENT_3D('',#13815,#10728,#10729);
#9351=AXIS2_PLACEMENT_3D('',#13817,#10730,#10731);
#9352=AXIS2_PLACEMENT_3D('',#13819,#10732,#10733);
#9353=AXIS2_PLACEMENT_3D('',#13821,#10734,#10735);
#9354=AXIS2_PLACEMENT_3D('',#13823,#10736,#10737);
#9355=AXIS2_PLACEMENT_3D('',#13825,#10738,#10739);
#9356=AXIS2_PLACEMENT_3D('',#13827,#10740,#10741);
#9357=AXIS2_PLACEMENT_3D('',#13829,#10742,#10743);
#9358=AXIS2_PLACEMENT_3D('',#13831,#10744,#10745);
#9359=AXIS2_PLACEMENT_3D('',#13833,#10746,#10747);
#9360=AXIS2_PLACEMENT_3D('',#13835,#10748,#10749);
#9361=AXIS2_PLACEMENT_3D('',#13837,#10750,#10751);
#9362=AXIS2_PLACEMENT_3D('',#13839,#10752,#10753);
#9363=AXIS2_PLACEMENT_3D('',#13841,#10754,#10755);
#9364=AXIS2_PLACEMENT_3D('',#13843,#10756,#10757);
#9365=AXIS2_PLACEMENT_3D('',#13845,#10758,#10759);
#9366=AXIS2_PLACEMENT_3D('',#13847,#10760,#10761);
#9367=AXIS2_PLACEMENT_3D('',#13849,#10762,#10763);
#9368=AXIS2_PLACEMENT_3D('',#13851,#10764,#10765);
#9369=AXIS2_PLACEMENT_3D('',#13853,#10766,#10767);
#9370=AXIS2_PLACEMENT_3D('',#13855,#10768,#10769);
#9371=AXIS2_PLACEMENT_3D('',#13857,#10770,#10771);
#9372=AXIS2_PLACEMENT_3D('',#13859,#10772,#10773);
#9373=AXIS2_PLACEMENT_3D('',#13861,#10774,#10775);
#9374=AXIS2_PLACEMENT_3D('',#13863,#10776,#10777);
#9375=AXIS2_PLACEMENT_3D('',#13865,#10778,#10779);
#9376=AXIS2_PLACEMENT_3D('',#13867,#10780,#10781);
#9377=AXIS2_PLACEMENT_3D('',#13869,#10782,#10783);
#9378=AXIS2_PLACEMENT_3D('',#13871,#10784,#10785);
#9379=AXIS2_PLACEMENT_3D('',#13873,#10786,#10787);
#9380=AXIS2_PLACEMENT_3D('',#13875,#10788,#10789);
#9381=AXIS2_PLACEMENT_3D('',#13877,#10790,#10791);
#9382=AXIS2_PLACEMENT_3D('',#13879,#10792,#10793);
#9383=AXIS2_PLACEMENT_3D('',#13881,#10794,#10795);
#9384=AXIS2_PLACEMENT_3D('',#13883,#10796,#10797);
#9385=AXIS2_PLACEMENT_3D('',#13885,#10798,#10799);
#9386=AXIS2_PLACEMENT_3D('',#13887,#10800,#10801);
#9387=AXIS2_PLACEMENT_3D('',#13889,#10802,#10803);
#9388=AXIS2_PLACEMENT_3D('',#13891,#10804,#10805);
#9389=AXIS2_PLACEMENT_3D('',#13893,#10806,#10807);
#9390=AXIS2_PLACEMENT_3D('',#13895,#10808,#10809);
#9391=AXIS2_PLACEMENT_3D('',#13897,#10810,#10811);
#9392=AXIS2_PLACEMENT_3D('',#13899,#10812,#10813);
#9393=AXIS2_PLACEMENT_3D('',#13901,#10814,#10815);
#9394=AXIS2_PLACEMENT_3D('',#13903,#10816,#10817);
#9395=AXIS2_PLACEMENT_3D('',#13905,#10818,#10819);
#9396=AXIS2_PLACEMENT_3D('',#13907,#10820,#10821);
#9397=AXIS2_PLACEMENT_3D('',#13909,#10822,#10823);
#9398=AXIS2_PLACEMENT_3D('',#13911,#10824,#10825);
#9399=AXIS2_PLACEMENT_3D('',#13913,#10826,#10827);
#9400=AXIS2_PLACEMENT_3D('',#13915,#10828,#10829);
#9401=AXIS2_PLACEMENT_3D('',#13917,#10830,#10831);
#9402=AXIS2_PLACEMENT_3D('',#13919,#10832,#10833);
#9403=AXIS2_PLACEMENT_3D('',#13921,#10834,#10835);
#9404=AXIS2_PLACEMENT_3D('',#13923,#10836,#10837);
#9405=AXIS2_PLACEMENT_3D('',#13925,#10838,#10839);
#9406=AXIS2_PLACEMENT_3D('',#13927,#10840,#10841);
#9407=AXIS2_PLACEMENT_3D('',#13929,#10842,#10843);
#9408=AXIS2_PLACEMENT_3D('',#13931,#10844,#10845);
#9409=AXIS2_PLACEMENT_3D('',#13933,#10846,#10847);
#9410=AXIS2_PLACEMENT_3D('',#13935,#10848,#10849);
#9411=AXIS2_PLACEMENT_3D('',#13937,#10850,#10851);
#9412=AXIS2_PLACEMENT_3D('',#13939,#10852,#10853);
#9413=AXIS2_PLACEMENT_3D('',#13941,#10854,#10855);
#9414=AXIS2_PLACEMENT_3D('',#13943,#10856,#10857);
#9415=AXIS2_PLACEMENT_3D('',#13945,#10858,#10859);
#9416=AXIS2_PLACEMENT_3D('',#13947,#10860,#10861);
#9417=AXIS2_PLACEMENT_3D('',#13949,#10862,#10863);
#9418=AXIS2_PLACEMENT_3D('',#13951,#10864,#10865);
#9419=AXIS2_PLACEMENT_3D('',#13953,#10866,#10867);
#9420=AXIS2_PLACEMENT_3D('',#13955,#10868,#10869);
#9421=AXIS2_PLACEMENT_3D('',#13957,#10870,#10871);
#9422=AXIS2_PLACEMENT_3D('',#13959,#10872,#10873);
#9423=AXIS2_PLACEMENT_3D('',#13961,#10874,#10875);
#9424=AXIS2_PLACEMENT_3D('',#13963,#10876,#10877);
#9425=AXIS2_PLACEMENT_3D('',#13965,#10878,#10879);
#9426=AXIS2_PLACEMENT_3D('',#13967,#10880,#10881);
#9427=AXIS2_PLACEMENT_3D('',#13969,#10882,#10883);
#9428=AXIS2_PLACEMENT_3D('',#13971,#10884,#10885);
#9429=AXIS2_PLACEMENT_3D('',#13973,#10886,#10887);
#9430=AXIS2_PLACEMENT_3D('',#13975,#10888,#10889);
#9431=AXIS2_PLACEMENT_3D('',#13977,#10890,#10891);
#9432=AXIS2_PLACEMENT_3D('',#13979,#10892,#10893);
#9433=AXIS2_PLACEMENT_3D('',#13981,#10894,#10895);
#9434=AXIS2_PLACEMENT_3D('',#13983,#10896,#10897);
#9435=AXIS2_PLACEMENT_3D('',#13985,#10898,#10899);
#9436=AXIS2_PLACEMENT_3D('',#13987,#10900,#10901);
#9437=AXIS2_PLACEMENT_3D('',#13989,#10902,#10903);
#9438=AXIS2_PLACEMENT_3D('',#13991,#10904,#10905);
#9439=AXIS2_PLACEMENT_3D('',#13993,#10906,#10907);
#9440=AXIS2_PLACEMENT_3D('',#13995,#10908,#10909);
#9441=AXIS2_PLACEMENT_3D('',#13997,#10910,#10911);
#9442=AXIS2_PLACEMENT_3D('',#13999,#10912,#10913);
#9443=AXIS2_PLACEMENT_3D('',#14001,#10914,#10915);
#9444=AXIS2_PLACEMENT_3D('',#14003,#10916,#10917);
#9445=AXIS2_PLACEMENT_3D('',#14005,#10918,#10919);
#9446=AXIS2_PLACEMENT_3D('',#14007,#10920,#10921);
#9447=AXIS2_PLACEMENT_3D('',#14009,#10922,#10923);
#9448=AXIS2_PLACEMENT_3D('',#14011,#10924,#10925);
#9449=AXIS2_PLACEMENT_3D('',#14013,#10926,#10927);
#9450=AXIS2_PLACEMENT_3D('',#14015,#10928,#10929);
#9451=AXIS2_PLACEMENT_3D('',#14017,#10930,#10931);
#9452=AXIS2_PLACEMENT_3D('',#14019,#10932,#10933);
#9453=AXIS2_PLACEMENT_3D('',#14021,#10934,#10935);
#9454=AXIS2_PLACEMENT_3D('',#14023,#10936,#10937);
#9455=AXIS2_PLACEMENT_3D('',#14025,#10938,#10939);
#9456=AXIS2_PLACEMENT_3D('',#14027,#10940,#10941);
#9457=AXIS2_PLACEMENT_3D('',#14029,#10942,#10943);
#9458=AXIS2_PLACEMENT_3D('',#14031,#10944,#10945);
#9459=AXIS2_PLACEMENT_3D('',#14033,#10946,#10947);
#9460=AXIS2_PLACEMENT_3D('',#14035,#10948,#10949);
#9461=AXIS2_PLACEMENT_3D('',#14037,#10950,#10951);
#9462=AXIS2_PLACEMENT_3D('',#14039,#10952,#10953);
#9463=AXIS2_PLACEMENT_3D('',#14041,#10954,#10955);
#9464=AXIS2_PLACEMENT_3D('',#14043,#10956,#10957);
#9465=AXIS2_PLACEMENT_3D('',#14045,#10958,#10959);
#9466=AXIS2_PLACEMENT_3D('',#14047,#10960,#10961);
#9467=AXIS2_PLACEMENT_3D('',#14049,#10962,#10963);
#9468=AXIS2_PLACEMENT_3D('',#14051,#10964,#10965);
#9469=AXIS2_PLACEMENT_3D('',#14053,#10966,#10967);
#9470=AXIS2_PLACEMENT_3D('',#14055,#10968,#10969);
#9471=AXIS2_PLACEMENT_3D('',#14057,#10970,#10971);
#9472=AXIS2_PLACEMENT_3D('',#14059,#10972,#10973);
#9473=AXIS2_PLACEMENT_3D('',#14061,#10974,#10975);
#9474=AXIS2_PLACEMENT_3D('',#14063,#10976,#10977);
#9475=AXIS2_PLACEMENT_3D('',#14065,#10978,#10979);
#9476=AXIS2_PLACEMENT_3D('',#14067,#10980,#10981);
#9477=AXIS2_PLACEMENT_3D('',#14069,#10982,#10983);
#9478=AXIS2_PLACEMENT_3D('',#14071,#10984,#10985);
#9479=AXIS2_PLACEMENT_3D('',#14073,#10986,#10987);
#9480=AXIS2_PLACEMENT_3D('',#14075,#10988,#10989);
#9481=AXIS2_PLACEMENT_3D('',#14077,#10990,#10991);
#9482=AXIS2_PLACEMENT_3D('',#14079,#10992,#10993);
#9483=AXIS2_PLACEMENT_3D('',#14081,#10994,#10995);
#9484=AXIS2_PLACEMENT_3D('',#14083,#10996,#10997);
#9485=AXIS2_PLACEMENT_3D('',#14085,#10998,#10999);
#9486=AXIS2_PLACEMENT_3D('',#14087,#11000,#11001);
#9487=AXIS2_PLACEMENT_3D('',#14089,#11002,#11003);
#9488=AXIS2_PLACEMENT_3D('',#14091,#11004,#11005);
#9489=AXIS2_PLACEMENT_3D('',#14093,#11006,#11007);
#9490=AXIS2_PLACEMENT_3D('',#14095,#11008,#11009);
#9491=AXIS2_PLACEMENT_3D('',#14097,#11010,#11011);
#9492=AXIS2_PLACEMENT_3D('',#14099,#11012,#11013);
#9493=AXIS2_PLACEMENT_3D('',#14101,#11014,#11015);
#9494=AXIS2_PLACEMENT_3D('',#14103,#11016,#11017);
#9495=AXIS2_PLACEMENT_3D('',#14105,#11018,#11019);
#9496=AXIS2_PLACEMENT_3D('',#14107,#11020,#11021);
#9497=AXIS2_PLACEMENT_3D('',#14109,#11022,#11023);
#9498=AXIS2_PLACEMENT_3D('',#14111,#11024,#11025);
#9499=AXIS2_PLACEMENT_3D('',#14113,#11026,#11027);
#9500=AXIS2_PLACEMENT_3D('',#14115,#11028,#11029);
#9501=AXIS2_PLACEMENT_3D('',#14117,#11030,#11031);
#9502=AXIS2_PLACEMENT_3D('',#14119,#11032,#11033);
#9503=AXIS2_PLACEMENT_3D('',#14121,#11034,#11035);
#9504=AXIS2_PLACEMENT_3D('',#14123,#11036,#11037);
#9505=AXIS2_PLACEMENT_3D('',#14125,#11038,#11039);
#9506=AXIS2_PLACEMENT_3D('',#14127,#11040,#11041);
#9507=AXIS2_PLACEMENT_3D('',#14129,#11042,#11043);
#9508=AXIS2_PLACEMENT_3D('',#14131,#11044,#11045);
#9509=AXIS2_PLACEMENT_3D('',#14133,#11046,#11047);
#9510=AXIS2_PLACEMENT_3D('',#14135,#11048,#11049);
#9511=AXIS2_PLACEMENT_3D('',#14137,#11050,#11051);
#9512=AXIS2_PLACEMENT_3D('',#14138,#11052,#11053);
#9513=AXIS2_PLACEMENT_3D('',#14141,#11055,#11056);
#9514=AXIS2_PLACEMENT_3D('',#14142,#11057,#11058);
#9515=AXIS2_PLACEMENT_3D('',#14146,#11060,#11061);
#9516=AXIS2_PLACEMENT_3D('',#14147,#11062,#11063);
#9517=AXIS2_PLACEMENT_3D('',#14148,#11064,#11065);
#9518=AXIS2_PLACEMENT_3D('',#14151,#11067,#11068);
#9519=AXIS2_PLACEMENT_3D('',#14152,#11069,#11070);
#9520=AXIS2_PLACEMENT_3D('',#14156,#11072,#11073);
#9521=AXIS2_PLACEMENT_3D('',#14157,#11074,#11075);
#9522=AXIS2_PLACEMENT_3D('',#14158,#11076,#11077);
#9523=AXIS2_PLACEMENT_3D('',#14161,#11079,#11080);
#9524=AXIS2_PLACEMENT_3D('',#14162,#11081,#11082);
#9525=AXIS2_PLACEMENT_3D('',#14166,#11084,#11085);
#9526=AXIS2_PLACEMENT_3D('',#14167,#11086,#11087);
#9527=AXIS2_PLACEMENT_3D('',#14168,#11088,#11089);
#9528=AXIS2_PLACEMENT_3D('',#14171,#11091,#11092);
#9529=AXIS2_PLACEMENT_3D('',#14172,#11093,#11094);
#9530=AXIS2_PLACEMENT_3D('',#14176,#11096,#11097);
#9531=AXIS2_PLACEMENT_3D('',#14177,#11098,#11099);
#9532=AXIS2_PLACEMENT_3D('',#14178,#11100,#11101);
#9533=AXIS2_PLACEMENT_3D('',#14181,#11103,#11104);
#9534=AXIS2_PLACEMENT_3D('',#14182,#11105,#11106);
#9535=AXIS2_PLACEMENT_3D('',#14186,#11108,#11109);
#9536=AXIS2_PLACEMENT_3D('',#14187,#11110,#11111);
#9537=AXIS2_PLACEMENT_3D('',#14188,#11112,#11113);
#9538=AXIS2_PLACEMENT_3D('',#14191,#11115,#11116);
#9539=AXIS2_PLACEMENT_3D('',#14192,#11117,#11118);
#9540=AXIS2_PLACEMENT_3D('',#14196,#11120,#11121);
#9541=AXIS2_PLACEMENT_3D('',#14197,#11122,#11123);
#9542=AXIS2_PLACEMENT_3D('',#14198,#11124,#11125);
#9543=AXIS2_PLACEMENT_3D('',#14201,#11127,#11128);
#9544=AXIS2_PLACEMENT_3D('',#14202,#11129,#11130);
#9545=AXIS2_PLACEMENT_3D('',#14206,#11132,#11133);
#9546=AXIS2_PLACEMENT_3D('',#14207,#11134,#11135);
#9547=AXIS2_PLACEMENT_3D('',#14208,#11136,#11137);
#9548=AXIS2_PLACEMENT_3D('',#14211,#11139,#11140);
#9549=AXIS2_PLACEMENT_3D('',#14212,#11141,#11142);
#9550=AXIS2_PLACEMENT_3D('',#14216,#11144,#11145);
#9551=AXIS2_PLACEMENT_3D('',#14217,#11146,#11147);
#9552=AXIS2_PLACEMENT_3D('',#14218,#11148,#11149);
#9553=AXIS2_PLACEMENT_3D('',#14221,#11151,#11152);
#9554=AXIS2_PLACEMENT_3D('',#14222,#11153,#11154);
#9555=AXIS2_PLACEMENT_3D('',#14226,#11156,#11157);
#9556=AXIS2_PLACEMENT_3D('',#14227,#11158,#11159);
#9557=AXIS2_PLACEMENT_3D('',#14228,#11160,#11161);
#9558=AXIS2_PLACEMENT_3D('',#14231,#11163,#11164);
#9559=AXIS2_PLACEMENT_3D('',#14232,#11165,#11166);
#9560=AXIS2_PLACEMENT_3D('',#14236,#11168,#11169);
#9561=AXIS2_PLACEMENT_3D('',#14237,#11170,#11171);
#9562=AXIS2_PLACEMENT_3D('',#14238,#11172,#11173);
#9563=AXIS2_PLACEMENT_3D('',#14241,#11175,#11176);
#9564=AXIS2_PLACEMENT_3D('',#14242,#11177,#11178);
#9565=AXIS2_PLACEMENT_3D('',#14246,#11180,#11181);
#9566=AXIS2_PLACEMENT_3D('',#14247,#11182,#11183);
#9567=AXIS2_PLACEMENT_3D('',#14248,#11184,#11185);
#9568=AXIS2_PLACEMENT_3D('',#14251,#11187,#11188);
#9569=AXIS2_PLACEMENT_3D('',#14252,#11189,#11190);
#9570=AXIS2_PLACEMENT_3D('',#14256,#11192,#11193);
#9571=AXIS2_PLACEMENT_3D('',#14257,#11194,#11195);
#9572=AXIS2_PLACEMENT_3D('',#14258,#11196,#11197);
#9573=AXIS2_PLACEMENT_3D('',#14261,#11199,#11200);
#9574=AXIS2_PLACEMENT_3D('',#14262,#11201,#11202);
#9575=AXIS2_PLACEMENT_3D('',#14266,#11204,#11205);
#9576=AXIS2_PLACEMENT_3D('',#14267,#11206,#11207);
#9577=AXIS2_PLACEMENT_3D('',#14268,#11208,#11209);
#9578=AXIS2_PLACEMENT_3D('',#14271,#11211,#11212);
#9579=AXIS2_PLACEMENT_3D('',#14272,#11213,#11214);
#9580=AXIS2_PLACEMENT_3D('',#14276,#11216,#11217);
#9581=AXIS2_PLACEMENT_3D('',#14277,#11218,#11219);
#9582=AXIS2_PLACEMENT_3D('',#14278,#11220,#11221);
#9583=AXIS2_PLACEMENT_3D('',#14281,#11223,#11224);
#9584=AXIS2_PLACEMENT_3D('',#14282,#11225,#11226);
#9585=AXIS2_PLACEMENT_3D('',#14286,#11228,#11229);
#9586=AXIS2_PLACEMENT_3D('',#14287,#11230,#11231);
#9587=AXIS2_PLACEMENT_3D('',#14288,#11232,#11233);
#9588=AXIS2_PLACEMENT_3D('',#14291,#11235,#11236);
#9589=AXIS2_PLACEMENT_3D('',#14292,#11237,#11238);
#9590=AXIS2_PLACEMENT_3D('',#14296,#11240,#11241);
#9591=AXIS2_PLACEMENT_3D('',#14297,#11242,#11243);
#9592=AXIS2_PLACEMENT_3D('',#14298,#11244,#11245);
#9593=AXIS2_PLACEMENT_3D('',#14301,#11247,#11248);
#9594=AXIS2_PLACEMENT_3D('',#14302,#11249,#11250);
#9595=AXIS2_PLACEMENT_3D('',#14306,#11252,#11253);
#9596=AXIS2_PLACEMENT_3D('',#14307,#11254,#11255);
#9597=AXIS2_PLACEMENT_3D('',#14308,#11256,#11257);
#9598=AXIS2_PLACEMENT_3D('',#14311,#11259,#11260);
#9599=AXIS2_PLACEMENT_3D('',#14312,#11261,#11262);
#9600=AXIS2_PLACEMENT_3D('',#14316,#11264,#11265);
#9601=AXIS2_PLACEMENT_3D('',#14317,#11266,#11267);
#9602=AXIS2_PLACEMENT_3D('',#14318,#11268,#11269);
#9603=AXIS2_PLACEMENT_3D('',#14321,#11271,#11272);
#9604=AXIS2_PLACEMENT_3D('',#14322,#11273,#11274);
#9605=AXIS2_PLACEMENT_3D('',#14326,#11276,#11277);
#9606=AXIS2_PLACEMENT_3D('',#14327,#11278,#11279);
#9607=AXIS2_PLACEMENT_3D('',#14328,#11280,#11281);
#9608=AXIS2_PLACEMENT_3D('',#14331,#11283,#11284);
#9609=AXIS2_PLACEMENT_3D('',#14332,#11285,#11286);
#9610=AXIS2_PLACEMENT_3D('',#14336,#11288,#11289);
#9611=AXIS2_PLACEMENT_3D('',#14337,#11290,#11291);
#9612=AXIS2_PLACEMENT_3D('',#14338,#11292,#11293);
#9613=AXIS2_PLACEMENT_3D('',#14341,#11295,#11296);
#9614=AXIS2_PLACEMENT_3D('',#14342,#11297,#11298);
#9615=AXIS2_PLACEMENT_3D('',#14346,#11300,#11301);
#9616=AXIS2_PLACEMENT_3D('',#14347,#11302,#11303);
#9617=AXIS2_PLACEMENT_3D('',#14348,#11304,#11305);
#9618=AXIS2_PLACEMENT_3D('',#14351,#11307,#11308);
#9619=AXIS2_PLACEMENT_3D('',#14352,#11309,#11310);
#9620=AXIS2_PLACEMENT_3D('',#14356,#11312,#11313);
#9621=AXIS2_PLACEMENT_3D('',#14357,#11314,#11315);
#9622=AXIS2_PLACEMENT_3D('',#14358,#11316,#11317);
#9623=AXIS2_PLACEMENT_3D('',#14361,#11319,#11320);
#9624=AXIS2_PLACEMENT_3D('',#14362,#11321,#11322);
#9625=AXIS2_PLACEMENT_3D('',#14366,#11324,#11325);
#9626=AXIS2_PLACEMENT_3D('',#14367,#11326,#11327);
#9627=AXIS2_PLACEMENT_3D('',#14368,#11328,#11329);
#9628=AXIS2_PLACEMENT_3D('',#14371,#11331,#11332);
#9629=AXIS2_PLACEMENT_3D('',#14372,#11333,#11334);
#9630=AXIS2_PLACEMENT_3D('',#14376,#11336,#11337);
#9631=AXIS2_PLACEMENT_3D('',#14377,#11338,#11339);
#9632=AXIS2_PLACEMENT_3D('',#14378,#11340,#11341);
#9633=AXIS2_PLACEMENT_3D('',#14381,#11343,#11344);
#9634=AXIS2_PLACEMENT_3D('',#14382,#11345,#11346);
#9635=AXIS2_PLACEMENT_3D('',#14386,#11348,#11349);
#9636=AXIS2_PLACEMENT_3D('',#14387,#11350,#11351);
#9637=AXIS2_PLACEMENT_3D('',#14388,#11352,#11353);
#9638=AXIS2_PLACEMENT_3D('',#14391,#11355,#11356);
#9639=AXIS2_PLACEMENT_3D('',#14392,#11357,#11358);
#9640=AXIS2_PLACEMENT_3D('',#14396,#11360,#11361);
#9641=AXIS2_PLACEMENT_3D('',#14397,#11362,#11363);
#9642=AXIS2_PLACEMENT_3D('',#14398,#11364,#11365);
#9643=AXIS2_PLACEMENT_3D('',#14401,#11367,#11368);
#9644=AXIS2_PLACEMENT_3D('',#14402,#11369,#11370);
#9645=AXIS2_PLACEMENT_3D('',#14406,#11372,#11373);
#9646=AXIS2_PLACEMENT_3D('',#14407,#11374,#11375);
#9647=AXIS2_PLACEMENT_3D('',#14408,#11376,#11377);
#9648=AXIS2_PLACEMENT_3D('',#14411,#11379,#11380);
#9649=AXIS2_PLACEMENT_3D('',#14412,#11381,#11382);
#9650=AXIS2_PLACEMENT_3D('',#14416,#11384,#11385);
#9651=AXIS2_PLACEMENT_3D('',#14417,#11386,#11387);
#9652=AXIS2_PLACEMENT_3D('',#14418,#11388,#11389);
#9653=AXIS2_PLACEMENT_3D('',#14421,#11391,#11392);
#9654=AXIS2_PLACEMENT_3D('',#14422,#11393,#11394);
#9655=AXIS2_PLACEMENT_3D('',#14426,#11396,#11397);
#9656=AXIS2_PLACEMENT_3D('',#14427,#11398,#11399);
#9657=AXIS2_PLACEMENT_3D('',#14428,#11400,#11401);
#9658=AXIS2_PLACEMENT_3D('',#14431,#11403,#11404);
#9659=AXIS2_PLACEMENT_3D('',#14432,#11405,#11406);
#9660=AXIS2_PLACEMENT_3D('',#14436,#11408,#11409);
#9661=AXIS2_PLACEMENT_3D('',#14437,#11410,#11411);
#9662=AXIS2_PLACEMENT_3D('',#14438,#11412,#11413);
#9663=AXIS2_PLACEMENT_3D('',#14441,#11415,#11416);
#9664=AXIS2_PLACEMENT_3D('',#14442,#11417,#11418);
#9665=AXIS2_PLACEMENT_3D('',#14446,#11420,#11421);
#9666=AXIS2_PLACEMENT_3D('',#14447,#11422,#11423);
#9667=AXIS2_PLACEMENT_3D('',#14448,#11424,#11425);
#9668=AXIS2_PLACEMENT_3D('',#14451,#11427,#11428);
#9669=AXIS2_PLACEMENT_3D('',#14452,#11429,#11430);
#9670=AXIS2_PLACEMENT_3D('',#14456,#11432,#11433);
#9671=AXIS2_PLACEMENT_3D('',#14457,#11434,#11435);
#9672=AXIS2_PLACEMENT_3D('',#14458,#11436,#11437);
#9673=AXIS2_PLACEMENT_3D('',#14461,#11439,#11440);
#9674=AXIS2_PLACEMENT_3D('',#14462,#11441,#11442);
#9675=AXIS2_PLACEMENT_3D('',#14466,#11444,#11445);
#9676=AXIS2_PLACEMENT_3D('',#14467,#11446,#11447);
#9677=AXIS2_PLACEMENT_3D('',#14468,#11448,#11449);
#9678=AXIS2_PLACEMENT_3D('',#14471,#11451,#11452);
#9679=AXIS2_PLACEMENT_3D('',#14472,#11453,#11454);
#9680=AXIS2_PLACEMENT_3D('',#14476,#11456,#11457);
#9681=AXIS2_PLACEMENT_3D('',#14477,#11458,#11459);
#9682=AXIS2_PLACEMENT_3D('',#14478,#11460,#11461);
#9683=AXIS2_PLACEMENT_3D('',#14481,#11463,#11464);
#9684=AXIS2_PLACEMENT_3D('',#14482,#11465,#11466);
#9685=AXIS2_PLACEMENT_3D('',#14486,#11468,#11469);
#9686=AXIS2_PLACEMENT_3D('',#14487,#11470,#11471);
#9687=AXIS2_PLACEMENT_3D('',#14488,#11472,#11473);
#9688=AXIS2_PLACEMENT_3D('',#14491,#11475,#11476);
#9689=AXIS2_PLACEMENT_3D('',#14492,#11477,#11478);
#9690=AXIS2_PLACEMENT_3D('',#14496,#11480,#11481);
#9691=AXIS2_PLACEMENT_3D('',#14497,#11482,#11483);
#9692=AXIS2_PLACEMENT_3D('',#14498,#11484,#11485);
#9693=AXIS2_PLACEMENT_3D('',#14501,#11487,#11488);
#9694=AXIS2_PLACEMENT_3D('',#14502,#11489,#11490);
#9695=AXIS2_PLACEMENT_3D('',#14506,#11492,#11493);
#9696=AXIS2_PLACEMENT_3D('',#14507,#11494,#11495);
#9697=AXIS2_PLACEMENT_3D('',#14508,#11496,#11497);
#9698=AXIS2_PLACEMENT_3D('',#14511,#11499,#11500);
#9699=AXIS2_PLACEMENT_3D('',#14512,#11501,#11502);
#9700=AXIS2_PLACEMENT_3D('',#14516,#11504,#11505);
#9701=AXIS2_PLACEMENT_3D('',#14517,#11506,#11507);
#9702=AXIS2_PLACEMENT_3D('',#14518,#11508,#11509);
#9703=AXIS2_PLACEMENT_3D('',#14521,#11511,#11512);
#9704=AXIS2_PLACEMENT_3D('',#14522,#11513,#11514);
#9705=AXIS2_PLACEMENT_3D('',#14526,#11516,#11517);
#9706=AXIS2_PLACEMENT_3D('',#14527,#11518,#11519);
#9707=AXIS2_PLACEMENT_3D('',#14528,#11520,#11521);
#9708=AXIS2_PLACEMENT_3D('',#14531,#11523,#11524);
#9709=AXIS2_PLACEMENT_3D('',#14532,#11525,#11526);
#9710=AXIS2_PLACEMENT_3D('',#14536,#11528,#11529);
#9711=AXIS2_PLACEMENT_3D('',#14537,#11530,#11531);
#9712=AXIS2_PLACEMENT_3D('',#14538,#11532,#11533);
#9713=AXIS2_PLACEMENT_3D('',#14541,#11535,#11536);
#9714=AXIS2_PLACEMENT_3D('',#14542,#11537,#11538);
#9715=AXIS2_PLACEMENT_3D('',#14546,#11540,#11541);
#9716=AXIS2_PLACEMENT_3D('',#14547,#11542,#11543);
#9717=AXIS2_PLACEMENT_3D('',#14548,#11544,#11545);
#9718=AXIS2_PLACEMENT_3D('',#14551,#11547,#11548);
#9719=AXIS2_PLACEMENT_3D('',#14552,#11549,#11550);
#9720=AXIS2_PLACEMENT_3D('',#14556,#11552,#11553);
#9721=AXIS2_PLACEMENT_3D('',#14557,#11554,#11555);
#9722=AXIS2_PLACEMENT_3D('',#14558,#11556,#11557);
#9723=AXIS2_PLACEMENT_3D('',#14561,#11559,#11560);
#9724=AXIS2_PLACEMENT_3D('',#14562,#11561,#11562);
#9725=AXIS2_PLACEMENT_3D('',#14566,#11564,#11565);
#9726=AXIS2_PLACEMENT_3D('',#14567,#11566,#11567);
#9727=AXIS2_PLACEMENT_3D('',#14568,#11568,#11569);
#9728=AXIS2_PLACEMENT_3D('',#14571,#11571,#11572);
#9729=AXIS2_PLACEMENT_3D('',#14572,#11573,#11574);
#9730=AXIS2_PLACEMENT_3D('',#14576,#11576,#11577);
#9731=AXIS2_PLACEMENT_3D('',#14577,#11578,#11579);
#9732=AXIS2_PLACEMENT_3D('',#14578,#11580,#11581);
#9733=AXIS2_PLACEMENT_3D('',#14581,#11583,#11584);
#9734=AXIS2_PLACEMENT_3D('',#14582,#11585,#11586);
#9735=AXIS2_PLACEMENT_3D('',#14586,#11588,#11589);
#9736=AXIS2_PLACEMENT_3D('',#14587,#11590,#11591);
#9737=AXIS2_PLACEMENT_3D('',#14588,#11592,#11593);
#9738=AXIS2_PLACEMENT_3D('',#14591,#11595,#11596);
#9739=AXIS2_PLACEMENT_3D('',#14592,#11597,#11598);
#9740=AXIS2_PLACEMENT_3D('',#14596,#11600,#11601);
#9741=AXIS2_PLACEMENT_3D('',#14597,#11602,#11603);
#9742=AXIS2_PLACEMENT_3D('',#14598,#11604,#11605);
#9743=AXIS2_PLACEMENT_3D('',#14601,#11607,#11608);
#9744=AXIS2_PLACEMENT_3D('',#14602,#11609,#11610);
#9745=AXIS2_PLACEMENT_3D('',#14606,#11612,#11613);
#9746=AXIS2_PLACEMENT_3D('',#14607,#11614,#11615);
#9747=AXIS2_PLACEMENT_3D('',#14608,#11616,#11617);
#9748=AXIS2_PLACEMENT_3D('',#14611,#11619,#11620);
#9749=AXIS2_PLACEMENT_3D('',#14612,#11621,#11622);
#9750=AXIS2_PLACEMENT_3D('',#14616,#11624,#11625);
#9751=AXIS2_PLACEMENT_3D('',#14617,#11626,#11627);
#9752=AXIS2_PLACEMENT_3D('',#14618,#11628,#11629);
#9753=AXIS2_PLACEMENT_3D('',#14621,#11631,#11632);
#9754=AXIS2_PLACEMENT_3D('',#14622,#11633,#11634);
#9755=AXIS2_PLACEMENT_3D('',#14626,#11636,#11637);
#9756=AXIS2_PLACEMENT_3D('',#14627,#11638,#11639);
#9757=AXIS2_PLACEMENT_3D('',#14628,#11640,#11641);
#9758=AXIS2_PLACEMENT_3D('',#14631,#11643,#11644);
#9759=AXIS2_PLACEMENT_3D('',#14632,#11645,#11646);
#9760=AXIS2_PLACEMENT_3D('',#14636,#11648,#11649);
#9761=AXIS2_PLACEMENT_3D('',#14637,#11650,#11651);
#9762=AXIS2_PLACEMENT_3D('',#14638,#11652,#11653);
#9763=AXIS2_PLACEMENT_3D('',#14641,#11655,#11656);
#9764=AXIS2_PLACEMENT_3D('',#14642,#11657,#11658);
#9765=AXIS2_PLACEMENT_3D('',#14646,#11660,#11661);
#9766=AXIS2_PLACEMENT_3D('',#14647,#11662,#11663);
#9767=AXIS2_PLACEMENT_3D('',#14648,#11664,#11665);
#9768=AXIS2_PLACEMENT_3D('',#14651,#11667,#11668);
#9769=AXIS2_PLACEMENT_3D('',#14652,#11669,#11670);
#9770=AXIS2_PLACEMENT_3D('',#14656,#11672,#11673);
#9771=AXIS2_PLACEMENT_3D('',#14657,#11674,#11675);
#9772=AXIS2_PLACEMENT_3D('',#14658,#11676,#11677);
#9773=AXIS2_PLACEMENT_3D('',#14661,#11679,#11680);
#9774=AXIS2_PLACEMENT_3D('',#14662,#11681,#11682);
#9775=AXIS2_PLACEMENT_3D('',#14666,#11684,#11685);
#9776=AXIS2_PLACEMENT_3D('',#14667,#11686,#11687);
#9777=AXIS2_PLACEMENT_3D('',#14668,#11688,#11689);
#9778=AXIS2_PLACEMENT_3D('',#14671,#11691,#11692);
#9779=AXIS2_PLACEMENT_3D('',#14672,#11693,#11694);
#9780=AXIS2_PLACEMENT_3D('',#14676,#11696,#11697);
#9781=AXIS2_PLACEMENT_3D('',#14677,#11698,#11699);
#9782=AXIS2_PLACEMENT_3D('',#14678,#11700,#11701);
#9783=AXIS2_PLACEMENT_3D('',#14681,#11703,#11704);
#9784=AXIS2_PLACEMENT_3D('',#14682,#11705,#11706);
#9785=AXIS2_PLACEMENT_3D('',#14686,#11708,#11709);
#9786=AXIS2_PLACEMENT_3D('',#14687,#11710,#11711);
#9787=AXIS2_PLACEMENT_3D('',#14688,#11712,#11713);
#9788=AXIS2_PLACEMENT_3D('',#14691,#11715,#11716);
#9789=AXIS2_PLACEMENT_3D('',#14692,#11717,#11718);
#9790=AXIS2_PLACEMENT_3D('',#14696,#11720,#11721);
#9791=AXIS2_PLACEMENT_3D('',#14697,#11722,#11723);
#9792=AXIS2_PLACEMENT_3D('',#14698,#11724,#11725);
#9793=AXIS2_PLACEMENT_3D('',#14701,#11727,#11728);
#9794=AXIS2_PLACEMENT_3D('',#14702,#11729,#11730);
#9795=AXIS2_PLACEMENT_3D('',#14706,#11732,#11733);
#9796=AXIS2_PLACEMENT_3D('',#14707,#11734,#11735);
#9797=AXIS2_PLACEMENT_3D('',#14708,#11736,#11737);
#9798=AXIS2_PLACEMENT_3D('',#14711,#11739,#11740);
#9799=AXIS2_PLACEMENT_3D('',#14712,#11741,#11742);
#9800=AXIS2_PLACEMENT_3D('',#14716,#11744,#11745);
#9801=AXIS2_PLACEMENT_3D('',#14717,#11746,#11747);
#9802=AXIS2_PLACEMENT_3D('',#14718,#11748,#11749);
#9803=AXIS2_PLACEMENT_3D('',#14721,#11751,#11752);
#9804=AXIS2_PLACEMENT_3D('',#14722,#11753,#11754);
#9805=AXIS2_PLACEMENT_3D('',#14726,#11756,#11757);
#9806=AXIS2_PLACEMENT_3D('',#14727,#11758,#11759);
#9807=AXIS2_PLACEMENT_3D('',#14728,#11760,#11761);
#9808=AXIS2_PLACEMENT_3D('',#14731,#11763,#11764);
#9809=AXIS2_PLACEMENT_3D('',#14732,#11765,#11766);
#9810=AXIS2_PLACEMENT_3D('',#14736,#11768,#11769);
#9811=AXIS2_PLACEMENT_3D('',#14737,#11770,#11771);
#9812=AXIS2_PLACEMENT_3D('',#14738,#11772,#11773);
#9813=AXIS2_PLACEMENT_3D('',#14741,#11775,#11776);
#9814=AXIS2_PLACEMENT_3D('',#14742,#11777,#11778);
#9815=AXIS2_PLACEMENT_3D('',#14746,#11780,#11781);
#9816=AXIS2_PLACEMENT_3D('',#14747,#11782,#11783);
#9817=AXIS2_PLACEMENT_3D('',#14748,#11784,#11785);
#9818=AXIS2_PLACEMENT_3D('',#14751,#11787,#11788);
#9819=AXIS2_PLACEMENT_3D('',#14752,#11789,#11790);
#9820=AXIS2_PLACEMENT_3D('',#14756,#11792,#11793);
#9821=AXIS2_PLACEMENT_3D('',#14757,#11794,#11795);
#9822=AXIS2_PLACEMENT_3D('',#14758,#11796,#11797);
#9823=AXIS2_PLACEMENT_3D('',#14761,#11799,#11800);
#9824=AXIS2_PLACEMENT_3D('',#14762,#11801,#11802);
#9825=AXIS2_PLACEMENT_3D('',#14766,#11804,#11805);
#9826=AXIS2_PLACEMENT_3D('',#14767,#11806,#11807);
#9827=AXIS2_PLACEMENT_3D('',#14768,#11808,#11809);
#9828=AXIS2_PLACEMENT_3D('',#14771,#11811,#11812);
#9829=AXIS2_PLACEMENT_3D('',#14772,#11813,#11814);
#9830=AXIS2_PLACEMENT_3D('',#14776,#11816,#11817);
#9831=AXIS2_PLACEMENT_3D('',#14777,#11818,#11819);
#9832=AXIS2_PLACEMENT_3D('',#14778,#11820,#11821);
#9833=AXIS2_PLACEMENT_3D('',#14781,#11823,#11824);
#9834=AXIS2_PLACEMENT_3D('',#14782,#11825,#11826);
#9835=AXIS2_PLACEMENT_3D('',#14786,#11828,#11829);
#9836=AXIS2_PLACEMENT_3D('',#14787,#11830,#11831);
#9837=AXIS2_PLACEMENT_3D('',#14788,#11832,#11833);
#9838=AXIS2_PLACEMENT_3D('',#14791,#11835,#11836);
#9839=AXIS2_PLACEMENT_3D('',#14792,#11837,#11838);
#9840=AXIS2_PLACEMENT_3D('',#14796,#11840,#11841);
#9841=AXIS2_PLACEMENT_3D('',#14797,#11842,#11843);
#9842=AXIS2_PLACEMENT_3D('',#14798,#11844,#11845);
#9843=AXIS2_PLACEMENT_3D('',#14801,#11847,#11848);
#9844=AXIS2_PLACEMENT_3D('',#14802,#11849,#11850);
#9845=AXIS2_PLACEMENT_3D('',#14806,#11852,#11853);
#9846=AXIS2_PLACEMENT_3D('',#14807,#11854,#11855);
#9847=AXIS2_PLACEMENT_3D('',#14808,#11856,#11857);
#9848=AXIS2_PLACEMENT_3D('',#14811,#11859,#11860);
#9849=AXIS2_PLACEMENT_3D('',#14812,#11861,#11862);
#9850=AXIS2_PLACEMENT_3D('',#14816,#11864,#11865);
#9851=AXIS2_PLACEMENT_3D('',#14817,#11866,#11867);
#9852=AXIS2_PLACEMENT_3D('',#14818,#11868,#11869);
#9853=AXIS2_PLACEMENT_3D('',#14821,#11871,#11872);
#9854=AXIS2_PLACEMENT_3D('',#14822,#11873,#11874);
#9855=AXIS2_PLACEMENT_3D('',#14826,#11876,#11877);
#9856=AXIS2_PLACEMENT_3D('',#14827,#11878,#11879);
#9857=AXIS2_PLACEMENT_3D('',#14828,#11880,#11881);
#9858=AXIS2_PLACEMENT_3D('',#14831,#11883,#11884);
#9859=AXIS2_PLACEMENT_3D('',#14832,#11885,#11886);
#9860=AXIS2_PLACEMENT_3D('',#14836,#11888,#11889);
#9861=AXIS2_PLACEMENT_3D('',#14837,#11890,#11891);
#9862=AXIS2_PLACEMENT_3D('',#14838,#11892,#11893);
#9863=AXIS2_PLACEMENT_3D('',#14841,#11895,#11896);
#9864=AXIS2_PLACEMENT_3D('',#14842,#11897,#11898);
#9865=AXIS2_PLACEMENT_3D('',#14846,#11900,#11901);
#9866=AXIS2_PLACEMENT_3D('',#14847,#11902,#11903);
#9867=AXIS2_PLACEMENT_3D('',#14848,#11904,#11905);
#9868=AXIS2_PLACEMENT_3D('',#14851,#11907,#11908);
#9869=AXIS2_PLACEMENT_3D('',#14852,#11909,#11910);
#9870=AXIS2_PLACEMENT_3D('',#14856,#11912,#11913);
#9871=AXIS2_PLACEMENT_3D('',#14857,#11914,#11915);
#9872=AXIS2_PLACEMENT_3D('',#14858,#11916,#11917);
#9873=AXIS2_PLACEMENT_3D('',#14861,#11919,#11920);
#9874=AXIS2_PLACEMENT_3D('',#14862,#11921,#11922);
#9875=AXIS2_PLACEMENT_3D('',#14866,#11924,#11925);
#9876=AXIS2_PLACEMENT_3D('',#14867,#11926,#11927);
#9877=AXIS2_PLACEMENT_3D('',#14868,#11928,#11929);
#9878=AXIS2_PLACEMENT_3D('',#14871,#11931,#11932);
#9879=AXIS2_PLACEMENT_3D('',#14872,#11933,#11934);
#9880=AXIS2_PLACEMENT_3D('',#14876,#11936,#11937);
#9881=AXIS2_PLACEMENT_3D('',#14877,#11938,#11939);
#9882=AXIS2_PLACEMENT_3D('',#14878,#11940,#11941);
#9883=AXIS2_PLACEMENT_3D('',#14881,#11943,#11944);
#9884=AXIS2_PLACEMENT_3D('',#14882,#11945,#11946);
#9885=AXIS2_PLACEMENT_3D('',#14886,#11948,#11949);
#9886=AXIS2_PLACEMENT_3D('',#14887,#11950,#11951);
#9887=AXIS2_PLACEMENT_3D('',#14888,#11952,#11953);
#9888=AXIS2_PLACEMENT_3D('',#14891,#11955,#11956);
#9889=AXIS2_PLACEMENT_3D('',#14892,#11957,#11958);
#9890=AXIS2_PLACEMENT_3D('',#14896,#11960,#11961);
#9891=AXIS2_PLACEMENT_3D('',#14897,#11962,#11963);
#9892=AXIS2_PLACEMENT_3D('',#14898,#11964,#11965);
#9893=AXIS2_PLACEMENT_3D('',#14901,#11967,#11968);
#9894=AXIS2_PLACEMENT_3D('',#14902,#11969,#11970);
#9895=AXIS2_PLACEMENT_3D('',#14906,#11972,#11973);
#9896=AXIS2_PLACEMENT_3D('',#14907,#11974,#11975);
#9897=AXIS2_PLACEMENT_3D('',#14908,#11976,#11977);
#9898=AXIS2_PLACEMENT_3D('',#14911,#11979,#11980);
#9899=AXIS2_PLACEMENT_3D('',#14912,#11981,#11982);
#9900=AXIS2_PLACEMENT_3D('',#14916,#11984,#11985);
#9901=AXIS2_PLACEMENT_3D('',#14917,#11986,#11987);
#9902=AXIS2_PLACEMENT_3D('',#14918,#11988,#11989);
#9903=AXIS2_PLACEMENT_3D('',#14921,#11991,#11992);
#9904=AXIS2_PLACEMENT_3D('',#14922,#11993,#11994);
#9905=AXIS2_PLACEMENT_3D('',#14926,#11996,#11997);
#9906=AXIS2_PLACEMENT_3D('',#14927,#11998,#11999);
#9907=AXIS2_PLACEMENT_3D('',#14928,#12000,#12001);
#9908=AXIS2_PLACEMENT_3D('',#14931,#12003,#12004);
#9909=AXIS2_PLACEMENT_3D('',#14932,#12005,#12006);
#9910=AXIS2_PLACEMENT_3D('',#14936,#12008,#12009);
#9911=AXIS2_PLACEMENT_3D('',#14937,#12010,#12011);
#9912=AXIS2_PLACEMENT_3D('',#14938,#12012,#12013);
#9913=AXIS2_PLACEMENT_3D('',#14941,#12015,#12016);
#9914=AXIS2_PLACEMENT_3D('',#14942,#12017,#12018);
#9915=AXIS2_PLACEMENT_3D('',#14946,#12020,#12021);
#9916=AXIS2_PLACEMENT_3D('',#14947,#12022,#12023);
#9917=AXIS2_PLACEMENT_3D('',#14948,#12024,#12025);
#9918=AXIS2_PLACEMENT_3D('',#14951,#12027,#12028);
#9919=AXIS2_PLACEMENT_3D('',#14952,#12029,#12030);
#9920=AXIS2_PLACEMENT_3D('',#14956,#12032,#12033);
#9921=AXIS2_PLACEMENT_3D('',#14957,#12034,#12035);
#9922=AXIS2_PLACEMENT_3D('',#14958,#12036,#12037);
#9923=AXIS2_PLACEMENT_3D('',#14961,#12039,#12040);
#9924=AXIS2_PLACEMENT_3D('',#14962,#12041,#12042);
#9925=AXIS2_PLACEMENT_3D('',#14966,#12044,#12045);
#9926=AXIS2_PLACEMENT_3D('',#14967,#12046,#12047);
#9927=AXIS2_PLACEMENT_3D('',#14968,#12048,#12049);
#9928=AXIS2_PLACEMENT_3D('',#14971,#12051,#12052);
#9929=AXIS2_PLACEMENT_3D('',#14972,#12053,#12054);
#9930=AXIS2_PLACEMENT_3D('',#14976,#12056,#12057);
#9931=AXIS2_PLACEMENT_3D('',#14977,#12058,#12059);
#9932=AXIS2_PLACEMENT_3D('',#14978,#12060,#12061);
#9933=AXIS2_PLACEMENT_3D('',#14981,#12063,#12064);
#9934=AXIS2_PLACEMENT_3D('',#14982,#12065,#12066);
#9935=AXIS2_PLACEMENT_3D('',#14986,#12068,#12069);
#9936=AXIS2_PLACEMENT_3D('',#14987,#12070,#12071);
#9937=AXIS2_PLACEMENT_3D('',#14988,#12072,#12073);
#9938=AXIS2_PLACEMENT_3D('',#14991,#12075,#12076);
#9939=AXIS2_PLACEMENT_3D('',#14992,#12077,#12078);
#9940=AXIS2_PLACEMENT_3D('',#14996,#12080,#12081);
#9941=AXIS2_PLACEMENT_3D('',#14997,#12082,#12083);
#9942=AXIS2_PLACEMENT_3D('',#14998,#12084,#12085);
#9943=AXIS2_PLACEMENT_3D('',#15001,#12087,#12088);
#9944=AXIS2_PLACEMENT_3D('',#15002,#12089,#12090);
#9945=AXIS2_PLACEMENT_3D('',#15006,#12092,#12093);
#9946=AXIS2_PLACEMENT_3D('',#15007,#12094,#12095);
#9947=AXIS2_PLACEMENT_3D('',#15008,#12096,#12097);
#9948=AXIS2_PLACEMENT_3D('',#15011,#12099,#12100);
#9949=AXIS2_PLACEMENT_3D('',#15012,#12101,#12102);
#9950=AXIS2_PLACEMENT_3D('',#15016,#12104,#12105);
#9951=AXIS2_PLACEMENT_3D('',#15017,#12106,#12107);
#9952=AXIS2_PLACEMENT_3D('',#15018,#12108,#12109);
#9953=AXIS2_PLACEMENT_3D('',#15021,#12111,#12112);
#9954=AXIS2_PLACEMENT_3D('',#15022,#12113,#12114);
#9955=AXIS2_PLACEMENT_3D('',#15026,#12116,#12117);
#9956=AXIS2_PLACEMENT_3D('',#15027,#12118,#12119);
#9957=AXIS2_PLACEMENT_3D('',#15028,#12120,#12121);
#9958=AXIS2_PLACEMENT_3D('',#15031,#12123,#12124);
#9959=AXIS2_PLACEMENT_3D('',#15032,#12125,#12126);
#9960=AXIS2_PLACEMENT_3D('',#15036,#12128,#12129);
#9961=AXIS2_PLACEMENT_3D('',#15037,#12130,#12131);
#9962=AXIS2_PLACEMENT_3D('',#15038,#12132,#12133);
#9963=AXIS2_PLACEMENT_3D('',#15041,#12135,#12136);
#9964=AXIS2_PLACEMENT_3D('',#15042,#12137,#12138);
#9965=AXIS2_PLACEMENT_3D('',#15046,#12140,#12141);
#9966=AXIS2_PLACEMENT_3D('',#15047,#12142,#12143);
#9967=AXIS2_PLACEMENT_3D('',#15048,#12144,#12145);
#9968=AXIS2_PLACEMENT_3D('',#15051,#12147,#12148);
#9969=AXIS2_PLACEMENT_3D('',#15052,#12149,#12150);
#9970=AXIS2_PLACEMENT_3D('',#15056,#12152,#12153);
#9971=AXIS2_PLACEMENT_3D('',#15057,#12154,#12155);
#9972=AXIS2_PLACEMENT_3D('',#15058,#12156,#12157);
#9973=AXIS2_PLACEMENT_3D('',#15061,#12159,#12160);
#9974=AXIS2_PLACEMENT_3D('',#15062,#12161,#12162);
#9975=AXIS2_PLACEMENT_3D('',#15066,#12164,#12165);
#9976=AXIS2_PLACEMENT_3D('',#15067,#12166,#12167);
#9977=AXIS2_PLACEMENT_3D('',#15068,#12168,#12169);
#9978=AXIS2_PLACEMENT_3D('',#15071,#12171,#12172);
#9979=AXIS2_PLACEMENT_3D('',#15072,#12173,#12174);
#9980=AXIS2_PLACEMENT_3D('',#15076,#12176,#12177);
#9981=AXIS2_PLACEMENT_3D('',#15077,#12178,#12179);
#9982=AXIS2_PLACEMENT_3D('',#15078,#12180,#12181);
#9983=AXIS2_PLACEMENT_3D('',#15081,#12183,#12184);
#9984=AXIS2_PLACEMENT_3D('',#15082,#12185,#12186);
#9985=AXIS2_PLACEMENT_3D('',#15086,#12188,#12189);
#9986=AXIS2_PLACEMENT_3D('',#15087,#12190,#12191);
#9987=AXIS2_PLACEMENT_3D('',#15088,#12192,#12193);
#9988=AXIS2_PLACEMENT_3D('',#15091,#12195,#12196);
#9989=AXIS2_PLACEMENT_3D('',#15092,#12197,#12198);
#9990=AXIS2_PLACEMENT_3D('',#15096,#12200,#12201);
#9991=AXIS2_PLACEMENT_3D('',#15097,#12202,#12203);
#9992=AXIS2_PLACEMENT_3D('',#15098,#12204,#12205);
#9993=AXIS2_PLACEMENT_3D('',#15101,#12207,#12208);
#9994=AXIS2_PLACEMENT_3D('',#15102,#12209,#12210);
#9995=AXIS2_PLACEMENT_3D('',#15106,#12212,#12213);
#9996=AXIS2_PLACEMENT_3D('',#15107,#12214,#12215);
#9997=AXIS2_PLACEMENT_3D('',#15108,#12216,#12217);
#9998=AXIS2_PLACEMENT_3D('',#15111,#12219,#12220);
#9999=AXIS2_PLACEMENT_3D('',#15112,#12221,#12222);
#10000=AXIS2_PLACEMENT_3D('',#15116,#12224,#12225);
#10001=AXIS2_PLACEMENT_3D('',#15117,#12226,#12227);
#10002=AXIS2_PLACEMENT_3D('',#15118,#12228,#12229);
#10003=AXIS2_PLACEMENT_3D('',#15121,#12231,#12232);
#10004=AXIS2_PLACEMENT_3D('',#15122,#12233,#12234);
#10005=AXIS2_PLACEMENT_3D('',#15126,#12236,#12237);
#10006=AXIS2_PLACEMENT_3D('',#15127,#12238,#12239);
#10007=AXIS2_PLACEMENT_3D('',#15128,#12240,#12241);
#10008=AXIS2_PLACEMENT_3D('',#15131,#12243,#12244);
#10009=AXIS2_PLACEMENT_3D('',#15132,#12245,#12246);
#10010=AXIS2_PLACEMENT_3D('',#15136,#12248,#12249);
#10011=AXIS2_PLACEMENT_3D('',#15137,#12250,#12251);
#10012=AXIS2_PLACEMENT_3D('',#15138,#12252,#12253);
#10013=AXIS2_PLACEMENT_3D('',#15141,#12255,#12256);
#10014=AXIS2_PLACEMENT_3D('',#15142,#12257,#12258);
#10015=AXIS2_PLACEMENT_3D('',#15146,#12260,#12261);
#10016=AXIS2_PLACEMENT_3D('',#15147,#12262,#12263);
#10017=AXIS2_PLACEMENT_3D('',#15148,#12264,#12265);
#10018=AXIS2_PLACEMENT_3D('',#15151,#12267,#12268);
#10019=AXIS2_PLACEMENT_3D('',#15152,#12269,#12270);
#10020=AXIS2_PLACEMENT_3D('',#15156,#12272,#12273);
#10021=AXIS2_PLACEMENT_3D('',#15157,#12274,#12275);
#10022=AXIS2_PLACEMENT_3D('',#15158,#12276,#12277);
#10023=AXIS2_PLACEMENT_3D('',#15161,#12279,#12280);
#10024=AXIS2_PLACEMENT_3D('',#15162,#12281,#12282);
#10025=AXIS2_PLACEMENT_3D('',#15166,#12284,#12285);
#10026=AXIS2_PLACEMENT_3D('',#15167,#12286,#12287);
#10027=AXIS2_PLACEMENT_3D('',#15168,#12288,#12289);
#10028=AXIS2_PLACEMENT_3D('',#15171,#12291,#12292);
#10029=AXIS2_PLACEMENT_3D('',#15172,#12293,#12294);
#10030=AXIS2_PLACEMENT_3D('',#15176,#12296,#12297);
#10031=AXIS2_PLACEMENT_3D('',#15177,#12298,#12299);
#10032=AXIS2_PLACEMENT_3D('',#15178,#12300,#12301);
#10033=AXIS2_PLACEMENT_3D('',#15181,#12303,#12304);
#10034=AXIS2_PLACEMENT_3D('',#15182,#12305,#12306);
#10035=AXIS2_PLACEMENT_3D('',#15186,#12308,#12309);
#10036=AXIS2_PLACEMENT_3D('',#15187,#12310,#12311);
#10037=AXIS2_PLACEMENT_3D('',#15188,#12312,#12313);
#10038=AXIS2_PLACEMENT_3D('',#15191,#12315,#12316);
#10039=AXIS2_PLACEMENT_3D('',#15192,#12317,#12318);
#10040=AXIS2_PLACEMENT_3D('',#15196,#12320,#12321);
#10041=AXIS2_PLACEMENT_3D('',#15197,#12322,#12323);
#10042=AXIS2_PLACEMENT_3D('',#15198,#12324,#12325);
#10043=AXIS2_PLACEMENT_3D('',#15201,#12327,#12328);
#10044=AXIS2_PLACEMENT_3D('',#15202,#12329,#12330);
#10045=AXIS2_PLACEMENT_3D('',#15206,#12332,#12333);
#10046=AXIS2_PLACEMENT_3D('',#15207,#12334,#12335);
#10047=AXIS2_PLACEMENT_3D('',#15208,#12336,#12337);
#10048=AXIS2_PLACEMENT_3D('',#15211,#12339,#12340);
#10049=AXIS2_PLACEMENT_3D('',#15212,#12341,#12342);
#10050=AXIS2_PLACEMENT_3D('',#15216,#12344,#12345);
#10051=AXIS2_PLACEMENT_3D('',#15217,#12346,#12347);
#10052=AXIS2_PLACEMENT_3D('',#15218,#12348,#12349);
#10053=AXIS2_PLACEMENT_3D('',#15221,#12351,#12352);
#10054=AXIS2_PLACEMENT_3D('',#15222,#12353,#12354);
#10055=AXIS2_PLACEMENT_3D('',#15226,#12356,#12357);
#10056=AXIS2_PLACEMENT_3D('',#15227,#12358,#12359);
#10057=AXIS2_PLACEMENT_3D('',#15228,#12360,#12361);
#10058=AXIS2_PLACEMENT_3D('',#15231,#12363,#12364);
#10059=AXIS2_PLACEMENT_3D('',#15232,#12365,#12366);
#10060=AXIS2_PLACEMENT_3D('',#15236,#12368,#12369);
#10061=AXIS2_PLACEMENT_3D('',#15237,#12370,#12371);
#10062=AXIS2_PLACEMENT_3D('',#15238,#12372,#12373);
#10063=AXIS2_PLACEMENT_3D('',#15241,#12375,#12376);
#10064=AXIS2_PLACEMENT_3D('',#15242,#12377,#12378);
#10065=AXIS2_PLACEMENT_3D('',#15246,#12380,#12381);
#10066=AXIS2_PLACEMENT_3D('',#15247,#12382,#12383);
#10067=AXIS2_PLACEMENT_3D('',#15248,#12384,#12385);
#10068=AXIS2_PLACEMENT_3D('',#15251,#12387,#12388);
#10069=AXIS2_PLACEMENT_3D('',#15252,#12389,#12390);
#10070=AXIS2_PLACEMENT_3D('',#15256,#12392,#12393);
#10071=AXIS2_PLACEMENT_3D('',#15257,#12394,#12395);
#10072=AXIS2_PLACEMENT_3D('',#15258,#12396,#12397);
#10073=AXIS2_PLACEMENT_3D('',#15261,#12399,#12400);
#10074=AXIS2_PLACEMENT_3D('',#15262,#12401,#12402);
#10075=AXIS2_PLACEMENT_3D('',#15266,#12404,#12405);
#10076=AXIS2_PLACEMENT_3D('',#15267,#12406,#12407);
#10077=AXIS2_PLACEMENT_3D('',#15268,#12408,#12409);
#10078=AXIS2_PLACEMENT_3D('',#15271,#12411,#12412);
#10079=AXIS2_PLACEMENT_3D('',#15272,#12413,#12414);
#10080=AXIS2_PLACEMENT_3D('',#15276,#12416,#12417);
#10081=AXIS2_PLACEMENT_3D('',#15277,#12418,#12419);
#10082=AXIS2_PLACEMENT_3D('',#15278,#12420,#12421);
#10083=AXIS2_PLACEMENT_3D('',#15281,#12423,#12424);
#10084=AXIS2_PLACEMENT_3D('',#15282,#12425,#12426);
#10085=AXIS2_PLACEMENT_3D('',#15286,#12428,#12429);
#10086=AXIS2_PLACEMENT_3D('',#15287,#12430,#12431);
#10087=AXIS2_PLACEMENT_3D('',#15288,#12432,#12433);
#10088=AXIS2_PLACEMENT_3D('',#15291,#12435,#12436);
#10089=AXIS2_PLACEMENT_3D('',#15292,#12437,#12438);
#10090=AXIS2_PLACEMENT_3D('',#15296,#12440,#12441);
#10091=AXIS2_PLACEMENT_3D('',#15297,#12442,#12443);
#10092=AXIS2_PLACEMENT_3D('',#15298,#12444,#12445);
#10093=AXIS2_PLACEMENT_3D('',#15301,#12447,#12448);
#10094=AXIS2_PLACEMENT_3D('',#15302,#12449,#12450);
#10095=AXIS2_PLACEMENT_3D('',#15306,#12452,#12453);
#10096=AXIS2_PLACEMENT_3D('',#15307,#12454,#12455);
#10097=AXIS2_PLACEMENT_3D('',#15308,#12456,#12457);
#10098=AXIS2_PLACEMENT_3D('',#15311,#12459,#12460);
#10099=AXIS2_PLACEMENT_3D('',#15312,#12461,#12462);
#10100=AXIS2_PLACEMENT_3D('',#15316,#12464,#12465);
#10101=AXIS2_PLACEMENT_3D('',#15317,#12466,#12467);
#10102=AXIS2_PLACEMENT_3D('',#15318,#12468,#12469);
#10103=AXIS2_PLACEMENT_3D('',#15321,#12471,#12472);
#10104=AXIS2_PLACEMENT_3D('',#15322,#12473,#12474);
#10105=AXIS2_PLACEMENT_3D('',#15326,#12476,#12477);
#10106=AXIS2_PLACEMENT_3D('',#15327,#12478,#12479);
#10107=AXIS2_PLACEMENT_3D('',#15328,#12480,#12481);
#10108=AXIS2_PLACEMENT_3D('',#15331,#12483,#12484);
#10109=AXIS2_PLACEMENT_3D('',#15332,#12485,#12486);
#10110=AXIS2_PLACEMENT_3D('',#15336,#12488,#12489);
#10111=AXIS2_PLACEMENT_3D('',#15337,#12490,#12491);
#10112=AXIS2_PLACEMENT_3D('',#15338,#12492,#12493);
#10113=AXIS2_PLACEMENT_3D('',#15341,#12495,#12496);
#10114=AXIS2_PLACEMENT_3D('',#15342,#12497,#12498);
#10115=AXIS2_PLACEMENT_3D('',#15346,#12500,#12501);
#10116=AXIS2_PLACEMENT_3D('',#15347,#12502,#12503);
#10117=AXIS2_PLACEMENT_3D('',#15348,#12504,#12505);
#10118=AXIS2_PLACEMENT_3D('',#15351,#12507,#12508);
#10119=AXIS2_PLACEMENT_3D('',#15352,#12509,#12510);
#10120=AXIS2_PLACEMENT_3D('',#15356,#12512,#12513);
#10121=AXIS2_PLACEMENT_3D('',#15357,#12514,#12515);
#10122=AXIS2_PLACEMENT_3D('',#15358,#12516,#12517);
#10123=AXIS2_PLACEMENT_3D('',#15361,#12519,#12520);
#10124=AXIS2_PLACEMENT_3D('',#15362,#12521,#12522);
#10125=AXIS2_PLACEMENT_3D('',#15366,#12524,#12525);
#10126=AXIS2_PLACEMENT_3D('',#15367,#12526,#12527);
#10127=AXIS2_PLACEMENT_3D('',#15368,#12528,#12529);
#10128=AXIS2_PLACEMENT_3D('',#15371,#12531,#12532);
#10129=AXIS2_PLACEMENT_3D('',#15372,#12533,#12534);
#10130=AXIS2_PLACEMENT_3D('',#15376,#12536,#12537);
#10131=AXIS2_PLACEMENT_3D('',#15377,#12538,#12539);
#10132=AXIS2_PLACEMENT_3D('',#15378,#12540,#12541);
#10133=AXIS2_PLACEMENT_3D('',#15381,#12543,#12544);
#10134=AXIS2_PLACEMENT_3D('',#15382,#12545,#12546);
#10135=AXIS2_PLACEMENT_3D('',#15386,#12548,#12549);
#10136=AXIS2_PLACEMENT_3D('',#15387,#12550,#12551);
#10137=AXIS2_PLACEMENT_3D('',#15388,#12552,#12553);
#10138=AXIS2_PLACEMENT_3D('',#15391,#12555,#12556);
#10139=AXIS2_PLACEMENT_3D('',#15392,#12557,#12558);
#10140=AXIS2_PLACEMENT_3D('',#15396,#12560,#12561);
#10141=AXIS2_PLACEMENT_3D('',#15397,#12562,#12563);
#10142=AXIS2_PLACEMENT_3D('',#15398,#12564,#12565);
#10143=AXIS2_PLACEMENT_3D('',#15401,#12567,#12568);
#10144=AXIS2_PLACEMENT_3D('',#15402,#12569,#12570);
#10145=AXIS2_PLACEMENT_3D('',#15406,#12572,#12573);
#10146=AXIS2_PLACEMENT_3D('',#15407,#12574,#12575);
#10147=AXIS2_PLACEMENT_3D('',#15408,#12576,#12577);
#10148=AXIS2_PLACEMENT_3D('',#15411,#12579,#12580);
#10149=AXIS2_PLACEMENT_3D('',#15412,#12581,#12582);
#10150=AXIS2_PLACEMENT_3D('',#15416,#12584,#12585);
#10151=AXIS2_PLACEMENT_3D('',#15417,#12586,#12587);
#10152=AXIS2_PLACEMENT_3D('',#15418,#12588,#12589);
#10153=AXIS2_PLACEMENT_3D('',#15421,#12591,#12592);
#10154=AXIS2_PLACEMENT_3D('',#15422,#12593,#12594);
#10155=AXIS2_PLACEMENT_3D('',#15426,#12596,#12597);
#10156=AXIS2_PLACEMENT_3D('',#15427,#12598,#12599);
#10157=AXIS2_PLACEMENT_3D('',#15428,#12600,#12601);
#10158=AXIS2_PLACEMENT_3D('',#15431,#12603,#12604);
#10159=AXIS2_PLACEMENT_3D('',#15432,#12605,#12606);
#10160=AXIS2_PLACEMENT_3D('',#15436,#12608,#12609);
#10161=AXIS2_PLACEMENT_3D('',#15437,#12610,#12611);
#10162=AXIS2_PLACEMENT_3D('',#15438,#12612,#12613);
#10163=AXIS2_PLACEMENT_3D('',#15441,#12615,#12616);
#10164=AXIS2_PLACEMENT_3D('',#15442,#12617,#12618);
#10165=AXIS2_PLACEMENT_3D('',#15446,#12620,#12621);
#10166=AXIS2_PLACEMENT_3D('',#15447,#12622,#12623);
#10167=AXIS2_PLACEMENT_3D('',#15448,#12624,#12625);
#10168=AXIS2_PLACEMENT_3D('',#15451,#12627,#12628);
#10169=AXIS2_PLACEMENT_3D('',#15452,#12629,#12630);
#10170=AXIS2_PLACEMENT_3D('',#15456,#12632,#12633);
#10171=AXIS2_PLACEMENT_3D('',#15457,#12634,#12635);
#10172=AXIS2_PLACEMENT_3D('',#15458,#12636,#12637);
#10173=AXIS2_PLACEMENT_3D('',#15461,#12639,#12640);
#10174=AXIS2_PLACEMENT_3D('',#15462,#12641,#12642);
#10175=AXIS2_PLACEMENT_3D('',#15466,#12644,#12645);
#10176=AXIS2_PLACEMENT_3D('',#15467,#12646,#12647);
#10177=AXIS2_PLACEMENT_3D('',#15468,#12648,#12649);
#10178=AXIS2_PLACEMENT_3D('',#15471,#12651,#12652);
#10179=AXIS2_PLACEMENT_3D('',#15472,#12653,#12654);
#10180=AXIS2_PLACEMENT_3D('',#15476,#12656,#12657);
#10181=AXIS2_PLACEMENT_3D('',#15477,#12658,#12659);
#10182=AXIS2_PLACEMENT_3D('',#15478,#12660,#12661);
#10183=AXIS2_PLACEMENT_3D('',#15481,#12663,#12664);
#10184=AXIS2_PLACEMENT_3D('',#15482,#12665,#12666);
#10185=AXIS2_PLACEMENT_3D('',#15486,#12668,#12669);
#10186=AXIS2_PLACEMENT_3D('',#15487,#12670,#12671);
#10187=AXIS2_PLACEMENT_3D('',#15488,#12672,#12673);
#10188=AXIS2_PLACEMENT_3D('',#15491,#12675,#12676);
#10189=AXIS2_PLACEMENT_3D('',#15492,#12677,#12678);
#10190=AXIS2_PLACEMENT_3D('',#15496,#12680,#12681);
#10191=AXIS2_PLACEMENT_3D('',#15497,#12682,#12683);
#10192=AXIS2_PLACEMENT_3D('',#15498,#12684,#12685);
#10193=AXIS2_PLACEMENT_3D('',#15501,#12687,#12688);
#10194=AXIS2_PLACEMENT_3D('',#15502,#12689,#12690);
#10195=AXIS2_PLACEMENT_3D('',#15506,#12692,#12693);
#10196=AXIS2_PLACEMENT_3D('',#15507,#12694,#12695);
#10197=AXIS2_PLACEMENT_3D('',#15508,#12696,#12697);
#10198=AXIS2_PLACEMENT_3D('',#15511,#12699,#12700);
#10199=AXIS2_PLACEMENT_3D('',#15512,#12701,#12702);
#10200=AXIS2_PLACEMENT_3D('',#15516,#12704,#12705);
#10201=AXIS2_PLACEMENT_3D('',#15517,#12706,#12707);
#10202=AXIS2_PLACEMENT_3D('',#15518,#12708,#12709);
#10203=AXIS2_PLACEMENT_3D('',#15521,#12711,#12712);
#10204=AXIS2_PLACEMENT_3D('',#15522,#12713,#12714);
#10205=AXIS2_PLACEMENT_3D('',#15526,#12716,#12717);
#10206=AXIS2_PLACEMENT_3D('',#15527,#12718,#12719);
#10207=AXIS2_PLACEMENT_3D('',#15528,#12720,#12721);
#10208=AXIS2_PLACEMENT_3D('',#15531,#12723,#12724);
#10209=AXIS2_PLACEMENT_3D('',#15532,#12725,#12726);
#10210=AXIS2_PLACEMENT_3D('',#15536,#12728,#12729);
#10211=AXIS2_PLACEMENT_3D('',#15537,#12730,#12731);
#10212=AXIS2_PLACEMENT_3D('',#15538,#12732,#12733);
#10213=AXIS2_PLACEMENT_3D('',#15541,#12735,#12736);
#10214=AXIS2_PLACEMENT_3D('',#15542,#12737,#12738);
#10215=AXIS2_PLACEMENT_3D('',#15546,#12740,#12741);
#10216=AXIS2_PLACEMENT_3D('',#15547,#12742,#12743);
#10217=AXIS2_PLACEMENT_3D('',#15548,#12744,#12745);
#10218=AXIS2_PLACEMENT_3D('',#15551,#12747,#12748);
#10219=AXIS2_PLACEMENT_3D('',#15552,#12749,#12750);
#10220=AXIS2_PLACEMENT_3D('',#15556,#12752,#12753);
#10221=AXIS2_PLACEMENT_3D('',#15557,#12754,#12755);
#10222=AXIS2_PLACEMENT_3D('',#15558,#12756,#12757);
#10223=AXIS2_PLACEMENT_3D('',#15561,#12759,#12760);
#10224=AXIS2_PLACEMENT_3D('',#15562,#12761,#12762);
#10225=AXIS2_PLACEMENT_3D('',#15566,#12764,#12765);
#10226=AXIS2_PLACEMENT_3D('',#15567,#12766,#12767);
#10227=AXIS2_PLACEMENT_3D('',#15568,#12768,#12769);
#10228=AXIS2_PLACEMENT_3D('',#15571,#12771,#12772);
#10229=AXIS2_PLACEMENT_3D('',#15572,#12773,#12774);
#10230=AXIS2_PLACEMENT_3D('',#15576,#12776,#12777);
#10231=AXIS2_PLACEMENT_3D('',#15577,#12778,#12779);
#10232=AXIS2_PLACEMENT_3D('',#15578,#12780,#12781);
#10233=AXIS2_PLACEMENT_3D('',#15581,#12783,#12784);
#10234=AXIS2_PLACEMENT_3D('',#15582,#12785,#12786);
#10235=AXIS2_PLACEMENT_3D('',#15586,#12788,#12789);
#10236=AXIS2_PLACEMENT_3D('',#15587,#12790,#12791);
#10237=AXIS2_PLACEMENT_3D('',#15588,#12792,#12793);
#10238=AXIS2_PLACEMENT_3D('',#15591,#12795,#12796);
#10239=AXIS2_PLACEMENT_3D('',#15592,#12797,#12798);
#10240=AXIS2_PLACEMENT_3D('',#15596,#12800,#12801);
#10241=AXIS2_PLACEMENT_3D('',#15597,#12802,#12803);
#10242=AXIS2_PLACEMENT_3D('',#15598,#12804,#12805);
#10243=AXIS2_PLACEMENT_3D('',#15601,#12807,#12808);
#10244=AXIS2_PLACEMENT_3D('',#15602,#12809,#12810);
#10245=AXIS2_PLACEMENT_3D('',#15606,#12812,#12813);
#10246=AXIS2_PLACEMENT_3D('',#15607,#12814,#12815);
#10247=AXIS2_PLACEMENT_3D('',#15608,#12816,#12817);
#10248=AXIS2_PLACEMENT_3D('',#15611,#12819,#12820);
#10249=AXIS2_PLACEMENT_3D('',#15612,#12821,#12822);
#10250=AXIS2_PLACEMENT_3D('',#15616,#12824,#12825);
#10251=AXIS2_PLACEMENT_3D('',#15617,#12826,#12827);
#10252=AXIS2_PLACEMENT_3D('',#15618,#12828,#12829);
#10253=AXIS2_PLACEMENT_3D('',#15621,#12831,#12832);
#10254=AXIS2_PLACEMENT_3D('',#15622,#12833,#12834);
#10255=AXIS2_PLACEMENT_3D('',#15626,#12836,#12837);
#10256=AXIS2_PLACEMENT_3D('',#15627,#12838,#12839);
#10257=AXIS2_PLACEMENT_3D('',#15628,#12840,#12841);
#10258=AXIS2_PLACEMENT_3D('',#15631,#12843,#12844);
#10259=AXIS2_PLACEMENT_3D('',#15632,#12845,#12846);
#10260=AXIS2_PLACEMENT_3D('',#15636,#12848,#12849);
#10261=AXIS2_PLACEMENT_3D('',#15637,#12850,#12851);
#10262=AXIS2_PLACEMENT_3D('',#15638,#12852,#12853);
#10263=AXIS2_PLACEMENT_3D('',#15641,#12855,#12856);
#10264=AXIS2_PLACEMENT_3D('',#15642,#12857,#12858);
#10265=AXIS2_PLACEMENT_3D('',#15646,#12860,#12861);
#10266=AXIS2_PLACEMENT_3D('',#15647,#12862,#12863);
#10267=AXIS2_PLACEMENT_3D('',#15648,#12864,#12865);
#10268=AXIS2_PLACEMENT_3D('',#15651,#12867,#12868);
#10269=AXIS2_PLACEMENT_3D('',#15652,#12869,#12870);
#10270=AXIS2_PLACEMENT_3D('',#15656,#12872,#12873);
#10271=AXIS2_PLACEMENT_3D('',#15657,#12874,#12875);
#10272=AXIS2_PLACEMENT_3D('',#15658,#12876,#12877);
#10273=AXIS2_PLACEMENT_3D('',#15661,#12879,#12880);
#10274=AXIS2_PLACEMENT_3D('',#15662,#12881,#12882);
#10275=AXIS2_PLACEMENT_3D('',#15666,#12884,#12885);
#10276=AXIS2_PLACEMENT_3D('',#15667,#12886,#12887);
#10277=AXIS2_PLACEMENT_3D('',#15668,#12888,#12889);
#10278=AXIS2_PLACEMENT_3D('',#15671,#12891,#12892);
#10279=AXIS2_PLACEMENT_3D('',#15672,#12893,#12894);
#10280=AXIS2_PLACEMENT_3D('',#15676,#12896,#12897);
#10281=AXIS2_PLACEMENT_3D('',#15677,#12898,#12899);
#10282=AXIS2_PLACEMENT_3D('',#15678,#12900,#12901);
#10283=AXIS2_PLACEMENT_3D('',#15681,#12903,#12904);
#10284=AXIS2_PLACEMENT_3D('',#15682,#12905,#12906);
#10285=AXIS2_PLACEMENT_3D('',#15686,#12908,#12909);
#10286=AXIS2_PLACEMENT_3D('',#15687,#12910,#12911);
#10287=AXIS2_PLACEMENT_3D('',#15688,#12912,#12913);
#10288=AXIS2_PLACEMENT_3D('',#15691,#12915,#12916);
#10289=AXIS2_PLACEMENT_3D('',#15692,#12917,#12918);
#10290=AXIS2_PLACEMENT_3D('',#15696,#12920,#12921);
#10291=AXIS2_PLACEMENT_3D('',#15697,#12922,#12923);
#10292=AXIS2_PLACEMENT_3D('',#15698,#12924,#12925);
#10293=AXIS2_PLACEMENT_3D('',#15701,#12927,#12928);
#10294=AXIS2_PLACEMENT_3D('',#15702,#12929,#12930);
#10295=AXIS2_PLACEMENT_3D('',#15706,#12932,#12933);
#10296=AXIS2_PLACEMENT_3D('',#15707,#12934,#12935);
#10297=AXIS2_PLACEMENT_3D('',#15708,#12936,#12937);
#10298=AXIS2_PLACEMENT_3D('',#15711,#12939,#12940);
#10299=AXIS2_PLACEMENT_3D('',#15712,#12941,#12942);
#10300=AXIS2_PLACEMENT_3D('',#15716,#12944,#12945);
#10301=AXIS2_PLACEMENT_3D('',#15717,#12946,#12947);
#10302=AXIS2_PLACEMENT_3D('',#15718,#12948,#12949);
#10303=AXIS2_PLACEMENT_3D('',#15721,#12951,#12952);
#10304=AXIS2_PLACEMENT_3D('',#15722,#12953,#12954);
#10305=AXIS2_PLACEMENT_3D('',#15726,#12956,#12957);
#10306=AXIS2_PLACEMENT_3D('',#15727,#12958,#12959);
#10307=AXIS2_PLACEMENT_3D('',#15728,#12960,#12961);
#10308=AXIS2_PLACEMENT_3D('',#15731,#12963,#12964);
#10309=AXIS2_PLACEMENT_3D('',#15732,#12965,#12966);
#10310=AXIS2_PLACEMENT_3D('',#15736,#12968,#12969);
#10311=AXIS2_PLACEMENT_3D('',#15737,#12970,#12971);
#10312=AXIS2_PLACEMENT_3D('',#15738,#12972,#12973);
#10313=AXIS2_PLACEMENT_3D('',#15741,#12975,#12976);
#10314=AXIS2_PLACEMENT_3D('',#15742,#12977,#12978);
#10315=AXIS2_PLACEMENT_3D('',#15746,#12980,#12981);
#10316=AXIS2_PLACEMENT_3D('',#15747,#12982,#12983);
#10317=AXIS2_PLACEMENT_3D('',#15748,#12984,#12985);
#10318=AXIS2_PLACEMENT_3D('',#15751,#12987,#12988);
#10319=AXIS2_PLACEMENT_3D('',#15752,#12989,#12990);
#10320=AXIS2_PLACEMENT_3D('',#15756,#12992,#12993);
#10321=AXIS2_PLACEMENT_3D('',#15757,#12994,#12995);
#10322=AXIS2_PLACEMENT_3D('',#15758,#12996,#12997);
#10323=AXIS2_PLACEMENT_3D('',#15761,#12999,#13000);
#10324=AXIS2_PLACEMENT_3D('',#15762,#13001,#13002);
#10325=AXIS2_PLACEMENT_3D('',#15766,#13004,#13005);
#10326=AXIS2_PLACEMENT_3D('',#15767,#13006,#13007);
#10327=AXIS2_PLACEMENT_3D('',#15768,#13008,#13009);
#10328=AXIS2_PLACEMENT_3D('',#15771,#13011,#13012);
#10329=AXIS2_PLACEMENT_3D('',#15772,#13013,#13014);
#10330=AXIS2_PLACEMENT_3D('',#15776,#13016,#13017);
#10331=AXIS2_PLACEMENT_3D('',#15777,#13018,#13019);
#10332=AXIS2_PLACEMENT_3D('',#15778,#13020,#13021);
#10333=AXIS2_PLACEMENT_3D('',#15781,#13023,#13024);
#10334=AXIS2_PLACEMENT_3D('',#15782,#13025,#13026);
#10335=AXIS2_PLACEMENT_3D('',#15786,#13028,#13029);
#10336=AXIS2_PLACEMENT_3D('',#15787,#13030,#13031);
#10337=AXIS2_PLACEMENT_3D('',#15788,#13032,#13033);
#10338=AXIS2_PLACEMENT_3D('',#15791,#13035,#13036);
#10339=AXIS2_PLACEMENT_3D('',#15792,#13037,#13038);
#10340=AXIS2_PLACEMENT_3D('',#15796,#13040,#13041);
#10341=AXIS2_PLACEMENT_3D('',#15797,#13042,#13043);
#10342=AXIS2_PLACEMENT_3D('',#15798,#13044,#13045);
#10343=AXIS2_PLACEMENT_3D('',#15801,#13047,#13048);
#10344=AXIS2_PLACEMENT_3D('',#15802,#13049,#13050);
#10345=AXIS2_PLACEMENT_3D('',#15806,#13052,#13053);
#10346=AXIS2_PLACEMENT_3D('',#15807,#13054,#13055);
#10347=AXIS2_PLACEMENT_3D('',#15808,#13056,#13057);
#10348=AXIS2_PLACEMENT_3D('',#15811,#13059,#13060);
#10349=AXIS2_PLACEMENT_3D('',#15812,#13061,#13062);
#10350=AXIS2_PLACEMENT_3D('',#15816,#13064,#13065);
#10351=AXIS2_PLACEMENT_3D('',#15817,#13066,#13067);
#10352=AXIS2_PLACEMENT_3D('',#15818,#13068,#13069);
#10353=AXIS2_PLACEMENT_3D('',#15821,#13071,#13072);
#10354=AXIS2_PLACEMENT_3D('',#15822,#13073,#13074);
#10355=AXIS2_PLACEMENT_3D('',#15826,#13076,#13077);
#10356=AXIS2_PLACEMENT_3D('',#15827,#13078,#13079);
#10357=AXIS2_PLACEMENT_3D('',#15828,#13080,#13081);
#10358=AXIS2_PLACEMENT_3D('',#15831,#13083,#13084);
#10359=AXIS2_PLACEMENT_3D('',#15832,#13085,#13086);
#10360=AXIS2_PLACEMENT_3D('',#15836,#13088,#13089);
#10361=AXIS2_PLACEMENT_3D('',#15837,#13090,#13091);
#10362=AXIS2_PLACEMENT_3D('',#15838,#13092,#13093);
#10363=AXIS2_PLACEMENT_3D('',#15841,#13095,#13096);
#10364=AXIS2_PLACEMENT_3D('',#15842,#13097,#13098);
#10365=AXIS2_PLACEMENT_3D('',#15846,#13100,#13101);
#10366=AXIS2_PLACEMENT_3D('',#15847,#13102,#13103);
#10367=AXIS2_PLACEMENT_3D('',#15848,#13104,#13105);
#10368=AXIS2_PLACEMENT_3D('',#15851,#13107,#13108);
#10369=AXIS2_PLACEMENT_3D('',#15852,#13109,#13110);
#10370=AXIS2_PLACEMENT_3D('',#15856,#13112,#13113);
#10371=AXIS2_PLACEMENT_3D('',#15857,#13114,#13115);
#10372=AXIS2_PLACEMENT_3D('',#15858,#13116,#13117);
#10373=AXIS2_PLACEMENT_3D('',#15861,#13119,#13120);
#10374=AXIS2_PLACEMENT_3D('',#15862,#13121,#13122);
#10375=AXIS2_PLACEMENT_3D('',#15866,#13124,#13125);
#10376=AXIS2_PLACEMENT_3D('',#15867,#13126,#13127);
#10377=AXIS2_PLACEMENT_3D('',#15868,#13128,#13129);
#10378=AXIS2_PLACEMENT_3D('',#15871,#13131,#13132);
#10379=AXIS2_PLACEMENT_3D('',#15872,#13133,#13134);
#10380=AXIS2_PLACEMENT_3D('',#15876,#13136,#13137);
#10381=AXIS2_PLACEMENT_3D('',#15877,#13138,#13139);
#10382=AXIS2_PLACEMENT_3D('',#15878,#13140,#13141);
#10383=AXIS2_PLACEMENT_3D('',#15881,#13143,#13144);
#10384=AXIS2_PLACEMENT_3D('',#15882,#13145,#13146);
#10385=AXIS2_PLACEMENT_3D('',#15886,#13148,#13149);
#10386=AXIS2_PLACEMENT_3D('',#15887,#13150,#13151);
#10387=AXIS2_PLACEMENT_3D('',#15888,#13152,#13153);
#10388=AXIS2_PLACEMENT_3D('',#15891,#13155,#13156);
#10389=AXIS2_PLACEMENT_3D('',#15892,#13157,#13158);
#10390=AXIS2_PLACEMENT_3D('',#15896,#13160,#13161);
#10391=AXIS2_PLACEMENT_3D('',#15897,#13162,#13163);
#10392=AXIS2_PLACEMENT_3D('',#15898,#13164,#13165);
#10393=AXIS2_PLACEMENT_3D('',#15901,#13167,#13168);
#10394=AXIS2_PLACEMENT_3D('',#15902,#13169,#13170);
#10395=AXIS2_PLACEMENT_3D('',#15906,#13172,#13173);
#10396=AXIS2_PLACEMENT_3D('',#15907,#13174,#13175);
#10397=AXIS2_PLACEMENT_3D('',#15908,#13176,#13177);
#10398=AXIS2_PLACEMENT_3D('',#15911,#13179,#13180);
#10399=AXIS2_PLACEMENT_3D('',#15912,#13181,#13182);
#10400=AXIS2_PLACEMENT_3D('',#15916,#13184,#13185);
#10401=AXIS2_PLACEMENT_3D('',#15917,#13186,#13187);
#10402=AXIS2_PLACEMENT_3D('',#15918,#13188,#13189);
#10403=AXIS2_PLACEMENT_3D('',#15921,#13191,#13192);
#10404=AXIS2_PLACEMENT_3D('',#15922,#13193,#13194);
#10405=AXIS2_PLACEMENT_3D('',#15926,#13196,#13197);
#10406=AXIS2_PLACEMENT_3D('',#15927,#13198,#13199);
#10407=AXIS2_PLACEMENT_3D('',#15928,#13200,#13201);
#10408=AXIS2_PLACEMENT_3D('',#15931,#13203,#13204);
#10409=AXIS2_PLACEMENT_3D('',#15932,#13205,#13206);
#10410=AXIS2_PLACEMENT_3D('',#15936,#13208,#13209);
#10411=AXIS2_PLACEMENT_3D('',#15937,#13210,#13211);
#10412=AXIS2_PLACEMENT_3D('',#15938,#13212,#13213);
#10413=AXIS2_PLACEMENT_3D('',#15941,#13215,#13216);
#10414=AXIS2_PLACEMENT_3D('',#15942,#13217,#13218);
#10415=AXIS2_PLACEMENT_3D('',#15946,#13220,#13221);
#10416=AXIS2_PLACEMENT_3D('',#15947,#13222,#13223);
#10417=AXIS2_PLACEMENT_3D('',#15948,#13224,#13225);
#10418=AXIS2_PLACEMENT_3D('',#15951,#13227,#13228);
#10419=AXIS2_PLACEMENT_3D('',#15952,#13229,#13230);
#10420=AXIS2_PLACEMENT_3D('',#15956,#13232,#13233);
#10421=AXIS2_PLACEMENT_3D('',#15957,#13234,#13235);
#10422=AXIS2_PLACEMENT_3D('',#15958,#13236,#13237);
#10423=AXIS2_PLACEMENT_3D('',#15961,#13239,#13240);
#10424=AXIS2_PLACEMENT_3D('',#15962,#13241,#13242);
#10425=AXIS2_PLACEMENT_3D('',#15966,#13244,#13245);
#10426=AXIS2_PLACEMENT_3D('',#15967,#13246,#13247);
#10427=AXIS2_PLACEMENT_3D('',#15968,#13248,#13249);
#10428=AXIS2_PLACEMENT_3D('',#15971,#13251,#13252);
#10429=AXIS2_PLACEMENT_3D('',#15972,#13253,#13254);
#10430=AXIS2_PLACEMENT_3D('',#15976,#13256,#13257);
#10431=AXIS2_PLACEMENT_3D('',#15977,#13258,#13259);
#10432=AXIS2_PLACEMENT_3D('',#15978,#13260,#13261);
#10433=AXIS2_PLACEMENT_3D('',#15981,#13263,#13264);
#10434=AXIS2_PLACEMENT_3D('',#15982,#13265,#13266);
#10435=AXIS2_PLACEMENT_3D('',#15986,#13268,#13269);
#10436=AXIS2_PLACEMENT_3D('',#15987,#13270,#13271);
#10437=AXIS2_PLACEMENT_3D('',#15988,#13272,#13273);
#10438=AXIS2_PLACEMENT_3D('',#15991,#13275,#13276);
#10439=AXIS2_PLACEMENT_3D('',#15992,#13277,#13278);
#10440=AXIS2_PLACEMENT_3D('',#15996,#13280,#13281);
#10441=AXIS2_PLACEMENT_3D('',#15997,#13282,#13283);
#10442=AXIS2_PLACEMENT_3D('',#15998,#13284,#13285);
#10443=AXIS2_PLACEMENT_3D('',#16001,#13287,#13288);
#10444=AXIS2_PLACEMENT_3D('',#16002,#13289,#13290);
#10445=AXIS2_PLACEMENT_3D('',#16006,#13292,#13293);
#10446=AXIS2_PLACEMENT_3D('',#16007,#13294,#13295);
#10447=AXIS2_PLACEMENT_3D('',#16008,#13296,#13297);
#10448=AXIS2_PLACEMENT_3D('',#16011,#13299,#13300);
#10449=AXIS2_PLACEMENT_3D('',#16012,#13301,#13302);
#10450=AXIS2_PLACEMENT_3D('',#16016,#13304,#13305);
#10451=AXIS2_PLACEMENT_3D('',#16017,#13306,#13307);
#10452=AXIS2_PLACEMENT_3D('',#16018,#13308,#13309);
#10453=AXIS2_PLACEMENT_3D('',#16021,#13311,#13312);
#10454=AXIS2_PLACEMENT_3D('',#16022,#13313,#13314);
#10455=AXIS2_PLACEMENT_3D('',#16026,#13316,#13317);
#10456=AXIS2_PLACEMENT_3D('',#16027,#13318,#13319);
#10457=AXIS2_PLACEMENT_3D('',#16028,#13320,#13321);
#10458=AXIS2_PLACEMENT_3D('',#16031,#13323,#13324);
#10459=AXIS2_PLACEMENT_3D('',#16032,#13325,#13326);
#10460=AXIS2_PLACEMENT_3D('',#16036,#13328,#13329);
#10461=AXIS2_PLACEMENT_3D('',#16037,#13330,#13331);
#10462=AXIS2_PLACEMENT_3D('',#16038,#13332,#13333);
#10463=AXIS2_PLACEMENT_3D('',#16041,#13335,#13336);
#10464=AXIS2_PLACEMENT_3D('',#16042,#13337,#13338);
#10465=AXIS2_PLACEMENT_3D('',#16046,#13340,#13341);
#10466=AXIS2_PLACEMENT_3D('',#16047,#13342,#13343);
#10467=AXIS2_PLACEMENT_3D('',#16048,#13344,#13345);
#10468=AXIS2_PLACEMENT_3D('',#16051,#13347,#13348);
#10469=AXIS2_PLACEMENT_3D('',#16052,#13349,#13350);
#10470=AXIS2_PLACEMENT_3D('',#16056,#13352,#13353);
#10471=AXIS2_PLACEMENT_3D('',#16057,#13354,#13355);
#10472=AXIS2_PLACEMENT_3D('',#16058,#13356,#13357);
#10473=AXIS2_PLACEMENT_3D('',#16061,#13359,#13360);
#10474=AXIS2_PLACEMENT_3D('',#16062,#13361,#13362);
#10475=AXIS2_PLACEMENT_3D('',#16066,#13364,#13365);
#10476=AXIS2_PLACEMENT_3D('',#16067,#13366,#13367);
#10477=AXIS2_PLACEMENT_3D('',#16068,#13368,#13369);
#10478=AXIS2_PLACEMENT_3D('',#16071,#13371,#13372);
#10479=AXIS2_PLACEMENT_3D('',#16072,#13373,#13374);
#10480=AXIS2_PLACEMENT_3D('',#16076,#13376,#13377);
#10481=AXIS2_PLACEMENT_3D('',#16077,#13378,#13379);
#10482=AXIS2_PLACEMENT_3D('',#16078,#13380,#13381);
#10483=AXIS2_PLACEMENT_3D('',#16081,#13383,#13384);
#10484=AXIS2_PLACEMENT_3D('',#16082,#13385,#13386);
#10485=AXIS2_PLACEMENT_3D('',#16086,#13388,#13389);
#10486=AXIS2_PLACEMENT_3D('',#16087,#13390,#13391);
#10487=AXIS2_PLACEMENT_3D('',#16088,#13392,#13393);
#10488=AXIS2_PLACEMENT_3D('',#16091,#13395,#13396);
#10489=AXIS2_PLACEMENT_3D('',#16092,#13397,#13398);
#10490=AXIS2_PLACEMENT_3D('',#16096,#13400,#13401);
#10491=AXIS2_PLACEMENT_3D('',#16097,#13402,#13403);
#10492=AXIS2_PLACEMENT_3D('',#16098,#13404,#13405);
#10493=AXIS2_PLACEMENT_3D('',#16101,#13407,#13408);
#10494=AXIS2_PLACEMENT_3D('',#16102,#13409,#13410);
#10495=AXIS2_PLACEMENT_3D('',#16106,#13412,#13413);
#10496=AXIS2_PLACEMENT_3D('',#16107,#13414,#13415);
#10497=AXIS2_PLACEMENT_3D('',#16108,#13416,#13417);
#10498=AXIS2_PLACEMENT_3D('',#16111,#13419,#13420);
#10499=AXIS2_PLACEMENT_3D('',#16112,#13421,#13422);
#10500=AXIS2_PLACEMENT_3D('',#16116,#13424,#13425);
#10501=AXIS2_PLACEMENT_3D('',#16117,#13426,#13427);
#10502=AXIS2_PLACEMENT_3D('',#16118,#13428,#13429);
#10503=AXIS2_PLACEMENT_3D('',#16121,#13431,#13432);
#10504=AXIS2_PLACEMENT_3D('',#16122,#13433,#13434);
#10505=AXIS2_PLACEMENT_3D('',#16126,#13436,#13437);
#10506=AXIS2_PLACEMENT_3D('',#16127,#13438,#13439);
#10507=AXIS2_PLACEMENT_3D('',#16128,#13440,#13441);
#10508=AXIS2_PLACEMENT_3D('',#16131,#13443,#13444);
#10509=AXIS2_PLACEMENT_3D('',#16132,#13445,#13446);
#10510=AXIS2_PLACEMENT_3D('',#16134,#13447,#13448);
#10511=AXIS2_PLACEMENT_3D('',#16137,#13450,#13451);
#10512=AXIS2_PLACEMENT_3D('',#16138,#13452,#13453);
#10513=AXIS2_PLACEMENT_3D('',#16139,#13454,#13455);
#10514=AXIS2_PLACEMENT_3D('',#16141,#13456,#13457);
#10515=AXIS2_PLACEMENT_3D('',#16144,#13459,#13460);
#10516=AXIS2_PLACEMENT_3D('',#16145,#13461,#13462);
#10517=AXIS2_PLACEMENT_3D('',#16146,#13463,#13464);
#10518=AXIS2_PLACEMENT_3D('',#16148,#13465,#13466);
#10519=AXIS2_PLACEMENT_3D('',#16151,#13468,#13469);
#10520=AXIS2_PLACEMENT_3D('',#16152,#13470,#13471);
#10521=AXIS2_PLACEMENT_3D('',#16153,#13472,#13473);
#10522=AXIS2_PLACEMENT_3D('',#16155,#13474,#13475);
#10523=AXIS2_PLACEMENT_3D('',#16158,#13477,#13478);
#10524=AXIS2_PLACEMENT_3D('',#16159,#13479,#13480);
#10525=AXIS2_PLACEMENT_3D('',#16160,#13481,#13482);
#10526=AXIS2_PLACEMENT_3D('',#16163,#13484,#13485);
#10527=AXIS2_PLACEMENT_3D('',#16164,#13486,#13487);
#10528=AXIS2_PLACEMENT_3D('',#16167,#13489,#13490);
#10529=AXIS2_PLACEMENT_3D('',#16168,#13491,#13492);
#10530=AXIS2_PLACEMENT_3D('',#16171,#13494,#13495);
#10531=AXIS2_PLACEMENT_3D('',#16172,#13496,#13497);
#10532=AXIS2_PLACEMENT_3D('',#16175,#13499,#13500);
#10533=AXIS2_PLACEMENT_3D('',#16176,#13501,#13502);
#10534=AXIS2_PLACEMENT_3D('',#16179,#13504,#13505);
#10535=AXIS2_PLACEMENT_3D('',#16180,#13506,#13507);
#10536=AXIS2_PLACEMENT_3D('',#16183,#13509,#13510);
#10537=AXIS2_PLACEMENT_3D('',#16184,#13511,#13512);
#10538=AXIS2_PLACEMENT_3D('',#16187,#13514,#13515);
#10539=AXIS2_PLACEMENT_3D('',#16188,#13516,#13517);
#10540=AXIS2_PLACEMENT_3D('',#16191,#13519,#13520);
#10541=AXIS2_PLACEMENT_3D('',#16192,#13521,#13522);
#10542=AXIS2_PLACEMENT_3D('',#16195,#13524,#13525);
#10543=AXIS2_PLACEMENT_3D('',#16196,#13526,#13527);
#10544=AXIS2_PLACEMENT_3D('',#16199,#13529,#13530);
#10545=AXIS2_PLACEMENT_3D('',#16200,#13531,#13532);
#10546=AXIS2_PLACEMENT_3D('',#16209,#13537,#13538);
#10547=AXIS2_PLACEMENT_3D('',#16213,#13540,#13541);
#10548=AXIS2_PLACEMENT_3D('',#16214,#13542,#13543);
#10549=AXIS2_PLACEMENT_3D('',#16215,#13544,#13545);
#10550=AXIS2_PLACEMENT_3D('',#16221,#13549,#13550);
#10551=AXIS2_PLACEMENT_3D('',#16225,#13552,#13553);
#10552=AXIS2_PLACEMENT_3D('',#16226,#13554,#13555);
#10553=AXIS2_PLACEMENT_3D('',#16227,#13556,#13557);
#10554=AXIS2_PLACEMENT_3D('',#16233,#13561,#13562);
#10555=AXIS2_PLACEMENT_3D('',#16237,#13564,#13565);
#10556=AXIS2_PLACEMENT_3D('',#16238,#13566,#13567);
#10557=AXIS2_PLACEMENT_3D('',#16239,#13568,#13569);
#10558=AXIS2_PLACEMENT_3D('',#16245,#13573,#13574);
#10559=AXIS2_PLACEMENT_3D('',#16246,#13575,#13576);
#10560=AXIS2_PLACEMENT_3D('',#16247,#13577,#13578);
#10561=AXIS2_PLACEMENT_3D('',#16248,#13579,#13580);
#10562=AXIS2_PLACEMENT_3D('',#16252,#13582,#13583);
#10563=AXIS2_PLACEMENT_3D('',#16254,#13585,#13586);
#10564=AXIS2_PLACEMENT_3D('',#16258,#13589,#13590);
#10565=AXIS2_PLACEMENT_3D('',#16261,#13592,#13593);
#10566=AXIS2_PLACEMENT_3D('',#16262,#13594,#13595);
#10567=AXIS2_PLACEMENT_3D('',#16266,#13598,#13599);
#10568=AXIS2_PLACEMENT_3D('',#16268,#13600,#13601);
#10569=AXIS2_PLACEMENT_3D('',#16270,#13602,#13603);
#10570=AXIS2_PLACEMENT_3D('',#16272,#13604,#13605);
#10571=AXIS2_PLACEMENT_3D('',#16274,#13606,#13607);
#10572=AXIS2_PLACEMENT_3D('',#16276,#13608,#13609);
#10573=AXIS2_PLACEMENT_3D('',#16277,#13610,#13611);
#10574=AXIS2_PLACEMENT_3D('',#16280,#13614,#13615);
#10575=AXIS2_PLACEMENT_3D('',#16282,#13617,#13618);
#10576=AXIS2_PLACEMENT_3D('',#16284,#13620,#13621);
#10577=AXIS2_PLACEMENT_3D('',#16286,#13622,#13623);
#10578=AXIS2_PLACEMENT_3D('',#16288,#13625,#13626);
#10579=AXIS2_PLACEMENT_3D('',#16292,#13629,#13630);
#10580=AXIS2_PLACEMENT_3D('',#16294,#13631,#13632);
#10581=AXIS2_PLACEMENT_3D('',#16296,#13634,#13635);
#10582=AXIS2_PLACEMENT_3D('',#16299,#13638,#13639);
#10583=AXIS2_PLACEMENT_3D('',#16300,#13640,#13641);
#10584=AXIS2_PLACEMENT_3D('',#16302,#13643,#13644);
#10585=AXIS2_PLACEMENT_3D('',#16304,#13646,#13647);
#10586=AXIS2_PLACEMENT_3D('',#16306,#13649,#13650);
#10587=AXIS2_PLACEMENT_3D('',#16308,#13651,#13652);
#10588=AXIS2_PLACEMENT_3D('',#16310,#13654,#13655);
#10589=AXIS2_PLACEMENT_3D('',#16312,#13656,#13657);
#10590=AXIS2_PLACEMENT_3D('',#16314,#13659,#13660);
#10591=AXIS2_PLACEMENT_3D('',#16316,#13661,#13662);
#10592=AXIS2_PLACEMENT_3D('',#16318,#13664,#13665);
#10593=AXIS2_PLACEMENT_3D('',#16320,#13666,#13667);
#10594=AXIS2_PLACEMENT_3D('',#16322,#13669,#13670);
#10595=AXIS2_PLACEMENT_3D('',#16323,#13671,#13672);
#10596=AXIS2_PLACEMENT_3D('',#16324,#13673,#13674);
#10597=AXIS2_PLACEMENT_3D('',#16325,#13675,#13676);
#10598=AXIS2_PLACEMENT_3D('',#16326,#13677,#13678);
#10599=AXIS2_PLACEMENT_3D('',#16328,#13679,#13680);
#10600=AXIS2_PLACEMENT_3D('',#16330,#13682,#13683);
#10601=AXIS2_PLACEMENT_3D('',#16331,#13684,#13685);
#10602=AXIS2_PLACEMENT_3D('',#16332,#13686,#13687);
#10603=AXIS2_PLACEMENT_3D('',#16333,#13688,#13689);
#10604=AXIS2_PLACEMENT_3D('',#16334,#13690,#13691);
#10605=AXIS2_PLACEMENT_3D('',#16335,#13692,#13693);
#10606=AXIS2_PLACEMENT_3D('',#16336,#13694,#13695);
#10607=DIRECTION('axis',(0.,0.,1.));
#10608=DIRECTION('refdir',(1.,0.,0.));
#10609=DIRECTION('axis',(0.,0.,1.));
#10610=DIRECTION('refdir',(1.,0.,0.));
#10611=DIRECTION('center_axis',(0.,0.,1.));
#10612=DIRECTION('ref_axis',(1.,0.,0.));
#10613=DIRECTION('center_axis',(-1.22464679914735E-16,0.,1.));
#10614=DIRECTION('ref_axis',(-1.,0.,-1.22464679914735E-16));
#10615=DIRECTION('center_axis',(0.,-1.,0.));
#10616=DIRECTION('ref_axis',(-1.,0.,0.));
#10617=DIRECTION('center_axis',(0.,0.,-1.));
#10618=DIRECTION('ref_axis',(1.,0.,0.));
#10619=DIRECTION('axis',(0.,0.,1.));
#10620=DIRECTION('refdir',(1.,0.,0.));
#10621=DIRECTION('center_axis',(0.,0.,1.));
#10622=DIRECTION('ref_axis',(-1.,0.,0.));
#10623=DIRECTION('center_axis',(0.,0.,1.));
#10624=DIRECTION('ref_axis',(-1.,0.,0.));
#10625=DIRECTION('',(-0.70710678118654,-8.65956056235484E-17,-0.707106781186555));
#10626=DIRECTION('center_axis',(0.,0.,-1.));
#10627=DIRECTION('ref_axis',(-1.,0.,0.));
#10628=DIRECTION('center_axis',(0.,0.,-1.));
#10629=DIRECTION('ref_axis',(-1.,0.,0.));
#10630=DIRECTION('center_axis',(0.,0.,1.));
#10631=DIRECTION('ref_axis',(1.,0.,0.));
#10632=DIRECTION('',(-3.84260061019569E-33,1.,0.));
#10633=DIRECTION('center_axis',(0.,0.,-1.));
#10634=DIRECTION('ref_axis',(-0.707106781186549,-0.707106781186546,0.));
#10635=DIRECTION('',(-1.,3.18412173791148E-33,0.));
#10636=DIRECTION('center_axis',(0.,0.,-1.));
#10637=DIRECTION('ref_axis',(0.707106781186546,-0.707106781186549,0.));
#10638=DIRECTION('',(0.,-1.,0.));
#10639=DIRECTION('center_axis',(0.,0.,-1.));
#10640=DIRECTION('ref_axis',(0.707106781186554,0.707106781186541,0.));
#10641=DIRECTION('',(1.,0.,0.));
#10642=DIRECTION('center_axis',(0.,0.,-1.));
#10643=DIRECTION('ref_axis',(-0.707106781186543,0.707106781186552,0.));
#10644=DIRECTION('center_axis',(0.,0.,1.));
#10645=DIRECTION('ref_axis',(-1.,0.,0.));
#10646=DIRECTION('center_axis',(0.,0.,1.));
#10647=DIRECTION('ref_axis',(-1.,0.,0.));
#10648=DIRECTION('center_axis',(0.,0.,1.));
#10649=DIRECTION('ref_axis',(-1.,0.,0.));
#10650=DIRECTION('center_axis',(0.,0.,1.));
#10651=DIRECTION('ref_axis',(-1.,0.,0.));
#10652=DIRECTION('center_axis',(0.,0.,1.));
#10653=DIRECTION('ref_axis',(-1.,0.,0.));
#10654=DIRECTION('center_axis',(0.,0.,1.));
#10655=DIRECTION('ref_axis',(-1.,0.,0.));
#10656=DIRECTION('center_axis',(0.,0.,1.));
#10657=DIRECTION('ref_axis',(-1.,0.,0.));
#10658=DIRECTION('center_axis',(0.,0.,1.));
#10659=DIRECTION('ref_axis',(-1.,0.,0.));
#10660=DIRECTION('center_axis',(0.,0.,1.));
#10661=DIRECTION('ref_axis',(-1.,0.,0.));
#10662=DIRECTION('center_axis',(0.,0.,1.));
#10663=DIRECTION('ref_axis',(-1.,0.,0.));
#10664=DIRECTION('center_axis',(0.,0.,1.));
#10665=DIRECTION('ref_axis',(-1.,0.,0.));
#10666=DIRECTION('center_axis',(0.,0.,1.));
#10667=DIRECTION('ref_axis',(-1.,0.,0.));
#10668=DIRECTION('center_axis',(0.,0.,1.));
#10669=DIRECTION('ref_axis',(-1.,0.,0.));
#10670=DIRECTION('center_axis',(0.,0.,1.));
#10671=DIRECTION('ref_axis',(-1.,0.,0.));
#10672=DIRECTION('center_axis',(0.,0.,1.));
#10673=DIRECTION('ref_axis',(-1.,0.,0.));
#10674=DIRECTION('center_axis',(0.,0.,1.));
#10675=DIRECTION('ref_axis',(-1.,0.,0.));
#10676=DIRECTION('center_axis',(0.,0.,1.));
#10677=DIRECTION('ref_axis',(-1.,0.,0.));
#10678=DIRECTION('center_axis',(0.,0.,1.));
#10679=DIRECTION('ref_axis',(-1.,0.,0.));
#10680=DIRECTION('center_axis',(0.,0.,1.));
#10681=DIRECTION('ref_axis',(-1.,0.,0.));
#10682=DIRECTION('center_axis',(0.,0.,1.));
#10683=DIRECTION('ref_axis',(-1.,0.,0.));
#10684=DIRECTION('center_axis',(0.,0.,1.));
#10685=DIRECTION('ref_axis',(-1.,0.,0.));
#10686=DIRECTION('center_axis',(0.,0.,1.));
#10687=DIRECTION('ref_axis',(-1.,0.,0.));
#10688=DIRECTION('center_axis',(0.,0.,1.));
#10689=DIRECTION('ref_axis',(-1.,0.,0.));
#10690=DIRECTION('center_axis',(0.,0.,1.));
#10691=DIRECTION('ref_axis',(-1.,0.,0.));
#10692=DIRECTION('center_axis',(0.,0.,1.));
#10693=DIRECTION('ref_axis',(-1.,0.,0.));
#10694=DIRECTION('center_axis',(0.,0.,1.));
#10695=DIRECTION('ref_axis',(-1.,0.,0.));
#10696=DIRECTION('center_axis',(0.,0.,1.));
#10697=DIRECTION('ref_axis',(-1.,0.,0.));
#10698=DIRECTION('center_axis',(0.,0.,1.));
#10699=DIRECTION('ref_axis',(-1.,0.,0.));
#10700=DIRECTION('center_axis',(0.,0.,1.));
#10701=DIRECTION('ref_axis',(-1.,0.,0.));
#10702=DIRECTION('center_axis',(0.,0.,1.));
#10703=DIRECTION('ref_axis',(-1.,0.,0.));
#10704=DIRECTION('center_axis',(0.,0.,1.));
#10705=DIRECTION('ref_axis',(-1.,0.,0.));
#10706=DIRECTION('center_axis',(0.,0.,1.));
#10707=DIRECTION('ref_axis',(-1.,0.,0.));
#10708=DIRECTION('center_axis',(0.,0.,1.));
#10709=DIRECTION('ref_axis',(-1.,0.,0.));
#10710=DIRECTION('center_axis',(0.,0.,1.));
#10711=DIRECTION('ref_axis',(-1.,0.,0.));
#10712=DIRECTION('center_axis',(0.,0.,1.));
#10713=DIRECTION('ref_axis',(-1.,0.,0.));
#10714=DIRECTION('center_axis',(0.,0.,1.));
#10715=DIRECTION('ref_axis',(-1.,0.,0.));
#10716=DIRECTION('center_axis',(0.,0.,1.));
#10717=DIRECTION('ref_axis',(-1.,0.,0.));
#10718=DIRECTION('center_axis',(0.,0.,1.));
#10719=DIRECTION('ref_axis',(-1.,0.,0.));
#10720=DIRECTION('center_axis',(0.,0.,1.));
#10721=DIRECTION('ref_axis',(-1.,0.,0.));
#10722=DIRECTION('center_axis',(0.,0.,1.));
#10723=DIRECTION('ref_axis',(-1.,0.,0.));
#10724=DIRECTION('center_axis',(0.,0.,1.));
#10725=DIRECTION('ref_axis',(-1.,0.,0.));
#10726=DIRECTION('center_axis',(0.,0.,1.));
#10727=DIRECTION('ref_axis',(-1.,0.,0.));
#10728=DIRECTION('center_axis',(0.,0.,1.));
#10729=DIRECTION('ref_axis',(-1.,0.,0.));
#10730=DIRECTION('center_axis',(0.,0.,1.));
#10731=DIRECTION('ref_axis',(-1.,0.,0.));
#10732=DIRECTION('center_axis',(0.,0.,1.));
#10733=DIRECTION('ref_axis',(-1.,0.,0.));
#10734=DIRECTION('center_axis',(0.,0.,1.));
#10735=DIRECTION('ref_axis',(-1.,0.,0.));
#10736=DIRECTION('center_axis',(0.,0.,1.));
#10737=DIRECTION('ref_axis',(-1.,0.,0.));
#10738=DIRECTION('center_axis',(0.,0.,1.));
#10739=DIRECTION('ref_axis',(-1.,0.,0.));
#10740=DIRECTION('center_axis',(0.,0.,1.));
#10741=DIRECTION('ref_axis',(-1.,0.,0.));
#10742=DIRECTION('center_axis',(0.,0.,1.));
#10743=DIRECTION('ref_axis',(-1.,0.,0.));
#10744=DIRECTION('center_axis',(0.,0.,1.));
#10745=DIRECTION('ref_axis',(-1.,0.,0.));
#10746=DIRECTION('center_axis',(0.,0.,1.));
#10747=DIRECTION('ref_axis',(-1.,0.,0.));
#10748=DIRECTION('center_axis',(0.,0.,1.));
#10749=DIRECTION('ref_axis',(-1.,0.,0.));
#10750=DIRECTION('center_axis',(0.,0.,1.));
#10751=DIRECTION('ref_axis',(-1.,0.,0.));
#10752=DIRECTION('center_axis',(0.,0.,1.));
#10753=DIRECTION('ref_axis',(-1.,0.,0.));
#10754=DIRECTION('center_axis',(0.,0.,1.));
#10755=DIRECTION('ref_axis',(-1.,0.,0.));
#10756=DIRECTION('center_axis',(0.,0.,1.));
#10757=DIRECTION('ref_axis',(-1.,0.,0.));
#10758=DIRECTION('center_axis',(0.,0.,1.));
#10759=DIRECTION('ref_axis',(-1.,0.,0.));
#10760=DIRECTION('center_axis',(0.,0.,1.));
#10761=DIRECTION('ref_axis',(-1.,0.,0.));
#10762=DIRECTION('center_axis',(0.,0.,1.));
#10763=DIRECTION('ref_axis',(-1.,0.,0.));
#10764=DIRECTION('center_axis',(0.,0.,1.));
#10765=DIRECTION('ref_axis',(-1.,0.,0.));
#10766=DIRECTION('center_axis',(0.,0.,1.));
#10767=DIRECTION('ref_axis',(-1.,0.,0.));
#10768=DIRECTION('center_axis',(0.,0.,1.));
#10769=DIRECTION('ref_axis',(-1.,0.,0.));
#10770=DIRECTION('center_axis',(0.,0.,1.));
#10771=DIRECTION('ref_axis',(-1.,0.,0.));
#10772=DIRECTION('center_axis',(0.,0.,1.));
#10773=DIRECTION('ref_axis',(-1.,0.,0.));
#10774=DIRECTION('center_axis',(0.,0.,1.));
#10775=DIRECTION('ref_axis',(-1.,0.,0.));
#10776=DIRECTION('center_axis',(0.,0.,1.));
#10777=DIRECTION('ref_axis',(-1.,0.,0.));
#10778=DIRECTION('center_axis',(0.,0.,1.));
#10779=DIRECTION('ref_axis',(-1.,0.,0.));
#10780=DIRECTION('center_axis',(0.,0.,1.));
#10781=DIRECTION('ref_axis',(-1.,0.,0.));
#10782=DIRECTION('center_axis',(0.,0.,1.));
#10783=DIRECTION('ref_axis',(-1.,0.,0.));
#10784=DIRECTION('center_axis',(0.,0.,1.));
#10785=DIRECTION('ref_axis',(-1.,0.,0.));
#10786=DIRECTION('center_axis',(0.,0.,1.));
#10787=DIRECTION('ref_axis',(-1.,0.,0.));
#10788=DIRECTION('center_axis',(0.,0.,1.));
#10789=DIRECTION('ref_axis',(-1.,0.,0.));
#10790=DIRECTION('center_axis',(0.,0.,1.));
#10791=DIRECTION('ref_axis',(-1.,0.,0.));
#10792=DIRECTION('center_axis',(0.,0.,1.));
#10793=DIRECTION('ref_axis',(-1.,0.,0.));
#10794=DIRECTION('center_axis',(0.,0.,1.));
#10795=DIRECTION('ref_axis',(-1.,0.,0.));
#10796=DIRECTION('center_axis',(0.,0.,1.));
#10797=DIRECTION('ref_axis',(-1.,0.,0.));
#10798=DIRECTION('center_axis',(0.,0.,1.));
#10799=DIRECTION('ref_axis',(-1.,0.,0.));
#10800=DIRECTION('center_axis',(0.,0.,1.));
#10801=DIRECTION('ref_axis',(-1.,0.,0.));
#10802=DIRECTION('center_axis',(0.,0.,1.));
#10803=DIRECTION('ref_axis',(-1.,0.,0.));
#10804=DIRECTION('center_axis',(0.,0.,1.));
#10805=DIRECTION('ref_axis',(-1.,0.,0.));
#10806=DIRECTION('center_axis',(0.,0.,1.));
#10807=DIRECTION('ref_axis',(-1.,0.,0.));
#10808=DIRECTION('center_axis',(0.,0.,1.));
#10809=DIRECTION('ref_axis',(-1.,0.,0.));
#10810=DIRECTION('center_axis',(0.,0.,1.));
#10811=DIRECTION('ref_axis',(-1.,0.,0.));
#10812=DIRECTION('center_axis',(0.,0.,1.));
#10813=DIRECTION('ref_axis',(-1.,0.,0.));
#10814=DIRECTION('center_axis',(0.,0.,1.));
#10815=DIRECTION('ref_axis',(-1.,0.,0.));
#10816=DIRECTION('center_axis',(0.,0.,1.));
#10817=DIRECTION('ref_axis',(-1.,0.,0.));
#10818=DIRECTION('center_axis',(0.,0.,1.));
#10819=DIRECTION('ref_axis',(-1.,0.,0.));
#10820=DIRECTION('center_axis',(0.,0.,1.));
#10821=DIRECTION('ref_axis',(-1.,0.,0.));
#10822=DIRECTION('center_axis',(0.,0.,1.));
#10823=DIRECTION('ref_axis',(-1.,0.,0.));
#10824=DIRECTION('center_axis',(0.,0.,1.));
#10825=DIRECTION('ref_axis',(-1.,0.,0.));
#10826=DIRECTION('center_axis',(0.,0.,1.));
#10827=DIRECTION('ref_axis',(-1.,0.,0.));
#10828=DIRECTION('center_axis',(0.,0.,1.));
#10829=DIRECTION('ref_axis',(-1.,0.,0.));
#10830=DIRECTION('center_axis',(0.,0.,1.));
#10831=DIRECTION('ref_axis',(-1.,0.,0.));
#10832=DIRECTION('center_axis',(0.,0.,1.));
#10833=DIRECTION('ref_axis',(-1.,0.,0.));
#10834=DIRECTION('center_axis',(0.,0.,1.));
#10835=DIRECTION('ref_axis',(-1.,0.,0.));
#10836=DIRECTION('center_axis',(0.,0.,1.));
#10837=DIRECTION('ref_axis',(-1.,0.,0.));
#10838=DIRECTION('center_axis',(0.,0.,1.));
#10839=DIRECTION('ref_axis',(-1.,0.,0.));
#10840=DIRECTION('center_axis',(0.,0.,1.));
#10841=DIRECTION('ref_axis',(-1.,0.,0.));
#10842=DIRECTION('center_axis',(0.,0.,1.));
#10843=DIRECTION('ref_axis',(-1.,0.,0.));
#10844=DIRECTION('center_axis',(0.,0.,1.));
#10845=DIRECTION('ref_axis',(-1.,0.,0.));
#10846=DIRECTION('center_axis',(0.,0.,1.));
#10847=DIRECTION('ref_axis',(-1.,0.,0.));
#10848=DIRECTION('center_axis',(0.,0.,1.));
#10849=DIRECTION('ref_axis',(-1.,0.,0.));
#10850=DIRECTION('center_axis',(0.,0.,1.));
#10851=DIRECTION('ref_axis',(-1.,0.,0.));
#10852=DIRECTION('center_axis',(0.,0.,1.));
#10853=DIRECTION('ref_axis',(-1.,0.,0.));
#10854=DIRECTION('center_axis',(0.,0.,1.));
#10855=DIRECTION('ref_axis',(-1.,0.,0.));
#10856=DIRECTION('center_axis',(0.,0.,1.));
#10857=DIRECTION('ref_axis',(-1.,0.,0.));
#10858=DIRECTION('center_axis',(0.,0.,1.));
#10859=DIRECTION('ref_axis',(-1.,0.,0.));
#10860=DIRECTION('center_axis',(0.,0.,1.));
#10861=DIRECTION('ref_axis',(-1.,0.,0.));
#10862=DIRECTION('center_axis',(0.,0.,1.));
#10863=DIRECTION('ref_axis',(-1.,0.,0.));
#10864=DIRECTION('center_axis',(0.,0.,1.));
#10865=DIRECTION('ref_axis',(-1.,0.,0.));
#10866=DIRECTION('center_axis',(0.,0.,1.));
#10867=DIRECTION('ref_axis',(-1.,0.,0.));
#10868=DIRECTION('center_axis',(0.,0.,1.));
#10869=DIRECTION('ref_axis',(-1.,0.,0.));
#10870=DIRECTION('center_axis',(0.,0.,1.));
#10871=DIRECTION('ref_axis',(-1.,0.,0.));
#10872=DIRECTION('center_axis',(0.,0.,1.));
#10873=DIRECTION('ref_axis',(-1.,0.,0.));
#10874=DIRECTION('center_axis',(0.,0.,1.));
#10875=DIRECTION('ref_axis',(-1.,0.,0.));
#10876=DIRECTION('center_axis',(0.,0.,1.));
#10877=DIRECTION('ref_axis',(-1.,0.,0.));
#10878=DIRECTION('center_axis',(0.,0.,1.));
#10879=DIRECTION('ref_axis',(-1.,0.,0.));
#10880=DIRECTION('center_axis',(0.,0.,1.));
#10881=DIRECTION('ref_axis',(-1.,0.,0.));
#10882=DIRECTION('center_axis',(0.,0.,1.));
#10883=DIRECTION('ref_axis',(-1.,0.,0.));
#10884=DIRECTION('center_axis',(0.,0.,1.));
#10885=DIRECTION('ref_axis',(-1.,0.,0.));
#10886=DIRECTION('center_axis',(0.,0.,1.));
#10887=DIRECTION('ref_axis',(-1.,0.,0.));
#10888=DIRECTION('center_axis',(0.,0.,1.));
#10889=DIRECTION('ref_axis',(-1.,0.,0.));
#10890=DIRECTION('center_axis',(0.,0.,1.));
#10891=DIRECTION('ref_axis',(-1.,0.,0.));
#10892=DIRECTION('center_axis',(0.,0.,1.));
#10893=DIRECTION('ref_axis',(-1.,0.,0.));
#10894=DIRECTION('center_axis',(0.,0.,1.));
#10895=DIRECTION('ref_axis',(-1.,0.,0.));
#10896=DIRECTION('center_axis',(0.,0.,1.));
#10897=DIRECTION('ref_axis',(-1.,0.,0.));
#10898=DIRECTION('center_axis',(0.,0.,1.));
#10899=DIRECTION('ref_axis',(-1.,0.,0.));
#10900=DIRECTION('center_axis',(0.,0.,1.));
#10901=DIRECTION('ref_axis',(-1.,0.,0.));
#10902=DIRECTION('center_axis',(0.,0.,1.));
#10903=DIRECTION('ref_axis',(-1.,0.,0.));
#10904=DIRECTION('center_axis',(0.,0.,1.));
#10905=DIRECTION('ref_axis',(-1.,0.,0.));
#10906=DIRECTION('center_axis',(0.,0.,1.));
#10907=DIRECTION('ref_axis',(-1.,0.,0.));
#10908=DIRECTION('center_axis',(0.,0.,1.));
#10909=DIRECTION('ref_axis',(-1.,0.,0.));
#10910=DIRECTION('center_axis',(0.,0.,1.));
#10911=DIRECTION('ref_axis',(-1.,0.,0.));
#10912=DIRECTION('center_axis',(0.,0.,1.));
#10913=DIRECTION('ref_axis',(-1.,0.,0.));
#10914=DIRECTION('center_axis',(0.,0.,1.));
#10915=DIRECTION('ref_axis',(-1.,0.,0.));
#10916=DIRECTION('center_axis',(0.,0.,1.));
#10917=DIRECTION('ref_axis',(-1.,0.,0.));
#10918=DIRECTION('center_axis',(0.,0.,1.));
#10919=DIRECTION('ref_axis',(-1.,0.,0.));
#10920=DIRECTION('center_axis',(0.,0.,1.));
#10921=DIRECTION('ref_axis',(-1.,0.,0.));
#10922=DIRECTION('center_axis',(0.,0.,1.));
#10923=DIRECTION('ref_axis',(-1.,0.,0.));
#10924=DIRECTION('center_axis',(0.,0.,1.));
#10925=DIRECTION('ref_axis',(-1.,0.,0.));
#10926=DIRECTION('center_axis',(0.,0.,1.));
#10927=DIRECTION('ref_axis',(-1.,0.,0.));
#10928=DIRECTION('center_axis',(0.,0.,1.));
#10929=DIRECTION('ref_axis',(-1.,0.,0.));
#10930=DIRECTION('center_axis',(0.,0.,1.));
#10931=DIRECTION('ref_axis',(-1.,0.,0.));
#10932=DIRECTION('center_axis',(0.,0.,1.));
#10933=DIRECTION('ref_axis',(-1.,0.,0.));
#10934=DIRECTION('center_axis',(0.,0.,1.));
#10935=DIRECTION('ref_axis',(-1.,0.,0.));
#10936=DIRECTION('center_axis',(0.,0.,1.));
#10937=DIRECTION('ref_axis',(-1.,0.,0.));
#10938=DIRECTION('center_axis',(0.,0.,1.));
#10939=DIRECTION('ref_axis',(-1.,0.,0.));
#10940=DIRECTION('center_axis',(0.,0.,1.));
#10941=DIRECTION('ref_axis',(-1.,0.,0.));
#10942=DIRECTION('center_axis',(0.,0.,1.));
#10943=DIRECTION('ref_axis',(-1.,0.,0.));
#10944=DIRECTION('center_axis',(0.,0.,1.));
#10945=DIRECTION('ref_axis',(-1.,0.,0.));
#10946=DIRECTION('center_axis',(0.,0.,1.));
#10947=DIRECTION('ref_axis',(-1.,0.,0.));
#10948=DIRECTION('center_axis',(0.,0.,1.));
#10949=DIRECTION('ref_axis',(-1.,0.,0.));
#10950=DIRECTION('center_axis',(0.,0.,1.));
#10951=DIRECTION('ref_axis',(-1.,0.,0.));
#10952=DIRECTION('center_axis',(0.,0.,1.));
#10953=DIRECTION('ref_axis',(-1.,0.,0.));
#10954=DIRECTION('center_axis',(0.,0.,1.));
#10955=DIRECTION('ref_axis',(-1.,0.,0.));
#10956=DIRECTION('center_axis',(0.,0.,1.));
#10957=DIRECTION('ref_axis',(-1.,0.,0.));
#10958=DIRECTION('center_axis',(0.,0.,1.));
#10959=DIRECTION('ref_axis',(-1.,0.,0.));
#10960=DIRECTION('center_axis',(0.,0.,1.));
#10961=DIRECTION('ref_axis',(-1.,0.,0.));
#10962=DIRECTION('center_axis',(0.,0.,1.));
#10963=DIRECTION('ref_axis',(-1.,0.,0.));
#10964=DIRECTION('center_axis',(0.,0.,1.));
#10965=DIRECTION('ref_axis',(-1.,0.,0.));
#10966=DIRECTION('center_axis',(0.,0.,1.));
#10967=DIRECTION('ref_axis',(-1.,0.,0.));
#10968=DIRECTION('center_axis',(0.,0.,1.));
#10969=DIRECTION('ref_axis',(-1.,0.,0.));
#10970=DIRECTION('center_axis',(0.,0.,1.));
#10971=DIRECTION('ref_axis',(-1.,0.,0.));
#10972=DIRECTION('center_axis',(0.,0.,1.));
#10973=DIRECTION('ref_axis',(-1.,0.,0.));
#10974=DIRECTION('center_axis',(0.,0.,1.));
#10975=DIRECTION('ref_axis',(-1.,0.,0.));
#10976=DIRECTION('center_axis',(0.,0.,1.));
#10977=DIRECTION('ref_axis',(-1.,0.,0.));
#10978=DIRECTION('center_axis',(0.,0.,1.));
#10979=DIRECTION('ref_axis',(-1.,0.,0.));
#10980=DIRECTION('center_axis',(0.,0.,1.));
#10981=DIRECTION('ref_axis',(-1.,0.,0.));
#10982=DIRECTION('center_axis',(0.,0.,1.));
#10983=DIRECTION('ref_axis',(-1.,0.,0.));
#10984=DIRECTION('center_axis',(0.,0.,1.));
#10985=DIRECTION('ref_axis',(-1.,0.,0.));
#10986=DIRECTION('center_axis',(0.,0.,1.));
#10987=DIRECTION('ref_axis',(-1.,0.,0.));
#10988=DIRECTION('center_axis',(0.,0.,1.));
#10989=DIRECTION('ref_axis',(-1.,0.,0.));
#10990=DIRECTION('center_axis',(0.,0.,1.));
#10991=DIRECTION('ref_axis',(-1.,0.,0.));
#10992=DIRECTION('center_axis',(0.,0.,1.));
#10993=DIRECTION('ref_axis',(-1.,0.,0.));
#10994=DIRECTION('center_axis',(0.,0.,1.));
#10995=DIRECTION('ref_axis',(-1.,0.,0.));
#10996=DIRECTION('center_axis',(0.,0.,1.));
#10997=DIRECTION('ref_axis',(-1.,0.,0.));
#10998=DIRECTION('center_axis',(0.,0.,1.));
#10999=DIRECTION('ref_axis',(-1.,0.,0.));
#11000=DIRECTION('center_axis',(0.,0.,1.));
#11001=DIRECTION('ref_axis',(-1.,0.,0.));
#11002=DIRECTION('center_axis',(0.,0.,1.));
#11003=DIRECTION('ref_axis',(-1.,0.,0.));
#11004=DIRECTION('center_axis',(0.,0.,1.));
#11005=DIRECTION('ref_axis',(-1.,0.,0.));
#11006=DIRECTION('center_axis',(0.,0.,1.));
#11007=DIRECTION('ref_axis',(-1.,0.,0.));
#11008=DIRECTION('center_axis',(0.,0.,1.));
#11009=DIRECTION('ref_axis',(-1.,0.,0.));
#11010=DIRECTION('center_axis',(0.,0.,1.));
#11011=DIRECTION('ref_axis',(-1.,0.,0.));
#11012=DIRECTION('center_axis',(0.,0.,1.));
#11013=DIRECTION('ref_axis',(-1.,0.,0.));
#11014=DIRECTION('center_axis',(0.,0.,1.));
#11015=DIRECTION('ref_axis',(-1.,0.,0.));
#11016=DIRECTION('center_axis',(0.,0.,1.));
#11017=DIRECTION('ref_axis',(-1.,0.,0.));
#11018=DIRECTION('center_axis',(0.,0.,1.));
#11019=DIRECTION('ref_axis',(-1.,0.,0.));
#11020=DIRECTION('center_axis',(0.,0.,1.));
#11021=DIRECTION('ref_axis',(-1.,0.,0.));
#11022=DIRECTION('center_axis',(0.,0.,1.));
#11023=DIRECTION('ref_axis',(-1.,0.,0.));
#11024=DIRECTION('center_axis',(0.,0.,1.));
#11025=DIRECTION('ref_axis',(-1.,0.,0.));
#11026=DIRECTION('center_axis',(0.,0.,1.));
#11027=DIRECTION('ref_axis',(-1.,0.,0.));
#11028=DIRECTION('center_axis',(0.,0.,1.));
#11029=DIRECTION('ref_axis',(-1.,0.,0.));
#11030=DIRECTION('center_axis',(0.,0.,1.));
#11031=DIRECTION('ref_axis',(-1.,0.,0.));
#11032=DIRECTION('center_axis',(0.,0.,1.));
#11033=DIRECTION('ref_axis',(-1.,0.,0.));
#11034=DIRECTION('center_axis',(0.,0.,1.));
#11035=DIRECTION('ref_axis',(-1.,0.,0.));
#11036=DIRECTION('center_axis',(0.,0.,1.));
#11037=DIRECTION('ref_axis',(-1.,0.,0.));
#11038=DIRECTION('center_axis',(0.,0.,1.));
#11039=DIRECTION('ref_axis',(-1.,0.,0.));
#11040=DIRECTION('center_axis',(0.,0.,1.));
#11041=DIRECTION('ref_axis',(-1.,0.,0.));
#11042=DIRECTION('center_axis',(0.,0.,1.));
#11043=DIRECTION('ref_axis',(-1.,0.,0.));
#11044=DIRECTION('center_axis',(0.,0.,1.));
#11045=DIRECTION('ref_axis',(-1.,0.,0.));
#11046=DIRECTION('center_axis',(0.,0.,1.));
#11047=DIRECTION('ref_axis',(-1.,0.,0.));
#11048=DIRECTION('center_axis',(0.,0.,1.));
#11049=DIRECTION('ref_axis',(-1.,0.,0.));
#11050=DIRECTION('center_axis',(0.,0.,1.));
#11051=DIRECTION('ref_axis',(-1.,0.,0.));
#11052=DIRECTION('center_axis',(0.,0.,-1.));
#11053=DIRECTION('ref_axis',(1.,0.,0.));
#11054=DIRECTION('',(0.,0.,-1.));
#11055=DIRECTION('center_axis',(0.,0.,1.));
#11056=DIRECTION('ref_axis',(1.,0.,0.));
#11057=DIRECTION('center_axis',(0.,0.,1.));
#11058=DIRECTION('ref_axis',(-1.,0.,0.));
#11059=DIRECTION('',(-0.70710678118654,-8.65956056235484E-17,-0.707106781186555));
#11060=DIRECTION('center_axis',(0.,0.,-1.));
#11061=DIRECTION('ref_axis',(-1.,0.,0.));
#11062=DIRECTION('center_axis',(0.,0.,-1.));
#11063=DIRECTION('ref_axis',(-1.,0.,0.));
#11064=DIRECTION('center_axis',(0.,0.,-1.));
#11065=DIRECTION('ref_axis',(1.,0.,0.));
#11066=DIRECTION('',(0.,0.,-1.));
#11067=DIRECTION('center_axis',(0.,0.,1.));
#11068=DIRECTION('ref_axis',(1.,0.,0.));
#11069=DIRECTION('center_axis',(0.,0.,1.));
#11070=DIRECTION('ref_axis',(-1.,0.,0.));
#11071=DIRECTION('',(-0.70710678118654,-8.65956056235484E-17,-0.707106781186555));
#11072=DIRECTION('center_axis',(0.,0.,-1.));
#11073=DIRECTION('ref_axis',(-1.,0.,0.));
#11074=DIRECTION('center_axis',(0.,0.,-1.));
#11075=DIRECTION('ref_axis',(-1.,0.,0.));
#11076=DIRECTION('center_axis',(0.,0.,-1.));
#11077=DIRECTION('ref_axis',(1.,0.,0.));
#11078=DIRECTION('',(0.,0.,-1.));
#11079=DIRECTION('center_axis',(0.,0.,1.));
#11080=DIRECTION('ref_axis',(1.,0.,0.));
#11081=DIRECTION('center_axis',(0.,0.,1.));
#11082=DIRECTION('ref_axis',(-1.,0.,0.));
#11083=DIRECTION('',(-0.70710678118654,-8.65956056235484E-17,-0.707106781186555));
#11084=DIRECTION('center_axis',(0.,0.,-1.));
#11085=DIRECTION('ref_axis',(-1.,0.,0.));
#11086=DIRECTION('center_axis',(0.,0.,-1.));
#11087=DIRECTION('ref_axis',(-1.,0.,0.));
#11088=DIRECTION('center_axis',(0.,0.,-1.));
#11089=DIRECTION('ref_axis',(1.,0.,0.));
#11090=DIRECTION('',(0.,0.,-1.));
#11091=DIRECTION('center_axis',(0.,0.,1.));
#11092=DIRECTION('ref_axis',(1.,0.,0.));
#11093=DIRECTION('center_axis',(0.,0.,1.));
#11094=DIRECTION('ref_axis',(-1.,0.,0.));
#11095=DIRECTION('',(-0.70710678118654,-8.65956056235484E-17,-0.707106781186555));
#11096=DIRECTION('center_axis',(0.,0.,-1.));
#11097=DIRECTION('ref_axis',(-1.,0.,0.));
#11098=DIRECTION('center_axis',(0.,0.,-1.));
#11099=DIRECTION('ref_axis',(-1.,0.,0.));
#11100=DIRECTION('center_axis',(0.,0.,-1.));
#11101=DIRECTION('ref_axis',(1.,0.,0.));
#11102=DIRECTION('',(0.,0.,-1.));
#11103=DIRECTION('center_axis',(0.,0.,1.));
#11104=DIRECTION('ref_axis',(1.,0.,0.));
#11105=DIRECTION('center_axis',(0.,0.,1.));
#11106=DIRECTION('ref_axis',(-1.,0.,0.));
#11107=DIRECTION('',(-0.707106781186548,-8.65956056235493E-17,-0.707106781186548));
#11108=DIRECTION('center_axis',(0.,0.,-1.));
#11109=DIRECTION('ref_axis',(-1.,0.,0.));
#11110=DIRECTION('center_axis',(0.,0.,-1.));
#11111=DIRECTION('ref_axis',(-1.,0.,0.));
#11112=DIRECTION('center_axis',(0.,0.,-1.));
#11113=DIRECTION('ref_axis',(1.,0.,0.));
#11114=DIRECTION('',(0.,0.,-1.));
#11115=DIRECTION('center_axis',(0.,0.,1.));
#11116=DIRECTION('ref_axis',(1.,0.,0.));
#11117=DIRECTION('center_axis',(0.,0.,1.));
#11118=DIRECTION('ref_axis',(-1.,0.,0.));
#11119=DIRECTION('',(-0.707106781186548,-8.65956056235493E-17,-0.707106781186548));
#11120=DIRECTION('center_axis',(0.,0.,-1.));
#11121=DIRECTION('ref_axis',(-1.,0.,0.));
#11122=DIRECTION('center_axis',(0.,0.,-1.));
#11123=DIRECTION('ref_axis',(-1.,0.,0.));
#11124=DIRECTION('center_axis',(0.,0.,-1.));
#11125=DIRECTION('ref_axis',(1.,0.,0.));
#11126=DIRECTION('',(0.,0.,-1.));
#11127=DIRECTION('center_axis',(0.,0.,1.));
#11128=DIRECTION('ref_axis',(1.,0.,0.));
#11129=DIRECTION('center_axis',(0.,0.,1.));
#11130=DIRECTION('ref_axis',(-1.,0.,0.));
#11131=DIRECTION('',(-0.70710678118654,-8.65956056235484E-17,-0.707106781186555));
#11132=DIRECTION('center_axis',(0.,0.,-1.));
#11133=DIRECTION('ref_axis',(-1.,0.,0.));
#11134=DIRECTION('center_axis',(0.,0.,-1.));
#11135=DIRECTION('ref_axis',(-1.,0.,0.));
#11136=DIRECTION('center_axis',(0.,0.,-1.));
#11137=DIRECTION('ref_axis',(1.,0.,0.));
#11138=DIRECTION('',(0.,0.,-1.));
#11139=DIRECTION('center_axis',(0.,0.,1.));
#11140=DIRECTION('ref_axis',(1.,0.,0.));
#11141=DIRECTION('center_axis',(0.,0.,1.));
#11142=DIRECTION('ref_axis',(-1.,0.,0.));
#11143=DIRECTION('',(-0.70710678118654,-8.65956056235484E-17,-0.707106781186555));
#11144=DIRECTION('center_axis',(0.,0.,-1.));
#11145=DIRECTION('ref_axis',(-1.,0.,0.));
#11146=DIRECTION('center_axis',(0.,0.,-1.));
#11147=DIRECTION('ref_axis',(-1.,0.,0.));
#11148=DIRECTION('center_axis',(0.,0.,-1.));
#11149=DIRECTION('ref_axis',(1.,0.,0.));
#11150=DIRECTION('',(0.,0.,-1.));
#11151=DIRECTION('center_axis',(0.,0.,1.));
#11152=DIRECTION('ref_axis',(1.,0.,0.));
#11153=DIRECTION('center_axis',(0.,0.,1.));
#11154=DIRECTION('ref_axis',(-1.,0.,0.));
#11155=DIRECTION('',(-0.70710678118654,-8.65956056235484E-17,-0.707106781186555));
#11156=DIRECTION('center_axis',(0.,0.,-1.));
#11157=DIRECTION('ref_axis',(-1.,0.,0.));
#11158=DIRECTION('center_axis',(0.,0.,-1.));
#11159=DIRECTION('ref_axis',(-1.,0.,0.));
#11160=DIRECTION('center_axis',(0.,0.,-1.));
#11161=DIRECTION('ref_axis',(1.,0.,0.));
#11162=DIRECTION('',(0.,0.,-1.));
#11163=DIRECTION('center_axis',(0.,0.,1.));
#11164=DIRECTION('ref_axis',(1.,0.,0.));
#11165=DIRECTION('center_axis',(0.,0.,1.));
#11166=DIRECTION('ref_axis',(-1.,0.,0.));
#11167=DIRECTION('',(-0.70710678118654,-8.65956056235484E-17,-0.707106781186555));
#11168=DIRECTION('center_axis',(0.,0.,-1.));
#11169=DIRECTION('ref_axis',(-1.,0.,0.));
#11170=DIRECTION('center_axis',(0.,0.,-1.));
#11171=DIRECTION('ref_axis',(-1.,0.,0.));
#11172=DIRECTION('center_axis',(0.,0.,-1.));
#11173=DIRECTION('ref_axis',(1.,0.,0.));
#11174=DIRECTION('',(0.,0.,-1.));
#11175=DIRECTION('center_axis',(0.,0.,1.));
#11176=DIRECTION('ref_axis',(1.,0.,0.));
#11177=DIRECTION('center_axis',(0.,0.,1.));
#11178=DIRECTION('ref_axis',(-1.,0.,0.));
#11179=DIRECTION('',(-0.70710678118654,-8.65956056235484E-17,-0.707106781186555));
#11180=DIRECTION('center_axis',(0.,0.,-1.));
#11181=DIRECTION('ref_axis',(-1.,0.,0.));
#11182=DIRECTION('center_axis',(0.,0.,-1.));
#11183=DIRECTION('ref_axis',(-1.,0.,0.));
#11184=DIRECTION('center_axis',(0.,0.,-1.));
#11185=DIRECTION('ref_axis',(1.,0.,0.));
#11186=DIRECTION('',(0.,0.,-1.));
#11187=DIRECTION('center_axis',(0.,0.,1.));
#11188=DIRECTION('ref_axis',(1.,0.,0.));
#11189=DIRECTION('center_axis',(0.,0.,1.));
#11190=DIRECTION('ref_axis',(-1.,0.,0.));
#11191=DIRECTION('',(-0.70710678118654,-8.65956056235484E-17,-0.707106781186555));
#11192=DIRECTION('center_axis',(0.,0.,-1.));
#11193=DIRECTION('ref_axis',(-1.,0.,0.));
#11194=DIRECTION('center_axis',(0.,0.,-1.));
#11195=DIRECTION('ref_axis',(-1.,0.,0.));
#11196=DIRECTION('center_axis',(0.,0.,-1.));
#11197=DIRECTION('ref_axis',(1.,0.,0.));
#11198=DIRECTION('',(0.,0.,-1.));
#11199=DIRECTION('center_axis',(0.,0.,1.));
#11200=DIRECTION('ref_axis',(1.,0.,0.));
#11201=DIRECTION('center_axis',(0.,0.,1.));
#11202=DIRECTION('ref_axis',(-1.,0.,0.));
#11203=DIRECTION('',(-0.70710678118654,-8.65956056235484E-17,-0.707106781186555));
#11204=DIRECTION('center_axis',(0.,0.,-1.));
#11205=DIRECTION('ref_axis',(-1.,0.,0.));
#11206=DIRECTION('center_axis',(0.,0.,-1.));
#11207=DIRECTION('ref_axis',(-1.,0.,0.));
#11208=DIRECTION('center_axis',(0.,0.,-1.));
#11209=DIRECTION('ref_axis',(1.,0.,0.));
#11210=DIRECTION('',(0.,0.,-1.));
#11211=DIRECTION('center_axis',(0.,0.,1.));
#11212=DIRECTION('ref_axis',(1.,0.,0.));
#11213=DIRECTION('center_axis',(0.,0.,1.));
#11214=DIRECTION('ref_axis',(-1.,0.,0.));
#11215=DIRECTION('',(-0.70710678118654,-8.65956056235484E-17,-0.707106781186555));
#11216=DIRECTION('center_axis',(0.,0.,-1.));
#11217=DIRECTION('ref_axis',(-1.,0.,0.));
#11218=DIRECTION('center_axis',(0.,0.,-1.));
#11219=DIRECTION('ref_axis',(-1.,0.,0.));
#11220=DIRECTION('center_axis',(0.,0.,-1.));
#11221=DIRECTION('ref_axis',(1.,0.,0.));
#11222=DIRECTION('',(0.,0.,-1.));
#11223=DIRECTION('center_axis',(0.,0.,1.));
#11224=DIRECTION('ref_axis',(1.,0.,0.));
#11225=DIRECTION('center_axis',(0.,0.,1.));
#11226=DIRECTION('ref_axis',(-1.,0.,0.));
#11227=DIRECTION('',(-0.70710678118654,-8.65956056235484E-17,-0.707106781186555));
#11228=DIRECTION('center_axis',(0.,0.,-1.));
#11229=DIRECTION('ref_axis',(-1.,0.,0.));
#11230=DIRECTION('center_axis',(0.,0.,-1.));
#11231=DIRECTION('ref_axis',(-1.,0.,0.));
#11232=DIRECTION('center_axis',(0.,0.,-1.));
#11233=DIRECTION('ref_axis',(1.,0.,0.));
#11234=DIRECTION('',(0.,0.,-1.));
#11235=DIRECTION('center_axis',(0.,0.,1.));
#11236=DIRECTION('ref_axis',(1.,0.,0.));
#11237=DIRECTION('center_axis',(0.,0.,1.));
#11238=DIRECTION('ref_axis',(-1.,0.,0.));
#11239=DIRECTION('',(-0.70710678118654,-8.65956056235484E-17,-0.707106781186555));
#11240=DIRECTION('center_axis',(0.,0.,-1.));
#11241=DIRECTION('ref_axis',(-1.,0.,0.));
#11242=DIRECTION('center_axis',(0.,0.,-1.));
#11243=DIRECTION('ref_axis',(-1.,0.,0.));
#11244=DIRECTION('center_axis',(0.,0.,-1.));
#11245=DIRECTION('ref_axis',(1.,0.,0.));
#11246=DIRECTION('',(0.,0.,-1.));
#11247=DIRECTION('center_axis',(0.,0.,1.));
#11248=DIRECTION('ref_axis',(1.,0.,0.));
#11249=DIRECTION('center_axis',(0.,0.,1.));
#11250=DIRECTION('ref_axis',(-1.,0.,0.));
#11251=DIRECTION('',(-0.70710678118654,-8.65956056235484E-17,-0.707106781186555));
#11252=DIRECTION('center_axis',(0.,0.,-1.));
#11253=DIRECTION('ref_axis',(-1.,0.,0.));
#11254=DIRECTION('center_axis',(0.,0.,-1.));
#11255=DIRECTION('ref_axis',(-1.,0.,0.));
#11256=DIRECTION('center_axis',(0.,0.,-1.));
#11257=DIRECTION('ref_axis',(1.,0.,0.));
#11258=DIRECTION('',(0.,0.,-1.));
#11259=DIRECTION('center_axis',(0.,0.,1.));
#11260=DIRECTION('ref_axis',(1.,0.,0.));
#11261=DIRECTION('center_axis',(0.,0.,1.));
#11262=DIRECTION('ref_axis',(-1.,0.,0.));
#11263=DIRECTION('',(-0.70710678118654,-8.65956056235484E-17,-0.707106781186555));
#11264=DIRECTION('center_axis',(0.,0.,-1.));
#11265=DIRECTION('ref_axis',(-1.,0.,0.));
#11266=DIRECTION('center_axis',(0.,0.,-1.));
#11267=DIRECTION('ref_axis',(-1.,0.,0.));
#11268=DIRECTION('center_axis',(0.,0.,-1.));
#11269=DIRECTION('ref_axis',(1.,0.,0.));
#11270=DIRECTION('',(0.,0.,-1.));
#11271=DIRECTION('center_axis',(0.,0.,1.));
#11272=DIRECTION('ref_axis',(1.,0.,0.));
#11273=DIRECTION('center_axis',(0.,0.,1.));
#11274=DIRECTION('ref_axis',(-1.,0.,0.));
#11275=DIRECTION('',(-0.70710678118654,-8.65956056235484E-17,-0.707106781186555));
#11276=DIRECTION('center_axis',(0.,0.,-1.));
#11277=DIRECTION('ref_axis',(-1.,0.,0.));
#11278=DIRECTION('center_axis',(0.,0.,-1.));
#11279=DIRECTION('ref_axis',(-1.,0.,0.));
#11280=DIRECTION('center_axis',(0.,0.,-1.));
#11281=DIRECTION('ref_axis',(1.,0.,0.));
#11282=DIRECTION('',(0.,0.,-1.));
#11283=DIRECTION('center_axis',(0.,0.,1.));
#11284=DIRECTION('ref_axis',(1.,0.,0.));
#11285=DIRECTION('center_axis',(0.,0.,1.));
#11286=DIRECTION('ref_axis',(-1.,0.,0.));
#11287=DIRECTION('',(-0.707106781186548,-8.65956056235493E-17,-0.707106781186548));
#11288=DIRECTION('center_axis',(0.,0.,-1.));
#11289=DIRECTION('ref_axis',(-1.,0.,0.));
#11290=DIRECTION('center_axis',(0.,0.,-1.));
#11291=DIRECTION('ref_axis',(-1.,0.,0.));
#11292=DIRECTION('center_axis',(0.,0.,-1.));
#11293=DIRECTION('ref_axis',(1.,0.,0.));
#11294=DIRECTION('',(0.,0.,-1.));
#11295=DIRECTION('center_axis',(0.,0.,1.));
#11296=DIRECTION('ref_axis',(1.,0.,0.));
#11297=DIRECTION('center_axis',(0.,0.,1.));
#11298=DIRECTION('ref_axis',(-1.,0.,0.));
#11299=DIRECTION('',(-0.707106781186548,-8.65956056235493E-17,-0.707106781186548));
#11300=DIRECTION('center_axis',(0.,0.,-1.));
#11301=DIRECTION('ref_axis',(-1.,0.,0.));
#11302=DIRECTION('center_axis',(0.,0.,-1.));
#11303=DIRECTION('ref_axis',(-1.,0.,0.));
#11304=DIRECTION('center_axis',(0.,0.,-1.));
#11305=DIRECTION('ref_axis',(1.,0.,0.));
#11306=DIRECTION('',(0.,0.,-1.));
#11307=DIRECTION('center_axis',(0.,0.,1.));
#11308=DIRECTION('ref_axis',(1.,0.,0.));
#11309=DIRECTION('center_axis',(0.,0.,1.));
#11310=DIRECTION('ref_axis',(-1.,0.,0.));
#11311=DIRECTION('',(-0.707106781186548,-8.65956056235493E-17,-0.707106781186548));
#11312=DIRECTION('center_axis',(0.,0.,-1.));
#11313=DIRECTION('ref_axis',(-1.,0.,0.));
#11314=DIRECTION('center_axis',(0.,0.,-1.));
#11315=DIRECTION('ref_axis',(-1.,0.,0.));
#11316=DIRECTION('center_axis',(0.,0.,-1.));
#11317=DIRECTION('ref_axis',(1.,0.,0.));
#11318=DIRECTION('',(0.,0.,-1.));
#11319=DIRECTION('center_axis',(0.,0.,1.));
#11320=DIRECTION('ref_axis',(1.,0.,0.));
#11321=DIRECTION('center_axis',(0.,0.,1.));
#11322=DIRECTION('ref_axis',(-1.,0.,0.));
#11323=DIRECTION('',(-0.707106781186548,-8.65956056235493E-17,-0.707106781186548));
#11324=DIRECTION('center_axis',(0.,0.,-1.));
#11325=DIRECTION('ref_axis',(-1.,0.,0.));
#11326=DIRECTION('center_axis',(0.,0.,-1.));
#11327=DIRECTION('ref_axis',(-1.,0.,0.));
#11328=DIRECTION('center_axis',(0.,0.,-1.));
#11329=DIRECTION('ref_axis',(1.,0.,0.));
#11330=DIRECTION('',(0.,0.,-1.));
#11331=DIRECTION('center_axis',(0.,0.,1.));
#11332=DIRECTION('ref_axis',(1.,0.,0.));
#11333=DIRECTION('center_axis',(0.,0.,1.));
#11334=DIRECTION('ref_axis',(-1.,0.,0.));
#11335=DIRECTION('',(-0.707106781186548,-8.65956056235493E-17,-0.707106781186548));
#11336=DIRECTION('center_axis',(0.,0.,-1.));
#11337=DIRECTION('ref_axis',(-1.,0.,0.));
#11338=DIRECTION('center_axis',(0.,0.,-1.));
#11339=DIRECTION('ref_axis',(-1.,0.,0.));
#11340=DIRECTION('center_axis',(0.,0.,-1.));
#11341=DIRECTION('ref_axis',(1.,0.,0.));
#11342=DIRECTION('',(0.,0.,-1.));
#11343=DIRECTION('center_axis',(0.,0.,1.));
#11344=DIRECTION('ref_axis',(1.,0.,0.));
#11345=DIRECTION('center_axis',(0.,0.,1.));
#11346=DIRECTION('ref_axis',(-1.,0.,0.));
#11347=DIRECTION('',(-0.707106781186548,-8.65956056235493E-17,-0.707106781186548));
#11348=DIRECTION('center_axis',(0.,0.,-1.));
#11349=DIRECTION('ref_axis',(-1.,0.,0.));
#11350=DIRECTION('center_axis',(0.,0.,-1.));
#11351=DIRECTION('ref_axis',(-1.,0.,0.));
#11352=DIRECTION('center_axis',(0.,0.,-1.));
#11353=DIRECTION('ref_axis',(1.,0.,0.));
#11354=DIRECTION('',(0.,0.,-1.));
#11355=DIRECTION('center_axis',(0.,0.,1.));
#11356=DIRECTION('ref_axis',(1.,0.,0.));
#11357=DIRECTION('center_axis',(0.,0.,1.));
#11358=DIRECTION('ref_axis',(-1.,0.,0.));
#11359=DIRECTION('',(-0.70710678118654,-8.65956056235484E-17,-0.707106781186555));
#11360=DIRECTION('center_axis',(0.,0.,-1.));
#11361=DIRECTION('ref_axis',(-1.,0.,0.));
#11362=DIRECTION('center_axis',(0.,0.,-1.));
#11363=DIRECTION('ref_axis',(-1.,0.,0.));
#11364=DIRECTION('center_axis',(0.,0.,-1.));
#11365=DIRECTION('ref_axis',(1.,0.,0.));
#11366=DIRECTION('',(0.,0.,-1.));
#11367=DIRECTION('center_axis',(0.,0.,1.));
#11368=DIRECTION('ref_axis',(1.,0.,0.));
#11369=DIRECTION('center_axis',(0.,0.,1.));
#11370=DIRECTION('ref_axis',(-1.,0.,0.));
#11371=DIRECTION('',(-0.70710678118654,-8.65956056235484E-17,-0.707106781186555));
#11372=DIRECTION('center_axis',(0.,0.,-1.));
#11373=DIRECTION('ref_axis',(-1.,0.,0.));
#11374=DIRECTION('center_axis',(0.,0.,-1.));
#11375=DIRECTION('ref_axis',(-1.,0.,0.));
#11376=DIRECTION('center_axis',(0.,0.,-1.));
#11377=DIRECTION('ref_axis',(1.,0.,0.));
#11378=DIRECTION('',(0.,0.,-1.));
#11379=DIRECTION('center_axis',(0.,0.,1.));
#11380=DIRECTION('ref_axis',(1.,0.,0.));
#11381=DIRECTION('center_axis',(0.,0.,1.));
#11382=DIRECTION('ref_axis',(-1.,0.,0.));
#11383=DIRECTION('',(-0.70710678118654,-8.65956056235484E-17,-0.707106781186555));
#11384=DIRECTION('center_axis',(0.,0.,-1.));
#11385=DIRECTION('ref_axis',(-1.,0.,0.));
#11386=DIRECTION('center_axis',(0.,0.,-1.));
#11387=DIRECTION('ref_axis',(-1.,0.,0.));
#11388=DIRECTION('center_axis',(0.,0.,-1.));
#11389=DIRECTION('ref_axis',(1.,0.,0.));
#11390=DIRECTION('',(0.,0.,-1.));
#11391=DIRECTION('center_axis',(0.,0.,1.));
#11392=DIRECTION('ref_axis',(1.,0.,0.));
#11393=DIRECTION('center_axis',(0.,0.,1.));
#11394=DIRECTION('ref_axis',(-1.,0.,0.));
#11395=DIRECTION('',(-0.70710678118654,-8.65956056235484E-17,-0.707106781186555));
#11396=DIRECTION('center_axis',(0.,0.,-1.));
#11397=DIRECTION('ref_axis',(-1.,0.,0.));
#11398=DIRECTION('center_axis',(0.,0.,-1.));
#11399=DIRECTION('ref_axis',(-1.,0.,0.));
#11400=DIRECTION('center_axis',(0.,0.,-1.));
#11401=DIRECTION('ref_axis',(1.,0.,0.));
#11402=DIRECTION('',(0.,0.,-1.));
#11403=DIRECTION('center_axis',(0.,0.,1.));
#11404=DIRECTION('ref_axis',(1.,0.,0.));
#11405=DIRECTION('center_axis',(0.,0.,1.));
#11406=DIRECTION('ref_axis',(-1.,0.,0.));
#11407=DIRECTION('',(-0.70710678118654,-8.65956056235484E-17,-0.707106781186555));
#11408=DIRECTION('center_axis',(0.,0.,-1.));
#11409=DIRECTION('ref_axis',(-1.,0.,0.));
#11410=DIRECTION('center_axis',(0.,0.,-1.));
#11411=DIRECTION('ref_axis',(-1.,0.,0.));
#11412=DIRECTION('center_axis',(0.,0.,-1.));
#11413=DIRECTION('ref_axis',(1.,0.,0.));
#11414=DIRECTION('',(0.,0.,-1.));
#11415=DIRECTION('center_axis',(0.,0.,1.));
#11416=DIRECTION('ref_axis',(1.,0.,0.));
#11417=DIRECTION('center_axis',(0.,0.,1.));
#11418=DIRECTION('ref_axis',(-1.,0.,0.));
#11419=DIRECTION('',(-0.70710678118654,-8.65956056235484E-17,-0.707106781186555));
#11420=DIRECTION('center_axis',(0.,0.,-1.));
#11421=DIRECTION('ref_axis',(-1.,0.,0.));
#11422=DIRECTION('center_axis',(0.,0.,-1.));
#11423=DIRECTION('ref_axis',(-1.,0.,0.));
#11424=DIRECTION('center_axis',(0.,0.,-1.));
#11425=DIRECTION('ref_axis',(1.,0.,0.));
#11426=DIRECTION('',(0.,0.,-1.));
#11427=DIRECTION('center_axis',(0.,0.,1.));
#11428=DIRECTION('ref_axis',(1.,0.,0.));
#11429=DIRECTION('center_axis',(0.,0.,1.));
#11430=DIRECTION('ref_axis',(-1.,0.,0.));
#11431=DIRECTION('',(-0.70710678118654,-8.65956056235484E-17,-0.707106781186555));
#11432=DIRECTION('center_axis',(0.,0.,-1.));
#11433=DIRECTION('ref_axis',(-1.,0.,0.));
#11434=DIRECTION('center_axis',(0.,0.,-1.));
#11435=DIRECTION('ref_axis',(-1.,0.,0.));
#11436=DIRECTION('center_axis',(0.,0.,-1.));
#11437=DIRECTION('ref_axis',(1.,0.,0.));
#11438=DIRECTION('',(0.,0.,-1.));
#11439=DIRECTION('center_axis',(0.,0.,1.));
#11440=DIRECTION('ref_axis',(1.,0.,0.));
#11441=DIRECTION('center_axis',(0.,0.,1.));
#11442=DIRECTION('ref_axis',(-1.,0.,0.));
#11443=DIRECTION('',(-0.70710678118654,-8.65956056235484E-17,-0.707106781186555));
#11444=DIRECTION('center_axis',(0.,0.,-1.));
#11445=DIRECTION('ref_axis',(-1.,0.,0.));
#11446=DIRECTION('center_axis',(0.,0.,-1.));
#11447=DIRECTION('ref_axis',(-1.,0.,0.));
#11448=DIRECTION('center_axis',(0.,0.,-1.));
#11449=DIRECTION('ref_axis',(1.,0.,0.));
#11450=DIRECTION('',(0.,0.,-1.));
#11451=DIRECTION('center_axis',(0.,0.,1.));
#11452=DIRECTION('ref_axis',(1.,0.,0.));
#11453=DIRECTION('center_axis',(0.,0.,1.));
#11454=DIRECTION('ref_axis',(-1.,0.,0.));
#11455=DIRECTION('',(-0.70710678118654,-8.65956056235484E-17,-0.707106781186555));
#11456=DIRECTION('center_axis',(0.,0.,-1.));
#11457=DIRECTION('ref_axis',(-1.,0.,0.));
#11458=DIRECTION('center_axis',(0.,0.,-1.));
#11459=DIRECTION('ref_axis',(-1.,0.,0.));
#11460=DIRECTION('center_axis',(0.,0.,-1.));
#11461=DIRECTION('ref_axis',(1.,0.,0.));
#11462=DIRECTION('',(0.,0.,-1.));
#11463=DIRECTION('center_axis',(0.,0.,1.));
#11464=DIRECTION('ref_axis',(1.,0.,0.));
#11465=DIRECTION('center_axis',(0.,0.,1.));
#11466=DIRECTION('ref_axis',(-1.,0.,0.));
#11467=DIRECTION('',(-0.70710678118654,-8.65956056235484E-17,-0.707106781186555));
#11468=DIRECTION('center_axis',(0.,0.,-1.));
#11469=DIRECTION('ref_axis',(-1.,0.,0.));
#11470=DIRECTION('center_axis',(0.,0.,-1.));
#11471=DIRECTION('ref_axis',(-1.,0.,0.));
#11472=DIRECTION('center_axis',(0.,0.,-1.));
#11473=DIRECTION('ref_axis',(1.,0.,0.));
#11474=DIRECTION('',(0.,0.,-1.));
#11475=DIRECTION('center_axis',(0.,0.,1.));
#11476=DIRECTION('ref_axis',(1.,0.,0.));
#11477=DIRECTION('center_axis',(0.,0.,1.));
#11478=DIRECTION('ref_axis',(-1.,0.,0.));
#11479=DIRECTION('',(-0.70710678118654,-8.65956056235484E-17,-0.707106781186555));
#11480=DIRECTION('center_axis',(0.,0.,-1.));
#11481=DIRECTION('ref_axis',(-1.,0.,0.));
#11482=DIRECTION('center_axis',(0.,0.,-1.));
#11483=DIRECTION('ref_axis',(-1.,0.,0.));
#11484=DIRECTION('center_axis',(0.,0.,-1.));
#11485=DIRECTION('ref_axis',(1.,0.,0.));
#11486=DIRECTION('',(0.,0.,-1.));
#11487=DIRECTION('center_axis',(0.,0.,1.));
#11488=DIRECTION('ref_axis',(1.,0.,0.));
#11489=DIRECTION('center_axis',(0.,0.,1.));
#11490=DIRECTION('ref_axis',(-1.,0.,0.));
#11491=DIRECTION('',(-0.70710678118654,-8.65956056235484E-17,-0.707106781186555));
#11492=DIRECTION('center_axis',(0.,0.,-1.));
#11493=DIRECTION('ref_axis',(-1.,0.,0.));
#11494=DIRECTION('center_axis',(0.,0.,-1.));
#11495=DIRECTION('ref_axis',(-1.,0.,0.));
#11496=DIRECTION('center_axis',(0.,0.,-1.));
#11497=DIRECTION('ref_axis',(1.,0.,0.));
#11498=DIRECTION('',(0.,0.,-1.));
#11499=DIRECTION('center_axis',(0.,0.,1.));
#11500=DIRECTION('ref_axis',(1.,0.,0.));
#11501=DIRECTION('center_axis',(0.,0.,1.));
#11502=DIRECTION('ref_axis',(-1.,0.,0.));
#11503=DIRECTION('',(-0.70710678118654,-8.65956056235484E-17,-0.707106781186555));
#11504=DIRECTION('center_axis',(0.,0.,-1.));
#11505=DIRECTION('ref_axis',(-1.,0.,0.));
#11506=DIRECTION('center_axis',(0.,0.,-1.));
#11507=DIRECTION('ref_axis',(-1.,0.,0.));
#11508=DIRECTION('center_axis',(0.,0.,-1.));
#11509=DIRECTION('ref_axis',(1.,0.,0.));
#11510=DIRECTION('',(0.,0.,-1.));
#11511=DIRECTION('center_axis',(0.,0.,1.));
#11512=DIRECTION('ref_axis',(1.,0.,0.));
#11513=DIRECTION('center_axis',(0.,0.,1.));
#11514=DIRECTION('ref_axis',(-1.,0.,0.));
#11515=DIRECTION('',(-0.70710678118654,-8.65956056235484E-17,-0.707106781186555));
#11516=DIRECTION('center_axis',(0.,0.,-1.));
#11517=DIRECTION('ref_axis',(-1.,0.,0.));
#11518=DIRECTION('center_axis',(0.,0.,-1.));
#11519=DIRECTION('ref_axis',(-1.,0.,0.));
#11520=DIRECTION('center_axis',(0.,0.,-1.));
#11521=DIRECTION('ref_axis',(1.,0.,0.));
#11522=DIRECTION('',(0.,0.,-1.));
#11523=DIRECTION('center_axis',(0.,0.,1.));
#11524=DIRECTION('ref_axis',(1.,0.,0.));
#11525=DIRECTION('center_axis',(0.,0.,1.));
#11526=DIRECTION('ref_axis',(-1.,0.,0.));
#11527=DIRECTION('',(-0.70710678118654,-8.65956056235484E-17,-0.707106781186555));
#11528=DIRECTION('center_axis',(0.,0.,-1.));
#11529=DIRECTION('ref_axis',(-1.,0.,0.));
#11530=DIRECTION('center_axis',(0.,0.,-1.));
#11531=DIRECTION('ref_axis',(-1.,0.,0.));
#11532=DIRECTION('center_axis',(0.,0.,-1.));
#11533=DIRECTION('ref_axis',(1.,0.,0.));
#11534=DIRECTION('',(0.,0.,-1.));
#11535=DIRECTION('center_axis',(0.,0.,1.));
#11536=DIRECTION('ref_axis',(1.,0.,0.));
#11537=DIRECTION('center_axis',(0.,0.,1.));
#11538=DIRECTION('ref_axis',(-1.,0.,0.));
#11539=DIRECTION('',(-0.70710678118654,-8.65956056235484E-17,-0.707106781186555));
#11540=DIRECTION('center_axis',(0.,0.,-1.));
#11541=DIRECTION('ref_axis',(-1.,0.,0.));
#11542=DIRECTION('center_axis',(0.,0.,-1.));
#11543=DIRECTION('ref_axis',(-1.,0.,0.));
#11544=DIRECTION('center_axis',(0.,0.,-1.));
#11545=DIRECTION('ref_axis',(1.,0.,0.));
#11546=DIRECTION('',(0.,0.,-1.));
#11547=DIRECTION('center_axis',(0.,0.,1.));
#11548=DIRECTION('ref_axis',(1.,0.,0.));
#11549=DIRECTION('center_axis',(0.,0.,1.));
#11550=DIRECTION('ref_axis',(-1.,0.,0.));
#11551=DIRECTION('',(-0.70710678118654,-8.65956056235484E-17,-0.707106781186555));
#11552=DIRECTION('center_axis',(0.,0.,-1.));
#11553=DIRECTION('ref_axis',(-1.,0.,0.));
#11554=DIRECTION('center_axis',(0.,0.,-1.));
#11555=DIRECTION('ref_axis',(-1.,0.,0.));
#11556=DIRECTION('center_axis',(0.,0.,-1.));
#11557=DIRECTION('ref_axis',(1.,0.,0.));
#11558=DIRECTION('',(0.,0.,-1.));
#11559=DIRECTION('center_axis',(0.,0.,1.));
#11560=DIRECTION('ref_axis',(1.,0.,0.));
#11561=DIRECTION('center_axis',(0.,0.,1.));
#11562=DIRECTION('ref_axis',(-1.,0.,0.));
#11563=DIRECTION('',(-0.707106781186548,-8.65956056235493E-17,-0.707106781186548));
#11564=DIRECTION('center_axis',(0.,0.,-1.));
#11565=DIRECTION('ref_axis',(-1.,0.,0.));
#11566=DIRECTION('center_axis',(0.,0.,-1.));
#11567=DIRECTION('ref_axis',(-1.,0.,0.));
#11568=DIRECTION('center_axis',(0.,0.,-1.));
#11569=DIRECTION('ref_axis',(1.,0.,0.));
#11570=DIRECTION('',(0.,0.,-1.));
#11571=DIRECTION('center_axis',(0.,0.,1.));
#11572=DIRECTION('ref_axis',(1.,0.,0.));
#11573=DIRECTION('center_axis',(0.,0.,1.));
#11574=DIRECTION('ref_axis',(-1.,0.,0.));
#11575=DIRECTION('',(-0.707106781186548,-8.65956056235493E-17,-0.707106781186548));
#11576=DIRECTION('center_axis',(0.,0.,-1.));
#11577=DIRECTION('ref_axis',(-1.,0.,0.));
#11578=DIRECTION('center_axis',(0.,0.,-1.));
#11579=DIRECTION('ref_axis',(-1.,0.,0.));
#11580=DIRECTION('center_axis',(0.,0.,-1.));
#11581=DIRECTION('ref_axis',(1.,0.,0.));
#11582=DIRECTION('',(0.,0.,-1.));
#11583=DIRECTION('center_axis',(0.,0.,1.));
#11584=DIRECTION('ref_axis',(1.,0.,0.));
#11585=DIRECTION('center_axis',(0.,0.,1.));
#11586=DIRECTION('ref_axis',(-1.,0.,0.));
#11587=DIRECTION('',(-0.707106781186548,-8.65956056235493E-17,-0.707106781186548));
#11588=DIRECTION('center_axis',(0.,0.,-1.));
#11589=DIRECTION('ref_axis',(-1.,0.,0.));
#11590=DIRECTION('center_axis',(0.,0.,-1.));
#11591=DIRECTION('ref_axis',(-1.,0.,0.));
#11592=DIRECTION('center_axis',(0.,0.,-1.));
#11593=DIRECTION('ref_axis',(1.,0.,0.));
#11594=DIRECTION('',(0.,0.,-1.));
#11595=DIRECTION('center_axis',(0.,0.,1.));
#11596=DIRECTION('ref_axis',(1.,0.,0.));
#11597=DIRECTION('center_axis',(0.,0.,1.));
#11598=DIRECTION('ref_axis',(-1.,0.,0.));
#11599=DIRECTION('',(-0.707106781186548,-8.65956056235493E-17,-0.707106781186548));
#11600=DIRECTION('center_axis',(0.,0.,-1.));
#11601=DIRECTION('ref_axis',(-1.,0.,0.));
#11602=DIRECTION('center_axis',(0.,0.,-1.));
#11603=DIRECTION('ref_axis',(-1.,0.,0.));
#11604=DIRECTION('center_axis',(0.,0.,-1.));
#11605=DIRECTION('ref_axis',(1.,0.,0.));
#11606=DIRECTION('',(0.,0.,-1.));
#11607=DIRECTION('center_axis',(0.,0.,1.));
#11608=DIRECTION('ref_axis',(1.,0.,0.));
#11609=DIRECTION('center_axis',(0.,0.,1.));
#11610=DIRECTION('ref_axis',(-1.,0.,0.));
#11611=DIRECTION('',(-0.707106781186548,-8.65956056235493E-17,-0.707106781186548));
#11612=DIRECTION('center_axis',(0.,0.,-1.));
#11613=DIRECTION('ref_axis',(-1.,0.,0.));
#11614=DIRECTION('center_axis',(0.,0.,-1.));
#11615=DIRECTION('ref_axis',(-1.,0.,0.));
#11616=DIRECTION('center_axis',(0.,0.,-1.));
#11617=DIRECTION('ref_axis',(1.,0.,0.));
#11618=DIRECTION('',(0.,0.,-1.));
#11619=DIRECTION('center_axis',(0.,0.,1.));
#11620=DIRECTION('ref_axis',(1.,0.,0.));
#11621=DIRECTION('center_axis',(0.,0.,1.));
#11622=DIRECTION('ref_axis',(-1.,0.,0.));
#11623=DIRECTION('',(-0.707106781186548,-8.65956056235493E-17,-0.707106781186548));
#11624=DIRECTION('center_axis',(0.,0.,-1.));
#11625=DIRECTION('ref_axis',(-1.,0.,0.));
#11626=DIRECTION('center_axis',(0.,0.,-1.));
#11627=DIRECTION('ref_axis',(-1.,0.,0.));
#11628=DIRECTION('center_axis',(0.,0.,-1.));
#11629=DIRECTION('ref_axis',(1.,0.,0.));
#11630=DIRECTION('',(0.,0.,-1.));
#11631=DIRECTION('center_axis',(0.,0.,1.));
#11632=DIRECTION('ref_axis',(1.,0.,0.));
#11633=DIRECTION('center_axis',(0.,0.,1.));
#11634=DIRECTION('ref_axis',(-1.,0.,0.));
#11635=DIRECTION('',(-0.707106781186548,-8.65956056235493E-17,-0.707106781186548));
#11636=DIRECTION('center_axis',(0.,0.,-1.));
#11637=DIRECTION('ref_axis',(-1.,0.,0.));
#11638=DIRECTION('center_axis',(0.,0.,-1.));
#11639=DIRECTION('ref_axis',(-1.,0.,0.));
#11640=DIRECTION('center_axis',(0.,0.,-1.));
#11641=DIRECTION('ref_axis',(1.,0.,0.));
#11642=DIRECTION('',(0.,0.,-1.));
#11643=DIRECTION('center_axis',(0.,0.,1.));
#11644=DIRECTION('ref_axis',(1.,0.,0.));
#11645=DIRECTION('center_axis',(0.,0.,1.));
#11646=DIRECTION('ref_axis',(-1.,0.,0.));
#11647=DIRECTION('',(-0.707106781186548,-8.65956056235493E-17,-0.707106781186548));
#11648=DIRECTION('center_axis',(0.,0.,-1.));
#11649=DIRECTION('ref_axis',(-1.,0.,0.));
#11650=DIRECTION('center_axis',(0.,0.,-1.));
#11651=DIRECTION('ref_axis',(-1.,0.,0.));
#11652=DIRECTION('center_axis',(0.,0.,-1.));
#11653=DIRECTION('ref_axis',(1.,0.,0.));
#11654=DIRECTION('',(0.,0.,-1.));
#11655=DIRECTION('center_axis',(0.,0.,1.));
#11656=DIRECTION('ref_axis',(1.,0.,0.));
#11657=DIRECTION('center_axis',(0.,0.,1.));
#11658=DIRECTION('ref_axis',(-1.,0.,0.));
#11659=DIRECTION('',(-0.707106781186548,-8.65956056235493E-17,-0.707106781186548));
#11660=DIRECTION('center_axis',(0.,0.,-1.));
#11661=DIRECTION('ref_axis',(-1.,0.,0.));
#11662=DIRECTION('center_axis',(0.,0.,-1.));
#11663=DIRECTION('ref_axis',(-1.,0.,0.));
#11664=DIRECTION('center_axis',(0.,0.,-1.));
#11665=DIRECTION('ref_axis',(1.,0.,0.));
#11666=DIRECTION('',(0.,0.,-1.));
#11667=DIRECTION('center_axis',(0.,0.,1.));
#11668=DIRECTION('ref_axis',(1.,0.,0.));
#11669=DIRECTION('center_axis',(0.,0.,1.));
#11670=DIRECTION('ref_axis',(-1.,0.,0.));
#11671=DIRECTION('',(-0.707106781186548,-8.65956056235493E-17,-0.707106781186548));
#11672=DIRECTION('center_axis',(0.,0.,-1.));
#11673=DIRECTION('ref_axis',(-1.,0.,0.));
#11674=DIRECTION('center_axis',(0.,0.,-1.));
#11675=DIRECTION('ref_axis',(-1.,0.,0.));
#11676=DIRECTION('center_axis',(0.,0.,-1.));
#11677=DIRECTION('ref_axis',(1.,0.,0.));
#11678=DIRECTION('',(0.,0.,-1.));
#11679=DIRECTION('center_axis',(0.,0.,1.));
#11680=DIRECTION('ref_axis',(1.,0.,0.));
#11681=DIRECTION('center_axis',(0.,0.,1.));
#11682=DIRECTION('ref_axis',(-1.,0.,0.));
#11683=DIRECTION('',(-0.70710678118654,-8.65956056235484E-17,-0.707106781186555));
#11684=DIRECTION('center_axis',(0.,0.,-1.));
#11685=DIRECTION('ref_axis',(-1.,0.,0.));
#11686=DIRECTION('center_axis',(0.,0.,-1.));
#11687=DIRECTION('ref_axis',(-1.,0.,0.));
#11688=DIRECTION('center_axis',(0.,0.,-1.));
#11689=DIRECTION('ref_axis',(1.,0.,0.));
#11690=DIRECTION('',(0.,0.,-1.));
#11691=DIRECTION('center_axis',(0.,0.,1.));
#11692=DIRECTION('ref_axis',(1.,0.,0.));
#11693=DIRECTION('center_axis',(0.,0.,1.));
#11694=DIRECTION('ref_axis',(-1.,0.,0.));
#11695=DIRECTION('',(-0.70710678118654,-8.65956056235484E-17,-0.707106781186555));
#11696=DIRECTION('center_axis',(0.,0.,-1.));
#11697=DIRECTION('ref_axis',(-1.,0.,0.));
#11698=DIRECTION('center_axis',(0.,0.,-1.));
#11699=DIRECTION('ref_axis',(-1.,0.,0.));
#11700=DIRECTION('center_axis',(0.,0.,-1.));
#11701=DIRECTION('ref_axis',(1.,0.,0.));
#11702=DIRECTION('',(0.,0.,-1.));
#11703=DIRECTION('center_axis',(0.,0.,1.));
#11704=DIRECTION('ref_axis',(1.,0.,0.));
#11705=DIRECTION('center_axis',(0.,0.,1.));
#11706=DIRECTION('ref_axis',(-1.,0.,0.));
#11707=DIRECTION('',(-0.70710678118654,-8.65956056235484E-17,-0.707106781186555));
#11708=DIRECTION('center_axis',(0.,0.,-1.));
#11709=DIRECTION('ref_axis',(-1.,0.,0.));
#11710=DIRECTION('center_axis',(0.,0.,-1.));
#11711=DIRECTION('ref_axis',(-1.,0.,0.));
#11712=DIRECTION('center_axis',(0.,0.,-1.));
#11713=DIRECTION('ref_axis',(1.,0.,0.));
#11714=DIRECTION('',(0.,0.,-1.));
#11715=DIRECTION('center_axis',(0.,0.,1.));
#11716=DIRECTION('ref_axis',(1.,0.,0.));
#11717=DIRECTION('center_axis',(0.,0.,1.));
#11718=DIRECTION('ref_axis',(-1.,0.,0.));
#11719=DIRECTION('',(-0.70710678118654,-8.65956056235484E-17,-0.707106781186555));
#11720=DIRECTION('center_axis',(0.,0.,-1.));
#11721=DIRECTION('ref_axis',(-1.,0.,0.));
#11722=DIRECTION('center_axis',(0.,0.,-1.));
#11723=DIRECTION('ref_axis',(-1.,0.,0.));
#11724=DIRECTION('center_axis',(0.,0.,-1.));
#11725=DIRECTION('ref_axis',(1.,0.,0.));
#11726=DIRECTION('',(0.,0.,-1.));
#11727=DIRECTION('center_axis',(0.,0.,1.));
#11728=DIRECTION('ref_axis',(1.,0.,0.));
#11729=DIRECTION('center_axis',(0.,0.,1.));
#11730=DIRECTION('ref_axis',(-1.,0.,0.));
#11731=DIRECTION('',(-0.70710678118654,-8.65956056235484E-17,-0.707106781186555));
#11732=DIRECTION('center_axis',(0.,0.,-1.));
#11733=DIRECTION('ref_axis',(-1.,0.,0.));
#11734=DIRECTION('center_axis',(0.,0.,-1.));
#11735=DIRECTION('ref_axis',(-1.,0.,0.));
#11736=DIRECTION('center_axis',(0.,0.,-1.));
#11737=DIRECTION('ref_axis',(1.,0.,0.));
#11738=DIRECTION('',(0.,0.,-1.));
#11739=DIRECTION('center_axis',(0.,0.,1.));
#11740=DIRECTION('ref_axis',(1.,0.,0.));
#11741=DIRECTION('center_axis',(0.,0.,1.));
#11742=DIRECTION('ref_axis',(-1.,0.,0.));
#11743=DIRECTION('',(-0.70710678118654,-8.65956056235484E-17,-0.707106781186555));
#11744=DIRECTION('center_axis',(0.,0.,-1.));
#11745=DIRECTION('ref_axis',(-1.,0.,0.));
#11746=DIRECTION('center_axis',(0.,0.,-1.));
#11747=DIRECTION('ref_axis',(-1.,0.,0.));
#11748=DIRECTION('center_axis',(0.,0.,-1.));
#11749=DIRECTION('ref_axis',(1.,0.,0.));
#11750=DIRECTION('',(0.,0.,-1.));
#11751=DIRECTION('center_axis',(0.,0.,1.));
#11752=DIRECTION('ref_axis',(1.,0.,0.));
#11753=DIRECTION('center_axis',(0.,0.,1.));
#11754=DIRECTION('ref_axis',(-1.,0.,0.));
#11755=DIRECTION('',(-0.70710678118654,-8.65956056235484E-17,-0.707106781186555));
#11756=DIRECTION('center_axis',(0.,0.,-1.));
#11757=DIRECTION('ref_axis',(-1.,0.,0.));
#11758=DIRECTION('center_axis',(0.,0.,-1.));
#11759=DIRECTION('ref_axis',(-1.,0.,0.));
#11760=DIRECTION('center_axis',(0.,0.,-1.));
#11761=DIRECTION('ref_axis',(1.,0.,0.));
#11762=DIRECTION('',(0.,0.,-1.));
#11763=DIRECTION('center_axis',(0.,0.,1.));
#11764=DIRECTION('ref_axis',(1.,0.,0.));
#11765=DIRECTION('center_axis',(0.,0.,1.));
#11766=DIRECTION('ref_axis',(-1.,0.,0.));
#11767=DIRECTION('',(-0.70710678118654,-8.65956056235484E-17,-0.707106781186555));
#11768=DIRECTION('center_axis',(0.,0.,-1.));
#11769=DIRECTION('ref_axis',(-1.,0.,0.));
#11770=DIRECTION('center_axis',(0.,0.,-1.));
#11771=DIRECTION('ref_axis',(-1.,0.,0.));
#11772=DIRECTION('center_axis',(0.,0.,-1.));
#11773=DIRECTION('ref_axis',(1.,0.,0.));
#11774=DIRECTION('',(0.,0.,-1.));
#11775=DIRECTION('center_axis',(0.,0.,1.));
#11776=DIRECTION('ref_axis',(1.,0.,0.));
#11777=DIRECTION('center_axis',(0.,0.,1.));
#11778=DIRECTION('ref_axis',(-1.,0.,0.));
#11779=DIRECTION('',(-0.70710678118654,-8.65956056235484E-17,-0.707106781186555));
#11780=DIRECTION('center_axis',(0.,0.,-1.));
#11781=DIRECTION('ref_axis',(-1.,0.,0.));
#11782=DIRECTION('center_axis',(0.,0.,-1.));
#11783=DIRECTION('ref_axis',(-1.,0.,0.));
#11784=DIRECTION('center_axis',(0.,0.,-1.));
#11785=DIRECTION('ref_axis',(1.,0.,0.));
#11786=DIRECTION('',(0.,0.,-1.));
#11787=DIRECTION('center_axis',(0.,0.,1.));
#11788=DIRECTION('ref_axis',(1.,0.,0.));
#11789=DIRECTION('center_axis',(0.,0.,1.));
#11790=DIRECTION('ref_axis',(-1.,0.,0.));
#11791=DIRECTION('',(-0.70710678118654,-8.65956056235484E-17,-0.707106781186555));
#11792=DIRECTION('center_axis',(0.,0.,-1.));
#11793=DIRECTION('ref_axis',(-1.,0.,0.));
#11794=DIRECTION('center_axis',(0.,0.,-1.));
#11795=DIRECTION('ref_axis',(-1.,0.,0.));
#11796=DIRECTION('center_axis',(0.,0.,-1.));
#11797=DIRECTION('ref_axis',(1.,0.,0.));
#11798=DIRECTION('',(0.,0.,-1.));
#11799=DIRECTION('center_axis',(0.,0.,1.));
#11800=DIRECTION('ref_axis',(1.,0.,0.));
#11801=DIRECTION('center_axis',(0.,0.,1.));
#11802=DIRECTION('ref_axis',(-1.,0.,0.));
#11803=DIRECTION('',(-0.70710678118654,-8.65956056235484E-17,-0.707106781186555));
#11804=DIRECTION('center_axis',(0.,0.,-1.));
#11805=DIRECTION('ref_axis',(-1.,0.,0.));
#11806=DIRECTION('center_axis',(0.,0.,-1.));
#11807=DIRECTION('ref_axis',(-1.,0.,0.));
#11808=DIRECTION('center_axis',(0.,0.,-1.));
#11809=DIRECTION('ref_axis',(1.,0.,0.));
#11810=DIRECTION('',(0.,0.,-1.));
#11811=DIRECTION('center_axis',(0.,0.,1.));
#11812=DIRECTION('ref_axis',(1.,0.,0.));
#11813=DIRECTION('center_axis',(0.,0.,1.));
#11814=DIRECTION('ref_axis',(-1.,0.,0.));
#11815=DIRECTION('',(-0.70710678118654,-8.65956056235484E-17,-0.707106781186555));
#11816=DIRECTION('center_axis',(0.,0.,-1.));
#11817=DIRECTION('ref_axis',(-1.,0.,0.));
#11818=DIRECTION('center_axis',(0.,0.,-1.));
#11819=DIRECTION('ref_axis',(-1.,0.,0.));
#11820=DIRECTION('center_axis',(0.,0.,-1.));
#11821=DIRECTION('ref_axis',(1.,0.,0.));
#11822=DIRECTION('',(0.,0.,-1.));
#11823=DIRECTION('center_axis',(0.,0.,1.));
#11824=DIRECTION('ref_axis',(1.,0.,0.));
#11825=DIRECTION('center_axis',(0.,0.,1.));
#11826=DIRECTION('ref_axis',(-1.,0.,0.));
#11827=DIRECTION('',(-0.70710678118654,-8.65956056235484E-17,-0.707106781186555));
#11828=DIRECTION('center_axis',(0.,0.,-1.));
#11829=DIRECTION('ref_axis',(-1.,0.,0.));
#11830=DIRECTION('center_axis',(0.,0.,-1.));
#11831=DIRECTION('ref_axis',(-1.,0.,0.));
#11832=DIRECTION('center_axis',(0.,0.,-1.));
#11833=DIRECTION('ref_axis',(1.,0.,0.));
#11834=DIRECTION('',(0.,0.,-1.));
#11835=DIRECTION('center_axis',(0.,0.,1.));
#11836=DIRECTION('ref_axis',(1.,0.,0.));
#11837=DIRECTION('center_axis',(0.,0.,1.));
#11838=DIRECTION('ref_axis',(-1.,0.,0.));
#11839=DIRECTION('',(-0.70710678118654,-8.65956056235484E-17,-0.707106781186555));
#11840=DIRECTION('center_axis',(0.,0.,-1.));
#11841=DIRECTION('ref_axis',(-1.,0.,0.));
#11842=DIRECTION('center_axis',(0.,0.,-1.));
#11843=DIRECTION('ref_axis',(-1.,0.,0.));
#11844=DIRECTION('center_axis',(0.,0.,-1.));
#11845=DIRECTION('ref_axis',(1.,0.,0.));
#11846=DIRECTION('',(0.,0.,-1.));
#11847=DIRECTION('center_axis',(0.,0.,1.));
#11848=DIRECTION('ref_axis',(1.,0.,0.));
#11849=DIRECTION('center_axis',(0.,0.,1.));
#11850=DIRECTION('ref_axis',(-1.,0.,0.));
#11851=DIRECTION('',(-0.707106781186548,-8.65956056235493E-17,-0.707106781186548));
#11852=DIRECTION('center_axis',(0.,0.,-1.));
#11853=DIRECTION('ref_axis',(-1.,0.,0.));
#11854=DIRECTION('center_axis',(0.,0.,-1.));
#11855=DIRECTION('ref_axis',(-1.,0.,0.));
#11856=DIRECTION('center_axis',(0.,0.,-1.));
#11857=DIRECTION('ref_axis',(1.,0.,0.));
#11858=DIRECTION('',(0.,0.,-1.));
#11859=DIRECTION('center_axis',(0.,0.,1.));
#11860=DIRECTION('ref_axis',(1.,0.,0.));
#11861=DIRECTION('center_axis',(0.,0.,1.));
#11862=DIRECTION('ref_axis',(-1.,0.,0.));
#11863=DIRECTION('',(-0.707106781186548,-8.65956056235493E-17,-0.707106781186548));
#11864=DIRECTION('center_axis',(0.,0.,-1.));
#11865=DIRECTION('ref_axis',(-1.,0.,0.));
#11866=DIRECTION('center_axis',(0.,0.,-1.));
#11867=DIRECTION('ref_axis',(-1.,0.,0.));
#11868=DIRECTION('center_axis',(0.,0.,-1.));
#11869=DIRECTION('ref_axis',(1.,0.,0.));
#11870=DIRECTION('',(0.,0.,-1.));
#11871=DIRECTION('center_axis',(0.,0.,1.));
#11872=DIRECTION('ref_axis',(1.,0.,0.));
#11873=DIRECTION('center_axis',(0.,0.,1.));
#11874=DIRECTION('ref_axis',(-1.,0.,0.));
#11875=DIRECTION('',(-0.707106781186548,-8.65956056235493E-17,-0.707106781186548));
#11876=DIRECTION('center_axis',(0.,0.,-1.));
#11877=DIRECTION('ref_axis',(-1.,0.,0.));
#11878=DIRECTION('center_axis',(0.,0.,-1.));
#11879=DIRECTION('ref_axis',(-1.,0.,0.));
#11880=DIRECTION('center_axis',(0.,0.,-1.));
#11881=DIRECTION('ref_axis',(1.,0.,0.));
#11882=DIRECTION('',(0.,0.,-1.));
#11883=DIRECTION('center_axis',(0.,0.,1.));
#11884=DIRECTION('ref_axis',(1.,0.,0.));
#11885=DIRECTION('center_axis',(0.,0.,1.));
#11886=DIRECTION('ref_axis',(-1.,0.,0.));
#11887=DIRECTION('',(-0.707106781186547,-8.65956056235493E-17,-0.707106781186547));
#11888=DIRECTION('center_axis',(0.,0.,-1.));
#11889=DIRECTION('ref_axis',(-1.,0.,0.));
#11890=DIRECTION('center_axis',(0.,0.,-1.));
#11891=DIRECTION('ref_axis',(-1.,0.,0.));
#11892=DIRECTION('center_axis',(0.,0.,-1.));
#11893=DIRECTION('ref_axis',(1.,0.,0.));
#11894=DIRECTION('',(0.,0.,-1.));
#11895=DIRECTION('center_axis',(0.,0.,1.));
#11896=DIRECTION('ref_axis',(1.,0.,0.));
#11897=DIRECTION('center_axis',(0.,0.,1.));
#11898=DIRECTION('ref_axis',(-1.,0.,0.));
#11899=DIRECTION('',(-0.707106781186548,-8.65956056235493E-17,-0.707106781186548));
#11900=DIRECTION('center_axis',(0.,0.,-1.));
#11901=DIRECTION('ref_axis',(-1.,0.,0.));
#11902=DIRECTION('center_axis',(0.,0.,-1.));
#11903=DIRECTION('ref_axis',(-1.,0.,0.));
#11904=DIRECTION('center_axis',(0.,0.,-1.));
#11905=DIRECTION('ref_axis',(1.,0.,0.));
#11906=DIRECTION('',(0.,0.,-1.));
#11907=DIRECTION('center_axis',(0.,0.,1.));
#11908=DIRECTION('ref_axis',(1.,0.,0.));
#11909=DIRECTION('center_axis',(0.,0.,1.));
#11910=DIRECTION('ref_axis',(-1.,0.,0.));
#11911=DIRECTION('',(-0.707106781186548,-8.65956056235493E-17,-0.707106781186548));
#11912=DIRECTION('center_axis',(0.,0.,-1.));
#11913=DIRECTION('ref_axis',(-1.,0.,0.));
#11914=DIRECTION('center_axis',(0.,0.,-1.));
#11915=DIRECTION('ref_axis',(-1.,0.,0.));
#11916=DIRECTION('center_axis',(0.,0.,-1.));
#11917=DIRECTION('ref_axis',(1.,0.,0.));
#11918=DIRECTION('',(0.,0.,-1.));
#11919=DIRECTION('center_axis',(0.,0.,1.));
#11920=DIRECTION('ref_axis',(1.,0.,0.));
#11921=DIRECTION('center_axis',(0.,0.,1.));
#11922=DIRECTION('ref_axis',(-1.,0.,0.));
#11923=DIRECTION('',(-0.70710678118654,-8.65956056235484E-17,-0.707106781186555));
#11924=DIRECTION('center_axis',(0.,0.,-1.));
#11925=DIRECTION('ref_axis',(-1.,0.,0.));
#11926=DIRECTION('center_axis',(0.,0.,-1.));
#11927=DIRECTION('ref_axis',(-1.,0.,0.));
#11928=DIRECTION('center_axis',(0.,0.,-1.));
#11929=DIRECTION('ref_axis',(1.,0.,0.));
#11930=DIRECTION('',(0.,0.,-1.));
#11931=DIRECTION('center_axis',(0.,0.,1.));
#11932=DIRECTION('ref_axis',(1.,0.,0.));
#11933=DIRECTION('center_axis',(0.,0.,1.));
#11934=DIRECTION('ref_axis',(-1.,0.,0.));
#11935=DIRECTION('',(-0.70710678118654,-8.65956056235484E-17,-0.707106781186555));
#11936=DIRECTION('center_axis',(0.,0.,-1.));
#11937=DIRECTION('ref_axis',(-1.,0.,0.));
#11938=DIRECTION('center_axis',(0.,0.,-1.));
#11939=DIRECTION('ref_axis',(-1.,0.,0.));
#11940=DIRECTION('center_axis',(0.,0.,-1.));
#11941=DIRECTION('ref_axis',(1.,0.,0.));
#11942=DIRECTION('',(0.,0.,-1.));
#11943=DIRECTION('center_axis',(0.,0.,1.));
#11944=DIRECTION('ref_axis',(1.,0.,0.));
#11945=DIRECTION('center_axis',(0.,0.,1.));
#11946=DIRECTION('ref_axis',(-1.,0.,0.));
#11947=DIRECTION('',(-0.70710678118654,-8.65956056235484E-17,-0.707106781186555));
#11948=DIRECTION('center_axis',(0.,0.,-1.));
#11949=DIRECTION('ref_axis',(-1.,0.,0.));
#11950=DIRECTION('center_axis',(0.,0.,-1.));
#11951=DIRECTION('ref_axis',(-1.,0.,0.));
#11952=DIRECTION('center_axis',(0.,0.,-1.));
#11953=DIRECTION('ref_axis',(1.,0.,0.));
#11954=DIRECTION('',(0.,0.,-1.));
#11955=DIRECTION('center_axis',(0.,0.,1.));
#11956=DIRECTION('ref_axis',(1.,0.,0.));
#11957=DIRECTION('center_axis',(0.,0.,1.));
#11958=DIRECTION('ref_axis',(-1.,0.,0.));
#11959=DIRECTION('',(-0.70710678118654,-8.65956056235484E-17,-0.707106781186555));
#11960=DIRECTION('center_axis',(0.,0.,-1.));
#11961=DIRECTION('ref_axis',(-1.,0.,0.));
#11962=DIRECTION('center_axis',(0.,0.,-1.));
#11963=DIRECTION('ref_axis',(-1.,0.,0.));
#11964=DIRECTION('center_axis',(0.,0.,-1.));
#11965=DIRECTION('ref_axis',(1.,0.,0.));
#11966=DIRECTION('',(0.,0.,-1.));
#11967=DIRECTION('center_axis',(0.,0.,1.));
#11968=DIRECTION('ref_axis',(1.,0.,0.));
#11969=DIRECTION('center_axis',(0.,0.,1.));
#11970=DIRECTION('ref_axis',(-1.,0.,0.));
#11971=DIRECTION('',(-0.70710678118654,-8.65956056235484E-17,-0.707106781186555));
#11972=DIRECTION('center_axis',(0.,0.,-1.));
#11973=DIRECTION('ref_axis',(-1.,0.,0.));
#11974=DIRECTION('center_axis',(0.,0.,-1.));
#11975=DIRECTION('ref_axis',(-1.,0.,0.));
#11976=DIRECTION('center_axis',(0.,0.,-1.));
#11977=DIRECTION('ref_axis',(1.,0.,0.));
#11978=DIRECTION('',(0.,0.,-1.));
#11979=DIRECTION('center_axis',(0.,0.,1.));
#11980=DIRECTION('ref_axis',(1.,0.,0.));
#11981=DIRECTION('center_axis',(0.,0.,1.));
#11982=DIRECTION('ref_axis',(-1.,0.,0.));
#11983=DIRECTION('',(-0.70710678118654,-8.65956056235484E-17,-0.707106781186555));
#11984=DIRECTION('center_axis',(0.,0.,-1.));
#11985=DIRECTION('ref_axis',(-1.,0.,0.));
#11986=DIRECTION('center_axis',(0.,0.,-1.));
#11987=DIRECTION('ref_axis',(-1.,0.,0.));
#11988=DIRECTION('center_axis',(0.,0.,-1.));
#11989=DIRECTION('ref_axis',(1.,0.,0.));
#11990=DIRECTION('',(0.,0.,-1.));
#11991=DIRECTION('center_axis',(0.,0.,1.));
#11992=DIRECTION('ref_axis',(1.,0.,0.));
#11993=DIRECTION('center_axis',(0.,0.,1.));
#11994=DIRECTION('ref_axis',(-1.,0.,0.));
#11995=DIRECTION('',(-0.70710678118654,-8.65956056235484E-17,-0.707106781186555));
#11996=DIRECTION('center_axis',(0.,0.,-1.));
#11997=DIRECTION('ref_axis',(-1.,0.,0.));
#11998=DIRECTION('center_axis',(0.,0.,-1.));
#11999=DIRECTION('ref_axis',(-1.,0.,0.));
#12000=DIRECTION('center_axis',(0.,0.,-1.));
#12001=DIRECTION('ref_axis',(1.,0.,0.));
#12002=DIRECTION('',(0.,0.,-1.));
#12003=DIRECTION('center_axis',(0.,0.,1.));
#12004=DIRECTION('ref_axis',(1.,0.,0.));
#12005=DIRECTION('center_axis',(0.,0.,1.));
#12006=DIRECTION('ref_axis',(-1.,0.,0.));
#12007=DIRECTION('',(-0.70710678118654,-8.65956056235484E-17,-0.707106781186555));
#12008=DIRECTION('center_axis',(0.,0.,-1.));
#12009=DIRECTION('ref_axis',(-1.,0.,0.));
#12010=DIRECTION('center_axis',(0.,0.,-1.));
#12011=DIRECTION('ref_axis',(-1.,0.,0.));
#12012=DIRECTION('center_axis',(0.,0.,-1.));
#12013=DIRECTION('ref_axis',(1.,0.,0.));
#12014=DIRECTION('',(0.,0.,-1.));
#12015=DIRECTION('center_axis',(0.,0.,1.));
#12016=DIRECTION('ref_axis',(1.,0.,0.));
#12017=DIRECTION('center_axis',(0.,0.,1.));
#12018=DIRECTION('ref_axis',(-1.,0.,0.));
#12019=DIRECTION('',(-0.70710678118654,-8.65956056235484E-17,-0.707106781186555));
#12020=DIRECTION('center_axis',(0.,0.,-1.));
#12021=DIRECTION('ref_axis',(-1.,0.,0.));
#12022=DIRECTION('center_axis',(0.,0.,-1.));
#12023=DIRECTION('ref_axis',(-1.,0.,0.));
#12024=DIRECTION('center_axis',(0.,0.,-1.));
#12025=DIRECTION('ref_axis',(1.,0.,0.));
#12026=DIRECTION('',(0.,0.,-1.));
#12027=DIRECTION('center_axis',(0.,0.,1.));
#12028=DIRECTION('ref_axis',(1.,0.,0.));
#12029=DIRECTION('center_axis',(0.,0.,1.));
#12030=DIRECTION('ref_axis',(-1.,0.,0.));
#12031=DIRECTION('',(-0.70710678118654,-8.65956056235484E-17,-0.707106781186555));
#12032=DIRECTION('center_axis',(0.,0.,-1.));
#12033=DIRECTION('ref_axis',(-1.,0.,0.));
#12034=DIRECTION('center_axis',(0.,0.,-1.));
#12035=DIRECTION('ref_axis',(-1.,0.,0.));
#12036=DIRECTION('center_axis',(0.,0.,-1.));
#12037=DIRECTION('ref_axis',(1.,0.,0.));
#12038=DIRECTION('',(0.,0.,-1.));
#12039=DIRECTION('center_axis',(0.,0.,1.));
#12040=DIRECTION('ref_axis',(1.,0.,0.));
#12041=DIRECTION('center_axis',(0.,0.,1.));
#12042=DIRECTION('ref_axis',(-1.,0.,0.));
#12043=DIRECTION('',(-0.70710678118654,-8.65956056235484E-17,-0.707106781186555));
#12044=DIRECTION('center_axis',(0.,0.,-1.));
#12045=DIRECTION('ref_axis',(-1.,0.,0.));
#12046=DIRECTION('center_axis',(0.,0.,-1.));
#12047=DIRECTION('ref_axis',(-1.,0.,0.));
#12048=DIRECTION('center_axis',(0.,0.,-1.));
#12049=DIRECTION('ref_axis',(1.,0.,0.));
#12050=DIRECTION('',(0.,0.,-1.));
#12051=DIRECTION('center_axis',(0.,0.,1.));
#12052=DIRECTION('ref_axis',(1.,0.,0.));
#12053=DIRECTION('center_axis',(0.,0.,1.));
#12054=DIRECTION('ref_axis',(-1.,0.,0.));
#12055=DIRECTION('',(-0.70710678118654,-8.65956056235484E-17,-0.707106781186555));
#12056=DIRECTION('center_axis',(0.,0.,-1.));
#12057=DIRECTION('ref_axis',(-1.,0.,0.));
#12058=DIRECTION('center_axis',(0.,0.,-1.));
#12059=DIRECTION('ref_axis',(-1.,0.,0.));
#12060=DIRECTION('center_axis',(0.,0.,-1.));
#12061=DIRECTION('ref_axis',(1.,0.,0.));
#12062=DIRECTION('',(0.,0.,-1.));
#12063=DIRECTION('center_axis',(0.,0.,1.));
#12064=DIRECTION('ref_axis',(1.,0.,0.));
#12065=DIRECTION('center_axis',(0.,0.,1.));
#12066=DIRECTION('ref_axis',(-1.,0.,0.));
#12067=DIRECTION('',(-0.70710678118654,-8.65956056235484E-17,-0.707106781186555));
#12068=DIRECTION('center_axis',(0.,0.,-1.));
#12069=DIRECTION('ref_axis',(-1.,0.,0.));
#12070=DIRECTION('center_axis',(0.,0.,-1.));
#12071=DIRECTION('ref_axis',(-1.,0.,0.));
#12072=DIRECTION('center_axis',(0.,0.,-1.));
#12073=DIRECTION('ref_axis',(1.,0.,0.));
#12074=DIRECTION('',(0.,0.,-1.));
#12075=DIRECTION('center_axis',(0.,0.,1.));
#12076=DIRECTION('ref_axis',(1.,0.,0.));
#12077=DIRECTION('center_axis',(0.,0.,1.));
#12078=DIRECTION('ref_axis',(-1.,0.,0.));
#12079=DIRECTION('',(-0.70710678118654,-8.65956056235484E-17,-0.707106781186555));
#12080=DIRECTION('center_axis',(0.,0.,-1.));
#12081=DIRECTION('ref_axis',(-1.,0.,0.));
#12082=DIRECTION('center_axis',(0.,0.,-1.));
#12083=DIRECTION('ref_axis',(-1.,0.,0.));
#12084=DIRECTION('center_axis',(0.,0.,-1.));
#12085=DIRECTION('ref_axis',(1.,0.,0.));
#12086=DIRECTION('',(0.,0.,-1.));
#12087=DIRECTION('center_axis',(0.,0.,1.));
#12088=DIRECTION('ref_axis',(1.,0.,0.));
#12089=DIRECTION('center_axis',(0.,0.,1.));
#12090=DIRECTION('ref_axis',(-1.,0.,0.));
#12091=DIRECTION('',(-0.707106781186548,-8.65956056235493E-17,-0.707106781186548));
#12092=DIRECTION('center_axis',(0.,0.,-1.));
#12093=DIRECTION('ref_axis',(-1.,0.,0.));
#12094=DIRECTION('center_axis',(0.,0.,-1.));
#12095=DIRECTION('ref_axis',(-1.,0.,0.));
#12096=DIRECTION('center_axis',(0.,0.,-1.));
#12097=DIRECTION('ref_axis',(1.,0.,0.));
#12098=DIRECTION('',(0.,0.,-1.));
#12099=DIRECTION('center_axis',(0.,0.,1.));
#12100=DIRECTION('ref_axis',(1.,0.,0.));
#12101=DIRECTION('center_axis',(0.,0.,1.));
#12102=DIRECTION('ref_axis',(-1.,0.,0.));
#12103=DIRECTION('',(-0.707106781186548,-8.65956056235493E-17,-0.707106781186548));
#12104=DIRECTION('center_axis',(0.,0.,-1.));
#12105=DIRECTION('ref_axis',(-1.,0.,0.));
#12106=DIRECTION('center_axis',(0.,0.,-1.));
#12107=DIRECTION('ref_axis',(-1.,0.,0.));
#12108=DIRECTION('center_axis',(0.,0.,-1.));
#12109=DIRECTION('ref_axis',(1.,0.,0.));
#12110=DIRECTION('',(0.,0.,-1.));
#12111=DIRECTION('center_axis',(0.,0.,1.));
#12112=DIRECTION('ref_axis',(1.,0.,0.));
#12113=DIRECTION('center_axis',(0.,0.,1.));
#12114=DIRECTION('ref_axis',(-1.,0.,0.));
#12115=DIRECTION('',(-0.707106781186547,-8.65956056235493E-17,-0.707106781186547));
#12116=DIRECTION('center_axis',(0.,0.,-1.));
#12117=DIRECTION('ref_axis',(-1.,0.,0.));
#12118=DIRECTION('center_axis',(0.,0.,-1.));
#12119=DIRECTION('ref_axis',(-1.,0.,0.));
#12120=DIRECTION('center_axis',(0.,0.,-1.));
#12121=DIRECTION('ref_axis',(1.,0.,0.));
#12122=DIRECTION('',(0.,0.,-1.));
#12123=DIRECTION('center_axis',(0.,0.,1.));
#12124=DIRECTION('ref_axis',(1.,0.,0.));
#12125=DIRECTION('center_axis',(0.,0.,1.));
#12126=DIRECTION('ref_axis',(-1.,0.,0.));
#12127=DIRECTION('',(-0.707106781186547,-8.65956056235493E-17,-0.707106781186547));
#12128=DIRECTION('center_axis',(0.,0.,-1.));
#12129=DIRECTION('ref_axis',(-1.,0.,0.));
#12130=DIRECTION('center_axis',(0.,0.,-1.));
#12131=DIRECTION('ref_axis',(-1.,0.,0.));
#12132=DIRECTION('center_axis',(0.,0.,-1.));
#12133=DIRECTION('ref_axis',(1.,0.,0.));
#12134=DIRECTION('',(0.,0.,-1.));
#12135=DIRECTION('center_axis',(0.,0.,1.));
#12136=DIRECTION('ref_axis',(1.,0.,0.));
#12137=DIRECTION('center_axis',(0.,0.,1.));
#12138=DIRECTION('ref_axis',(-1.,0.,0.));
#12139=DIRECTION('',(-0.707106781186548,-8.65956056235493E-17,-0.707106781186548));
#12140=DIRECTION('center_axis',(0.,0.,-1.));
#12141=DIRECTION('ref_axis',(-1.,0.,0.));
#12142=DIRECTION('center_axis',(0.,0.,-1.));
#12143=DIRECTION('ref_axis',(-1.,0.,0.));
#12144=DIRECTION('center_axis',(0.,0.,-1.));
#12145=DIRECTION('ref_axis',(1.,0.,0.));
#12146=DIRECTION('',(0.,0.,-1.));
#12147=DIRECTION('center_axis',(0.,0.,1.));
#12148=DIRECTION('ref_axis',(1.,0.,0.));
#12149=DIRECTION('center_axis',(0.,0.,1.));
#12150=DIRECTION('ref_axis',(-1.,0.,0.));
#12151=DIRECTION('',(-0.707106781186548,-8.65956056235493E-17,-0.707106781186548));
#12152=DIRECTION('center_axis',(0.,0.,-1.));
#12153=DIRECTION('ref_axis',(-1.,0.,0.));
#12154=DIRECTION('center_axis',(0.,0.,-1.));
#12155=DIRECTION('ref_axis',(-1.,0.,0.));
#12156=DIRECTION('center_axis',(0.,0.,-1.));
#12157=DIRECTION('ref_axis',(1.,0.,0.));
#12158=DIRECTION('',(0.,0.,-1.));
#12159=DIRECTION('center_axis',(0.,0.,1.));
#12160=DIRECTION('ref_axis',(1.,0.,0.));
#12161=DIRECTION('center_axis',(0.,0.,1.));
#12162=DIRECTION('ref_axis',(-1.,0.,0.));
#12163=DIRECTION('',(-0.70710678118654,-8.65956056235484E-17,-0.707106781186555));
#12164=DIRECTION('center_axis',(0.,0.,-1.));
#12165=DIRECTION('ref_axis',(-1.,0.,0.));
#12166=DIRECTION('center_axis',(0.,0.,-1.));
#12167=DIRECTION('ref_axis',(-1.,0.,0.));
#12168=DIRECTION('center_axis',(0.,0.,-1.));
#12169=DIRECTION('ref_axis',(1.,0.,0.));
#12170=DIRECTION('',(0.,0.,-1.));
#12171=DIRECTION('center_axis',(0.,0.,1.));
#12172=DIRECTION('ref_axis',(1.,0.,0.));
#12173=DIRECTION('center_axis',(0.,0.,1.));
#12174=DIRECTION('ref_axis',(-1.,0.,0.));
#12175=DIRECTION('',(-0.70710678118654,-8.65956056235484E-17,-0.707106781186555));
#12176=DIRECTION('center_axis',(0.,0.,-1.));
#12177=DIRECTION('ref_axis',(-1.,0.,0.));
#12178=DIRECTION('center_axis',(0.,0.,-1.));
#12179=DIRECTION('ref_axis',(-1.,0.,0.));
#12180=DIRECTION('center_axis',(0.,0.,-1.));
#12181=DIRECTION('ref_axis',(1.,0.,0.));
#12182=DIRECTION('',(0.,0.,-1.));
#12183=DIRECTION('center_axis',(0.,0.,1.));
#12184=DIRECTION('ref_axis',(1.,0.,0.));
#12185=DIRECTION('center_axis',(0.,0.,1.));
#12186=DIRECTION('ref_axis',(-1.,0.,0.));
#12187=DIRECTION('',(-0.70710678118654,-8.65956056235484E-17,-0.707106781186555));
#12188=DIRECTION('center_axis',(0.,0.,-1.));
#12189=DIRECTION('ref_axis',(-1.,0.,0.));
#12190=DIRECTION('center_axis',(0.,0.,-1.));
#12191=DIRECTION('ref_axis',(-1.,0.,0.));
#12192=DIRECTION('center_axis',(0.,0.,-1.));
#12193=DIRECTION('ref_axis',(1.,0.,0.));
#12194=DIRECTION('',(0.,0.,-1.));
#12195=DIRECTION('center_axis',(0.,0.,1.));
#12196=DIRECTION('ref_axis',(1.,0.,0.));
#12197=DIRECTION('center_axis',(0.,0.,1.));
#12198=DIRECTION('ref_axis',(-1.,0.,0.));
#12199=DIRECTION('',(-0.70710678118654,-8.65956056235484E-17,-0.707106781186555));
#12200=DIRECTION('center_axis',(0.,0.,-1.));
#12201=DIRECTION('ref_axis',(-1.,0.,0.));
#12202=DIRECTION('center_axis',(0.,0.,-1.));
#12203=DIRECTION('ref_axis',(-1.,0.,0.));
#12204=DIRECTION('center_axis',(0.,0.,-1.));
#12205=DIRECTION('ref_axis',(1.,0.,0.));
#12206=DIRECTION('',(0.,0.,-1.));
#12207=DIRECTION('center_axis',(0.,0.,1.));
#12208=DIRECTION('ref_axis',(1.,0.,0.));
#12209=DIRECTION('center_axis',(0.,0.,1.));
#12210=DIRECTION('ref_axis',(-1.,0.,0.));
#12211=DIRECTION('',(-0.70710678118654,-8.65956056235484E-17,-0.707106781186555));
#12212=DIRECTION('center_axis',(0.,0.,-1.));
#12213=DIRECTION('ref_axis',(-1.,0.,0.));
#12214=DIRECTION('center_axis',(0.,0.,-1.));
#12215=DIRECTION('ref_axis',(-1.,0.,0.));
#12216=DIRECTION('center_axis',(0.,0.,-1.));
#12217=DIRECTION('ref_axis',(1.,0.,0.));
#12218=DIRECTION('',(0.,0.,-1.));
#12219=DIRECTION('center_axis',(0.,0.,1.));
#12220=DIRECTION('ref_axis',(1.,0.,0.));
#12221=DIRECTION('center_axis',(0.,0.,1.));
#12222=DIRECTION('ref_axis',(-1.,0.,0.));
#12223=DIRECTION('',(-0.70710678118654,-8.65956056235484E-17,-0.707106781186555));
#12224=DIRECTION('center_axis',(0.,0.,-1.));
#12225=DIRECTION('ref_axis',(-1.,0.,0.));
#12226=DIRECTION('center_axis',(0.,0.,-1.));
#12227=DIRECTION('ref_axis',(-1.,0.,0.));
#12228=DIRECTION('center_axis',(0.,0.,-1.));
#12229=DIRECTION('ref_axis',(1.,0.,0.));
#12230=DIRECTION('',(0.,0.,-1.));
#12231=DIRECTION('center_axis',(0.,0.,1.));
#12232=DIRECTION('ref_axis',(1.,0.,0.));
#12233=DIRECTION('center_axis',(0.,0.,1.));
#12234=DIRECTION('ref_axis',(-1.,0.,0.));
#12235=DIRECTION('',(-0.70710678118654,-8.65956056235484E-17,-0.707106781186555));
#12236=DIRECTION('center_axis',(0.,0.,-1.));
#12237=DIRECTION('ref_axis',(-1.,0.,0.));
#12238=DIRECTION('center_axis',(0.,0.,-1.));
#12239=DIRECTION('ref_axis',(-1.,0.,0.));
#12240=DIRECTION('center_axis',(0.,0.,-1.));
#12241=DIRECTION('ref_axis',(1.,0.,0.));
#12242=DIRECTION('',(0.,0.,-1.));
#12243=DIRECTION('center_axis',(0.,0.,1.));
#12244=DIRECTION('ref_axis',(1.,0.,0.));
#12245=DIRECTION('center_axis',(0.,0.,1.));
#12246=DIRECTION('ref_axis',(-1.,0.,0.));
#12247=DIRECTION('',(-0.70710678118654,-8.65956056235484E-17,-0.707106781186555));
#12248=DIRECTION('center_axis',(0.,0.,-1.));
#12249=DIRECTION('ref_axis',(-1.,0.,0.));
#12250=DIRECTION('center_axis',(0.,0.,-1.));
#12251=DIRECTION('ref_axis',(-1.,0.,0.));
#12252=DIRECTION('center_axis',(0.,0.,-1.));
#12253=DIRECTION('ref_axis',(1.,0.,0.));
#12254=DIRECTION('',(0.,0.,-1.));
#12255=DIRECTION('center_axis',(0.,0.,1.));
#12256=DIRECTION('ref_axis',(1.,0.,0.));
#12257=DIRECTION('center_axis',(0.,0.,1.));
#12258=DIRECTION('ref_axis',(-1.,0.,0.));
#12259=DIRECTION('',(-0.70710678118654,-8.65956056235484E-17,-0.707106781186555));
#12260=DIRECTION('center_axis',(0.,0.,-1.));
#12261=DIRECTION('ref_axis',(-1.,0.,0.));
#12262=DIRECTION('center_axis',(0.,0.,-1.));
#12263=DIRECTION('ref_axis',(-1.,0.,0.));
#12264=DIRECTION('center_axis',(0.,0.,-1.));
#12265=DIRECTION('ref_axis',(1.,0.,0.));
#12266=DIRECTION('',(0.,0.,-1.));
#12267=DIRECTION('center_axis',(0.,0.,1.));
#12268=DIRECTION('ref_axis',(1.,0.,0.));
#12269=DIRECTION('center_axis',(0.,0.,1.));
#12270=DIRECTION('ref_axis',(-1.,0.,0.));
#12271=DIRECTION('',(-0.70710678118654,-8.65956056235484E-17,-0.707106781186555));
#12272=DIRECTION('center_axis',(0.,0.,-1.));
#12273=DIRECTION('ref_axis',(-1.,0.,0.));
#12274=DIRECTION('center_axis',(0.,0.,-1.));
#12275=DIRECTION('ref_axis',(-1.,0.,0.));
#12276=DIRECTION('center_axis',(0.,0.,-1.));
#12277=DIRECTION('ref_axis',(1.,0.,0.));
#12278=DIRECTION('',(0.,0.,-1.));
#12279=DIRECTION('center_axis',(0.,0.,1.));
#12280=DIRECTION('ref_axis',(1.,0.,0.));
#12281=DIRECTION('center_axis',(0.,0.,1.));
#12282=DIRECTION('ref_axis',(-1.,0.,0.));
#12283=DIRECTION('',(-0.70710678118654,-8.65956056235484E-17,-0.707106781186555));
#12284=DIRECTION('center_axis',(0.,0.,-1.));
#12285=DIRECTION('ref_axis',(-1.,0.,0.));
#12286=DIRECTION('center_axis',(0.,0.,-1.));
#12287=DIRECTION('ref_axis',(-1.,0.,0.));
#12288=DIRECTION('center_axis',(0.,0.,-1.));
#12289=DIRECTION('ref_axis',(1.,0.,0.));
#12290=DIRECTION('',(0.,0.,-1.));
#12291=DIRECTION('center_axis',(0.,0.,1.));
#12292=DIRECTION('ref_axis',(1.,0.,0.));
#12293=DIRECTION('center_axis',(0.,0.,1.));
#12294=DIRECTION('ref_axis',(-1.,0.,0.));
#12295=DIRECTION('',(-0.70710678118654,-8.65956056235484E-17,-0.707106781186555));
#12296=DIRECTION('center_axis',(0.,0.,-1.));
#12297=DIRECTION('ref_axis',(-1.,0.,0.));
#12298=DIRECTION('center_axis',(0.,0.,-1.));
#12299=DIRECTION('ref_axis',(-1.,0.,0.));
#12300=DIRECTION('center_axis',(0.,0.,-1.));
#12301=DIRECTION('ref_axis',(1.,0.,0.));
#12302=DIRECTION('',(0.,0.,-1.));
#12303=DIRECTION('center_axis',(0.,0.,1.));
#12304=DIRECTION('ref_axis',(1.,0.,0.));
#12305=DIRECTION('center_axis',(0.,0.,1.));
#12306=DIRECTION('ref_axis',(-1.,0.,0.));
#12307=DIRECTION('',(-0.70710678118654,-8.65956056235484E-17,-0.707106781186555));
#12308=DIRECTION('center_axis',(0.,0.,-1.));
#12309=DIRECTION('ref_axis',(-1.,0.,0.));
#12310=DIRECTION('center_axis',(0.,0.,-1.));
#12311=DIRECTION('ref_axis',(-1.,0.,0.));
#12312=DIRECTION('center_axis',(0.,0.,-1.));
#12313=DIRECTION('ref_axis',(1.,0.,0.));
#12314=DIRECTION('',(0.,0.,-1.));
#12315=DIRECTION('center_axis',(0.,0.,1.));
#12316=DIRECTION('ref_axis',(1.,0.,0.));
#12317=DIRECTION('center_axis',(0.,0.,1.));
#12318=DIRECTION('ref_axis',(-1.,0.,0.));
#12319=DIRECTION('',(-0.70710678118654,-8.65956056235484E-17,-0.707106781186555));
#12320=DIRECTION('center_axis',(0.,0.,-1.));
#12321=DIRECTION('ref_axis',(-1.,0.,0.));
#12322=DIRECTION('center_axis',(0.,0.,-1.));
#12323=DIRECTION('ref_axis',(-1.,0.,0.));
#12324=DIRECTION('center_axis',(0.,0.,-1.));
#12325=DIRECTION('ref_axis',(1.,0.,0.));
#12326=DIRECTION('',(0.,0.,-1.));
#12327=DIRECTION('center_axis',(0.,0.,1.));
#12328=DIRECTION('ref_axis',(1.,0.,0.));
#12329=DIRECTION('center_axis',(0.,0.,1.));
#12330=DIRECTION('ref_axis',(-1.,0.,0.));
#12331=DIRECTION('',(-0.707106781186548,-8.65956056235493E-17,-0.707106781186548));
#12332=DIRECTION('center_axis',(0.,0.,-1.));
#12333=DIRECTION('ref_axis',(-1.,0.,0.));
#12334=DIRECTION('center_axis',(0.,0.,-1.));
#12335=DIRECTION('ref_axis',(-1.,0.,0.));
#12336=DIRECTION('center_axis',(0.,0.,-1.));
#12337=DIRECTION('ref_axis',(1.,0.,0.));
#12338=DIRECTION('',(0.,0.,-1.));
#12339=DIRECTION('center_axis',(0.,0.,1.));
#12340=DIRECTION('ref_axis',(1.,0.,0.));
#12341=DIRECTION('center_axis',(0.,0.,1.));
#12342=DIRECTION('ref_axis',(-1.,0.,0.));
#12343=DIRECTION('',(-0.707106781186548,-8.65956056235493E-17,-0.707106781186548));
#12344=DIRECTION('center_axis',(0.,0.,-1.));
#12345=DIRECTION('ref_axis',(-1.,0.,0.));
#12346=DIRECTION('center_axis',(0.,0.,-1.));
#12347=DIRECTION('ref_axis',(-1.,0.,0.));
#12348=DIRECTION('center_axis',(0.,0.,-1.));
#12349=DIRECTION('ref_axis',(1.,0.,0.));
#12350=DIRECTION('',(0.,0.,-1.));
#12351=DIRECTION('center_axis',(0.,0.,1.));
#12352=DIRECTION('ref_axis',(1.,0.,0.));
#12353=DIRECTION('center_axis',(0.,0.,1.));
#12354=DIRECTION('ref_axis',(-1.,0.,0.));
#12355=DIRECTION('',(-0.707106781186547,-8.65956056235493E-17,-0.707106781186547));
#12356=DIRECTION('center_axis',(0.,0.,-1.));
#12357=DIRECTION('ref_axis',(-1.,0.,0.));
#12358=DIRECTION('center_axis',(0.,0.,-1.));
#12359=DIRECTION('ref_axis',(-1.,0.,0.));
#12360=DIRECTION('center_axis',(0.,0.,-1.));
#12361=DIRECTION('ref_axis',(1.,0.,0.));
#12362=DIRECTION('',(0.,0.,-1.));
#12363=DIRECTION('center_axis',(0.,0.,1.));
#12364=DIRECTION('ref_axis',(1.,0.,0.));
#12365=DIRECTION('center_axis',(0.,0.,1.));
#12366=DIRECTION('ref_axis',(-1.,0.,0.));
#12367=DIRECTION('',(-0.707106781186547,-8.65956056235493E-17,-0.707106781186547));
#12368=DIRECTION('center_axis',(0.,0.,-1.));
#12369=DIRECTION('ref_axis',(-1.,0.,0.));
#12370=DIRECTION('center_axis',(0.,0.,-1.));
#12371=DIRECTION('ref_axis',(-1.,0.,0.));
#12372=DIRECTION('center_axis',(0.,0.,-1.));
#12373=DIRECTION('ref_axis',(1.,0.,0.));
#12374=DIRECTION('',(0.,0.,-1.));
#12375=DIRECTION('center_axis',(0.,0.,1.));
#12376=DIRECTION('ref_axis',(1.,0.,0.));
#12377=DIRECTION('center_axis',(0.,0.,1.));
#12378=DIRECTION('ref_axis',(-1.,0.,0.));
#12379=DIRECTION('',(-0.707106781186548,-8.65956056235493E-17,-0.707106781186548));
#12380=DIRECTION('center_axis',(0.,0.,-1.));
#12381=DIRECTION('ref_axis',(-1.,0.,0.));
#12382=DIRECTION('center_axis',(0.,0.,-1.));
#12383=DIRECTION('ref_axis',(-1.,0.,0.));
#12384=DIRECTION('center_axis',(0.,0.,-1.));
#12385=DIRECTION('ref_axis',(1.,0.,0.));
#12386=DIRECTION('',(0.,0.,-1.));
#12387=DIRECTION('center_axis',(0.,0.,1.));
#12388=DIRECTION('ref_axis',(1.,0.,0.));
#12389=DIRECTION('center_axis',(0.,0.,1.));
#12390=DIRECTION('ref_axis',(-1.,0.,0.));
#12391=DIRECTION('',(-0.707106781186548,-8.65956056235493E-17,-0.707106781186548));
#12392=DIRECTION('center_axis',(0.,0.,-1.));
#12393=DIRECTION('ref_axis',(-1.,0.,0.));
#12394=DIRECTION('center_axis',(0.,0.,-1.));
#12395=DIRECTION('ref_axis',(-1.,0.,0.));
#12396=DIRECTION('center_axis',(0.,0.,-1.));
#12397=DIRECTION('ref_axis',(1.,0.,0.));
#12398=DIRECTION('',(0.,0.,-1.));
#12399=DIRECTION('center_axis',(0.,0.,1.));
#12400=DIRECTION('ref_axis',(1.,0.,0.));
#12401=DIRECTION('center_axis',(0.,0.,1.));
#12402=DIRECTION('ref_axis',(-1.,0.,0.));
#12403=DIRECTION('',(-0.70710678118654,-8.65956056235484E-17,-0.707106781186555));
#12404=DIRECTION('center_axis',(0.,0.,-1.));
#12405=DIRECTION('ref_axis',(-1.,0.,0.));
#12406=DIRECTION('center_axis',(0.,0.,-1.));
#12407=DIRECTION('ref_axis',(-1.,0.,0.));
#12408=DIRECTION('center_axis',(0.,0.,-1.));
#12409=DIRECTION('ref_axis',(1.,0.,0.));
#12410=DIRECTION('',(0.,0.,-1.));
#12411=DIRECTION('center_axis',(0.,0.,1.));
#12412=DIRECTION('ref_axis',(1.,0.,0.));
#12413=DIRECTION('center_axis',(0.,0.,1.));
#12414=DIRECTION('ref_axis',(-1.,0.,0.));
#12415=DIRECTION('',(-0.70710678118654,-8.65956056235484E-17,-0.707106781186555));
#12416=DIRECTION('center_axis',(0.,0.,-1.));
#12417=DIRECTION('ref_axis',(-1.,0.,0.));
#12418=DIRECTION('center_axis',(0.,0.,-1.));
#12419=DIRECTION('ref_axis',(-1.,0.,0.));
#12420=DIRECTION('center_axis',(0.,0.,-1.));
#12421=DIRECTION('ref_axis',(1.,0.,0.));
#12422=DIRECTION('',(0.,0.,-1.));
#12423=DIRECTION('center_axis',(0.,0.,1.));
#12424=DIRECTION('ref_axis',(1.,0.,0.));
#12425=DIRECTION('center_axis',(0.,0.,1.));
#12426=DIRECTION('ref_axis',(-1.,0.,0.));
#12427=DIRECTION('',(-0.70710678118654,-8.65956056235484E-17,-0.707106781186555));
#12428=DIRECTION('center_axis',(0.,0.,-1.));
#12429=DIRECTION('ref_axis',(-1.,0.,0.));
#12430=DIRECTION('center_axis',(0.,0.,-1.));
#12431=DIRECTION('ref_axis',(-1.,0.,0.));
#12432=DIRECTION('center_axis',(0.,0.,-1.));
#12433=DIRECTION('ref_axis',(1.,0.,0.));
#12434=DIRECTION('',(0.,0.,-1.));
#12435=DIRECTION('center_axis',(0.,0.,1.));
#12436=DIRECTION('ref_axis',(1.,0.,0.));
#12437=DIRECTION('center_axis',(0.,0.,1.));
#12438=DIRECTION('ref_axis',(-1.,0.,0.));
#12439=DIRECTION('',(-0.70710678118654,-8.65956056235484E-17,-0.707106781186555));
#12440=DIRECTION('center_axis',(0.,0.,-1.));
#12441=DIRECTION('ref_axis',(-1.,0.,0.));
#12442=DIRECTION('center_axis',(0.,0.,-1.));
#12443=DIRECTION('ref_axis',(-1.,0.,0.));
#12444=DIRECTION('center_axis',(0.,0.,-1.));
#12445=DIRECTION('ref_axis',(1.,0.,0.));
#12446=DIRECTION('',(0.,0.,-1.));
#12447=DIRECTION('center_axis',(0.,0.,1.));
#12448=DIRECTION('ref_axis',(1.,0.,0.));
#12449=DIRECTION('center_axis',(0.,0.,1.));
#12450=DIRECTION('ref_axis',(-1.,0.,0.));
#12451=DIRECTION('',(-0.70710678118654,-8.65956056235484E-17,-0.707106781186555));
#12452=DIRECTION('center_axis',(0.,0.,-1.));
#12453=DIRECTION('ref_axis',(-1.,0.,0.));
#12454=DIRECTION('center_axis',(0.,0.,-1.));
#12455=DIRECTION('ref_axis',(-1.,0.,0.));
#12456=DIRECTION('center_axis',(0.,0.,-1.));
#12457=DIRECTION('ref_axis',(1.,0.,0.));
#12458=DIRECTION('',(0.,0.,-1.));
#12459=DIRECTION('center_axis',(0.,0.,1.));
#12460=DIRECTION('ref_axis',(1.,0.,0.));
#12461=DIRECTION('center_axis',(0.,0.,1.));
#12462=DIRECTION('ref_axis',(-1.,0.,0.));
#12463=DIRECTION('',(-0.70710678118654,-8.65956056235484E-17,-0.707106781186555));
#12464=DIRECTION('center_axis',(0.,0.,-1.));
#12465=DIRECTION('ref_axis',(-1.,0.,0.));
#12466=DIRECTION('center_axis',(0.,0.,-1.));
#12467=DIRECTION('ref_axis',(-1.,0.,0.));
#12468=DIRECTION('center_axis',(0.,0.,-1.));
#12469=DIRECTION('ref_axis',(1.,0.,0.));
#12470=DIRECTION('',(0.,0.,-1.));
#12471=DIRECTION('center_axis',(0.,0.,1.));
#12472=DIRECTION('ref_axis',(1.,0.,0.));
#12473=DIRECTION('center_axis',(0.,0.,1.));
#12474=DIRECTION('ref_axis',(-1.,0.,0.));
#12475=DIRECTION('',(-0.70710678118654,-8.65956056235484E-17,-0.707106781186555));
#12476=DIRECTION('center_axis',(0.,0.,-1.));
#12477=DIRECTION('ref_axis',(-1.,0.,0.));
#12478=DIRECTION('center_axis',(0.,0.,-1.));
#12479=DIRECTION('ref_axis',(-1.,0.,0.));
#12480=DIRECTION('center_axis',(0.,0.,-1.));
#12481=DIRECTION('ref_axis',(1.,0.,0.));
#12482=DIRECTION('',(0.,0.,-1.));
#12483=DIRECTION('center_axis',(0.,0.,1.));
#12484=DIRECTION('ref_axis',(1.,0.,0.));
#12485=DIRECTION('center_axis',(0.,0.,1.));
#12486=DIRECTION('ref_axis',(-1.,0.,0.));
#12487=DIRECTION('',(-0.70710678118654,-8.65956056235484E-17,-0.707106781186555));
#12488=DIRECTION('center_axis',(0.,0.,-1.));
#12489=DIRECTION('ref_axis',(-1.,0.,0.));
#12490=DIRECTION('center_axis',(0.,0.,-1.));
#12491=DIRECTION('ref_axis',(-1.,0.,0.));
#12492=DIRECTION('center_axis',(0.,0.,-1.));
#12493=DIRECTION('ref_axis',(1.,0.,0.));
#12494=DIRECTION('',(0.,0.,-1.));
#12495=DIRECTION('center_axis',(0.,0.,1.));
#12496=DIRECTION('ref_axis',(1.,0.,0.));
#12497=DIRECTION('center_axis',(0.,0.,1.));
#12498=DIRECTION('ref_axis',(-1.,0.,0.));
#12499=DIRECTION('',(-0.70710678118654,-8.65956056235484E-17,-0.707106781186555));
#12500=DIRECTION('center_axis',(0.,0.,-1.));
#12501=DIRECTION('ref_axis',(-1.,0.,0.));
#12502=DIRECTION('center_axis',(0.,0.,-1.));
#12503=DIRECTION('ref_axis',(-1.,0.,0.));
#12504=DIRECTION('center_axis',(0.,0.,-1.));
#12505=DIRECTION('ref_axis',(1.,0.,0.));
#12506=DIRECTION('',(0.,0.,-1.));
#12507=DIRECTION('center_axis',(0.,0.,1.));
#12508=DIRECTION('ref_axis',(1.,0.,0.));
#12509=DIRECTION('center_axis',(0.,0.,1.));
#12510=DIRECTION('ref_axis',(-1.,0.,0.));
#12511=DIRECTION('',(-0.70710678118654,-8.65956056235484E-17,-0.707106781186555));
#12512=DIRECTION('center_axis',(0.,0.,-1.));
#12513=DIRECTION('ref_axis',(-1.,0.,0.));
#12514=DIRECTION('center_axis',(0.,0.,-1.));
#12515=DIRECTION('ref_axis',(-1.,0.,0.));
#12516=DIRECTION('center_axis',(0.,0.,-1.));
#12517=DIRECTION('ref_axis',(1.,0.,0.));
#12518=DIRECTION('',(0.,0.,-1.));
#12519=DIRECTION('center_axis',(0.,0.,1.));
#12520=DIRECTION('ref_axis',(1.,0.,0.));
#12521=DIRECTION('center_axis',(0.,0.,1.));
#12522=DIRECTION('ref_axis',(-1.,0.,0.));
#12523=DIRECTION('',(-0.70710678118654,-8.65956056235484E-17,-0.707106781186555));
#12524=DIRECTION('center_axis',(0.,0.,-1.));
#12525=DIRECTION('ref_axis',(-1.,0.,0.));
#12526=DIRECTION('center_axis',(0.,0.,-1.));
#12527=DIRECTION('ref_axis',(-1.,0.,0.));
#12528=DIRECTION('center_axis',(0.,0.,-1.));
#12529=DIRECTION('ref_axis',(1.,0.,0.));
#12530=DIRECTION('',(0.,0.,-1.));
#12531=DIRECTION('center_axis',(0.,0.,1.));
#12532=DIRECTION('ref_axis',(1.,0.,0.));
#12533=DIRECTION('center_axis',(0.,0.,1.));
#12534=DIRECTION('ref_axis',(-1.,0.,0.));
#12535=DIRECTION('',(-0.70710678118654,-8.65956056235484E-17,-0.707106781186555));
#12536=DIRECTION('center_axis',(0.,0.,-1.));
#12537=DIRECTION('ref_axis',(-1.,0.,0.));
#12538=DIRECTION('center_axis',(0.,0.,-1.));
#12539=DIRECTION('ref_axis',(-1.,0.,0.));
#12540=DIRECTION('center_axis',(0.,0.,-1.));
#12541=DIRECTION('ref_axis',(1.,0.,0.));
#12542=DIRECTION('',(0.,0.,-1.));
#12543=DIRECTION('center_axis',(0.,0.,1.));
#12544=DIRECTION('ref_axis',(1.,0.,0.));
#12545=DIRECTION('center_axis',(0.,0.,1.));
#12546=DIRECTION('ref_axis',(-1.,0.,0.));
#12547=DIRECTION('',(-0.70710678118654,-8.65956056235484E-17,-0.707106781186555));
#12548=DIRECTION('center_axis',(0.,0.,-1.));
#12549=DIRECTION('ref_axis',(-1.,0.,0.));
#12550=DIRECTION('center_axis',(0.,0.,-1.));
#12551=DIRECTION('ref_axis',(-1.,0.,0.));
#12552=DIRECTION('center_axis',(0.,0.,-1.));
#12553=DIRECTION('ref_axis',(1.,0.,0.));
#12554=DIRECTION('',(0.,0.,-1.));
#12555=DIRECTION('center_axis',(0.,0.,1.));
#12556=DIRECTION('ref_axis',(1.,0.,0.));
#12557=DIRECTION('center_axis',(0.,0.,1.));
#12558=DIRECTION('ref_axis',(-1.,0.,0.));
#12559=DIRECTION('',(-0.70710678118654,-8.65956056235484E-17,-0.707106781186555));
#12560=DIRECTION('center_axis',(0.,0.,-1.));
#12561=DIRECTION('ref_axis',(-1.,0.,0.));
#12562=DIRECTION('center_axis',(0.,0.,-1.));
#12563=DIRECTION('ref_axis',(-1.,0.,0.));
#12564=DIRECTION('center_axis',(0.,0.,-1.));
#12565=DIRECTION('ref_axis',(1.,0.,0.));
#12566=DIRECTION('',(0.,0.,-1.));
#12567=DIRECTION('center_axis',(0.,0.,1.));
#12568=DIRECTION('ref_axis',(1.,0.,0.));
#12569=DIRECTION('center_axis',(0.,0.,1.));
#12570=DIRECTION('ref_axis',(-1.,0.,0.));
#12571=DIRECTION('',(-0.707106781186548,-8.65956056235493E-17,-0.707106781186548));
#12572=DIRECTION('center_axis',(0.,0.,-1.));
#12573=DIRECTION('ref_axis',(-1.,0.,0.));
#12574=DIRECTION('center_axis',(0.,0.,-1.));
#12575=DIRECTION('ref_axis',(-1.,0.,0.));
#12576=DIRECTION('center_axis',(0.,0.,-1.));
#12577=DIRECTION('ref_axis',(1.,0.,0.));
#12578=DIRECTION('',(0.,0.,-1.));
#12579=DIRECTION('center_axis',(0.,0.,1.));
#12580=DIRECTION('ref_axis',(1.,0.,0.));
#12581=DIRECTION('center_axis',(0.,0.,1.));
#12582=DIRECTION('ref_axis',(-1.,0.,0.));
#12583=DIRECTION('',(-0.707106781186548,-8.65956056235493E-17,-0.707106781186548));
#12584=DIRECTION('center_axis',(0.,0.,-1.));
#12585=DIRECTION('ref_axis',(-1.,0.,0.));
#12586=DIRECTION('center_axis',(0.,0.,-1.));
#12587=DIRECTION('ref_axis',(-1.,0.,0.));
#12588=DIRECTION('center_axis',(0.,0.,-1.));
#12589=DIRECTION('ref_axis',(1.,0.,0.));
#12590=DIRECTION('',(0.,0.,-1.));
#12591=DIRECTION('center_axis',(0.,0.,1.));
#12592=DIRECTION('ref_axis',(1.,0.,0.));
#12593=DIRECTION('center_axis',(0.,0.,1.));
#12594=DIRECTION('ref_axis',(-1.,0.,0.));
#12595=DIRECTION('',(-0.707106781186547,-8.65956056235493E-17,-0.707106781186547));
#12596=DIRECTION('center_axis',(0.,0.,-1.));
#12597=DIRECTION('ref_axis',(-1.,0.,0.));
#12598=DIRECTION('center_axis',(0.,0.,-1.));
#12599=DIRECTION('ref_axis',(-1.,0.,0.));
#12600=DIRECTION('center_axis',(0.,0.,-1.));
#12601=DIRECTION('ref_axis',(1.,0.,0.));
#12602=DIRECTION('',(0.,0.,-1.));
#12603=DIRECTION('center_axis',(0.,0.,1.));
#12604=DIRECTION('ref_axis',(1.,0.,0.));
#12605=DIRECTION('center_axis',(0.,0.,1.));
#12606=DIRECTION('ref_axis',(-1.,0.,0.));
#12607=DIRECTION('',(-0.707106781186548,-8.65956056235493E-17,-0.707106781186548));
#12608=DIRECTION('center_axis',(0.,0.,-1.));
#12609=DIRECTION('ref_axis',(-1.,0.,0.));
#12610=DIRECTION('center_axis',(0.,0.,-1.));
#12611=DIRECTION('ref_axis',(-1.,0.,0.));
#12612=DIRECTION('center_axis',(0.,0.,-1.));
#12613=DIRECTION('ref_axis',(1.,0.,0.));
#12614=DIRECTION('',(0.,0.,-1.));
#12615=DIRECTION('center_axis',(0.,0.,1.));
#12616=DIRECTION('ref_axis',(1.,0.,0.));
#12617=DIRECTION('center_axis',(0.,0.,1.));
#12618=DIRECTION('ref_axis',(-1.,0.,0.));
#12619=DIRECTION('',(-0.707106781186548,-8.65956056235493E-17,-0.707106781186548));
#12620=DIRECTION('center_axis',(0.,0.,-1.));
#12621=DIRECTION('ref_axis',(-1.,0.,0.));
#12622=DIRECTION('center_axis',(0.,0.,-1.));
#12623=DIRECTION('ref_axis',(-1.,0.,0.));
#12624=DIRECTION('center_axis',(0.,0.,-1.));
#12625=DIRECTION('ref_axis',(1.,0.,0.));
#12626=DIRECTION('',(0.,0.,-1.));
#12627=DIRECTION('center_axis',(0.,0.,1.));
#12628=DIRECTION('ref_axis',(1.,0.,0.));
#12629=DIRECTION('center_axis',(0.,0.,1.));
#12630=DIRECTION('ref_axis',(-1.,0.,0.));
#12631=DIRECTION('',(-0.707106781186548,-8.65956056235493E-17,-0.707106781186548));
#12632=DIRECTION('center_axis',(0.,0.,-1.));
#12633=DIRECTION('ref_axis',(-1.,0.,0.));
#12634=DIRECTION('center_axis',(0.,0.,-1.));
#12635=DIRECTION('ref_axis',(-1.,0.,0.));
#12636=DIRECTION('center_axis',(0.,0.,-1.));
#12637=DIRECTION('ref_axis',(1.,0.,0.));
#12638=DIRECTION('',(0.,0.,-1.));
#12639=DIRECTION('center_axis',(0.,0.,1.));
#12640=DIRECTION('ref_axis',(1.,0.,0.));
#12641=DIRECTION('center_axis',(0.,0.,1.));
#12642=DIRECTION('ref_axis',(-1.,0.,0.));
#12643=DIRECTION('',(-0.70710678118654,-8.65956056235484E-17,-0.707106781186555));
#12644=DIRECTION('center_axis',(0.,0.,-1.));
#12645=DIRECTION('ref_axis',(-1.,0.,0.));
#12646=DIRECTION('center_axis',(0.,0.,-1.));
#12647=DIRECTION('ref_axis',(-1.,0.,0.));
#12648=DIRECTION('center_axis',(0.,0.,-1.));
#12649=DIRECTION('ref_axis',(1.,0.,0.));
#12650=DIRECTION('',(0.,0.,-1.));
#12651=DIRECTION('center_axis',(0.,0.,1.));
#12652=DIRECTION('ref_axis',(1.,0.,0.));
#12653=DIRECTION('center_axis',(0.,0.,1.));
#12654=DIRECTION('ref_axis',(-1.,0.,0.));
#12655=DIRECTION('',(-0.70710678118654,-8.65956056235484E-17,-0.707106781186555));
#12656=DIRECTION('center_axis',(0.,0.,-1.));
#12657=DIRECTION('ref_axis',(-1.,0.,0.));
#12658=DIRECTION('center_axis',(0.,0.,-1.));
#12659=DIRECTION('ref_axis',(-1.,0.,0.));
#12660=DIRECTION('center_axis',(0.,0.,-1.));
#12661=DIRECTION('ref_axis',(1.,0.,0.));
#12662=DIRECTION('',(0.,0.,-1.));
#12663=DIRECTION('center_axis',(0.,0.,1.));
#12664=DIRECTION('ref_axis',(1.,0.,0.));
#12665=DIRECTION('center_axis',(0.,0.,1.));
#12666=DIRECTION('ref_axis',(-1.,0.,0.));
#12667=DIRECTION('',(-0.70710678118654,-8.65956056235484E-17,-0.707106781186555));
#12668=DIRECTION('center_axis',(0.,0.,-1.));
#12669=DIRECTION('ref_axis',(-1.,0.,0.));
#12670=DIRECTION('center_axis',(0.,0.,-1.));
#12671=DIRECTION('ref_axis',(-1.,0.,0.));
#12672=DIRECTION('center_axis',(0.,0.,-1.));
#12673=DIRECTION('ref_axis',(1.,0.,0.));
#12674=DIRECTION('',(0.,0.,-1.));
#12675=DIRECTION('center_axis',(0.,0.,1.));
#12676=DIRECTION('ref_axis',(1.,0.,0.));
#12677=DIRECTION('center_axis',(0.,0.,1.));
#12678=DIRECTION('ref_axis',(-1.,0.,0.));
#12679=DIRECTION('',(-0.70710678118654,-8.65956056235484E-17,-0.707106781186555));
#12680=DIRECTION('center_axis',(0.,0.,-1.));
#12681=DIRECTION('ref_axis',(-1.,0.,0.));
#12682=DIRECTION('center_axis',(0.,0.,-1.));
#12683=DIRECTION('ref_axis',(-1.,0.,0.));
#12684=DIRECTION('center_axis',(0.,0.,-1.));
#12685=DIRECTION('ref_axis',(1.,0.,0.));
#12686=DIRECTION('',(0.,0.,-1.));
#12687=DIRECTION('center_axis',(0.,0.,1.));
#12688=DIRECTION('ref_axis',(1.,0.,0.));
#12689=DIRECTION('center_axis',(0.,0.,1.));
#12690=DIRECTION('ref_axis',(-1.,0.,0.));
#12691=DIRECTION('',(-0.70710678118654,-8.65956056235484E-17,-0.707106781186555));
#12692=DIRECTION('center_axis',(0.,0.,-1.));
#12693=DIRECTION('ref_axis',(-1.,0.,0.));
#12694=DIRECTION('center_axis',(0.,0.,-1.));
#12695=DIRECTION('ref_axis',(-1.,0.,0.));
#12696=DIRECTION('center_axis',(0.,0.,-1.));
#12697=DIRECTION('ref_axis',(1.,0.,0.));
#12698=DIRECTION('',(0.,0.,-1.));
#12699=DIRECTION('center_axis',(0.,0.,1.));
#12700=DIRECTION('ref_axis',(1.,0.,0.));
#12701=DIRECTION('center_axis',(0.,0.,1.));
#12702=DIRECTION('ref_axis',(-1.,0.,0.));
#12703=DIRECTION('',(-0.70710678118654,-8.65956056235484E-17,-0.707106781186555));
#12704=DIRECTION('center_axis',(0.,0.,-1.));
#12705=DIRECTION('ref_axis',(-1.,0.,0.));
#12706=DIRECTION('center_axis',(0.,0.,-1.));
#12707=DIRECTION('ref_axis',(-1.,0.,0.));
#12708=DIRECTION('center_axis',(0.,0.,-1.));
#12709=DIRECTION('ref_axis',(1.,0.,0.));
#12710=DIRECTION('',(0.,0.,-1.));
#12711=DIRECTION('center_axis',(0.,0.,1.));
#12712=DIRECTION('ref_axis',(1.,0.,0.));
#12713=DIRECTION('center_axis',(0.,0.,1.));
#12714=DIRECTION('ref_axis',(-1.,0.,0.));
#12715=DIRECTION('',(-0.70710678118654,-8.65956056235484E-17,-0.707106781186555));
#12716=DIRECTION('center_axis',(0.,0.,-1.));
#12717=DIRECTION('ref_axis',(-1.,0.,0.));
#12718=DIRECTION('center_axis',(0.,0.,-1.));
#12719=DIRECTION('ref_axis',(-1.,0.,0.));
#12720=DIRECTION('center_axis',(0.,0.,-1.));
#12721=DIRECTION('ref_axis',(1.,0.,0.));
#12722=DIRECTION('',(0.,0.,-1.));
#12723=DIRECTION('center_axis',(0.,0.,1.));
#12724=DIRECTION('ref_axis',(1.,0.,0.));
#12725=DIRECTION('center_axis',(0.,0.,1.));
#12726=DIRECTION('ref_axis',(-1.,0.,0.));
#12727=DIRECTION('',(-0.70710678118654,-8.65956056235484E-17,-0.707106781186555));
#12728=DIRECTION('center_axis',(0.,0.,-1.));
#12729=DIRECTION('ref_axis',(-1.,0.,0.));
#12730=DIRECTION('center_axis',(0.,0.,-1.));
#12731=DIRECTION('ref_axis',(-1.,0.,0.));
#12732=DIRECTION('center_axis',(0.,0.,-1.));
#12733=DIRECTION('ref_axis',(1.,0.,0.));
#12734=DIRECTION('',(0.,0.,-1.));
#12735=DIRECTION('center_axis',(0.,0.,1.));
#12736=DIRECTION('ref_axis',(1.,0.,0.));
#12737=DIRECTION('center_axis',(0.,0.,1.));
#12738=DIRECTION('ref_axis',(-1.,0.,0.));
#12739=DIRECTION('',(-0.70710678118654,-8.65956056235484E-17,-0.707106781186555));
#12740=DIRECTION('center_axis',(0.,0.,-1.));
#12741=DIRECTION('ref_axis',(-1.,0.,0.));
#12742=DIRECTION('center_axis',(0.,0.,-1.));
#12743=DIRECTION('ref_axis',(-1.,0.,0.));
#12744=DIRECTION('center_axis',(0.,0.,-1.));
#12745=DIRECTION('ref_axis',(1.,0.,0.));
#12746=DIRECTION('',(0.,0.,-1.));
#12747=DIRECTION('center_axis',(0.,0.,1.));
#12748=DIRECTION('ref_axis',(1.,0.,0.));
#12749=DIRECTION('center_axis',(0.,0.,1.));
#12750=DIRECTION('ref_axis',(-1.,0.,0.));
#12751=DIRECTION('',(-0.70710678118654,-8.65956056235484E-17,-0.707106781186555));
#12752=DIRECTION('center_axis',(0.,0.,-1.));
#12753=DIRECTION('ref_axis',(-1.,0.,0.));
#12754=DIRECTION('center_axis',(0.,0.,-1.));
#12755=DIRECTION('ref_axis',(-1.,0.,0.));
#12756=DIRECTION('center_axis',(0.,0.,-1.));
#12757=DIRECTION('ref_axis',(1.,0.,0.));
#12758=DIRECTION('',(0.,0.,-1.));
#12759=DIRECTION('center_axis',(0.,0.,1.));
#12760=DIRECTION('ref_axis',(1.,0.,0.));
#12761=DIRECTION('center_axis',(0.,0.,1.));
#12762=DIRECTION('ref_axis',(-1.,0.,0.));
#12763=DIRECTION('',(-0.70710678118654,-8.65956056235484E-17,-0.707106781186555));
#12764=DIRECTION('center_axis',(0.,0.,-1.));
#12765=DIRECTION('ref_axis',(-1.,0.,0.));
#12766=DIRECTION('center_axis',(0.,0.,-1.));
#12767=DIRECTION('ref_axis',(-1.,0.,0.));
#12768=DIRECTION('center_axis',(0.,0.,-1.));
#12769=DIRECTION('ref_axis',(1.,0.,0.));
#12770=DIRECTION('',(0.,0.,-1.));
#12771=DIRECTION('center_axis',(0.,0.,1.));
#12772=DIRECTION('ref_axis',(1.,0.,0.));
#12773=DIRECTION('center_axis',(0.,0.,1.));
#12774=DIRECTION('ref_axis',(-1.,0.,0.));
#12775=DIRECTION('',(-0.70710678118654,-8.65956056235484E-17,-0.707106781186555));
#12776=DIRECTION('center_axis',(0.,0.,-1.));
#12777=DIRECTION('ref_axis',(-1.,0.,0.));
#12778=DIRECTION('center_axis',(0.,0.,-1.));
#12779=DIRECTION('ref_axis',(-1.,0.,0.));
#12780=DIRECTION('center_axis',(0.,0.,-1.));
#12781=DIRECTION('ref_axis',(1.,0.,0.));
#12782=DIRECTION('',(0.,0.,-1.));
#12783=DIRECTION('center_axis',(0.,0.,1.));
#12784=DIRECTION('ref_axis',(1.,0.,0.));
#12785=DIRECTION('center_axis',(0.,0.,1.));
#12786=DIRECTION('ref_axis',(-1.,0.,0.));
#12787=DIRECTION('',(-0.70710678118654,-8.65956056235484E-17,-0.707106781186555));
#12788=DIRECTION('center_axis',(0.,0.,-1.));
#12789=DIRECTION('ref_axis',(-1.,0.,0.));
#12790=DIRECTION('center_axis',(0.,0.,-1.));
#12791=DIRECTION('ref_axis',(-1.,0.,0.));
#12792=DIRECTION('center_axis',(0.,0.,-1.));
#12793=DIRECTION('ref_axis',(1.,0.,0.));
#12794=DIRECTION('',(0.,0.,-1.));
#12795=DIRECTION('center_axis',(0.,0.,1.));
#12796=DIRECTION('ref_axis',(1.,0.,0.));
#12797=DIRECTION('center_axis',(0.,0.,1.));
#12798=DIRECTION('ref_axis',(-1.,0.,0.));
#12799=DIRECTION('',(-0.70710678118654,-8.65956056235484E-17,-0.707106781186555));
#12800=DIRECTION('center_axis',(0.,0.,-1.));
#12801=DIRECTION('ref_axis',(-1.,0.,0.));
#12802=DIRECTION('center_axis',(0.,0.,-1.));
#12803=DIRECTION('ref_axis',(-1.,0.,0.));
#12804=DIRECTION('center_axis',(0.,0.,-1.));
#12805=DIRECTION('ref_axis',(1.,0.,0.));
#12806=DIRECTION('',(0.,0.,-1.));
#12807=DIRECTION('center_axis',(0.,0.,1.));
#12808=DIRECTION('ref_axis',(1.,0.,0.));
#12809=DIRECTION('center_axis',(0.,0.,1.));
#12810=DIRECTION('ref_axis',(-1.,0.,0.));
#12811=DIRECTION('',(-0.707106781186548,-8.65956056235493E-17,-0.707106781186548));
#12812=DIRECTION('center_axis',(0.,0.,-1.));
#12813=DIRECTION('ref_axis',(-1.,0.,0.));
#12814=DIRECTION('center_axis',(0.,0.,-1.));
#12815=DIRECTION('ref_axis',(-1.,0.,0.));
#12816=DIRECTION('center_axis',(0.,0.,-1.));
#12817=DIRECTION('ref_axis',(1.,0.,0.));
#12818=DIRECTION('',(0.,0.,-1.));
#12819=DIRECTION('center_axis',(0.,0.,1.));
#12820=DIRECTION('ref_axis',(1.,0.,0.));
#12821=DIRECTION('center_axis',(0.,0.,1.));
#12822=DIRECTION('ref_axis',(-1.,0.,0.));
#12823=DIRECTION('',(-0.707106781186548,-8.65956056235493E-17,-0.707106781186548));
#12824=DIRECTION('center_axis',(0.,0.,-1.));
#12825=DIRECTION('ref_axis',(-1.,0.,0.));
#12826=DIRECTION('center_axis',(0.,0.,-1.));
#12827=DIRECTION('ref_axis',(-1.,0.,0.));
#12828=DIRECTION('center_axis',(0.,0.,-1.));
#12829=DIRECTION('ref_axis',(1.,0.,0.));
#12830=DIRECTION('',(0.,0.,-1.));
#12831=DIRECTION('center_axis',(0.,0.,1.));
#12832=DIRECTION('ref_axis',(1.,0.,0.));
#12833=DIRECTION('center_axis',(0.,0.,1.));
#12834=DIRECTION('ref_axis',(-1.,0.,0.));
#12835=DIRECTION('',(-0.707106781186548,-8.65956056235493E-17,-0.707106781186548));
#12836=DIRECTION('center_axis',(0.,0.,-1.));
#12837=DIRECTION('ref_axis',(-1.,0.,0.));
#12838=DIRECTION('center_axis',(0.,0.,-1.));
#12839=DIRECTION('ref_axis',(-1.,0.,0.));
#12840=DIRECTION('center_axis',(0.,0.,-1.));
#12841=DIRECTION('ref_axis',(1.,0.,0.));
#12842=DIRECTION('',(0.,0.,-1.));
#12843=DIRECTION('center_axis',(0.,0.,1.));
#12844=DIRECTION('ref_axis',(1.,0.,0.));
#12845=DIRECTION('center_axis',(0.,0.,1.));
#12846=DIRECTION('ref_axis',(-1.,0.,0.));
#12847=DIRECTION('',(-0.707106781186548,-8.65956056235493E-17,-0.707106781186548));
#12848=DIRECTION('center_axis',(0.,0.,-1.));
#12849=DIRECTION('ref_axis',(-1.,0.,0.));
#12850=DIRECTION('center_axis',(0.,0.,-1.));
#12851=DIRECTION('ref_axis',(-1.,0.,0.));
#12852=DIRECTION('center_axis',(0.,0.,-1.));
#12853=DIRECTION('ref_axis',(1.,0.,0.));
#12854=DIRECTION('',(0.,0.,-1.));
#12855=DIRECTION('center_axis',(0.,0.,1.));
#12856=DIRECTION('ref_axis',(1.,0.,0.));
#12857=DIRECTION('center_axis',(0.,0.,1.));
#12858=DIRECTION('ref_axis',(-1.,0.,0.));
#12859=DIRECTION('',(-0.707106781186548,-8.65956056235493E-17,-0.707106781186548));
#12860=DIRECTION('center_axis',(0.,0.,-1.));
#12861=DIRECTION('ref_axis',(-1.,0.,0.));
#12862=DIRECTION('center_axis',(0.,0.,-1.));
#12863=DIRECTION('ref_axis',(-1.,0.,0.));
#12864=DIRECTION('center_axis',(0.,0.,-1.));
#12865=DIRECTION('ref_axis',(1.,0.,0.));
#12866=DIRECTION('',(0.,0.,-1.));
#12867=DIRECTION('center_axis',(0.,0.,1.));
#12868=DIRECTION('ref_axis',(1.,0.,0.));
#12869=DIRECTION('center_axis',(0.,0.,1.));
#12870=DIRECTION('ref_axis',(-1.,0.,0.));
#12871=DIRECTION('',(-0.707106781186548,-8.65956056235493E-17,-0.707106781186548));
#12872=DIRECTION('center_axis',(0.,0.,-1.));
#12873=DIRECTION('ref_axis',(-1.,0.,0.));
#12874=DIRECTION('center_axis',(0.,0.,-1.));
#12875=DIRECTION('ref_axis',(-1.,0.,0.));
#12876=DIRECTION('center_axis',(0.,0.,-1.));
#12877=DIRECTION('ref_axis',(1.,0.,0.));
#12878=DIRECTION('',(0.,0.,-1.));
#12879=DIRECTION('center_axis',(0.,0.,1.));
#12880=DIRECTION('ref_axis',(1.,0.,0.));
#12881=DIRECTION('center_axis',(0.,0.,1.));
#12882=DIRECTION('ref_axis',(-1.,0.,0.));
#12883=DIRECTION('',(-0.70710678118654,-8.65956056235484E-17,-0.707106781186555));
#12884=DIRECTION('center_axis',(0.,0.,-1.));
#12885=DIRECTION('ref_axis',(-1.,0.,0.));
#12886=DIRECTION('center_axis',(0.,0.,-1.));
#12887=DIRECTION('ref_axis',(-1.,0.,0.));
#12888=DIRECTION('center_axis',(0.,0.,-1.));
#12889=DIRECTION('ref_axis',(1.,0.,0.));
#12890=DIRECTION('',(0.,0.,-1.));
#12891=DIRECTION('center_axis',(0.,0.,1.));
#12892=DIRECTION('ref_axis',(1.,0.,0.));
#12893=DIRECTION('center_axis',(0.,0.,1.));
#12894=DIRECTION('ref_axis',(-1.,0.,0.));
#12895=DIRECTION('',(-0.70710678118654,-8.65956056235484E-17,-0.707106781186555));
#12896=DIRECTION('center_axis',(0.,0.,-1.));
#12897=DIRECTION('ref_axis',(-1.,0.,0.));
#12898=DIRECTION('center_axis',(0.,0.,-1.));
#12899=DIRECTION('ref_axis',(-1.,0.,0.));
#12900=DIRECTION('center_axis',(0.,0.,-1.));
#12901=DIRECTION('ref_axis',(1.,0.,0.));
#12902=DIRECTION('',(0.,0.,-1.));
#12903=DIRECTION('center_axis',(0.,0.,1.));
#12904=DIRECTION('ref_axis',(1.,0.,0.));
#12905=DIRECTION('center_axis',(0.,0.,1.));
#12906=DIRECTION('ref_axis',(-1.,0.,0.));
#12907=DIRECTION('',(-0.70710678118654,-8.65956056235484E-17,-0.707106781186555));
#12908=DIRECTION('center_axis',(0.,0.,-1.));
#12909=DIRECTION('ref_axis',(-1.,0.,0.));
#12910=DIRECTION('center_axis',(0.,0.,-1.));
#12911=DIRECTION('ref_axis',(-1.,0.,0.));
#12912=DIRECTION('center_axis',(0.,0.,-1.));
#12913=DIRECTION('ref_axis',(1.,0.,0.));
#12914=DIRECTION('',(0.,0.,-1.));
#12915=DIRECTION('center_axis',(0.,0.,1.));
#12916=DIRECTION('ref_axis',(1.,0.,0.));
#12917=DIRECTION('center_axis',(0.,0.,1.));
#12918=DIRECTION('ref_axis',(-1.,0.,0.));
#12919=DIRECTION('',(-0.70710678118654,-8.65956056235484E-17,-0.707106781186555));
#12920=DIRECTION('center_axis',(0.,0.,-1.));
#12921=DIRECTION('ref_axis',(-1.,0.,0.));
#12922=DIRECTION('center_axis',(0.,0.,-1.));
#12923=DIRECTION('ref_axis',(-1.,0.,0.));
#12924=DIRECTION('center_axis',(0.,0.,-1.));
#12925=DIRECTION('ref_axis',(1.,0.,0.));
#12926=DIRECTION('',(0.,0.,-1.));
#12927=DIRECTION('center_axis',(0.,0.,1.));
#12928=DIRECTION('ref_axis',(1.,0.,0.));
#12929=DIRECTION('center_axis',(0.,0.,1.));
#12930=DIRECTION('ref_axis',(-1.,0.,0.));
#12931=DIRECTION('',(-0.70710678118654,-8.65956056235484E-17,-0.707106781186555));
#12932=DIRECTION('center_axis',(0.,0.,-1.));
#12933=DIRECTION('ref_axis',(-1.,0.,0.));
#12934=DIRECTION('center_axis',(0.,0.,-1.));
#12935=DIRECTION('ref_axis',(-1.,0.,0.));
#12936=DIRECTION('center_axis',(0.,0.,-1.));
#12937=DIRECTION('ref_axis',(1.,0.,0.));
#12938=DIRECTION('',(0.,0.,-1.));
#12939=DIRECTION('center_axis',(0.,0.,1.));
#12940=DIRECTION('ref_axis',(1.,0.,0.));
#12941=DIRECTION('center_axis',(0.,0.,1.));
#12942=DIRECTION('ref_axis',(-1.,0.,0.));
#12943=DIRECTION('',(-0.70710678118654,-8.65956056235484E-17,-0.707106781186555));
#12944=DIRECTION('center_axis',(0.,0.,-1.));
#12945=DIRECTION('ref_axis',(-1.,0.,0.));
#12946=DIRECTION('center_axis',(0.,0.,-1.));
#12947=DIRECTION('ref_axis',(-1.,0.,0.));
#12948=DIRECTION('center_axis',(0.,0.,-1.));
#12949=DIRECTION('ref_axis',(1.,0.,0.));
#12950=DIRECTION('',(0.,0.,-1.));
#12951=DIRECTION('center_axis',(0.,0.,1.));
#12952=DIRECTION('ref_axis',(1.,0.,0.));
#12953=DIRECTION('center_axis',(0.,0.,1.));
#12954=DIRECTION('ref_axis',(-1.,0.,0.));
#12955=DIRECTION('',(-0.70710678118654,-8.65956056235484E-17,-0.707106781186555));
#12956=DIRECTION('center_axis',(0.,0.,-1.));
#12957=DIRECTION('ref_axis',(-1.,0.,0.));
#12958=DIRECTION('center_axis',(0.,0.,-1.));
#12959=DIRECTION('ref_axis',(-1.,0.,0.));
#12960=DIRECTION('center_axis',(0.,0.,-1.));
#12961=DIRECTION('ref_axis',(1.,0.,0.));
#12962=DIRECTION('',(0.,0.,-1.));
#12963=DIRECTION('center_axis',(0.,0.,1.));
#12964=DIRECTION('ref_axis',(1.,0.,0.));
#12965=DIRECTION('center_axis',(0.,0.,1.));
#12966=DIRECTION('ref_axis',(-1.,0.,0.));
#12967=DIRECTION('',(-0.70710678118654,-8.65956056235484E-17,-0.707106781186555));
#12968=DIRECTION('center_axis',(0.,0.,-1.));
#12969=DIRECTION('ref_axis',(-1.,0.,0.));
#12970=DIRECTION('center_axis',(0.,0.,-1.));
#12971=DIRECTION('ref_axis',(-1.,0.,0.));
#12972=DIRECTION('center_axis',(0.,0.,-1.));
#12973=DIRECTION('ref_axis',(1.,0.,0.));
#12974=DIRECTION('',(0.,0.,-1.));
#12975=DIRECTION('center_axis',(0.,0.,1.));
#12976=DIRECTION('ref_axis',(1.,0.,0.));
#12977=DIRECTION('center_axis',(0.,0.,1.));
#12978=DIRECTION('ref_axis',(-1.,0.,0.));
#12979=DIRECTION('',(-0.70710678118654,-8.65956056235484E-17,-0.707106781186555));
#12980=DIRECTION('center_axis',(0.,0.,-1.));
#12981=DIRECTION('ref_axis',(-1.,0.,0.));
#12982=DIRECTION('center_axis',(0.,0.,-1.));
#12983=DIRECTION('ref_axis',(-1.,0.,0.));
#12984=DIRECTION('center_axis',(0.,0.,-1.));
#12985=DIRECTION('ref_axis',(1.,0.,0.));
#12986=DIRECTION('',(0.,0.,-1.));
#12987=DIRECTION('center_axis',(0.,0.,1.));
#12988=DIRECTION('ref_axis',(1.,0.,0.));
#12989=DIRECTION('center_axis',(0.,0.,1.));
#12990=DIRECTION('ref_axis',(-1.,0.,0.));
#12991=DIRECTION('',(-0.70710678118654,-8.65956056235484E-17,-0.707106781186555));
#12992=DIRECTION('center_axis',(0.,0.,-1.));
#12993=DIRECTION('ref_axis',(-1.,0.,0.));
#12994=DIRECTION('center_axis',(0.,0.,-1.));
#12995=DIRECTION('ref_axis',(-1.,0.,0.));
#12996=DIRECTION('center_axis',(0.,0.,-1.));
#12997=DIRECTION('ref_axis',(1.,0.,0.));
#12998=DIRECTION('',(0.,0.,-1.));
#12999=DIRECTION('center_axis',(0.,0.,1.));
#13000=DIRECTION('ref_axis',(1.,0.,0.));
#13001=DIRECTION('center_axis',(0.,0.,1.));
#13002=DIRECTION('ref_axis',(-1.,0.,0.));
#13003=DIRECTION('',(-0.70710678118654,-8.65956056235484E-17,-0.707106781186555));
#13004=DIRECTION('center_axis',(0.,0.,-1.));
#13005=DIRECTION('ref_axis',(-1.,0.,0.));
#13006=DIRECTION('center_axis',(0.,0.,-1.));
#13007=DIRECTION('ref_axis',(-1.,0.,0.));
#13008=DIRECTION('center_axis',(0.,0.,-1.));
#13009=DIRECTION('ref_axis',(1.,0.,0.));
#13010=DIRECTION('',(0.,0.,-1.));
#13011=DIRECTION('center_axis',(0.,0.,1.));
#13012=DIRECTION('ref_axis',(1.,0.,0.));
#13013=DIRECTION('center_axis',(0.,0.,1.));
#13014=DIRECTION('ref_axis',(-1.,0.,0.));
#13015=DIRECTION('',(-0.70710678118654,-8.65956056235484E-17,-0.707106781186555));
#13016=DIRECTION('center_axis',(0.,0.,-1.));
#13017=DIRECTION('ref_axis',(-1.,0.,0.));
#13018=DIRECTION('center_axis',(0.,0.,-1.));
#13019=DIRECTION('ref_axis',(-1.,0.,0.));
#13020=DIRECTION('center_axis',(0.,0.,-1.));
#13021=DIRECTION('ref_axis',(1.,0.,0.));
#13022=DIRECTION('',(0.,0.,-1.));
#13023=DIRECTION('center_axis',(0.,0.,1.));
#13024=DIRECTION('ref_axis',(1.,0.,0.));
#13025=DIRECTION('center_axis',(0.,0.,1.));
#13026=DIRECTION('ref_axis',(-1.,0.,0.));
#13027=DIRECTION('',(-0.70710678118654,-8.65956056235484E-17,-0.707106781186555));
#13028=DIRECTION('center_axis',(0.,0.,-1.));
#13029=DIRECTION('ref_axis',(-1.,0.,0.));
#13030=DIRECTION('center_axis',(0.,0.,-1.));
#13031=DIRECTION('ref_axis',(-1.,0.,0.));
#13032=DIRECTION('center_axis',(0.,0.,-1.));
#13033=DIRECTION('ref_axis',(1.,0.,0.));
#13034=DIRECTION('',(0.,0.,-1.));
#13035=DIRECTION('center_axis',(0.,0.,1.));
#13036=DIRECTION('ref_axis',(1.,0.,0.));
#13037=DIRECTION('center_axis',(0.,0.,1.));
#13038=DIRECTION('ref_axis',(-1.,0.,0.));
#13039=DIRECTION('',(-0.70710678118654,-8.65956056235484E-17,-0.707106781186555));
#13040=DIRECTION('center_axis',(0.,0.,-1.));
#13041=DIRECTION('ref_axis',(-1.,0.,0.));
#13042=DIRECTION('center_axis',(0.,0.,-1.));
#13043=DIRECTION('ref_axis',(-1.,0.,0.));
#13044=DIRECTION('center_axis',(0.,0.,-1.));
#13045=DIRECTION('ref_axis',(1.,0.,0.));
#13046=DIRECTION('',(0.,0.,-1.));
#13047=DIRECTION('center_axis',(0.,0.,1.));
#13048=DIRECTION('ref_axis',(1.,0.,0.));
#13049=DIRECTION('center_axis',(0.,0.,1.));
#13050=DIRECTION('ref_axis',(-1.,0.,0.));
#13051=DIRECTION('',(-0.707106781186548,-8.65956056235493E-17,-0.707106781186548));
#13052=DIRECTION('center_axis',(0.,0.,-1.));
#13053=DIRECTION('ref_axis',(-1.,0.,0.));
#13054=DIRECTION('center_axis',(0.,0.,-1.));
#13055=DIRECTION('ref_axis',(-1.,0.,0.));
#13056=DIRECTION('center_axis',(0.,0.,-1.));
#13057=DIRECTION('ref_axis',(1.,0.,0.));
#13058=DIRECTION('',(0.,0.,-1.));
#13059=DIRECTION('center_axis',(0.,0.,1.));
#13060=DIRECTION('ref_axis',(1.,0.,0.));
#13061=DIRECTION('center_axis',(0.,0.,1.));
#13062=DIRECTION('ref_axis',(-1.,0.,0.));
#13063=DIRECTION('',(-0.707106781186548,-8.65956056235493E-17,-0.707106781186548));
#13064=DIRECTION('center_axis',(0.,0.,-1.));
#13065=DIRECTION('ref_axis',(-1.,0.,0.));
#13066=DIRECTION('center_axis',(0.,0.,-1.));
#13067=DIRECTION('ref_axis',(-1.,0.,0.));
#13068=DIRECTION('center_axis',(0.,0.,-1.));
#13069=DIRECTION('ref_axis',(1.,0.,0.));
#13070=DIRECTION('',(0.,0.,-1.));
#13071=DIRECTION('center_axis',(0.,0.,1.));
#13072=DIRECTION('ref_axis',(1.,0.,0.));
#13073=DIRECTION('center_axis',(0.,0.,1.));
#13074=DIRECTION('ref_axis',(-1.,0.,0.));
#13075=DIRECTION('',(-0.707106781186548,-8.65956056235493E-17,-0.707106781186548));
#13076=DIRECTION('center_axis',(0.,0.,-1.));
#13077=DIRECTION('ref_axis',(-1.,0.,0.));
#13078=DIRECTION('center_axis',(0.,0.,-1.));
#13079=DIRECTION('ref_axis',(-1.,0.,0.));
#13080=DIRECTION('center_axis',(0.,0.,-1.));
#13081=DIRECTION('ref_axis',(1.,0.,0.));
#13082=DIRECTION('',(0.,0.,-1.));
#13083=DIRECTION('center_axis',(0.,0.,1.));
#13084=DIRECTION('ref_axis',(1.,0.,0.));
#13085=DIRECTION('center_axis',(0.,0.,1.));
#13086=DIRECTION('ref_axis',(-1.,0.,0.));
#13087=DIRECTION('',(-0.707106781186548,-8.65956056235493E-17,-0.707106781186548));
#13088=DIRECTION('center_axis',(0.,0.,-1.));
#13089=DIRECTION('ref_axis',(-1.,0.,0.));
#13090=DIRECTION('center_axis',(0.,0.,-1.));
#13091=DIRECTION('ref_axis',(-1.,0.,0.));
#13092=DIRECTION('center_axis',(0.,0.,-1.));
#13093=DIRECTION('ref_axis',(1.,0.,0.));
#13094=DIRECTION('',(0.,0.,-1.));
#13095=DIRECTION('center_axis',(0.,0.,1.));
#13096=DIRECTION('ref_axis',(1.,0.,0.));
#13097=DIRECTION('center_axis',(0.,0.,1.));
#13098=DIRECTION('ref_axis',(-1.,0.,0.));
#13099=DIRECTION('',(-0.707106781186548,-8.65956056235493E-17,-0.707106781186548));
#13100=DIRECTION('center_axis',(0.,0.,-1.));
#13101=DIRECTION('ref_axis',(-1.,0.,0.));
#13102=DIRECTION('center_axis',(0.,0.,-1.));
#13103=DIRECTION('ref_axis',(-1.,0.,0.));
#13104=DIRECTION('center_axis',(0.,0.,-1.));
#13105=DIRECTION('ref_axis',(1.,0.,0.));
#13106=DIRECTION('',(0.,0.,-1.));
#13107=DIRECTION('center_axis',(0.,0.,1.));
#13108=DIRECTION('ref_axis',(1.,0.,0.));
#13109=DIRECTION('center_axis',(0.,0.,1.));
#13110=DIRECTION('ref_axis',(-1.,0.,0.));
#13111=DIRECTION('',(-0.707106781186548,-8.65956056235493E-17,-0.707106781186548));
#13112=DIRECTION('center_axis',(0.,0.,-1.));
#13113=DIRECTION('ref_axis',(-1.,0.,0.));
#13114=DIRECTION('center_axis',(0.,0.,-1.));
#13115=DIRECTION('ref_axis',(-1.,0.,0.));
#13116=DIRECTION('center_axis',(0.,0.,-1.));
#13117=DIRECTION('ref_axis',(1.,0.,0.));
#13118=DIRECTION('',(0.,0.,-1.));
#13119=DIRECTION('center_axis',(0.,0.,1.));
#13120=DIRECTION('ref_axis',(1.,0.,0.));
#13121=DIRECTION('center_axis',(0.,0.,1.));
#13122=DIRECTION('ref_axis',(-1.,0.,0.));
#13123=DIRECTION('',(-0.70710678118654,-8.65956056235484E-17,-0.707106781186555));
#13124=DIRECTION('center_axis',(0.,0.,-1.));
#13125=DIRECTION('ref_axis',(-1.,0.,0.));
#13126=DIRECTION('center_axis',(0.,0.,-1.));
#13127=DIRECTION('ref_axis',(-1.,0.,0.));
#13128=DIRECTION('center_axis',(0.,0.,-1.));
#13129=DIRECTION('ref_axis',(1.,0.,0.));
#13130=DIRECTION('',(0.,0.,-1.));
#13131=DIRECTION('center_axis',(0.,0.,1.));
#13132=DIRECTION('ref_axis',(1.,0.,0.));
#13133=DIRECTION('center_axis',(0.,0.,1.));
#13134=DIRECTION('ref_axis',(-1.,0.,0.));
#13135=DIRECTION('',(-0.70710678118654,-8.65956056235484E-17,-0.707106781186555));
#13136=DIRECTION('center_axis',(0.,0.,-1.));
#13137=DIRECTION('ref_axis',(-1.,0.,0.));
#13138=DIRECTION('center_axis',(0.,0.,-1.));
#13139=DIRECTION('ref_axis',(-1.,0.,0.));
#13140=DIRECTION('center_axis',(0.,0.,-1.));
#13141=DIRECTION('ref_axis',(1.,0.,0.));
#13142=DIRECTION('',(0.,0.,-1.));
#13143=DIRECTION('center_axis',(0.,0.,1.));
#13144=DIRECTION('ref_axis',(1.,0.,0.));
#13145=DIRECTION('center_axis',(0.,0.,1.));
#13146=DIRECTION('ref_axis',(-1.,0.,0.));
#13147=DIRECTION('',(-0.70710678118654,-8.65956056235484E-17,-0.707106781186555));
#13148=DIRECTION('center_axis',(0.,0.,-1.));
#13149=DIRECTION('ref_axis',(-1.,0.,0.));
#13150=DIRECTION('center_axis',(0.,0.,-1.));
#13151=DIRECTION('ref_axis',(-1.,0.,0.));
#13152=DIRECTION('center_axis',(0.,0.,-1.));
#13153=DIRECTION('ref_axis',(1.,0.,0.));
#13154=DIRECTION('',(0.,0.,-1.));
#13155=DIRECTION('center_axis',(0.,0.,1.));
#13156=DIRECTION('ref_axis',(1.,0.,0.));
#13157=DIRECTION('center_axis',(0.,0.,1.));
#13158=DIRECTION('ref_axis',(-1.,0.,0.));
#13159=DIRECTION('',(-0.70710678118654,-8.65956056235484E-17,-0.707106781186555));
#13160=DIRECTION('center_axis',(0.,0.,-1.));
#13161=DIRECTION('ref_axis',(-1.,0.,0.));
#13162=DIRECTION('center_axis',(0.,0.,-1.));
#13163=DIRECTION('ref_axis',(-1.,0.,0.));
#13164=DIRECTION('center_axis',(0.,0.,-1.));
#13165=DIRECTION('ref_axis',(1.,0.,0.));
#13166=DIRECTION('',(0.,0.,-1.));
#13167=DIRECTION('center_axis',(0.,0.,1.));
#13168=DIRECTION('ref_axis',(1.,0.,0.));
#13169=DIRECTION('center_axis',(0.,0.,1.));
#13170=DIRECTION('ref_axis',(-1.,0.,0.));
#13171=DIRECTION('',(-0.70710678118654,-8.65956056235484E-17,-0.707106781186555));
#13172=DIRECTION('center_axis',(0.,0.,-1.));
#13173=DIRECTION('ref_axis',(-1.,0.,0.));
#13174=DIRECTION('center_axis',(0.,0.,-1.));
#13175=DIRECTION('ref_axis',(-1.,0.,0.));
#13176=DIRECTION('center_axis',(0.,0.,-1.));
#13177=DIRECTION('ref_axis',(1.,0.,0.));
#13178=DIRECTION('',(0.,0.,-1.));
#13179=DIRECTION('center_axis',(0.,0.,1.));
#13180=DIRECTION('ref_axis',(1.,0.,0.));
#13181=DIRECTION('center_axis',(0.,0.,1.));
#13182=DIRECTION('ref_axis',(-1.,0.,0.));
#13183=DIRECTION('',(-0.70710678118654,-8.65956056235484E-17,-0.707106781186555));
#13184=DIRECTION('center_axis',(0.,0.,-1.));
#13185=DIRECTION('ref_axis',(-1.,0.,0.));
#13186=DIRECTION('center_axis',(0.,0.,-1.));
#13187=DIRECTION('ref_axis',(-1.,0.,0.));
#13188=DIRECTION('center_axis',(0.,0.,-1.));
#13189=DIRECTION('ref_axis',(1.,0.,0.));
#13190=DIRECTION('',(0.,0.,-1.));
#13191=DIRECTION('center_axis',(0.,0.,1.));
#13192=DIRECTION('ref_axis',(1.,0.,0.));
#13193=DIRECTION('center_axis',(0.,0.,1.));
#13194=DIRECTION('ref_axis',(-1.,0.,0.));
#13195=DIRECTION('',(-0.70710678118654,-8.65956056235484E-17,-0.707106781186555));
#13196=DIRECTION('center_axis',(0.,0.,-1.));
#13197=DIRECTION('ref_axis',(-1.,0.,0.));
#13198=DIRECTION('center_axis',(0.,0.,-1.));
#13199=DIRECTION('ref_axis',(-1.,0.,0.));
#13200=DIRECTION('center_axis',(0.,0.,-1.));
#13201=DIRECTION('ref_axis',(1.,0.,0.));
#13202=DIRECTION('',(0.,0.,-1.));
#13203=DIRECTION('center_axis',(0.,0.,1.));
#13204=DIRECTION('ref_axis',(1.,0.,0.));
#13205=DIRECTION('center_axis',(0.,0.,1.));
#13206=DIRECTION('ref_axis',(-1.,0.,0.));
#13207=DIRECTION('',(-0.70710678118654,-8.65956056235484E-17,-0.707106781186555));
#13208=DIRECTION('center_axis',(0.,0.,-1.));
#13209=DIRECTION('ref_axis',(-1.,0.,0.));
#13210=DIRECTION('center_axis',(0.,0.,-1.));
#13211=DIRECTION('ref_axis',(-1.,0.,0.));
#13212=DIRECTION('center_axis',(0.,0.,-1.));
#13213=DIRECTION('ref_axis',(1.,0.,0.));
#13214=DIRECTION('',(0.,0.,-1.));
#13215=DIRECTION('center_axis',(0.,0.,1.));
#13216=DIRECTION('ref_axis',(1.,0.,0.));
#13217=DIRECTION('center_axis',(0.,0.,1.));
#13218=DIRECTION('ref_axis',(-1.,0.,0.));
#13219=DIRECTION('',(-0.70710678118654,-8.65956056235484E-17,-0.707106781186555));
#13220=DIRECTION('center_axis',(0.,0.,-1.));
#13221=DIRECTION('ref_axis',(-1.,0.,0.));
#13222=DIRECTION('center_axis',(0.,0.,-1.));
#13223=DIRECTION('ref_axis',(-1.,0.,0.));
#13224=DIRECTION('center_axis',(0.,0.,-1.));
#13225=DIRECTION('ref_axis',(1.,0.,0.));
#13226=DIRECTION('',(0.,0.,-1.));
#13227=DIRECTION('center_axis',(0.,0.,1.));
#13228=DIRECTION('ref_axis',(1.,0.,0.));
#13229=DIRECTION('center_axis',(0.,0.,1.));
#13230=DIRECTION('ref_axis',(-1.,0.,0.));
#13231=DIRECTION('',(-0.70710678118654,-8.65956056235484E-17,-0.707106781186555));
#13232=DIRECTION('center_axis',(0.,0.,-1.));
#13233=DIRECTION('ref_axis',(-1.,0.,0.));
#13234=DIRECTION('center_axis',(0.,0.,-1.));
#13235=DIRECTION('ref_axis',(-1.,0.,0.));
#13236=DIRECTION('center_axis',(0.,0.,-1.));
#13237=DIRECTION('ref_axis',(1.,0.,0.));
#13238=DIRECTION('',(0.,0.,-1.));
#13239=DIRECTION('center_axis',(0.,0.,1.));
#13240=DIRECTION('ref_axis',(1.,0.,0.));
#13241=DIRECTION('center_axis',(0.,0.,1.));
#13242=DIRECTION('ref_axis',(-1.,0.,0.));
#13243=DIRECTION('',(-0.70710678118654,-8.65956056235484E-17,-0.707106781186555));
#13244=DIRECTION('center_axis',(0.,0.,-1.));
#13245=DIRECTION('ref_axis',(-1.,0.,0.));
#13246=DIRECTION('center_axis',(0.,0.,-1.));
#13247=DIRECTION('ref_axis',(-1.,0.,0.));
#13248=DIRECTION('center_axis',(0.,0.,-1.));
#13249=DIRECTION('ref_axis',(1.,0.,0.));
#13250=DIRECTION('',(0.,0.,-1.));
#13251=DIRECTION('center_axis',(0.,0.,1.));
#13252=DIRECTION('ref_axis',(1.,0.,0.));
#13253=DIRECTION('center_axis',(0.,0.,1.));
#13254=DIRECTION('ref_axis',(-1.,0.,0.));
#13255=DIRECTION('',(-0.70710678118654,-8.65956056235484E-17,-0.707106781186555));
#13256=DIRECTION('center_axis',(0.,0.,-1.));
#13257=DIRECTION('ref_axis',(-1.,0.,0.));
#13258=DIRECTION('center_axis',(0.,0.,-1.));
#13259=DIRECTION('ref_axis',(-1.,0.,0.));
#13260=DIRECTION('center_axis',(0.,0.,-1.));
#13261=DIRECTION('ref_axis',(1.,0.,0.));
#13262=DIRECTION('',(0.,0.,-1.));
#13263=DIRECTION('center_axis',(0.,0.,1.));
#13264=DIRECTION('ref_axis',(1.,0.,0.));
#13265=DIRECTION('center_axis',(0.,0.,1.));
#13266=DIRECTION('ref_axis',(-1.,0.,0.));
#13267=DIRECTION('',(-0.70710678118654,-8.65956056235484E-17,-0.707106781186555));
#13268=DIRECTION('center_axis',(0.,0.,-1.));
#13269=DIRECTION('ref_axis',(-1.,0.,0.));
#13270=DIRECTION('center_axis',(0.,0.,-1.));
#13271=DIRECTION('ref_axis',(-1.,0.,0.));
#13272=DIRECTION('center_axis',(0.,0.,-1.));
#13273=DIRECTION('ref_axis',(1.,0.,0.));
#13274=DIRECTION('',(0.,0.,-1.));
#13275=DIRECTION('center_axis',(0.,0.,1.));
#13276=DIRECTION('ref_axis',(1.,0.,0.));
#13277=DIRECTION('center_axis',(0.,0.,1.));
#13278=DIRECTION('ref_axis',(-1.,0.,0.));
#13279=DIRECTION('',(-0.70710678118654,-8.65956056235484E-17,-0.707106781186555));
#13280=DIRECTION('center_axis',(0.,0.,-1.));
#13281=DIRECTION('ref_axis',(-1.,0.,0.));
#13282=DIRECTION('center_axis',(0.,0.,-1.));
#13283=DIRECTION('ref_axis',(-1.,0.,0.));
#13284=DIRECTION('center_axis',(0.,0.,-1.));
#13285=DIRECTION('ref_axis',(1.,0.,0.));
#13286=DIRECTION('',(0.,0.,-1.));
#13287=DIRECTION('center_axis',(0.,0.,1.));
#13288=DIRECTION('ref_axis',(1.,0.,0.));
#13289=DIRECTION('center_axis',(0.,0.,1.));
#13290=DIRECTION('ref_axis',(-1.,0.,0.));
#13291=DIRECTION('',(-0.707106781186548,-8.65956056235493E-17,-0.707106781186548));
#13292=DIRECTION('center_axis',(0.,0.,-1.));
#13293=DIRECTION('ref_axis',(-1.,0.,0.));
#13294=DIRECTION('center_axis',(0.,0.,-1.));
#13295=DIRECTION('ref_axis',(-1.,0.,0.));
#13296=DIRECTION('center_axis',(0.,0.,-1.));
#13297=DIRECTION('ref_axis',(1.,0.,0.));
#13298=DIRECTION('',(0.,0.,-1.));
#13299=DIRECTION('center_axis',(0.,0.,1.));
#13300=DIRECTION('ref_axis',(1.,0.,0.));
#13301=DIRECTION('center_axis',(0.,0.,1.));
#13302=DIRECTION('ref_axis',(-1.,0.,0.));
#13303=DIRECTION('',(-0.707106781186548,-8.65956056235493E-17,-0.707106781186548));
#13304=DIRECTION('center_axis',(0.,0.,-1.));
#13305=DIRECTION('ref_axis',(-1.,0.,0.));
#13306=DIRECTION('center_axis',(0.,0.,-1.));
#13307=DIRECTION('ref_axis',(-1.,0.,0.));
#13308=DIRECTION('center_axis',(0.,0.,-1.));
#13309=DIRECTION('ref_axis',(1.,0.,0.));
#13310=DIRECTION('',(0.,0.,-1.));
#13311=DIRECTION('center_axis',(0.,0.,1.));
#13312=DIRECTION('ref_axis',(1.,0.,0.));
#13313=DIRECTION('center_axis',(0.,0.,1.));
#13314=DIRECTION('ref_axis',(-1.,0.,0.));
#13315=DIRECTION('',(-0.707106781186548,-8.65956056235493E-17,-0.707106781186548));
#13316=DIRECTION('center_axis',(0.,0.,-1.));
#13317=DIRECTION('ref_axis',(-1.,0.,0.));
#13318=DIRECTION('center_axis',(0.,0.,-1.));
#13319=DIRECTION('ref_axis',(-1.,0.,0.));
#13320=DIRECTION('center_axis',(0.,0.,-1.));
#13321=DIRECTION('ref_axis',(1.,0.,0.));
#13322=DIRECTION('',(0.,0.,-1.));
#13323=DIRECTION('center_axis',(0.,0.,1.));
#13324=DIRECTION('ref_axis',(1.,0.,0.));
#13325=DIRECTION('center_axis',(0.,0.,1.));
#13326=DIRECTION('ref_axis',(-1.,0.,0.));
#13327=DIRECTION('',(-0.707106781186547,-8.65956056235493E-17,-0.707106781186547));
#13328=DIRECTION('center_axis',(0.,0.,-1.));
#13329=DIRECTION('ref_axis',(-1.,0.,0.));
#13330=DIRECTION('center_axis',(0.,0.,-1.));
#13331=DIRECTION('ref_axis',(-1.,0.,0.));
#13332=DIRECTION('center_axis',(0.,0.,-1.));
#13333=DIRECTION('ref_axis',(1.,0.,0.));
#13334=DIRECTION('',(0.,0.,-1.));
#13335=DIRECTION('center_axis',(0.,0.,1.));
#13336=DIRECTION('ref_axis',(1.,0.,0.));
#13337=DIRECTION('center_axis',(0.,0.,1.));
#13338=DIRECTION('ref_axis',(-1.,0.,0.));
#13339=DIRECTION('',(-0.707106781186548,-8.65956056235493E-17,-0.707106781186548));
#13340=DIRECTION('center_axis',(0.,0.,-1.));
#13341=DIRECTION('ref_axis',(-1.,0.,0.));
#13342=DIRECTION('center_axis',(0.,0.,-1.));
#13343=DIRECTION('ref_axis',(-1.,0.,0.));
#13344=DIRECTION('center_axis',(0.,0.,-1.));
#13345=DIRECTION('ref_axis',(1.,0.,0.));
#13346=DIRECTION('',(0.,0.,-1.));
#13347=DIRECTION('center_axis',(0.,0.,1.));
#13348=DIRECTION('ref_axis',(1.,0.,0.));
#13349=DIRECTION('center_axis',(0.,0.,1.));
#13350=DIRECTION('ref_axis',(-1.,0.,0.));
#13351=DIRECTION('',(-0.707106781186548,-8.65956056235493E-17,-0.707106781186548));
#13352=DIRECTION('center_axis',(0.,0.,-1.));
#13353=DIRECTION('ref_axis',(-1.,0.,0.));
#13354=DIRECTION('center_axis',(0.,0.,-1.));
#13355=DIRECTION('ref_axis',(-1.,0.,0.));
#13356=DIRECTION('center_axis',(0.,0.,-1.));
#13357=DIRECTION('ref_axis',(1.,0.,0.));
#13358=DIRECTION('',(0.,0.,-1.));
#13359=DIRECTION('center_axis',(0.,0.,1.));
#13360=DIRECTION('ref_axis',(1.,0.,0.));
#13361=DIRECTION('center_axis',(0.,0.,1.));
#13362=DIRECTION('ref_axis',(-1.,0.,0.));
#13363=DIRECTION('',(-0.70710678118654,-8.65956056235484E-17,-0.707106781186555));
#13364=DIRECTION('center_axis',(0.,0.,-1.));
#13365=DIRECTION('ref_axis',(-1.,0.,0.));
#13366=DIRECTION('center_axis',(0.,0.,-1.));
#13367=DIRECTION('ref_axis',(-1.,0.,0.));
#13368=DIRECTION('center_axis',(0.,0.,-1.));
#13369=DIRECTION('ref_axis',(1.,0.,0.));
#13370=DIRECTION('',(0.,0.,-1.));
#13371=DIRECTION('center_axis',(0.,0.,1.));
#13372=DIRECTION('ref_axis',(1.,0.,0.));
#13373=DIRECTION('center_axis',(0.,0.,1.));
#13374=DIRECTION('ref_axis',(-1.,0.,0.));
#13375=DIRECTION('',(-0.70710678118654,-8.65956056235484E-17,-0.707106781186555));
#13376=DIRECTION('center_axis',(0.,0.,-1.));
#13377=DIRECTION('ref_axis',(-1.,0.,0.));
#13378=DIRECTION('center_axis',(0.,0.,-1.));
#13379=DIRECTION('ref_axis',(-1.,0.,0.));
#13380=DIRECTION('center_axis',(0.,0.,-1.));
#13381=DIRECTION('ref_axis',(1.,0.,0.));
#13382=DIRECTION('',(0.,0.,-1.));
#13383=DIRECTION('center_axis',(0.,0.,1.));
#13384=DIRECTION('ref_axis',(1.,0.,0.));
#13385=DIRECTION('center_axis',(0.,0.,1.));
#13386=DIRECTION('ref_axis',(-1.,0.,0.));
#13387=DIRECTION('',(-0.70710678118654,-8.65956056235484E-17,-0.707106781186555));
#13388=DIRECTION('center_axis',(0.,0.,-1.));
#13389=DIRECTION('ref_axis',(-1.,0.,0.));
#13390=DIRECTION('center_axis',(0.,0.,-1.));
#13391=DIRECTION('ref_axis',(-1.,0.,0.));
#13392=DIRECTION('center_axis',(0.,0.,-1.));
#13393=DIRECTION('ref_axis',(1.,0.,0.));
#13394=DIRECTION('',(0.,0.,-1.));
#13395=DIRECTION('center_axis',(0.,0.,1.));
#13396=DIRECTION('ref_axis',(1.,0.,0.));
#13397=DIRECTION('center_axis',(0.,0.,1.));
#13398=DIRECTION('ref_axis',(-1.,0.,0.));
#13399=DIRECTION('',(-0.70710678118654,-8.65956056235484E-17,-0.707106781186555));
#13400=DIRECTION('center_axis',(0.,0.,-1.));
#13401=DIRECTION('ref_axis',(-1.,0.,0.));
#13402=DIRECTION('center_axis',(0.,0.,-1.));
#13403=DIRECTION('ref_axis',(-1.,0.,0.));
#13404=DIRECTION('center_axis',(0.,0.,-1.));
#13405=DIRECTION('ref_axis',(1.,0.,0.));
#13406=DIRECTION('',(0.,0.,-1.));
#13407=DIRECTION('center_axis',(0.,0.,1.));
#13408=DIRECTION('ref_axis',(1.,0.,0.));
#13409=DIRECTION('center_axis',(0.,0.,1.));
#13410=DIRECTION('ref_axis',(-1.,0.,0.));
#13411=DIRECTION('',(-0.70710678118654,-8.65956056235484E-17,-0.707106781186555));
#13412=DIRECTION('center_axis',(0.,0.,-1.));
#13413=DIRECTION('ref_axis',(-1.,0.,0.));
#13414=DIRECTION('center_axis',(0.,0.,-1.));
#13415=DIRECTION('ref_axis',(-1.,0.,0.));
#13416=DIRECTION('center_axis',(0.,0.,-1.));
#13417=DIRECTION('ref_axis',(1.,0.,0.));
#13418=DIRECTION('',(0.,0.,-1.));
#13419=DIRECTION('center_axis',(0.,0.,1.));
#13420=DIRECTION('ref_axis',(1.,0.,0.));
#13421=DIRECTION('center_axis',(0.,0.,1.));
#13422=DIRECTION('ref_axis',(-1.,0.,0.));
#13423=DIRECTION('',(-0.70710678118654,-8.65956056235484E-17,-0.707106781186555));
#13424=DIRECTION('center_axis',(0.,0.,-1.));
#13425=DIRECTION('ref_axis',(-1.,0.,0.));
#13426=DIRECTION('center_axis',(0.,0.,-1.));
#13427=DIRECTION('ref_axis',(-1.,0.,0.));
#13428=DIRECTION('center_axis',(0.,0.,-1.));
#13429=DIRECTION('ref_axis',(1.,0.,0.));
#13430=DIRECTION('',(0.,0.,-1.));
#13431=DIRECTION('center_axis',(0.,0.,1.));
#13432=DIRECTION('ref_axis',(1.,0.,0.));
#13433=DIRECTION('center_axis',(0.,0.,1.));
#13434=DIRECTION('ref_axis',(-1.,0.,0.));
#13435=DIRECTION('',(-0.70710678118654,-8.65956056235484E-17,-0.707106781186555));
#13436=DIRECTION('center_axis',(0.,0.,-1.));
#13437=DIRECTION('ref_axis',(-1.,0.,0.));
#13438=DIRECTION('center_axis',(0.,0.,-1.));
#13439=DIRECTION('ref_axis',(-1.,0.,0.));
#13440=DIRECTION('center_axis',(0.,0.,-1.));
#13441=DIRECTION('ref_axis',(1.,0.,0.));
#13442=DIRECTION('',(0.,0.,-1.));
#13443=DIRECTION('center_axis',(0.,0.,1.));
#13444=DIRECTION('ref_axis',(1.,0.,0.));
#13445=DIRECTION('center_axis',(0.,0.,1.));
#13446=DIRECTION('ref_axis',(1.,0.,0.));
#13447=DIRECTION('center_axis',(0.,0.,1.));
#13448=DIRECTION('ref_axis',(1.,0.,0.));
#13449=DIRECTION('',(0.,0.,1.));
#13450=DIRECTION('center_axis',(0.,0.,1.));
#13451=DIRECTION('ref_axis',(1.,0.,0.));
#13452=DIRECTION('center_axis',(0.,0.,-1.));
#13453=DIRECTION('ref_axis',(1.,0.,0.));
#13454=DIRECTION('center_axis',(0.,0.,1.));
#13455=DIRECTION('ref_axis',(1.,0.,0.));
#13456=DIRECTION('center_axis',(0.,0.,1.));
#13457=DIRECTION('ref_axis',(1.,0.,0.));
#13458=DIRECTION('',(0.,0.,1.));
#13459=DIRECTION('center_axis',(0.,0.,1.));
#13460=DIRECTION('ref_axis',(1.,0.,0.));
#13461=DIRECTION('center_axis',(0.,0.,-1.));
#13462=DIRECTION('ref_axis',(1.,0.,0.));
#13463=DIRECTION('center_axis',(0.,0.,1.));
#13464=DIRECTION('ref_axis',(1.,0.,0.));
#13465=DIRECTION('center_axis',(0.,0.,1.));
#13466=DIRECTION('ref_axis',(1.,0.,0.));
#13467=DIRECTION('',(0.,0.,1.));
#13468=DIRECTION('center_axis',(0.,0.,1.));
#13469=DIRECTION('ref_axis',(1.,0.,0.));
#13470=DIRECTION('center_axis',(0.,0.,-1.));
#13471=DIRECTION('ref_axis',(1.,0.,0.));
#13472=DIRECTION('center_axis',(0.,0.,1.));
#13473=DIRECTION('ref_axis',(1.,0.,0.));
#13474=DIRECTION('center_axis',(0.,0.,1.));
#13475=DIRECTION('ref_axis',(1.,0.,0.));
#13476=DIRECTION('',(0.,0.,1.));
#13477=DIRECTION('center_axis',(0.,0.,1.));
#13478=DIRECTION('ref_axis',(1.,0.,0.));
#13479=DIRECTION('center_axis',(0.,0.,-1.));
#13480=DIRECTION('ref_axis',(1.,0.,0.));
#13481=DIRECTION('center_axis',(0.,0.,1.));
#13482=DIRECTION('ref_axis',(-1.,0.,0.));
#13483=DIRECTION('',(-0.707106781186547,-8.65956056235493E-17,-0.707106781186547));
#13484=DIRECTION('center_axis',(0.,0.,-1.));
#13485=DIRECTION('ref_axis',(-1.,0.,0.));
#13486=DIRECTION('center_axis',(0.,0.,-1.));
#13487=DIRECTION('ref_axis',(-1.,0.,0.));
#13488=DIRECTION('',(0.,0.,-1.));
#13489=DIRECTION('center_axis',(0.,0.,-1.));
#13490=DIRECTION('ref_axis',(-1.,0.,0.));
#13491=DIRECTION('center_axis',(0.,0.,1.));
#13492=DIRECTION('ref_axis',(-1.,0.,0.));
#13493=DIRECTION('',(-0.707106781186552,-8.65956056235499E-17,-0.707106781186543));
#13494=DIRECTION('center_axis',(0.,0.,-1.));
#13495=DIRECTION('ref_axis',(-1.,0.,0.));
#13496=DIRECTION('center_axis',(0.,0.,-1.));
#13497=DIRECTION('ref_axis',(-1.,0.,0.));
#13498=DIRECTION('',(0.,0.,-1.));
#13499=DIRECTION('center_axis',(0.,0.,-1.));
#13500=DIRECTION('ref_axis',(-1.,0.,0.));
#13501=DIRECTION('center_axis',(0.,0.,1.));
#13502=DIRECTION('ref_axis',(-1.,0.,0.));
#13503=DIRECTION('',(-0.707106781186552,-8.65956056235499E-17,-0.707106781186543));
#13504=DIRECTION('center_axis',(0.,0.,-1.));
#13505=DIRECTION('ref_axis',(-1.,0.,0.));
#13506=DIRECTION('center_axis',(0.,0.,-1.));
#13507=DIRECTION('ref_axis',(-1.,0.,0.));
#13508=DIRECTION('',(0.,0.,-1.));
#13509=DIRECTION('center_axis',(0.,0.,-1.));
#13510=DIRECTION('ref_axis',(-1.,0.,0.));
#13511=DIRECTION('center_axis',(0.,0.,1.));
#13512=DIRECTION('ref_axis',(-1.,0.,0.));
#13513=DIRECTION('',(-0.707106781186547,-8.65956056235493E-17,-0.707106781186547));
#13514=DIRECTION('center_axis',(0.,0.,-1.));
#13515=DIRECTION('ref_axis',(-1.,0.,0.));
#13516=DIRECTION('center_axis',(0.,0.,-1.));
#13517=DIRECTION('ref_axis',(-1.,0.,0.));
#13518=DIRECTION('',(0.,0.,-1.));
#13519=DIRECTION('center_axis',(0.,0.,-1.));
#13520=DIRECTION('ref_axis',(-1.,0.,0.));
#13521=DIRECTION('center_axis',(0.,0.,1.));
#13522=DIRECTION('ref_axis',(-1.,0.,0.));
#13523=DIRECTION('',(-0.707106781186546,-8.65956056235492E-17,-0.707106781186549));
#13524=DIRECTION('center_axis',(0.,0.,-1.));
#13525=DIRECTION('ref_axis',(-1.,0.,0.));
#13526=DIRECTION('center_axis',(0.,0.,-1.));
#13527=DIRECTION('ref_axis',(-1.,0.,0.));
#13528=DIRECTION('',(0.,0.,-1.));
#13529=DIRECTION('center_axis',(0.,0.,-1.));
#13530=DIRECTION('ref_axis',(-1.,0.,0.));
#13531=DIRECTION('center_axis',(-2.25151407300071E-33,-0.707106781186549,
-0.707106781186546));
#13532=DIRECTION('ref_axis',(-1.,0.,3.18412173791149E-33));
#13533=DIRECTION('',(0.,-0.707106781186546,0.707106781186549));
#13534=DIRECTION('',(-1.,3.18412173791148E-33,0.));
#13535=DIRECTION('',(1.17756934401283E-15,0.707106781186546,-0.707106781186549));
#13536=DIRECTION('',(1.,-3.18412173791148E-33,0.));
#13537=DIRECTION('center_axis',(0.,0.,1.));
#13538=DIRECTION('ref_axis',(0.707106781186546,-0.707106781186549,0.));
#13539=DIRECTION('',(0.70710678118654,-1.96261557335474E-16,0.707106781186555));
#13540=DIRECTION('center_axis',(0.,0.,-1.));
#13541=DIRECTION('ref_axis',(0.707106781186546,-0.707106781186549,0.));
#13542=DIRECTION('center_axis',(0.,0.,1.));
#13543=DIRECTION('ref_axis',(0.707106781186546,-0.707106781186549,0.));
#13544=DIRECTION('center_axis',(0.707106781186555,0.,-0.70710678118654));
#13545=DIRECTION('ref_axis',(-0.70710678118654,0.,-0.707106781186555));
#13546=DIRECTION('',(0.70710678118654,-2.51214793389407E-14,0.707106781186555));
#13547=DIRECTION('',(0.,-1.,0.));
#13548=DIRECTION('',(0.,1.,0.));
#13549=DIRECTION('center_axis',(0.,0.,1.));
#13550=DIRECTION('ref_axis',(0.707106781186554,0.707106781186541,0.));
#13551=DIRECTION('',(0.,0.70710678118654,0.707106781186555));
#13552=DIRECTION('center_axis',(0.,0.,-1.));
#13553=DIRECTION('ref_axis',(0.707106781186554,0.707106781186541,0.));
#13554=DIRECTION('center_axis',(0.,0.,1.));
#13555=DIRECTION('ref_axis',(0.707106781186554,0.707106781186541,0.));
#13556=DIRECTION('center_axis',(0.,0.707106781186543,-0.707106781186553));
#13557=DIRECTION('ref_axis',(-1.,0.,0.));
#13558=DIRECTION('',(-6.28036983473505E-15,0.707106781186552,0.707106781186542));
#13559=DIRECTION('',(1.,0.,0.));
#13560=DIRECTION('',(-1.,0.,0.));
#13561=DIRECTION('center_axis',(0.,0.,1.));
#13562=DIRECTION('ref_axis',(-0.707106781186543,0.707106781186552,0.));
#13563=DIRECTION('',(-0.707106781186548,0.,0.707106781186547));
#13564=DIRECTION('center_axis',(0.,0.,-1.));
#13565=DIRECTION('ref_axis',(-0.707106781186543,0.707106781186552,0.));
#13566=DIRECTION('center_axis',(0.,0.,1.));
#13567=DIRECTION('ref_axis',(-0.707106781186543,0.707106781186552,0.));
#13568=DIRECTION('center_axis',(-0.707106781186549,-2.71712894886094E-33,
-0.707106781186546));
#13569=DIRECTION('ref_axis',(-0.707106781186546,0.,0.707106781186549));
#13570=DIRECTION('',(-0.707106781186546,0.,0.707106781186549));
#13571=DIRECTION('',(-3.84260061019569E-33,1.,0.));
#13572=DIRECTION('',(3.84260061019569E-33,-1.,0.));
#13573=DIRECTION('center_axis',(0.,0.,1.));
#13574=DIRECTION('ref_axis',(-0.707106781186549,-0.707106781186546,0.));
#13575=DIRECTION('center_axis',(0.,0.,-1.));
#13576=DIRECTION('ref_axis',(-0.707106781186549,-0.707106781186546,0.));
#13577=DIRECTION('center_axis',(0.,0.,1.));
#13578=DIRECTION('ref_axis',(-0.707106781186549,-0.707106781186546,0.));
#13579=DIRECTION('center_axis',(0.,0.,1.));
#13580=DIRECTION('ref_axis',(-0.707106781186543,0.707106781186552,0.));
#13581=DIRECTION('',(0.,0.,1.));
#13582=DIRECTION('center_axis',(0.,0.,1.));
#13583=DIRECTION('ref_axis',(-0.707106781186543,0.707106781186552,0.));
#13584=DIRECTION('',(0.,0.,-1.));
#13585=DIRECTION('center_axis',(-1.,-3.84260061019569E-33,0.));
#13586=DIRECTION('ref_axis',(3.84260061019569E-33,-1.,0.));
#13587=DIRECTION('',(0.,0.,-1.));
#13588=DIRECTION('',(3.84260061019569E-33,-1.,0.));
#13589=DIRECTION('center_axis',(0.,0.,1.));
#13590=DIRECTION('ref_axis',(-0.707106781186549,-0.707106781186546,0.));
#13591=DIRECTION('',(0.,0.,1.));
#13592=DIRECTION('center_axis',(0.,0.,1.));
#13593=DIRECTION('ref_axis',(-0.707106781186549,-0.707106781186546,0.));
#13594=DIRECTION('center_axis',(-3.18412173791148E-33,-1.,0.));
#13595=DIRECTION('ref_axis',(1.,-3.18412173791148E-33,0.));
#13596=DIRECTION('',(0.,0.,-1.));
#13597=DIRECTION('',(1.,-3.18412173791148E-33,0.));
#13598=DIRECTION('center_axis',(0.,0.,1.));
#13599=DIRECTION('ref_axis',(1.,0.,0.));
#13600=DIRECTION('center_axis',(0.,0.,1.));
#13601=DIRECTION('ref_axis',(1.,0.,0.));
#13602=DIRECTION('center_axis',(0.,0.,1.));
#13603=DIRECTION('ref_axis',(1.,0.,0.));
#13604=DIRECTION('center_axis',(0.,0.,1.));
#13605=DIRECTION('ref_axis',(1.,0.,0.));
#13606=DIRECTION('center_axis',(0.,0.,1.));
#13607=DIRECTION('ref_axis',(1.,0.,0.));
#13608=DIRECTION('center_axis',(0.,0.,1.));
#13609=DIRECTION('ref_axis',(1.,0.,0.));
#13610=DIRECTION('center_axis',(-0.707106781186547,-2.71712894886093E-33,
0.707106781186548));
#13611=DIRECTION('ref_axis',(0.707106781186548,0.,0.707106781186547));
#13612=DIRECTION('',(0.707106781186548,0.,0.707106781186547));
#13613=DIRECTION('',(-0.707106781186548,0.,-0.707106781186547));
#13614=DIRECTION('center_axis',(0.,0.,-1.));
#13615=DIRECTION('ref_axis',(-0.707106781186549,-0.707106781186546,0.));
#13616=DIRECTION('',(1.96261557335473E-16,0.707106781186545,0.70710678118655));
#13617=DIRECTION('center_axis',(-2.25151407300071E-33,-0.707106781186549,
0.707106781186546));
#13618=DIRECTION('ref_axis',(1.,0.,3.18412173791149E-33));
#13619=DIRECTION('',(0.,0.707106781186546,0.707106781186549));
#13620=DIRECTION('center_axis',(0.,0.,-1.));
#13621=DIRECTION('ref_axis',(0.707106781186546,-0.707106781186549,0.));
#13622=DIRECTION('center_axis',(0.,0.,1.));
#13623=DIRECTION('ref_axis',(0.707106781186546,-0.707106781186549,0.));
#13624=DIRECTION('',(-0.70710678118654,1.96261557335474E-16,0.707106781186555));
#13625=DIRECTION('center_axis',(0.707106781186549,0.,0.707106781186546));
#13626=DIRECTION('ref_axis',(0.707106781186546,0.,-0.707106781186549));
#13627=DIRECTION('',(-0.707106781186546,2.51214793389404E-14,0.707106781186549));
#13628=DIRECTION('',(0.,1.,0.));
#13629=DIRECTION('center_axis',(0.,0.,-1.));
#13630=DIRECTION('ref_axis',(0.707106781186554,0.707106781186541,0.));
#13631=DIRECTION('center_axis',(0.,0.,1.));
#13632=DIRECTION('ref_axis',(0.707106781186554,0.707106781186541,0.));
#13633=DIRECTION('',(0.,-0.70710678118654,0.707106781186555));
#13634=DIRECTION('center_axis',(0.,0.707106781186542,0.707106781186553));
#13635=DIRECTION('ref_axis',(1.,0.,0.));
#13636=DIRECTION('',(6.28036983473506E-15,-0.707106781186553,0.707106781186542));
#13637=DIRECTION('',(-1.,0.,0.));
#13638=DIRECTION('center_axis',(0.,0.,-1.));
#13639=DIRECTION('ref_axis',(-0.707106781186543,0.707106781186552,0.));
#13640=DIRECTION('center_axis',(0.,0.,1.));
#13641=DIRECTION('ref_axis',(0.707106781186546,-0.707106781186549,0.));
#13642=DIRECTION('',(0.,0.,1.));
#13643=DIRECTION('center_axis',(0.,1.,0.));
#13644=DIRECTION('ref_axis',(-1.,0.,0.));
#13645=DIRECTION('',(0.,0.,1.));
#13646=DIRECTION('center_axis',(0.,0.,1.));
#13647=DIRECTION('ref_axis',(0.707106781186554,0.707106781186541,0.));
#13648=DIRECTION('',(0.,0.,-1.));
#13649=DIRECTION('center_axis',(0.,0.,-1.));
#13650=DIRECTION('ref_axis',(1.,0.,0.));
#13651=DIRECTION('center_axis',(0.,0.,-1.));
#13652=DIRECTION('ref_axis',(1.,0.,0.));
#13653=DIRECTION('',(0.,0.,-1.));
#13654=DIRECTION('center_axis',(0.,0.,-1.));
#13655=DIRECTION('ref_axis',(1.,0.,0.));
#13656=DIRECTION('center_axis',(0.,0.,-1.));
#13657=DIRECTION('ref_axis',(1.,0.,0.));
#13658=DIRECTION('',(0.,0.,-1.));
#13659=DIRECTION('center_axis',(0.,0.,-1.));
#13660=DIRECTION('ref_axis',(1.,0.,0.));
#13661=DIRECTION('center_axis',(0.,0.,-1.));
#13662=DIRECTION('ref_axis',(1.,0.,0.));
#13663=DIRECTION('',(0.,0.,-1.));
#13664=DIRECTION('center_axis',(0.,0.,-1.));
#13665=DIRECTION('ref_axis',(1.,0.,0.));
#13666=DIRECTION('center_axis',(0.,0.,-1.));
#13667=DIRECTION('ref_axis',(1.,0.,0.));
#13668=DIRECTION('',(0.,0.,-1.));
#13669=DIRECTION('center_axis',(0.,0.,1.));
#13670=DIRECTION('ref_axis',(-1.,0.,0.));
#13671=DIRECTION('center_axis',(0.,0.,1.));
#13672=DIRECTION('ref_axis',(-1.,0.,0.));
#13673=DIRECTION('center_axis',(0.,0.,1.));
#13674=DIRECTION('ref_axis',(-1.,0.,0.));
#13675=DIRECTION('center_axis',(0.,0.,1.));
#13676=DIRECTION('ref_axis',(-1.,0.,0.));
#13677=DIRECTION('center_axis',(0.,0.,-1.));
#13678=DIRECTION('ref_axis',(1.,0.,0.));
#13679=DIRECTION('center_axis',(0.,0.,-1.));
#13680=DIRECTION('ref_axis',(1.,0.,0.));
#13681=DIRECTION('',(0.,0.,-1.));
#13682=DIRECTION('center_axis',(0.,0.,1.));
#13683=DIRECTION('ref_axis',(-1.,0.,0.));
#13684=DIRECTION('center_axis',(1.,0.,0.));
#13685=DIRECTION('ref_axis',(0.,1.,0.));
#13686=DIRECTION('',(0.,0.,1.));
#13687=DIRECTION('',(1.,0.,0.));
#13688=DIRECTION('',(0.,0.,1.));
#13689=DIRECTION('',(1.,0.,0.));
#13690=DIRECTION('',(0.,0.,1.));
#13691=DIRECTION('',(1.,0.,0.));
#13692=DIRECTION('',(0.,0.,1.));
#13693=DIRECTION('',(1.,0.,0.));
#13694=DIRECTION('',(0.,0.,1.));
#13695=DIRECTION('',(1.,0.,0.));
#13696=CARTESIAN_POINT('',(0.,0.,0.));
#13697=CARTESIAN_POINT('',(0.,0.,0.));
#13698=CARTESIAN_POINT('Origin',(112.3,6.05,0.5));
#13699=CARTESIAN_POINT('',(109.8,6.05,0.5));
#13700=CARTESIAN_POINT('Origin',(112.3,6.05,0.5));
#13701=CARTESIAN_POINT('',(112.3,6.05,-2.));
#13702=CARTESIAN_POINT('Origin',(112.3,6.05,0.5));
#13703=CARTESIAN_POINT('Origin',(113.55,6.05,0.5));
#13704=CARTESIAN_POINT('',(0.,0.,0.));
#13705=CARTESIAN_POINT('Origin',(93.55,218.55,7.9));
#13706=CARTESIAN_POINT('',(95.416,218.55,8.));
#13707=CARTESIAN_POINT('Origin',(93.55,218.55,8.));
#13708=CARTESIAN_POINT('',(95.216,218.55,7.8));
#13709=CARTESIAN_POINT('',(95.316,218.55,7.9));
#13710=CARTESIAN_POINT('',(91.884,218.55,7.8));
#13711=CARTESIAN_POINT('Origin',(93.55,218.55,7.8));
#13712=CARTESIAN_POINT('Origin',(93.55,218.55,7.8));
#13713=CARTESIAN_POINT('Origin',(62.3,124.8,8.));
#13714=CARTESIAN_POINT('',(1.,1.99999999999999,8.));
#13715=CARTESIAN_POINT('',(1.,247.6,8.));
#13716=CARTESIAN_POINT('',(1.,187.2,8.));
#13717=CARTESIAN_POINT('',(2.,0.999999999999993,8.));
#13718=CARTESIAN_POINT('Origin',(2.,1.99999999999999,8.));
#13719=CARTESIAN_POINT('',(122.6,0.999999999999996,8.));
#13720=CARTESIAN_POINT('',(31.15,0.999999999999996,8.));
#13721=CARTESIAN_POINT('',(123.6,2.,8.));
#13722=CARTESIAN_POINT('Origin',(122.6,2.,8.));
#13723=CARTESIAN_POINT('',(123.6,247.6,8.));
#13724=CARTESIAN_POINT('',(123.6,62.4,8.));
#13725=CARTESIAN_POINT('',(122.6,248.6,8.));
#13726=CARTESIAN_POINT('Origin',(122.6,247.6,8.));
#13727=CARTESIAN_POINT('',(2.00000000000001,248.6,8.));
#13728=CARTESIAN_POINT('',(93.45,248.6,8.));
#13729=CARTESIAN_POINT('Origin',(2.,247.6,8.));
#13730=CARTESIAN_POINT('',(82.916,218.55,8.));
#13731=CARTESIAN_POINT('Origin',(81.05,218.55,8.));
#13732=CARTESIAN_POINT('',(57.916,218.55,8.));
#13733=CARTESIAN_POINT('Origin',(56.05,218.55,8.));
#13734=CARTESIAN_POINT('',(32.916,218.55,8.));
#13735=CARTESIAN_POINT('Origin',(31.05,218.55,8.));
#13736=CARTESIAN_POINT('',(45.416,206.05,8.));
#13737=CARTESIAN_POINT('Origin',(43.55,206.05,8.));
#13738=CARTESIAN_POINT('',(70.416,206.05,8.));
#13739=CARTESIAN_POINT('Origin',(68.55,206.05,8.));
#13740=CARTESIAN_POINT('',(95.416,206.05,8.));
#13741=CARTESIAN_POINT('Origin',(93.55,206.05,8.));
#13742=CARTESIAN_POINT('',(107.916,218.55,8.));
#13743=CARTESIAN_POINT('Origin',(106.05,218.55,8.));
#13744=CARTESIAN_POINT('',(95.416,231.05,8.));
#13745=CARTESIAN_POINT('Origin',(93.55,231.05,8.));
#13746=CARTESIAN_POINT('',(70.416,231.05,8.));
#13747=CARTESIAN_POINT('Origin',(68.55,231.05,8.));
#13748=CARTESIAN_POINT('',(45.416,231.05,8.));
#13749=CARTESIAN_POINT('Origin',(43.55,231.05,8.));
#13750=CARTESIAN_POINT('',(20.416,231.05,8.));
#13751=CARTESIAN_POINT('Origin',(18.55,231.05,8.));
#13752=CARTESIAN_POINT('',(20.416,206.05,8.));
#13753=CARTESIAN_POINT('Origin',(18.55,206.05,8.));
#13754=CARTESIAN_POINT('',(32.916,193.55,8.));
#13755=CARTESIAN_POINT('Origin',(31.05,193.55,8.));
#13756=CARTESIAN_POINT('',(57.916,193.55,8.));
#13757=CARTESIAN_POINT('Origin',(56.05,193.55,8.));
#13758=CARTESIAN_POINT('',(82.916,193.55,8.));
#13759=CARTESIAN_POINT('Origin',(81.05,193.55,8.));
#13760=CARTESIAN_POINT('',(107.916,193.55,8.));
#13761=CARTESIAN_POINT('Origin',(106.05,193.55,8.));
#13762=CARTESIAN_POINT('',(120.416,206.05,8.));
#13763=CARTESIAN_POINT('Origin',(118.55,206.05,8.));
#13764=CARTESIAN_POINT('',(120.416,231.05,8.));
#13765=CARTESIAN_POINT('Origin',(118.55,231.05,8.));
#13766=CARTESIAN_POINT('',(107.916,243.55,8.));
#13767=CARTESIAN_POINT('Origin',(106.05,243.55,8.));
#13768=CARTESIAN_POINT('',(82.916,243.55,8.));
#13769=CARTESIAN_POINT('Origin',(81.05,243.55,8.));
#13770=CARTESIAN_POINT('',(57.916,243.55,8.));
#13771=CARTESIAN_POINT('Origin',(56.05,243.55,8.));
#13772=CARTESIAN_POINT('',(32.916,243.55,8.));
#13773=CARTESIAN_POINT('Origin',(31.05,243.55,8.));
#13774=CARTESIAN_POINT('',(7.916,243.55,8.));
#13775=CARTESIAN_POINT('Origin',(6.05,243.55,8.));
#13776=CARTESIAN_POINT('',(7.916,218.55,8.));
#13777=CARTESIAN_POINT('Origin',(6.05,218.55,8.));
#13778=CARTESIAN_POINT('',(7.916,193.55,8.));
#13779=CARTESIAN_POINT('Origin',(6.05,193.55,8.));
#13780=CARTESIAN_POINT('',(20.416,181.05,8.));
#13781=CARTESIAN_POINT('Origin',(18.55,181.05,8.));
#13782=CARTESIAN_POINT('',(45.416,181.05,8.));
#13783=CARTESIAN_POINT('Origin',(43.55,181.05,8.));
#13784=CARTESIAN_POINT('',(70.416,181.05,8.));
#13785=CARTESIAN_POINT('Origin',(68.55,181.05,8.));
#13786=CARTESIAN_POINT('',(95.416,181.05,8.));
#13787=CARTESIAN_POINT('Origin',(93.55,181.05,8.));
#13788=CARTESIAN_POINT('',(120.416,181.05,8.));
#13789=CARTESIAN_POINT('Origin',(118.55,181.05,8.));
#13790=CARTESIAN_POINT('',(107.916,168.55,8.));
#13791=CARTESIAN_POINT('Origin',(106.05,168.55,8.));
#13792=CARTESIAN_POINT('',(82.916,168.55,8.));
#13793=CARTESIAN_POINT('Origin',(81.05,168.55,8.));
#13794=CARTESIAN_POINT('',(57.916,168.55,8.));
#13795=CARTESIAN_POINT('Origin',(56.05,168.55,8.));
#13796=CARTESIAN_POINT('',(32.916,168.55,8.));
#13797=CARTESIAN_POINT('Origin',(31.05,168.55,8.));
#13798=CARTESIAN_POINT('',(7.916,168.55,8.));
#13799=CARTESIAN_POINT('Origin',(6.05,168.55,8.));
#13800=CARTESIAN_POINT('',(20.416,156.05,8.));
#13801=CARTESIAN_POINT('Origin',(18.55,156.05,8.));
#13802=CARTESIAN_POINT('',(45.416,156.05,8.));
#13803=CARTESIAN_POINT('Origin',(43.55,156.05,8.));
#13804=CARTESIAN_POINT('',(70.416,156.05,8.));
#13805=CARTESIAN_POINT('Origin',(68.55,156.05,8.));
#13806=CARTESIAN_POINT('',(95.416,156.05,8.));
#13807=CARTESIAN_POINT('Origin',(93.55,156.05,8.));
#13808=CARTESIAN_POINT('',(120.416,156.05,8.));
#13809=CARTESIAN_POINT('Origin',(118.55,156.05,8.));
#13810=CARTESIAN_POINT('',(107.916,143.55,8.));
#13811=CARTESIAN_POINT('Origin',(106.05,143.55,8.));
#13812=CARTESIAN_POINT('',(82.916,143.55,8.));
#13813=CARTESIAN_POINT('Origin',(81.05,143.55,8.));
#13814=CARTESIAN_POINT('',(57.916,143.55,8.));
#13815=CARTESIAN_POINT('Origin',(56.05,143.55,8.));
#13816=CARTESIAN_POINT('',(32.916,143.55,8.));
#13817=CARTESIAN_POINT('Origin',(31.05,143.55,8.));
#13818=CARTESIAN_POINT('',(7.916,143.55,8.));
#13819=CARTESIAN_POINT('Origin',(6.05,143.55,8.));
#13820=CARTESIAN_POINT('',(20.416,131.05,8.));
#13821=CARTESIAN_POINT('Origin',(18.55,131.05,8.));
#13822=CARTESIAN_POINT('',(45.416,131.05,8.));
#13823=CARTESIAN_POINT('Origin',(43.55,131.05,8.));
#13824=CARTESIAN_POINT('',(70.416,131.05,8.));
#13825=CARTESIAN_POINT('Origin',(68.55,131.05,8.));
#13826=CARTESIAN_POINT('',(95.416,131.05,8.));
#13827=CARTESIAN_POINT('Origin',(93.55,131.05,8.));
#13828=CARTESIAN_POINT('',(120.416,131.05,8.));
#13829=CARTESIAN_POINT('Origin',(118.55,131.05,8.));
#13830=CARTESIAN_POINT('',(107.916,118.55,8.));
#13831=CARTESIAN_POINT('Origin',(106.05,118.55,8.));
#13832=CARTESIAN_POINT('',(82.916,118.55,8.));
#13833=CARTESIAN_POINT('Origin',(81.05,118.55,8.));
#13834=CARTESIAN_POINT('',(57.916,118.55,8.));
#13835=CARTESIAN_POINT('Origin',(56.05,118.55,8.));
#13836=CARTESIAN_POINT('',(32.916,118.55,8.));
#13837=CARTESIAN_POINT('Origin',(31.05,118.55,8.));
#13838=CARTESIAN_POINT('',(7.916,118.55,8.));
#13839=CARTESIAN_POINT('Origin',(6.05,118.55,8.));
#13840=CARTESIAN_POINT('',(20.416,106.05,8.));
#13841=CARTESIAN_POINT('Origin',(18.55,106.05,8.));
#13842=CARTESIAN_POINT('',(45.416,106.05,8.));
#13843=CARTESIAN_POINT('Origin',(43.55,106.05,8.));
#13844=CARTESIAN_POINT('',(70.416,106.05,8.));
#13845=CARTESIAN_POINT('Origin',(68.55,106.05,8.));
#13846=CARTESIAN_POINT('',(95.416,106.05,8.));
#13847=CARTESIAN_POINT('Origin',(93.55,106.05,8.));
#13848=CARTESIAN_POINT('',(120.416,106.05,8.));
#13849=CARTESIAN_POINT('Origin',(118.55,106.05,8.));
#13850=CARTESIAN_POINT('',(107.916,93.55,8.));
#13851=CARTESIAN_POINT('Origin',(106.05,93.55,8.));
#13852=CARTESIAN_POINT('',(82.916,93.55,8.));
#13853=CARTESIAN_POINT('Origin',(81.05,93.55,8.));
#13854=CARTESIAN_POINT('',(57.916,93.55,8.));
#13855=CARTESIAN_POINT('Origin',(56.05,93.55,8.));
#13856=CARTESIAN_POINT('',(32.916,93.55,8.));
#13857=CARTESIAN_POINT('Origin',(31.05,93.55,8.));
#13858=CARTESIAN_POINT('',(7.916,93.55,8.));
#13859=CARTESIAN_POINT('Origin',(6.05,93.55,8.));
#13860=CARTESIAN_POINT('',(20.416,81.05,8.));
#13861=CARTESIAN_POINT('Origin',(18.55,81.05,8.));
#13862=CARTESIAN_POINT('',(45.416,81.05,8.));
#13863=CARTESIAN_POINT('Origin',(43.55,81.05,8.));
#13864=CARTESIAN_POINT('',(70.416,81.05,8.));
#13865=CARTESIAN_POINT('Origin',(68.55,81.05,8.));
#13866=CARTESIAN_POINT('',(95.416,81.05,8.));
#13867=CARTESIAN_POINT('Origin',(93.55,81.05,8.));
#13868=CARTESIAN_POINT('',(120.416,81.05,8.));
#13869=CARTESIAN_POINT('Origin',(118.55,81.05,8.));
#13870=CARTESIAN_POINT('',(107.916,68.55,8.));
#13871=CARTESIAN_POINT('Origin',(106.05,68.55,8.));
#13872=CARTESIAN_POINT('',(82.916,68.55,8.));
#13873=CARTESIAN_POINT('Origin',(81.05,68.55,8.));
#13874=CARTESIAN_POINT('',(57.916,68.55,8.));
#13875=CARTESIAN_POINT('Origin',(56.05,68.55,8.));
#13876=CARTESIAN_POINT('',(32.916,68.55,8.));
#13877=CARTESIAN_POINT('Origin',(31.05,68.55,8.));
#13878=CARTESIAN_POINT('',(7.916,68.55,8.));
#13879=CARTESIAN_POINT('Origin',(6.05,68.55,8.));
#13880=CARTESIAN_POINT('',(20.416,56.05,8.));
#13881=CARTESIAN_POINT('Origin',(18.55,56.05,8.));
#13882=CARTESIAN_POINT('',(45.416,56.05,8.));
#13883=CARTESIAN_POINT('Origin',(43.55,56.05,8.));
#13884=CARTESIAN_POINT('',(70.416,56.05,8.));
#13885=CARTESIAN_POINT('Origin',(68.55,56.05,8.));
#13886=CARTESIAN_POINT('',(95.416,56.05,8.));
#13887=CARTESIAN_POINT('Origin',(93.55,56.05,8.));
#13888=CARTESIAN_POINT('',(120.416,56.05,8.));
#13889=CARTESIAN_POINT('Origin',(118.55,56.05,8.));
#13890=CARTESIAN_POINT('',(107.916,43.55,8.));
#13891=CARTESIAN_POINT('Origin',(106.05,43.55,8.));
#13892=CARTESIAN_POINT('',(82.916,43.55,8.));
#13893=CARTESIAN_POINT('Origin',(81.05,43.55,8.));
#13894=CARTESIAN_POINT('',(57.916,43.55,8.));
#13895=CARTESIAN_POINT('Origin',(56.05,43.55,8.));
#13896=CARTESIAN_POINT('',(32.916,43.55,8.));
#13897=CARTESIAN_POINT('Origin',(31.05,43.55,8.));
#13898=CARTESIAN_POINT('',(7.916,43.55,8.));
#13899=CARTESIAN_POINT('Origin',(6.05,43.55,8.));
#13900=CARTESIAN_POINT('',(20.416,31.05,8.));
#13901=CARTESIAN_POINT('Origin',(18.55,31.05,8.));
#13902=CARTESIAN_POINT('',(45.416,31.05,8.));
#13903=CARTESIAN_POINT('Origin',(43.55,31.05,8.));
#13904=CARTESIAN_POINT('',(70.416,31.05,8.));
#13905=CARTESIAN_POINT('Origin',(68.55,31.05,8.));
#13906=CARTESIAN_POINT('',(95.416,31.05,8.));
#13907=CARTESIAN_POINT('Origin',(93.55,31.05,8.));
#13908=CARTESIAN_POINT('',(120.416,31.05,8.));
#13909=CARTESIAN_POINT('Origin',(118.55,31.05,8.));
#13910=CARTESIAN_POINT('',(107.916,18.55,8.));
#13911=CARTESIAN_POINT('Origin',(106.05,18.55,8.));
#13912=CARTESIAN_POINT('',(82.916,18.55,8.));
#13913=CARTESIAN_POINT('Origin',(81.05,18.55,8.));
#13914=CARTESIAN_POINT('',(57.916,18.55,8.));
#13915=CARTESIAN_POINT('Origin',(56.05,18.55,8.));
#13916=CARTESIAN_POINT('',(32.916,18.55,8.));
#13917=CARTESIAN_POINT('Origin',(31.05,18.55,8.));
#13918=CARTESIAN_POINT('',(7.916,18.55,8.));
#13919=CARTESIAN_POINT('Origin',(6.05,18.55,8.));
#13920=CARTESIAN_POINT('',(20.416,6.05,8.));
#13921=CARTESIAN_POINT('Origin',(18.55,6.05,8.));
#13922=CARTESIAN_POINT('',(45.416,6.05,8.));
#13923=CARTESIAN_POINT('Origin',(43.55,6.05,8.));
#13924=CARTESIAN_POINT('',(70.416,6.05,8.));
#13925=CARTESIAN_POINT('Origin',(68.55,6.05,8.));
#13926=CARTESIAN_POINT('',(95.416,6.05,8.));
#13927=CARTESIAN_POINT('Origin',(93.55,6.05,8.));
#13928=CARTESIAN_POINT('',(120.416,6.05,8.));
#13929=CARTESIAN_POINT('Origin',(118.55,6.05,8.));
#13930=CARTESIAN_POINT('',(117.85,237.3,8.));
#13931=CARTESIAN_POINT('Origin',(112.3,237.3,8.));
#13932=CARTESIAN_POINT('',(17.85,12.3,8.));
#13933=CARTESIAN_POINT('Origin',(12.3,12.3,8.));
#13934=CARTESIAN_POINT('',(67.85,124.8,8.));
#13935=CARTESIAN_POINT('Origin',(62.3,124.8,8.));
#13936=CARTESIAN_POINT('',(117.85,12.3,8.));
#13937=CARTESIAN_POINT('Origin',(112.3,12.3,8.));
#13938=CARTESIAN_POINT('',(17.85,237.3,8.));
#13939=CARTESIAN_POINT('Origin',(12.3,237.3,8.));
#13940=CARTESIAN_POINT('',(107.916,6.05,8.));
#13941=CARTESIAN_POINT('Origin',(106.05,6.05,8.));
#13942=CARTESIAN_POINT('',(82.916,6.05,8.));
#13943=CARTESIAN_POINT('Origin',(81.05,6.05,8.));
#13944=CARTESIAN_POINT('',(57.916,6.05,8.));
#13945=CARTESIAN_POINT('Origin',(56.05,6.05,8.));
#13946=CARTESIAN_POINT('',(32.916,6.05,8.));
#13947=CARTESIAN_POINT('Origin',(31.05,6.05,8.));
#13948=CARTESIAN_POINT('',(7.916,6.05,8.));
#13949=CARTESIAN_POINT('Origin',(6.05,6.05,8.));
#13950=CARTESIAN_POINT('',(20.416,18.55,8.));
#13951=CARTESIAN_POINT('Origin',(18.55,18.55,8.));
#13952=CARTESIAN_POINT('',(45.416,18.55,8.));
#13953=CARTESIAN_POINT('Origin',(43.55,18.55,8.));
#13954=CARTESIAN_POINT('',(70.416,18.55,8.));
#13955=CARTESIAN_POINT('Origin',(68.55,18.55,8.));
#13956=CARTESIAN_POINT('',(95.416,18.55,8.));
#13957=CARTESIAN_POINT('Origin',(93.55,18.55,8.));
#13958=CARTESIAN_POINT('',(120.416,18.55,8.));
#13959=CARTESIAN_POINT('Origin',(118.55,18.55,8.));
#13960=CARTESIAN_POINT('',(107.916,31.05,8.));
#13961=CARTESIAN_POINT('Origin',(106.05,31.05,8.));
#13962=CARTESIAN_POINT('',(82.916,31.05,8.));
#13963=CARTESIAN_POINT('Origin',(81.05,31.05,8.));
#13964=CARTESIAN_POINT('',(57.916,31.05,8.));
#13965=CARTESIAN_POINT('Origin',(56.05,31.05,8.));
#13966=CARTESIAN_POINT('',(32.916,31.05,8.));
#13967=CARTESIAN_POINT('Origin',(31.05,31.05,8.));
#13968=CARTESIAN_POINT('',(7.916,31.05,8.));
#13969=CARTESIAN_POINT('Origin',(6.05,31.05,8.));
#13970=CARTESIAN_POINT('',(20.416,43.55,8.));
#13971=CARTESIAN_POINT('Origin',(18.55,43.55,8.));
#13972=CARTESIAN_POINT('',(45.416,43.55,8.));
#13973=CARTESIAN_POINT('Origin',(43.55,43.55,8.));
#13974=CARTESIAN_POINT('',(70.416,43.55,8.));
#13975=CARTESIAN_POINT('Origin',(68.55,43.55,8.));
#13976=CARTESIAN_POINT('',(95.416,43.55,8.));
#13977=CARTESIAN_POINT('Origin',(93.55,43.55,8.));
#13978=CARTESIAN_POINT('',(120.416,43.55,8.));
#13979=CARTESIAN_POINT('Origin',(118.55,43.55,8.));
#13980=CARTESIAN_POINT('',(107.916,56.05,8.));
#13981=CARTESIAN_POINT('Origin',(106.05,56.05,8.));
#13982=CARTESIAN_POINT('',(82.916,56.05,8.));
#13983=CARTESIAN_POINT('Origin',(81.05,56.05,8.));
#13984=CARTESIAN_POINT('',(57.916,56.05,8.));
#13985=CARTESIAN_POINT('Origin',(56.05,56.05,8.));
#13986=CARTESIAN_POINT('',(32.916,56.05,8.));
#13987=CARTESIAN_POINT('Origin',(31.05,56.05,8.));
#13988=CARTESIAN_POINT('',(7.916,56.05,8.));
#13989=CARTESIAN_POINT('Origin',(6.05,56.05,8.));
#13990=CARTESIAN_POINT('',(20.416,68.55,8.));
#13991=CARTESIAN_POINT('Origin',(18.55,68.55,8.));
#13992=CARTESIAN_POINT('',(45.416,68.55,8.));
#13993=CARTESIAN_POINT('Origin',(43.55,68.55,8.));
#13994=CARTESIAN_POINT('',(70.416,68.55,8.));
#13995=CARTESIAN_POINT('Origin',(68.55,68.55,8.));
#13996=CARTESIAN_POINT('',(95.416,68.55,8.));
#13997=CARTESIAN_POINT('Origin',(93.55,68.55,8.));
#13998=CARTESIAN_POINT('',(120.416,68.55,8.));
#13999=CARTESIAN_POINT('Origin',(118.55,68.55,8.));
#14000=CARTESIAN_POINT('',(107.916,81.05,8.));
#14001=CARTESIAN_POINT('Origin',(106.05,81.05,8.));
#14002=CARTESIAN_POINT('',(82.916,81.05,8.));
#14003=CARTESIAN_POINT('Origin',(81.05,81.05,8.));
#14004=CARTESIAN_POINT('',(57.916,81.05,8.));
#14005=CARTESIAN_POINT('Origin',(56.05,81.05,8.));
#14006=CARTESIAN_POINT('',(32.916,81.05,8.));
#14007=CARTESIAN_POINT('Origin',(31.05,81.05,8.));
#14008=CARTESIAN_POINT('',(7.916,81.05,8.));
#14009=CARTESIAN_POINT('Origin',(6.05,81.05,8.));
#14010=CARTESIAN_POINT('',(20.416,93.55,8.));
#14011=CARTESIAN_POINT('Origin',(18.55,93.55,8.));
#14012=CARTESIAN_POINT('',(45.416,93.55,8.));
#14013=CARTESIAN_POINT('Origin',(43.55,93.55,8.));
#14014=CARTESIAN_POINT('',(70.416,93.55,8.));
#14015=CARTESIAN_POINT('Origin',(68.55,93.55,8.));
#14016=CARTESIAN_POINT('',(95.416,93.55,8.));
#14017=CARTESIAN_POINT('Origin',(93.55,93.55,8.));
#14018=CARTESIAN_POINT('',(120.416,93.55,8.));
#14019=CARTESIAN_POINT('Origin',(118.55,93.55,8.));
#14020=CARTESIAN_POINT('',(107.916,106.05,8.));
#14021=CARTESIAN_POINT('Origin',(106.05,106.05,8.));
#14022=CARTESIAN_POINT('',(82.916,106.05,8.));
#14023=CARTESIAN_POINT('Origin',(81.05,106.05,8.));
#14024=CARTESIAN_POINT('',(57.916,106.05,8.));
#14025=CARTESIAN_POINT('Origin',(56.05,106.05,8.));
#14026=CARTESIAN_POINT('',(32.916,106.05,8.));
#14027=CARTESIAN_POINT('Origin',(31.05,106.05,8.));
#14028=CARTESIAN_POINT('',(7.916,106.05,8.));
#14029=CARTESIAN_POINT('Origin',(6.05,106.05,8.));
#14030=CARTESIAN_POINT('',(20.416,118.55,8.));
#14031=CARTESIAN_POINT('Origin',(18.55,118.55,8.));
#14032=CARTESIAN_POINT('',(45.416,118.55,8.));
#14033=CARTESIAN_POINT('Origin',(43.55,118.55,8.));
#14034=CARTESIAN_POINT('',(70.416,118.55,8.));
#14035=CARTESIAN_POINT('Origin',(68.55,118.55,8.));
#14036=CARTESIAN_POINT('',(95.416,118.55,8.));
#14037=CARTESIAN_POINT('Origin',(93.55,118.55,8.));
#14038=CARTESIAN_POINT('',(120.416,118.55,8.));
#14039=CARTESIAN_POINT('Origin',(118.55,118.55,8.));
#14040=CARTESIAN_POINT('',(107.916,131.05,8.));
#14041=CARTESIAN_POINT('Origin',(106.05,131.05,8.));
#14042=CARTESIAN_POINT('',(82.916,131.05,8.));
#14043=CARTESIAN_POINT('Origin',(81.05,131.05,8.));
#14044=CARTESIAN_POINT('',(57.916,131.05,8.));
#14045=CARTESIAN_POINT('Origin',(56.05,131.05,8.));
#14046=CARTESIAN_POINT('',(32.916,131.05,8.));
#14047=CARTESIAN_POINT('Origin',(31.05,131.05,8.));
#14048=CARTESIAN_POINT('',(7.916,131.05,8.));
#14049=CARTESIAN_POINT('Origin',(6.05,131.05,8.));
#14050=CARTESIAN_POINT('',(20.416,143.55,8.));
#14051=CARTESIAN_POINT('Origin',(18.55,143.55,8.));
#14052=CARTESIAN_POINT('',(45.416,143.55,8.));
#14053=CARTESIAN_POINT('Origin',(43.55,143.55,8.));
#14054=CARTESIAN_POINT('',(70.416,143.55,8.));
#14055=CARTESIAN_POINT('Origin',(68.55,143.55,8.));
#14056=CARTESIAN_POINT('',(95.416,143.55,8.));
#14057=CARTESIAN_POINT('Origin',(93.55,143.55,8.));
#14058=CARTESIAN_POINT('',(120.416,143.55,8.));
#14059=CARTESIAN_POINT('Origin',(118.55,143.55,8.));
#14060=CARTESIAN_POINT('',(107.916,156.05,8.));
#14061=CARTESIAN_POINT('Origin',(106.05,156.05,8.));
#14062=CARTESIAN_POINT('',(82.916,156.05,8.));
#14063=CARTESIAN_POINT('Origin',(81.05,156.05,8.));
#14064=CARTESIAN_POINT('',(57.916,156.05,8.));
#14065=CARTESIAN_POINT('Origin',(56.05,156.05,8.));
#14066=CARTESIAN_POINT('',(32.916,156.05,8.));
#14067=CARTESIAN_POINT('Origin',(31.05,156.05,8.));
#14068=CARTESIAN_POINT('',(7.916,156.05,8.));
#14069=CARTESIAN_POINT('Origin',(6.05,156.05,8.));
#14070=CARTESIAN_POINT('',(20.416,168.55,8.));
#14071=CARTESIAN_POINT('Origin',(18.55,168.55,8.));
#14072=CARTESIAN_POINT('',(45.416,168.55,8.));
#14073=CARTESIAN_POINT('Origin',(43.55,168.55,8.));
#14074=CARTESIAN_POINT('',(70.416,168.55,8.));
#14075=CARTESIAN_POINT('Origin',(68.55,168.55,8.));
#14076=CARTESIAN_POINT('',(95.416,168.55,8.));
#14077=CARTESIAN_POINT('Origin',(93.55,168.55,8.));
#14078=CARTESIAN_POINT('',(120.416,168.55,8.));
#14079=CARTESIAN_POINT('Origin',(118.55,168.55,8.));
#14080=CARTESIAN_POINT('',(107.916,181.05,8.));
#14081=CARTESIAN_POINT('Origin',(106.05,181.05,8.));
#14082=CARTESIAN_POINT('',(82.916,181.05,8.));
#14083=CARTESIAN_POINT('Origin',(81.05,181.05,8.));
#14084=CARTESIAN_POINT('',(57.916,181.05,8.));
#14085=CARTESIAN_POINT('Origin',(56.05,181.05,8.));
#14086=CARTESIAN_POINT('',(32.916,181.05,8.));
#14087=CARTESIAN_POINT('Origin',(31.05,181.05,8.));
#14088=CARTESIAN_POINT('',(7.916,181.05,8.));
#14089=CARTESIAN_POINT('Origin',(6.05,181.05,8.));
#14090=CARTESIAN_POINT('',(7.916,206.05,8.));
#14091=CARTESIAN_POINT('Origin',(6.05,206.05,8.));
#14092=CARTESIAN_POINT('',(7.916,231.05,8.));
#14093=CARTESIAN_POINT('Origin',(6.05,231.05,8.));
#14094=CARTESIAN_POINT('',(20.416,243.55,8.));
#14095=CARTESIAN_POINT('Origin',(18.55,243.55,8.));
#14096=CARTESIAN_POINT('',(45.416,243.55,8.));
#14097=CARTESIAN_POINT('Origin',(43.55,243.55,8.));
#14098=CARTESIAN_POINT('',(70.416,243.55,8.));
#14099=CARTESIAN_POINT('Origin',(68.55,243.55,8.));
#14100=CARTESIAN_POINT('',(95.416,243.55,8.));
#14101=CARTESIAN_POINT('Origin',(93.55,243.55,8.));
#14102=CARTESIAN_POINT('',(120.416,243.55,8.));
#14103=CARTESIAN_POINT('Origin',(118.55,243.55,8.));
#14104=CARTESIAN_POINT('',(120.416,218.55,8.));
#14105=CARTESIAN_POINT('Origin',(118.55,218.55,8.));
#14106=CARTESIAN_POINT('',(120.416,193.55,8.));
#14107=CARTESIAN_POINT('Origin',(118.55,193.55,8.));
#14108=CARTESIAN_POINT('',(95.416,193.55,8.));
#14109=CARTESIAN_POINT('Origin',(93.55,193.55,8.));
#14110=CARTESIAN_POINT('',(70.416,193.55,8.));
#14111=CARTESIAN_POINT('Origin',(68.55,193.55,8.));
#14112=CARTESIAN_POINT('',(45.416,193.55,8.));
#14113=CARTESIAN_POINT('Origin',(43.55,193.55,8.));
#14114=CARTESIAN_POINT('',(20.416,193.55,8.));
#14115=CARTESIAN_POINT('Origin',(18.55,193.55,8.));
#14116=CARTESIAN_POINT('',(20.416,218.55,8.));
#14117=CARTESIAN_POINT('Origin',(18.55,218.55,8.));
#14118=CARTESIAN_POINT('',(32.916,231.05,8.));
#14119=CARTESIAN_POINT('Origin',(31.05,231.05,8.));
#14120=CARTESIAN_POINT('',(57.916,231.05,8.));
#14121=CARTESIAN_POINT('Origin',(56.05,231.05,8.));
#14122=CARTESIAN_POINT('',(82.916,231.05,8.));
#14123=CARTESIAN_POINT('Origin',(81.05,231.05,8.));
#14124=CARTESIAN_POINT('',(107.916,231.05,8.));
#14125=CARTESIAN_POINT('Origin',(106.05,231.05,8.));
#14126=CARTESIAN_POINT('',(107.916,206.05,8.));
#14127=CARTESIAN_POINT('Origin',(106.05,206.05,8.));
#14128=CARTESIAN_POINT('',(82.916,206.05,8.));
#14129=CARTESIAN_POINT('Origin',(81.05,206.05,8.));
#14130=CARTESIAN_POINT('',(57.916,206.05,8.));
#14131=CARTESIAN_POINT('Origin',(56.05,206.05,8.));
#14132=CARTESIAN_POINT('',(32.916,206.05,8.));
#14133=CARTESIAN_POINT('Origin',(31.05,206.05,8.));
#14134=CARTESIAN_POINT('',(45.416,218.55,8.));
#14135=CARTESIAN_POINT('Origin',(43.55,218.55,8.));
#14136=CARTESIAN_POINT('',(70.416,218.55,8.));
#14137=CARTESIAN_POINT('Origin',(68.55,218.55,8.));
#14138=CARTESIAN_POINT('Origin',(93.55,218.55,3.6));
#14139=CARTESIAN_POINT('',(91.884,218.55,0.));
#14140=CARTESIAN_POINT('',(91.884,218.55,3.6));
#14141=CARTESIAN_POINT('Origin',(93.55,218.55,0.));
#14142=CARTESIAN_POINT('Origin',(81.05,218.55,7.9));
#14143=CARTESIAN_POINT('',(82.716,218.55,7.8));
#14144=CARTESIAN_POINT('',(82.816,218.55,7.9));
#14145=CARTESIAN_POINT('',(79.384,218.55,7.8));
#14146=CARTESIAN_POINT('Origin',(81.05,218.55,7.8));
#14147=CARTESIAN_POINT('Origin',(81.05,218.55,7.8));
#14148=CARTESIAN_POINT('Origin',(81.05,218.55,3.6));
#14149=CARTESIAN_POINT('',(79.384,218.55,0.));
#14150=CARTESIAN_POINT('',(79.384,218.55,3.6));
#14151=CARTESIAN_POINT('Origin',(81.05,218.55,0.));
#14152=CARTESIAN_POINT('Origin',(68.55,218.55,7.9));
#14153=CARTESIAN_POINT('',(70.216,218.55,7.8));
#14154=CARTESIAN_POINT('',(70.316,218.55,7.9));
#14155=CARTESIAN_POINT('',(66.884,218.55,7.8));
#14156=CARTESIAN_POINT('Origin',(68.55,218.55,7.8));
#14157=CARTESIAN_POINT('Origin',(68.55,218.55,7.8));
#14158=CARTESIAN_POINT('Origin',(68.55,218.55,3.6));
#14159=CARTESIAN_POINT('',(66.884,218.55,0.));
#14160=CARTESIAN_POINT('',(66.884,218.55,3.6));
#14161=CARTESIAN_POINT('Origin',(68.55,218.55,0.));
#14162=CARTESIAN_POINT('Origin',(56.05,218.55,7.9));
#14163=CARTESIAN_POINT('',(57.716,218.55,7.8));
#14164=CARTESIAN_POINT('',(57.816,218.55,7.9));
#14165=CARTESIAN_POINT('',(54.384,218.55,7.8));
#14166=CARTESIAN_POINT('Origin',(56.05,218.55,7.8));
#14167=CARTESIAN_POINT('Origin',(56.05,218.55,7.8));
#14168=CARTESIAN_POINT('Origin',(56.05,218.55,3.6));
#14169=CARTESIAN_POINT('',(54.384,218.55,0.));
#14170=CARTESIAN_POINT('',(54.384,218.55,3.6));
#14171=CARTESIAN_POINT('Origin',(56.05,218.55,0.));
#14172=CARTESIAN_POINT('Origin',(43.55,218.55,7.9));
#14173=CARTESIAN_POINT('',(45.216,218.55,7.8));
#14174=CARTESIAN_POINT('',(45.316,218.55,7.9));
#14175=CARTESIAN_POINT('',(41.884,218.55,7.8));
#14176=CARTESIAN_POINT('Origin',(43.55,218.55,7.8));
#14177=CARTESIAN_POINT('Origin',(43.55,218.55,7.8));
#14178=CARTESIAN_POINT('Origin',(43.55,218.55,3.6));
#14179=CARTESIAN_POINT('',(41.884,218.55,0.));
#14180=CARTESIAN_POINT('',(41.884,218.55,3.6));
#14181=CARTESIAN_POINT('Origin',(43.55,218.55,0.));
#14182=CARTESIAN_POINT('Origin',(31.05,218.55,7.9));
#14183=CARTESIAN_POINT('',(32.716,218.55,7.8));
#14184=CARTESIAN_POINT('',(32.816,218.55,7.9));
#14185=CARTESIAN_POINT('',(29.384,218.55,7.8));
#14186=CARTESIAN_POINT('Origin',(31.05,218.55,7.8));
#14187=CARTESIAN_POINT('Origin',(31.05,218.55,7.8));
#14188=CARTESIAN_POINT('Origin',(31.05,218.55,3.6));
#14189=CARTESIAN_POINT('',(29.384,218.55,0.));
#14190=CARTESIAN_POINT('',(29.384,218.55,3.6));
#14191=CARTESIAN_POINT('Origin',(31.05,218.55,0.));
#14192=CARTESIAN_POINT('Origin',(31.05,206.05,7.9));
#14193=CARTESIAN_POINT('',(32.716,206.05,7.8));
#14194=CARTESIAN_POINT('',(32.816,206.05,7.9));
#14195=CARTESIAN_POINT('',(29.384,206.05,7.8));
#14196=CARTESIAN_POINT('Origin',(31.05,206.05,7.8));
#14197=CARTESIAN_POINT('Origin',(31.05,206.05,7.8));
#14198=CARTESIAN_POINT('Origin',(31.05,206.05,3.6));
#14199=CARTESIAN_POINT('',(29.384,206.05,0.));
#14200=CARTESIAN_POINT('',(29.384,206.05,3.6));
#14201=CARTESIAN_POINT('Origin',(31.05,206.05,0.));
#14202=CARTESIAN_POINT('Origin',(43.55,206.05,7.9));
#14203=CARTESIAN_POINT('',(45.216,206.05,7.8));
#14204=CARTESIAN_POINT('',(45.316,206.05,7.9));
#14205=CARTESIAN_POINT('',(41.884,206.05,7.8));
#14206=CARTESIAN_POINT('Origin',(43.55,206.05,7.8));
#14207=CARTESIAN_POINT('Origin',(43.55,206.05,7.8));
#14208=CARTESIAN_POINT('Origin',(43.55,206.05,3.6));
#14209=CARTESIAN_POINT('',(41.884,206.05,0.));
#14210=CARTESIAN_POINT('',(41.884,206.05,3.6));
#14211=CARTESIAN_POINT('Origin',(43.55,206.05,0.));
#14212=CARTESIAN_POINT('Origin',(56.05,206.05,7.9));
#14213=CARTESIAN_POINT('',(57.716,206.05,7.8));
#14214=CARTESIAN_POINT('',(57.816,206.05,7.9));
#14215=CARTESIAN_POINT('',(54.384,206.05,7.8));
#14216=CARTESIAN_POINT('Origin',(56.05,206.05,7.8));
#14217=CARTESIAN_POINT('Origin',(56.05,206.05,7.8));
#14218=CARTESIAN_POINT('Origin',(56.05,206.05,3.6));
#14219=CARTESIAN_POINT('',(54.384,206.05,0.));
#14220=CARTESIAN_POINT('',(54.384,206.05,3.6));
#14221=CARTESIAN_POINT('Origin',(56.05,206.05,0.));
#14222=CARTESIAN_POINT('Origin',(68.55,206.05,7.9));
#14223=CARTESIAN_POINT('',(70.216,206.05,7.8));
#14224=CARTESIAN_POINT('',(70.316,206.05,7.9));
#14225=CARTESIAN_POINT('',(66.884,206.05,7.8));
#14226=CARTESIAN_POINT('Origin',(68.55,206.05,7.8));
#14227=CARTESIAN_POINT('Origin',(68.55,206.05,7.8));
#14228=CARTESIAN_POINT('Origin',(68.55,206.05,3.6));
#14229=CARTESIAN_POINT('',(66.884,206.05,0.));
#14230=CARTESIAN_POINT('',(66.884,206.05,3.6));
#14231=CARTESIAN_POINT('Origin',(68.55,206.05,0.));
#14232=CARTESIAN_POINT('Origin',(81.05,206.05,7.9));
#14233=CARTESIAN_POINT('',(82.716,206.05,7.8));
#14234=CARTESIAN_POINT('',(82.816,206.05,7.9));
#14235=CARTESIAN_POINT('',(79.384,206.05,7.8));
#14236=CARTESIAN_POINT('Origin',(81.05,206.05,7.8));
#14237=CARTESIAN_POINT('Origin',(81.05,206.05,7.8));
#14238=CARTESIAN_POINT('Origin',(81.05,206.05,3.6));
#14239=CARTESIAN_POINT('',(79.384,206.05,0.));
#14240=CARTESIAN_POINT('',(79.384,206.05,3.6));
#14241=CARTESIAN_POINT('Origin',(81.05,206.05,0.));
#14242=CARTESIAN_POINT('Origin',(93.55,206.05,7.9));
#14243=CARTESIAN_POINT('',(95.216,206.05,7.8));
#14244=CARTESIAN_POINT('',(95.316,206.05,7.9));
#14245=CARTESIAN_POINT('',(91.884,206.05,7.8));
#14246=CARTESIAN_POINT('Origin',(93.55,206.05,7.8));
#14247=CARTESIAN_POINT('Origin',(93.55,206.05,7.8));
#14248=CARTESIAN_POINT('Origin',(93.55,206.05,3.6));
#14249=CARTESIAN_POINT('',(91.884,206.05,0.));
#14250=CARTESIAN_POINT('',(91.884,206.05,3.6));
#14251=CARTESIAN_POINT('Origin',(93.55,206.05,0.));
#14252=CARTESIAN_POINT('Origin',(106.05,206.05,7.9));
#14253=CARTESIAN_POINT('',(107.716,206.05,7.8));
#14254=CARTESIAN_POINT('',(107.816,206.05,7.9));
#14255=CARTESIAN_POINT('',(104.384,206.05,7.8));
#14256=CARTESIAN_POINT('Origin',(106.05,206.05,7.8));
#14257=CARTESIAN_POINT('Origin',(106.05,206.05,7.8));
#14258=CARTESIAN_POINT('Origin',(106.05,206.05,3.6));
#14259=CARTESIAN_POINT('',(104.384,206.05,0.));
#14260=CARTESIAN_POINT('',(104.384,206.05,3.6));
#14261=CARTESIAN_POINT('Origin',(106.05,206.05,0.));
#14262=CARTESIAN_POINT('Origin',(106.05,218.55,7.9));
#14263=CARTESIAN_POINT('',(107.716,218.55,7.8));
#14264=CARTESIAN_POINT('',(107.816,218.55,7.9));
#14265=CARTESIAN_POINT('',(104.384,218.55,7.8));
#14266=CARTESIAN_POINT('Origin',(106.05,218.55,7.8));
#14267=CARTESIAN_POINT('Origin',(106.05,218.55,7.8));
#14268=CARTESIAN_POINT('Origin',(106.05,218.55,3.6));
#14269=CARTESIAN_POINT('',(104.384,218.55,0.));
#14270=CARTESIAN_POINT('',(104.384,218.55,3.6));
#14271=CARTESIAN_POINT('Origin',(106.05,218.55,0.));
#14272=CARTESIAN_POINT('Origin',(106.05,231.05,7.9));
#14273=CARTESIAN_POINT('',(107.716,231.05,7.8));
#14274=CARTESIAN_POINT('',(107.816,231.05,7.9));
#14275=CARTESIAN_POINT('',(104.384,231.05,7.8));
#14276=CARTESIAN_POINT('Origin',(106.05,231.05,7.8));
#14277=CARTESIAN_POINT('Origin',(106.05,231.05,7.8));
#14278=CARTESIAN_POINT('Origin',(106.05,231.05,3.6));
#14279=CARTESIAN_POINT('',(104.384,231.05,0.));
#14280=CARTESIAN_POINT('',(104.384,231.05,3.6));
#14281=CARTESIAN_POINT('Origin',(106.05,231.05,0.));
#14282=CARTESIAN_POINT('Origin',(93.55,231.05,7.9));
#14283=CARTESIAN_POINT('',(95.216,231.05,7.8));
#14284=CARTESIAN_POINT('',(95.316,231.05,7.9));
#14285=CARTESIAN_POINT('',(91.884,231.05,7.8));
#14286=CARTESIAN_POINT('Origin',(93.55,231.05,7.8));
#14287=CARTESIAN_POINT('Origin',(93.55,231.05,7.8));
#14288=CARTESIAN_POINT('Origin',(93.55,231.05,3.6));
#14289=CARTESIAN_POINT('',(91.884,231.05,0.));
#14290=CARTESIAN_POINT('',(91.884,231.05,3.6));
#14291=CARTESIAN_POINT('Origin',(93.55,231.05,0.));
#14292=CARTESIAN_POINT('Origin',(81.05,231.05,7.9));
#14293=CARTESIAN_POINT('',(82.716,231.05,7.8));
#14294=CARTESIAN_POINT('',(82.816,231.05,7.9));
#14295=CARTESIAN_POINT('',(79.384,231.05,7.8));
#14296=CARTESIAN_POINT('Origin',(81.05,231.05,7.8));
#14297=CARTESIAN_POINT('Origin',(81.05,231.05,7.8));
#14298=CARTESIAN_POINT('Origin',(81.05,231.05,3.6));
#14299=CARTESIAN_POINT('',(79.384,231.05,0.));
#14300=CARTESIAN_POINT('',(79.384,231.05,3.6));
#14301=CARTESIAN_POINT('Origin',(81.05,231.05,0.));
#14302=CARTESIAN_POINT('Origin',(68.55,231.05,7.9));
#14303=CARTESIAN_POINT('',(70.216,231.05,7.8));
#14304=CARTESIAN_POINT('',(70.316,231.05,7.9));
#14305=CARTESIAN_POINT('',(66.884,231.05,7.8));
#14306=CARTESIAN_POINT('Origin',(68.55,231.05,7.8));
#14307=CARTESIAN_POINT('Origin',(68.55,231.05,7.8));
#14308=CARTESIAN_POINT('Origin',(68.55,231.05,3.6));
#14309=CARTESIAN_POINT('',(66.884,231.05,0.));
#14310=CARTESIAN_POINT('',(66.884,231.05,3.6));
#14311=CARTESIAN_POINT('Origin',(68.55,231.05,0.));
#14312=CARTESIAN_POINT('Origin',(56.05,231.05,7.9));
#14313=CARTESIAN_POINT('',(57.716,231.05,7.8));
#14314=CARTESIAN_POINT('',(57.816,231.05,7.9));
#14315=CARTESIAN_POINT('',(54.384,231.05,7.8));
#14316=CARTESIAN_POINT('Origin',(56.05,231.05,7.8));
#14317=CARTESIAN_POINT('Origin',(56.05,231.05,7.8));
#14318=CARTESIAN_POINT('Origin',(56.05,231.05,3.6));
#14319=CARTESIAN_POINT('',(54.384,231.05,0.));
#14320=CARTESIAN_POINT('',(54.384,231.05,3.6));
#14321=CARTESIAN_POINT('Origin',(56.05,231.05,0.));
#14322=CARTESIAN_POINT('Origin',(43.55,231.05,7.9));
#14323=CARTESIAN_POINT('',(45.216,231.05,7.8));
#14324=CARTESIAN_POINT('',(45.316,231.05,7.9));
#14325=CARTESIAN_POINT('',(41.884,231.05,7.8));
#14326=CARTESIAN_POINT('Origin',(43.55,231.05,7.8));
#14327=CARTESIAN_POINT('Origin',(43.55,231.05,7.8));
#14328=CARTESIAN_POINT('Origin',(43.55,231.05,3.6));
#14329=CARTESIAN_POINT('',(41.884,231.05,0.));
#14330=CARTESIAN_POINT('',(41.884,231.05,3.6));
#14331=CARTESIAN_POINT('Origin',(43.55,231.05,0.));
#14332=CARTESIAN_POINT('Origin',(31.05,231.05,7.9));
#14333=CARTESIAN_POINT('',(32.716,231.05,7.8));
#14334=CARTESIAN_POINT('',(32.816,231.05,7.9));
#14335=CARTESIAN_POINT('',(29.384,231.05,7.8));
#14336=CARTESIAN_POINT('Origin',(31.05,231.05,7.8));
#14337=CARTESIAN_POINT('Origin',(31.05,231.05,7.8));
#14338=CARTESIAN_POINT('Origin',(31.05,231.05,3.6));
#14339=CARTESIAN_POINT('',(29.384,231.05,0.));
#14340=CARTESIAN_POINT('',(29.384,231.05,3.6));
#14341=CARTESIAN_POINT('Origin',(31.05,231.05,0.));
#14342=CARTESIAN_POINT('Origin',(18.55,231.05,7.9));
#14343=CARTESIAN_POINT('',(20.216,231.05,7.8));
#14344=CARTESIAN_POINT('',(20.316,231.05,7.9));
#14345=CARTESIAN_POINT('',(16.884,231.05,7.8));
#14346=CARTESIAN_POINT('Origin',(18.55,231.05,7.8));
#14347=CARTESIAN_POINT('Origin',(18.55,231.05,7.8));
#14348=CARTESIAN_POINT('Origin',(18.55,231.05,3.6));
#14349=CARTESIAN_POINT('',(16.884,231.05,0.));
#14350=CARTESIAN_POINT('',(16.884,231.05,3.6));
#14351=CARTESIAN_POINT('Origin',(18.55,231.05,0.));
#14352=CARTESIAN_POINT('Origin',(18.55,218.55,7.9));
#14353=CARTESIAN_POINT('',(20.216,218.55,7.8));
#14354=CARTESIAN_POINT('',(20.316,218.55,7.9));
#14355=CARTESIAN_POINT('',(16.884,218.55,7.8));
#14356=CARTESIAN_POINT('Origin',(18.55,218.55,7.8));
#14357=CARTESIAN_POINT('Origin',(18.55,218.55,7.8));
#14358=CARTESIAN_POINT('Origin',(18.55,218.55,3.6));
#14359=CARTESIAN_POINT('',(16.884,218.55,0.));
#14360=CARTESIAN_POINT('',(16.884,218.55,3.6));
#14361=CARTESIAN_POINT('Origin',(18.55,218.55,0.));
#14362=CARTESIAN_POINT('Origin',(18.55,206.05,7.9));
#14363=CARTESIAN_POINT('',(20.216,206.05,7.8));
#14364=CARTESIAN_POINT('',(20.316,206.05,7.9));
#14365=CARTESIAN_POINT('',(16.884,206.05,7.8));
#14366=CARTESIAN_POINT('Origin',(18.55,206.05,7.8));
#14367=CARTESIAN_POINT('Origin',(18.55,206.05,7.8));
#14368=CARTESIAN_POINT('Origin',(18.55,206.05,3.6));
#14369=CARTESIAN_POINT('',(16.884,206.05,0.));
#14370=CARTESIAN_POINT('',(16.884,206.05,3.6));
#14371=CARTESIAN_POINT('Origin',(18.55,206.05,0.));
#14372=CARTESIAN_POINT('Origin',(18.55,193.55,7.9));
#14373=CARTESIAN_POINT('',(20.216,193.55,7.8));
#14374=CARTESIAN_POINT('',(20.316,193.55,7.9));
#14375=CARTESIAN_POINT('',(16.884,193.55,7.8));
#14376=CARTESIAN_POINT('Origin',(18.55,193.55,7.8));
#14377=CARTESIAN_POINT('Origin',(18.55,193.55,7.8));
#14378=CARTESIAN_POINT('Origin',(18.55,193.55,3.6));
#14379=CARTESIAN_POINT('',(16.884,193.55,0.));
#14380=CARTESIAN_POINT('',(16.884,193.55,3.6));
#14381=CARTESIAN_POINT('Origin',(18.55,193.55,0.));
#14382=CARTESIAN_POINT('Origin',(31.05,193.55,7.9));
#14383=CARTESIAN_POINT('',(32.716,193.55,7.8));
#14384=CARTESIAN_POINT('',(32.816,193.55,7.9));
#14385=CARTESIAN_POINT('',(29.384,193.55,7.8));
#14386=CARTESIAN_POINT('Origin',(31.05,193.55,7.8));
#14387=CARTESIAN_POINT('Origin',(31.05,193.55,7.8));
#14388=CARTESIAN_POINT('Origin',(31.05,193.55,3.6));
#14389=CARTESIAN_POINT('',(29.384,193.55,0.));
#14390=CARTESIAN_POINT('',(29.384,193.55,3.6));
#14391=CARTESIAN_POINT('Origin',(31.05,193.55,0.));
#14392=CARTESIAN_POINT('Origin',(43.55,193.55,7.9));
#14393=CARTESIAN_POINT('',(45.216,193.55,7.8));
#14394=CARTESIAN_POINT('',(45.316,193.55,7.9));
#14395=CARTESIAN_POINT('',(41.884,193.55,7.8));
#14396=CARTESIAN_POINT('Origin',(43.55,193.55,7.8));
#14397=CARTESIAN_POINT('Origin',(43.55,193.55,7.8));
#14398=CARTESIAN_POINT('Origin',(43.55,193.55,3.6));
#14399=CARTESIAN_POINT('',(41.884,193.55,0.));
#14400=CARTESIAN_POINT('',(41.884,193.55,3.6));
#14401=CARTESIAN_POINT('Origin',(43.55,193.55,0.));
#14402=CARTESIAN_POINT('Origin',(56.05,193.55,7.9));
#14403=CARTESIAN_POINT('',(57.716,193.55,7.8));
#14404=CARTESIAN_POINT('',(57.816,193.55,7.9));
#14405=CARTESIAN_POINT('',(54.384,193.55,7.8));
#14406=CARTESIAN_POINT('Origin',(56.05,193.55,7.8));
#14407=CARTESIAN_POINT('Origin',(56.05,193.55,7.8));
#14408=CARTESIAN_POINT('Origin',(56.05,193.55,3.6));
#14409=CARTESIAN_POINT('',(54.384,193.55,0.));
#14410=CARTESIAN_POINT('',(54.384,193.55,3.6));
#14411=CARTESIAN_POINT('Origin',(56.05,193.55,0.));
#14412=CARTESIAN_POINT('Origin',(68.55,193.55,7.9));
#14413=CARTESIAN_POINT('',(70.216,193.55,7.8));
#14414=CARTESIAN_POINT('',(70.316,193.55,7.9));
#14415=CARTESIAN_POINT('',(66.884,193.55,7.8));
#14416=CARTESIAN_POINT('Origin',(68.55,193.55,7.8));
#14417=CARTESIAN_POINT('Origin',(68.55,193.55,7.8));
#14418=CARTESIAN_POINT('Origin',(68.55,193.55,3.6));
#14419=CARTESIAN_POINT('',(66.884,193.55,0.));
#14420=CARTESIAN_POINT('',(66.884,193.55,3.6));
#14421=CARTESIAN_POINT('Origin',(68.55,193.55,0.));
#14422=CARTESIAN_POINT('Origin',(81.05,193.55,7.9));
#14423=CARTESIAN_POINT('',(82.716,193.55,7.8));
#14424=CARTESIAN_POINT('',(82.816,193.55,7.9));
#14425=CARTESIAN_POINT('',(79.384,193.55,7.8));
#14426=CARTESIAN_POINT('Origin',(81.05,193.55,7.8));
#14427=CARTESIAN_POINT('Origin',(81.05,193.55,7.8));
#14428=CARTESIAN_POINT('Origin',(81.05,193.55,3.6));
#14429=CARTESIAN_POINT('',(79.384,193.55,0.));
#14430=CARTESIAN_POINT('',(79.384,193.55,3.6));
#14431=CARTESIAN_POINT('Origin',(81.05,193.55,0.));
#14432=CARTESIAN_POINT('Origin',(93.55,193.55,7.9));
#14433=CARTESIAN_POINT('',(95.216,193.55,7.8));
#14434=CARTESIAN_POINT('',(95.316,193.55,7.9));
#14435=CARTESIAN_POINT('',(91.884,193.55,7.8));
#14436=CARTESIAN_POINT('Origin',(93.55,193.55,7.8));
#14437=CARTESIAN_POINT('Origin',(93.55,193.55,7.8));
#14438=CARTESIAN_POINT('Origin',(93.55,193.55,3.6));
#14439=CARTESIAN_POINT('',(91.884,193.55,0.));
#14440=CARTESIAN_POINT('',(91.884,193.55,3.6));
#14441=CARTESIAN_POINT('Origin',(93.55,193.55,0.));
#14442=CARTESIAN_POINT('Origin',(106.05,193.55,7.9));
#14443=CARTESIAN_POINT('',(107.716,193.55,7.8));
#14444=CARTESIAN_POINT('',(107.816,193.55,7.9));
#14445=CARTESIAN_POINT('',(104.384,193.55,7.8));
#14446=CARTESIAN_POINT('Origin',(106.05,193.55,7.8));
#14447=CARTESIAN_POINT('Origin',(106.05,193.55,7.8));
#14448=CARTESIAN_POINT('Origin',(106.05,193.55,3.6));
#14449=CARTESIAN_POINT('',(104.384,193.55,0.));
#14450=CARTESIAN_POINT('',(104.384,193.55,3.6));
#14451=CARTESIAN_POINT('Origin',(106.05,193.55,0.));
#14452=CARTESIAN_POINT('Origin',(118.55,193.55,7.9));
#14453=CARTESIAN_POINT('',(120.216,193.55,7.8));
#14454=CARTESIAN_POINT('',(120.316,193.55,7.9));
#14455=CARTESIAN_POINT('',(116.884,193.55,7.8));
#14456=CARTESIAN_POINT('Origin',(118.55,193.55,7.8));
#14457=CARTESIAN_POINT('Origin',(118.55,193.55,7.8));
#14458=CARTESIAN_POINT('Origin',(118.55,193.55,3.6));
#14459=CARTESIAN_POINT('',(116.884,193.55,0.));
#14460=CARTESIAN_POINT('',(116.884,193.55,3.6));
#14461=CARTESIAN_POINT('Origin',(118.55,193.55,0.));
#14462=CARTESIAN_POINT('Origin',(118.55,206.05,7.9));
#14463=CARTESIAN_POINT('',(120.216,206.05,7.8));
#14464=CARTESIAN_POINT('',(120.316,206.05,7.9));
#14465=CARTESIAN_POINT('',(116.884,206.05,7.8));
#14466=CARTESIAN_POINT('Origin',(118.55,206.05,7.8));
#14467=CARTESIAN_POINT('Origin',(118.55,206.05,7.8));
#14468=CARTESIAN_POINT('Origin',(118.55,206.05,3.6));
#14469=CARTESIAN_POINT('',(116.884,206.05,0.));
#14470=CARTESIAN_POINT('',(116.884,206.05,3.6));
#14471=CARTESIAN_POINT('Origin',(118.55,206.05,0.));
#14472=CARTESIAN_POINT('Origin',(118.55,218.55,7.9));
#14473=CARTESIAN_POINT('',(120.216,218.55,7.8));
#14474=CARTESIAN_POINT('',(120.316,218.55,7.9));
#14475=CARTESIAN_POINT('',(116.884,218.55,7.8));
#14476=CARTESIAN_POINT('Origin',(118.55,218.55,7.8));
#14477=CARTESIAN_POINT('Origin',(118.55,218.55,7.8));
#14478=CARTESIAN_POINT('Origin',(118.55,218.55,3.6));
#14479=CARTESIAN_POINT('',(116.884,218.55,0.));
#14480=CARTESIAN_POINT('',(116.884,218.55,3.6));
#14481=CARTESIAN_POINT('Origin',(118.55,218.55,0.));
#14482=CARTESIAN_POINT('Origin',(118.55,231.05,7.9));
#14483=CARTESIAN_POINT('',(120.216,231.05,7.8));
#14484=CARTESIAN_POINT('',(120.316,231.05,7.9));
#14485=CARTESIAN_POINT('',(116.884,231.05,7.8));
#14486=CARTESIAN_POINT('Origin',(118.55,231.05,7.8));
#14487=CARTESIAN_POINT('Origin',(118.55,231.05,7.8));
#14488=CARTESIAN_POINT('Origin',(118.55,231.05,3.6));
#14489=CARTESIAN_POINT('',(116.884,231.05,0.));
#14490=CARTESIAN_POINT('',(116.884,231.05,3.6));
#14491=CARTESIAN_POINT('Origin',(118.55,231.05,0.));
#14492=CARTESIAN_POINT('Origin',(118.55,243.55,7.9));
#14493=CARTESIAN_POINT('',(120.216,243.55,7.8));
#14494=CARTESIAN_POINT('',(120.316,243.55,7.9));
#14495=CARTESIAN_POINT('',(116.884,243.55,7.8));
#14496=CARTESIAN_POINT('Origin',(118.55,243.55,7.8));
#14497=CARTESIAN_POINT('Origin',(118.55,243.55,7.8));
#14498=CARTESIAN_POINT('Origin',(118.55,243.55,3.6));
#14499=CARTESIAN_POINT('',(116.884,243.55,0.));
#14500=CARTESIAN_POINT('',(116.884,243.55,3.6));
#14501=CARTESIAN_POINT('Origin',(118.55,243.55,0.));
#14502=CARTESIAN_POINT('Origin',(106.05,243.55,7.9));
#14503=CARTESIAN_POINT('',(107.716,243.55,7.8));
#14504=CARTESIAN_POINT('',(107.816,243.55,7.9));
#14505=CARTESIAN_POINT('',(104.384,243.55,7.8));
#14506=CARTESIAN_POINT('Origin',(106.05,243.55,7.8));
#14507=CARTESIAN_POINT('Origin',(106.05,243.55,7.8));
#14508=CARTESIAN_POINT('Origin',(106.05,243.55,3.6));
#14509=CARTESIAN_POINT('',(104.384,243.55,0.));
#14510=CARTESIAN_POINT('',(104.384,243.55,3.6));
#14511=CARTESIAN_POINT('Origin',(106.05,243.55,0.));
#14512=CARTESIAN_POINT('Origin',(93.55,243.55,7.9));
#14513=CARTESIAN_POINT('',(95.216,243.55,7.8));
#14514=CARTESIAN_POINT('',(95.316,243.55,7.9));
#14515=CARTESIAN_POINT('',(91.884,243.55,7.8));
#14516=CARTESIAN_POINT('Origin',(93.55,243.55,7.8));
#14517=CARTESIAN_POINT('Origin',(93.55,243.55,7.8));
#14518=CARTESIAN_POINT('Origin',(93.55,243.55,3.6));
#14519=CARTESIAN_POINT('',(91.884,243.55,0.));
#14520=CARTESIAN_POINT('',(91.884,243.55,3.6));
#14521=CARTESIAN_POINT('Origin',(93.55,243.55,0.));
#14522=CARTESIAN_POINT('Origin',(81.05,243.55,7.9));
#14523=CARTESIAN_POINT('',(82.716,243.55,7.8));
#14524=CARTESIAN_POINT('',(82.816,243.55,7.9));
#14525=CARTESIAN_POINT('',(79.384,243.55,7.8));
#14526=CARTESIAN_POINT('Origin',(81.05,243.55,7.8));
#14527=CARTESIAN_POINT('Origin',(81.05,243.55,7.8));
#14528=CARTESIAN_POINT('Origin',(81.05,243.55,3.6));
#14529=CARTESIAN_POINT('',(79.384,243.55,0.));
#14530=CARTESIAN_POINT('',(79.384,243.55,3.6));
#14531=CARTESIAN_POINT('Origin',(81.05,243.55,0.));
#14532=CARTESIAN_POINT('Origin',(68.55,243.55,7.9));
#14533=CARTESIAN_POINT('',(70.216,243.55,7.8));
#14534=CARTESIAN_POINT('',(70.316,243.55,7.9));
#14535=CARTESIAN_POINT('',(66.884,243.55,7.8));
#14536=CARTESIAN_POINT('Origin',(68.55,243.55,7.8));
#14537=CARTESIAN_POINT('Origin',(68.55,243.55,7.8));
#14538=CARTESIAN_POINT('Origin',(68.55,243.55,3.6));
#14539=CARTESIAN_POINT('',(66.884,243.55,0.));
#14540=CARTESIAN_POINT('',(66.884,243.55,3.6));
#14541=CARTESIAN_POINT('Origin',(68.55,243.55,0.));
#14542=CARTESIAN_POINT('Origin',(56.05,243.55,7.9));
#14543=CARTESIAN_POINT('',(57.716,243.55,7.8));
#14544=CARTESIAN_POINT('',(57.816,243.55,7.9));
#14545=CARTESIAN_POINT('',(54.384,243.55,7.8));
#14546=CARTESIAN_POINT('Origin',(56.05,243.55,7.8));
#14547=CARTESIAN_POINT('Origin',(56.05,243.55,7.8));
#14548=CARTESIAN_POINT('Origin',(56.05,243.55,3.6));
#14549=CARTESIAN_POINT('',(54.384,243.55,0.));
#14550=CARTESIAN_POINT('',(54.384,243.55,3.6));
#14551=CARTESIAN_POINT('Origin',(56.05,243.55,0.));
#14552=CARTESIAN_POINT('Origin',(43.55,243.55,7.9));
#14553=CARTESIAN_POINT('',(45.216,243.55,7.8));
#14554=CARTESIAN_POINT('',(45.316,243.55,7.9));
#14555=CARTESIAN_POINT('',(41.884,243.55,7.8));
#14556=CARTESIAN_POINT('Origin',(43.55,243.55,7.8));
#14557=CARTESIAN_POINT('Origin',(43.55,243.55,7.8));
#14558=CARTESIAN_POINT('Origin',(43.55,243.55,3.6));
#14559=CARTESIAN_POINT('',(41.884,243.55,0.));
#14560=CARTESIAN_POINT('',(41.884,243.55,3.6));
#14561=CARTESIAN_POINT('Origin',(43.55,243.55,0.));
#14562=CARTESIAN_POINT('Origin',(31.05,243.55,7.9));
#14563=CARTESIAN_POINT('',(32.716,243.55,7.8));
#14564=CARTESIAN_POINT('',(32.816,243.55,7.9));
#14565=CARTESIAN_POINT('',(29.384,243.55,7.8));
#14566=CARTESIAN_POINT('Origin',(31.05,243.55,7.8));
#14567=CARTESIAN_POINT('Origin',(31.05,243.55,7.8));
#14568=CARTESIAN_POINT('Origin',(31.05,243.55,3.6));
#14569=CARTESIAN_POINT('',(29.384,243.55,0.));
#14570=CARTESIAN_POINT('',(29.384,243.55,3.6));
#14571=CARTESIAN_POINT('Origin',(31.05,243.55,0.));
#14572=CARTESIAN_POINT('Origin',(18.55,243.55,7.9));
#14573=CARTESIAN_POINT('',(20.216,243.55,7.8));
#14574=CARTESIAN_POINT('',(20.316,243.55,7.9));
#14575=CARTESIAN_POINT('',(16.884,243.55,7.8));
#14576=CARTESIAN_POINT('Origin',(18.55,243.55,7.8));
#14577=CARTESIAN_POINT('Origin',(18.55,243.55,7.8));
#14578=CARTESIAN_POINT('Origin',(18.55,243.55,3.6));
#14579=CARTESIAN_POINT('',(16.884,243.55,0.));
#14580=CARTESIAN_POINT('',(16.884,243.55,3.6));
#14581=CARTESIAN_POINT('Origin',(18.55,243.55,0.));
#14582=CARTESIAN_POINT('Origin',(6.05,243.55,7.9));
#14583=CARTESIAN_POINT('',(7.716,243.55,7.8));
#14584=CARTESIAN_POINT('',(7.816,243.55,7.9));
#14585=CARTESIAN_POINT('',(4.384,243.55,7.8));
#14586=CARTESIAN_POINT('Origin',(6.05,243.55,7.8));
#14587=CARTESIAN_POINT('Origin',(6.05,243.55,7.8));
#14588=CARTESIAN_POINT('Origin',(6.05,243.55,3.6));
#14589=CARTESIAN_POINT('',(4.384,243.55,0.));
#14590=CARTESIAN_POINT('',(4.384,243.55,3.6));
#14591=CARTESIAN_POINT('Origin',(6.05,243.55,0.));
#14592=CARTESIAN_POINT('Origin',(6.05,231.05,7.9));
#14593=CARTESIAN_POINT('',(7.716,231.05,7.8));
#14594=CARTESIAN_POINT('',(7.816,231.05,7.9));
#14595=CARTESIAN_POINT('',(4.384,231.05,7.8));
#14596=CARTESIAN_POINT('Origin',(6.05,231.05,7.8));
#14597=CARTESIAN_POINT('Origin',(6.05,231.05,7.8));
#14598=CARTESIAN_POINT('Origin',(6.05,231.05,3.6));
#14599=CARTESIAN_POINT('',(4.384,231.05,0.));
#14600=CARTESIAN_POINT('',(4.384,231.05,3.6));
#14601=CARTESIAN_POINT('Origin',(6.05,231.05,0.));
#14602=CARTESIAN_POINT('Origin',(6.05,218.55,7.9));
#14603=CARTESIAN_POINT('',(7.716,218.55,7.8));
#14604=CARTESIAN_POINT('',(7.816,218.55,7.9));
#14605=CARTESIAN_POINT('',(4.384,218.55,7.8));
#14606=CARTESIAN_POINT('Origin',(6.05,218.55,7.8));
#14607=CARTESIAN_POINT('Origin',(6.05,218.55,7.8));
#14608=CARTESIAN_POINT('Origin',(6.05,218.55,3.6));
#14609=CARTESIAN_POINT('',(4.384,218.55,0.));
#14610=CARTESIAN_POINT('',(4.384,218.55,3.6));
#14611=CARTESIAN_POINT('Origin',(6.05,218.55,0.));
#14612=CARTESIAN_POINT('Origin',(6.05,206.05,7.9));
#14613=CARTESIAN_POINT('',(7.716,206.05,7.8));
#14614=CARTESIAN_POINT('',(7.816,206.05,7.9));
#14615=CARTESIAN_POINT('',(4.384,206.05,7.8));
#14616=CARTESIAN_POINT('Origin',(6.05,206.05,7.8));
#14617=CARTESIAN_POINT('Origin',(6.05,206.05,7.8));
#14618=CARTESIAN_POINT('Origin',(6.05,206.05,3.6));
#14619=CARTESIAN_POINT('',(4.384,206.05,0.));
#14620=CARTESIAN_POINT('',(4.384,206.05,3.6));
#14621=CARTESIAN_POINT('Origin',(6.05,206.05,0.));
#14622=CARTESIAN_POINT('Origin',(6.05,193.55,7.9));
#14623=CARTESIAN_POINT('',(7.716,193.55,7.8));
#14624=CARTESIAN_POINT('',(7.816,193.55,7.9));
#14625=CARTESIAN_POINT('',(4.384,193.55,7.8));
#14626=CARTESIAN_POINT('Origin',(6.05,193.55,7.8));
#14627=CARTESIAN_POINT('Origin',(6.05,193.55,7.8));
#14628=CARTESIAN_POINT('Origin',(6.05,193.55,3.6));
#14629=CARTESIAN_POINT('',(4.384,193.55,0.));
#14630=CARTESIAN_POINT('',(4.384,193.55,3.6));
#14631=CARTESIAN_POINT('Origin',(6.05,193.55,0.));
#14632=CARTESIAN_POINT('Origin',(6.05,181.05,7.9));
#14633=CARTESIAN_POINT('',(7.716,181.05,7.8));
#14634=CARTESIAN_POINT('',(7.816,181.05,7.9));
#14635=CARTESIAN_POINT('',(4.384,181.05,7.8));
#14636=CARTESIAN_POINT('Origin',(6.05,181.05,7.8));
#14637=CARTESIAN_POINT('Origin',(6.05,181.05,7.8));
#14638=CARTESIAN_POINT('Origin',(6.05,181.05,3.6));
#14639=CARTESIAN_POINT('',(4.384,181.05,0.));
#14640=CARTESIAN_POINT('',(4.384,181.05,3.6));
#14641=CARTESIAN_POINT('Origin',(6.05,181.05,0.));
#14642=CARTESIAN_POINT('Origin',(18.55,181.05,7.9));
#14643=CARTESIAN_POINT('',(20.216,181.05,7.8));
#14644=CARTESIAN_POINT('',(20.316,181.05,7.9));
#14645=CARTESIAN_POINT('',(16.884,181.05,7.8));
#14646=CARTESIAN_POINT('Origin',(18.55,181.05,7.8));
#14647=CARTESIAN_POINT('Origin',(18.55,181.05,7.8));
#14648=CARTESIAN_POINT('Origin',(18.55,181.05,3.6));
#14649=CARTESIAN_POINT('',(16.884,181.05,0.));
#14650=CARTESIAN_POINT('',(16.884,181.05,3.6));
#14651=CARTESIAN_POINT('Origin',(18.55,181.05,0.));
#14652=CARTESIAN_POINT('Origin',(31.05,181.05,7.9));
#14653=CARTESIAN_POINT('',(32.716,181.05,7.8));
#14654=CARTESIAN_POINT('',(32.816,181.05,7.9));
#14655=CARTESIAN_POINT('',(29.384,181.05,7.8));
#14656=CARTESIAN_POINT('Origin',(31.05,181.05,7.8));
#14657=CARTESIAN_POINT('Origin',(31.05,181.05,7.8));
#14658=CARTESIAN_POINT('Origin',(31.05,181.05,3.6));
#14659=CARTESIAN_POINT('',(29.384,181.05,0.));
#14660=CARTESIAN_POINT('',(29.384,181.05,3.6));
#14661=CARTESIAN_POINT('Origin',(31.05,181.05,0.));
#14662=CARTESIAN_POINT('Origin',(43.55,181.05,7.9));
#14663=CARTESIAN_POINT('',(45.216,181.05,7.8));
#14664=CARTESIAN_POINT('',(45.316,181.05,7.9));
#14665=CARTESIAN_POINT('',(41.884,181.05,7.8));
#14666=CARTESIAN_POINT('Origin',(43.55,181.05,7.8));
#14667=CARTESIAN_POINT('Origin',(43.55,181.05,7.8));
#14668=CARTESIAN_POINT('Origin',(43.55,181.05,3.6));
#14669=CARTESIAN_POINT('',(41.884,181.05,0.));
#14670=CARTESIAN_POINT('',(41.884,181.05,3.6));
#14671=CARTESIAN_POINT('Origin',(43.55,181.05,0.));
#14672=CARTESIAN_POINT('Origin',(56.05,181.05,7.9));
#14673=CARTESIAN_POINT('',(57.716,181.05,7.8));
#14674=CARTESIAN_POINT('',(57.816,181.05,7.9));
#14675=CARTESIAN_POINT('',(54.384,181.05,7.8));
#14676=CARTESIAN_POINT('Origin',(56.05,181.05,7.8));
#14677=CARTESIAN_POINT('Origin',(56.05,181.05,7.8));
#14678=CARTESIAN_POINT('Origin',(56.05,181.05,3.6));
#14679=CARTESIAN_POINT('',(54.384,181.05,0.));
#14680=CARTESIAN_POINT('',(54.384,181.05,3.6));
#14681=CARTESIAN_POINT('Origin',(56.05,181.05,0.));
#14682=CARTESIAN_POINT('Origin',(68.55,181.05,7.9));
#14683=CARTESIAN_POINT('',(70.216,181.05,7.8));
#14684=CARTESIAN_POINT('',(70.316,181.05,7.9));
#14685=CARTESIAN_POINT('',(66.884,181.05,7.8));
#14686=CARTESIAN_POINT('Origin',(68.55,181.05,7.8));
#14687=CARTESIAN_POINT('Origin',(68.55,181.05,7.8));
#14688=CARTESIAN_POINT('Origin',(68.55,181.05,3.6));
#14689=CARTESIAN_POINT('',(66.884,181.05,0.));
#14690=CARTESIAN_POINT('',(66.884,181.05,3.6));
#14691=CARTESIAN_POINT('Origin',(68.55,181.05,0.));
#14692=CARTESIAN_POINT('Origin',(81.05,181.05,7.9));
#14693=CARTESIAN_POINT('',(82.716,181.05,7.8));
#14694=CARTESIAN_POINT('',(82.816,181.05,7.9));
#14695=CARTESIAN_POINT('',(79.384,181.05,7.8));
#14696=CARTESIAN_POINT('Origin',(81.05,181.05,7.8));
#14697=CARTESIAN_POINT('Origin',(81.05,181.05,7.8));
#14698=CARTESIAN_POINT('Origin',(81.05,181.05,3.6));
#14699=CARTESIAN_POINT('',(79.384,181.05,0.));
#14700=CARTESIAN_POINT('',(79.384,181.05,3.6));
#14701=CARTESIAN_POINT('Origin',(81.05,181.05,0.));
#14702=CARTESIAN_POINT('Origin',(93.55,181.05,7.9));
#14703=CARTESIAN_POINT('',(95.216,181.05,7.8));
#14704=CARTESIAN_POINT('',(95.316,181.05,7.9));
#14705=CARTESIAN_POINT('',(91.884,181.05,7.8));
#14706=CARTESIAN_POINT('Origin',(93.55,181.05,7.8));
#14707=CARTESIAN_POINT('Origin',(93.55,181.05,7.8));
#14708=CARTESIAN_POINT('Origin',(93.55,181.05,3.6));
#14709=CARTESIAN_POINT('',(91.884,181.05,0.));
#14710=CARTESIAN_POINT('',(91.884,181.05,3.6));
#14711=CARTESIAN_POINT('Origin',(93.55,181.05,0.));
#14712=CARTESIAN_POINT('Origin',(106.05,181.05,7.9));
#14713=CARTESIAN_POINT('',(107.716,181.05,7.8));
#14714=CARTESIAN_POINT('',(107.816,181.05,7.9));
#14715=CARTESIAN_POINT('',(104.384,181.05,7.8));
#14716=CARTESIAN_POINT('Origin',(106.05,181.05,7.8));
#14717=CARTESIAN_POINT('Origin',(106.05,181.05,7.8));
#14718=CARTESIAN_POINT('Origin',(106.05,181.05,3.6));
#14719=CARTESIAN_POINT('',(104.384,181.05,0.));
#14720=CARTESIAN_POINT('',(104.384,181.05,3.6));
#14721=CARTESIAN_POINT('Origin',(106.05,181.05,0.));
#14722=CARTESIAN_POINT('Origin',(118.55,181.05,7.9));
#14723=CARTESIAN_POINT('',(120.216,181.05,7.8));
#14724=CARTESIAN_POINT('',(120.316,181.05,7.9));
#14725=CARTESIAN_POINT('',(116.884,181.05,7.8));
#14726=CARTESIAN_POINT('Origin',(118.55,181.05,7.8));
#14727=CARTESIAN_POINT('Origin',(118.55,181.05,7.8));
#14728=CARTESIAN_POINT('Origin',(118.55,181.05,3.6));
#14729=CARTESIAN_POINT('',(116.884,181.05,0.));
#14730=CARTESIAN_POINT('',(116.884,181.05,3.6));
#14731=CARTESIAN_POINT('Origin',(118.55,181.05,0.));
#14732=CARTESIAN_POINT('Origin',(118.55,168.55,7.9));
#14733=CARTESIAN_POINT('',(120.216,168.55,7.8));
#14734=CARTESIAN_POINT('',(120.316,168.55,7.9));
#14735=CARTESIAN_POINT('',(116.884,168.55,7.8));
#14736=CARTESIAN_POINT('Origin',(118.55,168.55,7.8));
#14737=CARTESIAN_POINT('Origin',(118.55,168.55,7.8));
#14738=CARTESIAN_POINT('Origin',(118.55,168.55,3.6));
#14739=CARTESIAN_POINT('',(116.884,168.55,0.));
#14740=CARTESIAN_POINT('',(116.884,168.55,3.6));
#14741=CARTESIAN_POINT('Origin',(118.55,168.55,0.));
#14742=CARTESIAN_POINT('Origin',(106.05,168.55,7.9));
#14743=CARTESIAN_POINT('',(107.716,168.55,7.8));
#14744=CARTESIAN_POINT('',(107.816,168.55,7.9));
#14745=CARTESIAN_POINT('',(104.384,168.55,7.8));
#14746=CARTESIAN_POINT('Origin',(106.05,168.55,7.8));
#14747=CARTESIAN_POINT('Origin',(106.05,168.55,7.8));
#14748=CARTESIAN_POINT('Origin',(106.05,168.55,3.6));
#14749=CARTESIAN_POINT('',(104.384,168.55,0.));
#14750=CARTESIAN_POINT('',(104.384,168.55,3.6));
#14751=CARTESIAN_POINT('Origin',(106.05,168.55,0.));
#14752=CARTESIAN_POINT('Origin',(93.55,168.55,7.9));
#14753=CARTESIAN_POINT('',(95.216,168.55,7.8));
#14754=CARTESIAN_POINT('',(95.316,168.55,7.9));
#14755=CARTESIAN_POINT('',(91.884,168.55,7.8));
#14756=CARTESIAN_POINT('Origin',(93.55,168.55,7.8));
#14757=CARTESIAN_POINT('Origin',(93.55,168.55,7.8));
#14758=CARTESIAN_POINT('Origin',(93.55,168.55,3.6));
#14759=CARTESIAN_POINT('',(91.884,168.55,0.));
#14760=CARTESIAN_POINT('',(91.884,168.55,3.6));
#14761=CARTESIAN_POINT('Origin',(93.55,168.55,0.));
#14762=CARTESIAN_POINT('Origin',(81.05,168.55,7.9));
#14763=CARTESIAN_POINT('',(82.716,168.55,7.8));
#14764=CARTESIAN_POINT('',(82.816,168.55,7.9));
#14765=CARTESIAN_POINT('',(79.384,168.55,7.8));
#14766=CARTESIAN_POINT('Origin',(81.05,168.55,7.8));
#14767=CARTESIAN_POINT('Origin',(81.05,168.55,7.8));
#14768=CARTESIAN_POINT('Origin',(81.05,168.55,3.6));
#14769=CARTESIAN_POINT('',(79.384,168.55,0.));
#14770=CARTESIAN_POINT('',(79.384,168.55,3.6));
#14771=CARTESIAN_POINT('Origin',(81.05,168.55,0.));
#14772=CARTESIAN_POINT('Origin',(68.55,168.55,7.9));
#14773=CARTESIAN_POINT('',(70.216,168.55,7.8));
#14774=CARTESIAN_POINT('',(70.316,168.55,7.9));
#14775=CARTESIAN_POINT('',(66.884,168.55,7.8));
#14776=CARTESIAN_POINT('Origin',(68.55,168.55,7.8));
#14777=CARTESIAN_POINT('Origin',(68.55,168.55,7.8));
#14778=CARTESIAN_POINT('Origin',(68.55,168.55,3.6));
#14779=CARTESIAN_POINT('',(66.884,168.55,0.));
#14780=CARTESIAN_POINT('',(66.884,168.55,3.6));
#14781=CARTESIAN_POINT('Origin',(68.55,168.55,0.));
#14782=CARTESIAN_POINT('Origin',(56.05,168.55,7.9));
#14783=CARTESIAN_POINT('',(57.716,168.55,7.8));
#14784=CARTESIAN_POINT('',(57.816,168.55,7.9));
#14785=CARTESIAN_POINT('',(54.384,168.55,7.8));
#14786=CARTESIAN_POINT('Origin',(56.05,168.55,7.8));
#14787=CARTESIAN_POINT('Origin',(56.05,168.55,7.8));
#14788=CARTESIAN_POINT('Origin',(56.05,168.55,3.6));
#14789=CARTESIAN_POINT('',(54.384,168.55,0.));
#14790=CARTESIAN_POINT('',(54.384,168.55,3.6));
#14791=CARTESIAN_POINT('Origin',(56.05,168.55,0.));
#14792=CARTESIAN_POINT('Origin',(43.55,168.55,7.9));
#14793=CARTESIAN_POINT('',(45.216,168.55,7.8));
#14794=CARTESIAN_POINT('',(45.316,168.55,7.9));
#14795=CARTESIAN_POINT('',(41.884,168.55,7.8));
#14796=CARTESIAN_POINT('Origin',(43.55,168.55,7.8));
#14797=CARTESIAN_POINT('Origin',(43.55,168.55,7.8));
#14798=CARTESIAN_POINT('Origin',(43.55,168.55,3.6));
#14799=CARTESIAN_POINT('',(41.884,168.55,0.));
#14800=CARTESIAN_POINT('',(41.884,168.55,3.6));
#14801=CARTESIAN_POINT('Origin',(43.55,168.55,0.));
#14802=CARTESIAN_POINT('Origin',(31.05,168.55,7.9));
#14803=CARTESIAN_POINT('',(32.716,168.55,7.8));
#14804=CARTESIAN_POINT('',(32.816,168.55,7.9));
#14805=CARTESIAN_POINT('',(29.384,168.55,7.8));
#14806=CARTESIAN_POINT('Origin',(31.05,168.55,7.8));
#14807=CARTESIAN_POINT('Origin',(31.05,168.55,7.8));
#14808=CARTESIAN_POINT('Origin',(31.05,168.55,3.6));
#14809=CARTESIAN_POINT('',(29.384,168.55,0.));
#14810=CARTESIAN_POINT('',(29.384,168.55,3.6));
#14811=CARTESIAN_POINT('Origin',(31.05,168.55,0.));
#14812=CARTESIAN_POINT('Origin',(18.55,168.55,7.9));
#14813=CARTESIAN_POINT('',(20.216,168.55,7.8));
#14814=CARTESIAN_POINT('',(20.316,168.55,7.9));
#14815=CARTESIAN_POINT('',(16.884,168.55,7.8));
#14816=CARTESIAN_POINT('Origin',(18.55,168.55,7.8));
#14817=CARTESIAN_POINT('Origin',(18.55,168.55,7.8));
#14818=CARTESIAN_POINT('Origin',(18.55,168.55,3.6));
#14819=CARTESIAN_POINT('',(16.884,168.55,0.));
#14820=CARTESIAN_POINT('',(16.884,168.55,3.6));
#14821=CARTESIAN_POINT('Origin',(18.55,168.55,0.));
#14822=CARTESIAN_POINT('Origin',(6.05,168.55,7.9));
#14823=CARTESIAN_POINT('',(7.716,168.55,7.8));
#14824=CARTESIAN_POINT('',(7.816,168.55,7.9));
#14825=CARTESIAN_POINT('',(4.384,168.55,7.8));
#14826=CARTESIAN_POINT('Origin',(6.05,168.55,7.8));
#14827=CARTESIAN_POINT('Origin',(6.05,168.55,7.8));
#14828=CARTESIAN_POINT('Origin',(6.05,168.55,3.6));
#14829=CARTESIAN_POINT('',(4.384,168.55,0.));
#14830=CARTESIAN_POINT('',(4.384,168.55,3.6));
#14831=CARTESIAN_POINT('Origin',(6.05,168.55,0.));
#14832=CARTESIAN_POINT('Origin',(6.05,156.05,7.9));
#14833=CARTESIAN_POINT('',(7.716,156.05,7.8));
#14834=CARTESIAN_POINT('',(7.816,156.05,7.9));
#14835=CARTESIAN_POINT('',(4.384,156.05,7.8));
#14836=CARTESIAN_POINT('Origin',(6.05,156.05,7.8));
#14837=CARTESIAN_POINT('Origin',(6.05,156.05,7.8));
#14838=CARTESIAN_POINT('Origin',(6.05,156.05,3.6));
#14839=CARTESIAN_POINT('',(4.384,156.05,0.));
#14840=CARTESIAN_POINT('',(4.384,156.05,3.6));
#14841=CARTESIAN_POINT('Origin',(6.05,156.05,0.));
#14842=CARTESIAN_POINT('Origin',(18.55,156.05,7.9));
#14843=CARTESIAN_POINT('',(20.216,156.05,7.8));
#14844=CARTESIAN_POINT('',(20.316,156.05,7.9));
#14845=CARTESIAN_POINT('',(16.884,156.05,7.8));
#14846=CARTESIAN_POINT('Origin',(18.55,156.05,7.8));
#14847=CARTESIAN_POINT('Origin',(18.55,156.05,7.8));
#14848=CARTESIAN_POINT('Origin',(18.55,156.05,3.6));
#14849=CARTESIAN_POINT('',(16.884,156.05,0.));
#14850=CARTESIAN_POINT('',(16.884,156.05,3.6));
#14851=CARTESIAN_POINT('Origin',(18.55,156.05,0.));
#14852=CARTESIAN_POINT('Origin',(31.05,156.05,7.9));
#14853=CARTESIAN_POINT('',(32.716,156.05,7.8));
#14854=CARTESIAN_POINT('',(32.816,156.05,7.9));
#14855=CARTESIAN_POINT('',(29.384,156.05,7.8));
#14856=CARTESIAN_POINT('Origin',(31.05,156.05,7.8));
#14857=CARTESIAN_POINT('Origin',(31.05,156.05,7.8));
#14858=CARTESIAN_POINT('Origin',(31.05,156.05,3.6));
#14859=CARTESIAN_POINT('',(29.384,156.05,0.));
#14860=CARTESIAN_POINT('',(29.384,156.05,3.6));
#14861=CARTESIAN_POINT('Origin',(31.05,156.05,0.));
#14862=CARTESIAN_POINT('Origin',(43.55,156.05,7.9));
#14863=CARTESIAN_POINT('',(45.216,156.05,7.8));
#14864=CARTESIAN_POINT('',(45.316,156.05,7.9));
#14865=CARTESIAN_POINT('',(41.884,156.05,7.8));
#14866=CARTESIAN_POINT('Origin',(43.55,156.05,7.8));
#14867=CARTESIAN_POINT('Origin',(43.55,156.05,7.8));
#14868=CARTESIAN_POINT('Origin',(43.55,156.05,3.6));
#14869=CARTESIAN_POINT('',(41.884,156.05,0.));
#14870=CARTESIAN_POINT('',(41.884,156.05,3.6));
#14871=CARTESIAN_POINT('Origin',(43.55,156.05,0.));
#14872=CARTESIAN_POINT('Origin',(56.05,156.05,7.9));
#14873=CARTESIAN_POINT('',(57.716,156.05,7.8));
#14874=CARTESIAN_POINT('',(57.816,156.05,7.9));
#14875=CARTESIAN_POINT('',(54.384,156.05,7.8));
#14876=CARTESIAN_POINT('Origin',(56.05,156.05,7.8));
#14877=CARTESIAN_POINT('Origin',(56.05,156.05,7.8));
#14878=CARTESIAN_POINT('Origin',(56.05,156.05,3.6));
#14879=CARTESIAN_POINT('',(54.384,156.05,0.));
#14880=CARTESIAN_POINT('',(54.384,156.05,3.6));
#14881=CARTESIAN_POINT('Origin',(56.05,156.05,0.));
#14882=CARTESIAN_POINT('Origin',(68.55,156.05,7.9));
#14883=CARTESIAN_POINT('',(70.216,156.05,7.8));
#14884=CARTESIAN_POINT('',(70.316,156.05,7.9));
#14885=CARTESIAN_POINT('',(66.884,156.05,7.8));
#14886=CARTESIAN_POINT('Origin',(68.55,156.05,7.8));
#14887=CARTESIAN_POINT('Origin',(68.55,156.05,7.8));
#14888=CARTESIAN_POINT('Origin',(68.55,156.05,3.6));
#14889=CARTESIAN_POINT('',(66.884,156.05,0.));
#14890=CARTESIAN_POINT('',(66.884,156.05,3.6));
#14891=CARTESIAN_POINT('Origin',(68.55,156.05,0.));
#14892=CARTESIAN_POINT('Origin',(81.05,156.05,7.9));
#14893=CARTESIAN_POINT('',(82.716,156.05,7.8));
#14894=CARTESIAN_POINT('',(82.816,156.05,7.9));
#14895=CARTESIAN_POINT('',(79.384,156.05,7.8));
#14896=CARTESIAN_POINT('Origin',(81.05,156.05,7.8));
#14897=CARTESIAN_POINT('Origin',(81.05,156.05,7.8));
#14898=CARTESIAN_POINT('Origin',(81.05,156.05,3.6));
#14899=CARTESIAN_POINT('',(79.384,156.05,0.));
#14900=CARTESIAN_POINT('',(79.384,156.05,3.6));
#14901=CARTESIAN_POINT('Origin',(81.05,156.05,0.));
#14902=CARTESIAN_POINT('Origin',(93.55,156.05,7.9));
#14903=CARTESIAN_POINT('',(95.216,156.05,7.8));
#14904=CARTESIAN_POINT('',(95.316,156.05,7.9));
#14905=CARTESIAN_POINT('',(91.884,156.05,7.8));
#14906=CARTESIAN_POINT('Origin',(93.55,156.05,7.8));
#14907=CARTESIAN_POINT('Origin',(93.55,156.05,7.8));
#14908=CARTESIAN_POINT('Origin',(93.55,156.05,3.6));
#14909=CARTESIAN_POINT('',(91.884,156.05,0.));
#14910=CARTESIAN_POINT('',(91.884,156.05,3.6));
#14911=CARTESIAN_POINT('Origin',(93.55,156.05,0.));
#14912=CARTESIAN_POINT('Origin',(106.05,156.05,7.9));
#14913=CARTESIAN_POINT('',(107.716,156.05,7.8));
#14914=CARTESIAN_POINT('',(107.816,156.05,7.9));
#14915=CARTESIAN_POINT('',(104.384,156.05,7.8));
#14916=CARTESIAN_POINT('Origin',(106.05,156.05,7.8));
#14917=CARTESIAN_POINT('Origin',(106.05,156.05,7.8));
#14918=CARTESIAN_POINT('Origin',(106.05,156.05,3.6));
#14919=CARTESIAN_POINT('',(104.384,156.05,0.));
#14920=CARTESIAN_POINT('',(104.384,156.05,3.6));
#14921=CARTESIAN_POINT('Origin',(106.05,156.05,0.));
#14922=CARTESIAN_POINT('Origin',(118.55,156.05,7.9));
#14923=CARTESIAN_POINT('',(120.216,156.05,7.8));
#14924=CARTESIAN_POINT('',(120.316,156.05,7.9));
#14925=CARTESIAN_POINT('',(116.884,156.05,7.8));
#14926=CARTESIAN_POINT('Origin',(118.55,156.05,7.8));
#14927=CARTESIAN_POINT('Origin',(118.55,156.05,7.8));
#14928=CARTESIAN_POINT('Origin',(118.55,156.05,3.6));
#14929=CARTESIAN_POINT('',(116.884,156.05,0.));
#14930=CARTESIAN_POINT('',(116.884,156.05,3.6));
#14931=CARTESIAN_POINT('Origin',(118.55,156.05,0.));
#14932=CARTESIAN_POINT('Origin',(118.55,143.55,7.9));
#14933=CARTESIAN_POINT('',(120.216,143.55,7.8));
#14934=CARTESIAN_POINT('',(120.316,143.55,7.9));
#14935=CARTESIAN_POINT('',(116.884,143.55,7.8));
#14936=CARTESIAN_POINT('Origin',(118.55,143.55,7.8));
#14937=CARTESIAN_POINT('Origin',(118.55,143.55,7.8));
#14938=CARTESIAN_POINT('Origin',(118.55,143.55,3.6));
#14939=CARTESIAN_POINT('',(116.884,143.55,0.));
#14940=CARTESIAN_POINT('',(116.884,143.55,3.6));
#14941=CARTESIAN_POINT('Origin',(118.55,143.55,0.));
#14942=CARTESIAN_POINT('Origin',(106.05,143.55,7.9));
#14943=CARTESIAN_POINT('',(107.716,143.55,7.8));
#14944=CARTESIAN_POINT('',(107.816,143.55,7.9));
#14945=CARTESIAN_POINT('',(104.384,143.55,7.8));
#14946=CARTESIAN_POINT('Origin',(106.05,143.55,7.8));
#14947=CARTESIAN_POINT('Origin',(106.05,143.55,7.8));
#14948=CARTESIAN_POINT('Origin',(106.05,143.55,3.6));
#14949=CARTESIAN_POINT('',(104.384,143.55,0.));
#14950=CARTESIAN_POINT('',(104.384,143.55,3.6));
#14951=CARTESIAN_POINT('Origin',(106.05,143.55,0.));
#14952=CARTESIAN_POINT('Origin',(93.55,143.55,7.9));
#14953=CARTESIAN_POINT('',(95.216,143.55,7.8));
#14954=CARTESIAN_POINT('',(95.316,143.55,7.9));
#14955=CARTESIAN_POINT('',(91.884,143.55,7.8));
#14956=CARTESIAN_POINT('Origin',(93.55,143.55,7.8));
#14957=CARTESIAN_POINT('Origin',(93.55,143.55,7.8));
#14958=CARTESIAN_POINT('Origin',(93.55,143.55,3.6));
#14959=CARTESIAN_POINT('',(91.884,143.55,0.));
#14960=CARTESIAN_POINT('',(91.884,143.55,3.6));
#14961=CARTESIAN_POINT('Origin',(93.55,143.55,0.));
#14962=CARTESIAN_POINT('Origin',(81.05,143.55,7.9));
#14963=CARTESIAN_POINT('',(82.716,143.55,7.8));
#14964=CARTESIAN_POINT('',(82.816,143.55,7.9));
#14965=CARTESIAN_POINT('',(79.384,143.55,7.8));
#14966=CARTESIAN_POINT('Origin',(81.05,143.55,7.8));
#14967=CARTESIAN_POINT('Origin',(81.05,143.55,7.8));
#14968=CARTESIAN_POINT('Origin',(81.05,143.55,3.6));
#14969=CARTESIAN_POINT('',(79.384,143.55,0.));
#14970=CARTESIAN_POINT('',(79.384,143.55,3.6));
#14971=CARTESIAN_POINT('Origin',(81.05,143.55,0.));
#14972=CARTESIAN_POINT('Origin',(68.55,143.55,7.9));
#14973=CARTESIAN_POINT('',(70.216,143.55,7.8));
#14974=CARTESIAN_POINT('',(70.316,143.55,7.9));
#14975=CARTESIAN_POINT('',(66.884,143.55,7.8));
#14976=CARTESIAN_POINT('Origin',(68.55,143.55,7.8));
#14977=CARTESIAN_POINT('Origin',(68.55,143.55,7.8));
#14978=CARTESIAN_POINT('Origin',(68.55,143.55,3.6));
#14979=CARTESIAN_POINT('',(66.884,143.55,0.));
#14980=CARTESIAN_POINT('',(66.884,143.55,3.6));
#14981=CARTESIAN_POINT('Origin',(68.55,143.55,0.));
#14982=CARTESIAN_POINT('Origin',(56.05,143.55,7.9));
#14983=CARTESIAN_POINT('',(57.716,143.55,7.8));
#14984=CARTESIAN_POINT('',(57.816,143.55,7.9));
#14985=CARTESIAN_POINT('',(54.384,143.55,7.8));
#14986=CARTESIAN_POINT('Origin',(56.05,143.55,7.8));
#14987=CARTESIAN_POINT('Origin',(56.05,143.55,7.8));
#14988=CARTESIAN_POINT('Origin',(56.05,143.55,3.6));
#14989=CARTESIAN_POINT('',(54.384,143.55,0.));
#14990=CARTESIAN_POINT('',(54.384,143.55,3.6));
#14991=CARTESIAN_POINT('Origin',(56.05,143.55,0.));
#14992=CARTESIAN_POINT('Origin',(43.55,143.55,7.9));
#14993=CARTESIAN_POINT('',(45.216,143.55,7.8));
#14994=CARTESIAN_POINT('',(45.316,143.55,7.9));
#14995=CARTESIAN_POINT('',(41.884,143.55,7.8));
#14996=CARTESIAN_POINT('Origin',(43.55,143.55,7.8));
#14997=CARTESIAN_POINT('Origin',(43.55,143.55,7.8));
#14998=CARTESIAN_POINT('Origin',(43.55,143.55,3.6));
#14999=CARTESIAN_POINT('',(41.884,143.55,0.));
#15000=CARTESIAN_POINT('',(41.884,143.55,3.6));
#15001=CARTESIAN_POINT('Origin',(43.55,143.55,0.));
#15002=CARTESIAN_POINT('Origin',(31.05,143.55,7.9));
#15003=CARTESIAN_POINT('',(32.716,143.55,7.8));
#15004=CARTESIAN_POINT('',(32.816,143.55,7.9));
#15005=CARTESIAN_POINT('',(29.384,143.55,7.8));
#15006=CARTESIAN_POINT('Origin',(31.05,143.55,7.8));
#15007=CARTESIAN_POINT('Origin',(31.05,143.55,7.8));
#15008=CARTESIAN_POINT('Origin',(31.05,143.55,3.6));
#15009=CARTESIAN_POINT('',(29.384,143.55,0.));
#15010=CARTESIAN_POINT('',(29.384,143.55,3.6));
#15011=CARTESIAN_POINT('Origin',(31.05,143.55,0.));
#15012=CARTESIAN_POINT('Origin',(18.55,143.55,7.9));
#15013=CARTESIAN_POINT('',(20.216,143.55,7.8));
#15014=CARTESIAN_POINT('',(20.316,143.55,7.9));
#15015=CARTESIAN_POINT('',(16.884,143.55,7.8));
#15016=CARTESIAN_POINT('Origin',(18.55,143.55,7.8));
#15017=CARTESIAN_POINT('Origin',(18.55,143.55,7.8));
#15018=CARTESIAN_POINT('Origin',(18.55,143.55,3.6));
#15019=CARTESIAN_POINT('',(16.884,143.55,0.));
#15020=CARTESIAN_POINT('',(16.884,143.55,3.6));
#15021=CARTESIAN_POINT('Origin',(18.55,143.55,0.));
#15022=CARTESIAN_POINT('Origin',(6.05,143.55,7.9));
#15023=CARTESIAN_POINT('',(7.716,143.55,7.8));
#15024=CARTESIAN_POINT('',(7.816,143.55,7.9));
#15025=CARTESIAN_POINT('',(4.384,143.55,7.8));
#15026=CARTESIAN_POINT('Origin',(6.05,143.55,7.8));
#15027=CARTESIAN_POINT('Origin',(6.05,143.55,7.8));
#15028=CARTESIAN_POINT('Origin',(6.05,143.55,3.6));
#15029=CARTESIAN_POINT('',(4.384,143.55,0.));
#15030=CARTESIAN_POINT('',(4.384,143.55,3.6));
#15031=CARTESIAN_POINT('Origin',(6.05,143.55,0.));
#15032=CARTESIAN_POINT('Origin',(6.05,131.05,7.9));
#15033=CARTESIAN_POINT('',(7.716,131.05,7.8));
#15034=CARTESIAN_POINT('',(7.816,131.05,7.9));
#15035=CARTESIAN_POINT('',(4.384,131.05,7.8));
#15036=CARTESIAN_POINT('Origin',(6.05,131.05,7.8));
#15037=CARTESIAN_POINT('Origin',(6.05,131.05,7.8));
#15038=CARTESIAN_POINT('Origin',(6.05,131.05,3.6));
#15039=CARTESIAN_POINT('',(4.384,131.05,0.));
#15040=CARTESIAN_POINT('',(4.384,131.05,3.6));
#15041=CARTESIAN_POINT('Origin',(6.05,131.05,0.));
#15042=CARTESIAN_POINT('Origin',(18.55,131.05,7.9));
#15043=CARTESIAN_POINT('',(20.216,131.05,7.8));
#15044=CARTESIAN_POINT('',(20.316,131.05,7.9));
#15045=CARTESIAN_POINT('',(16.884,131.05,7.8));
#15046=CARTESIAN_POINT('Origin',(18.55,131.05,7.8));
#15047=CARTESIAN_POINT('Origin',(18.55,131.05,7.8));
#15048=CARTESIAN_POINT('Origin',(18.55,131.05,3.6));
#15049=CARTESIAN_POINT('',(16.884,131.05,0.));
#15050=CARTESIAN_POINT('',(16.884,131.05,3.6));
#15051=CARTESIAN_POINT('Origin',(18.55,131.05,0.));
#15052=CARTESIAN_POINT('Origin',(31.05,131.05,7.9));
#15053=CARTESIAN_POINT('',(32.716,131.05,7.8));
#15054=CARTESIAN_POINT('',(32.816,131.05,7.9));
#15055=CARTESIAN_POINT('',(29.384,131.05,7.8));
#15056=CARTESIAN_POINT('Origin',(31.05,131.05,7.8));
#15057=CARTESIAN_POINT('Origin',(31.05,131.05,7.8));
#15058=CARTESIAN_POINT('Origin',(31.05,131.05,3.6));
#15059=CARTESIAN_POINT('',(29.384,131.05,0.));
#15060=CARTESIAN_POINT('',(29.384,131.05,3.6));
#15061=CARTESIAN_POINT('Origin',(31.05,131.05,0.));
#15062=CARTESIAN_POINT('Origin',(43.55,131.05,7.9));
#15063=CARTESIAN_POINT('',(45.216,131.05,7.8));
#15064=CARTESIAN_POINT('',(45.316,131.05,7.9));
#15065=CARTESIAN_POINT('',(41.884,131.05,7.8));
#15066=CARTESIAN_POINT('Origin',(43.55,131.05,7.8));
#15067=CARTESIAN_POINT('Origin',(43.55,131.05,7.8));
#15068=CARTESIAN_POINT('Origin',(43.55,131.05,3.6));
#15069=CARTESIAN_POINT('',(41.884,131.05,0.));
#15070=CARTESIAN_POINT('',(41.884,131.05,3.6));
#15071=CARTESIAN_POINT('Origin',(43.55,131.05,0.));
#15072=CARTESIAN_POINT('Origin',(56.05,131.05,7.9));
#15073=CARTESIAN_POINT('',(57.716,131.05,7.8));
#15074=CARTESIAN_POINT('',(57.816,131.05,7.9));
#15075=CARTESIAN_POINT('',(54.384,131.05,7.8));
#15076=CARTESIAN_POINT('Origin',(56.05,131.05,7.8));
#15077=CARTESIAN_POINT('Origin',(56.05,131.05,7.8));
#15078=CARTESIAN_POINT('Origin',(56.05,131.05,3.6));
#15079=CARTESIAN_POINT('',(54.384,131.05,0.));
#15080=CARTESIAN_POINT('',(54.384,131.05,3.6));
#15081=CARTESIAN_POINT('Origin',(56.05,131.05,0.));
#15082=CARTESIAN_POINT('Origin',(68.55,131.05,7.9));
#15083=CARTESIAN_POINT('',(70.216,131.05,7.8));
#15084=CARTESIAN_POINT('',(70.316,131.05,7.9));
#15085=CARTESIAN_POINT('',(66.884,131.05,7.8));
#15086=CARTESIAN_POINT('Origin',(68.55,131.05,7.8));
#15087=CARTESIAN_POINT('Origin',(68.55,131.05,7.8));
#15088=CARTESIAN_POINT('Origin',(68.55,131.05,3.6));
#15089=CARTESIAN_POINT('',(66.884,131.05,0.));
#15090=CARTESIAN_POINT('',(66.884,131.05,3.6));
#15091=CARTESIAN_POINT('Origin',(68.55,131.05,0.));
#15092=CARTESIAN_POINT('Origin',(81.05,131.05,7.9));
#15093=CARTESIAN_POINT('',(82.716,131.05,7.8));
#15094=CARTESIAN_POINT('',(82.816,131.05,7.9));
#15095=CARTESIAN_POINT('',(79.384,131.05,7.8));
#15096=CARTESIAN_POINT('Origin',(81.05,131.05,7.8));
#15097=CARTESIAN_POINT('Origin',(81.05,131.05,7.8));
#15098=CARTESIAN_POINT('Origin',(81.05,131.05,3.6));
#15099=CARTESIAN_POINT('',(79.384,131.05,0.));
#15100=CARTESIAN_POINT('',(79.384,131.05,3.6));
#15101=CARTESIAN_POINT('Origin',(81.05,131.05,0.));
#15102=CARTESIAN_POINT('Origin',(93.55,131.05,7.9));
#15103=CARTESIAN_POINT('',(95.216,131.05,7.8));
#15104=CARTESIAN_POINT('',(95.316,131.05,7.9));
#15105=CARTESIAN_POINT('',(91.884,131.05,7.8));
#15106=CARTESIAN_POINT('Origin',(93.55,131.05,7.8));
#15107=CARTESIAN_POINT('Origin',(93.55,131.05,7.8));
#15108=CARTESIAN_POINT('Origin',(93.55,131.05,3.6));
#15109=CARTESIAN_POINT('',(91.884,131.05,0.));
#15110=CARTESIAN_POINT('',(91.884,131.05,3.6));
#15111=CARTESIAN_POINT('Origin',(93.55,131.05,0.));
#15112=CARTESIAN_POINT('Origin',(106.05,131.05,7.9));
#15113=CARTESIAN_POINT('',(107.716,131.05,7.8));
#15114=CARTESIAN_POINT('',(107.816,131.05,7.9));
#15115=CARTESIAN_POINT('',(104.384,131.05,7.8));
#15116=CARTESIAN_POINT('Origin',(106.05,131.05,7.8));
#15117=CARTESIAN_POINT('Origin',(106.05,131.05,7.8));
#15118=CARTESIAN_POINT('Origin',(106.05,131.05,3.6));
#15119=CARTESIAN_POINT('',(104.384,131.05,0.));
#15120=CARTESIAN_POINT('',(104.384,131.05,3.6));
#15121=CARTESIAN_POINT('Origin',(106.05,131.05,0.));
#15122=CARTESIAN_POINT('Origin',(118.55,131.05,7.9));
#15123=CARTESIAN_POINT('',(120.216,131.05,7.8));
#15124=CARTESIAN_POINT('',(120.316,131.05,7.9));
#15125=CARTESIAN_POINT('',(116.884,131.05,7.8));
#15126=CARTESIAN_POINT('Origin',(118.55,131.05,7.8));
#15127=CARTESIAN_POINT('Origin',(118.55,131.05,7.8));
#15128=CARTESIAN_POINT('Origin',(118.55,131.05,3.6));
#15129=CARTESIAN_POINT('',(116.884,131.05,0.));
#15130=CARTESIAN_POINT('',(116.884,131.05,3.6));
#15131=CARTESIAN_POINT('Origin',(118.55,131.05,0.));
#15132=CARTESIAN_POINT('Origin',(118.55,118.55,7.9));
#15133=CARTESIAN_POINT('',(120.216,118.55,7.8));
#15134=CARTESIAN_POINT('',(120.316,118.55,7.9));
#15135=CARTESIAN_POINT('',(116.884,118.55,7.8));
#15136=CARTESIAN_POINT('Origin',(118.55,118.55,7.8));
#15137=CARTESIAN_POINT('Origin',(118.55,118.55,7.8));
#15138=CARTESIAN_POINT('Origin',(118.55,118.55,3.6));
#15139=CARTESIAN_POINT('',(116.884,118.55,0.));
#15140=CARTESIAN_POINT('',(116.884,118.55,3.6));
#15141=CARTESIAN_POINT('Origin',(118.55,118.55,0.));
#15142=CARTESIAN_POINT('Origin',(106.05,118.55,7.9));
#15143=CARTESIAN_POINT('',(107.716,118.55,7.8));
#15144=CARTESIAN_POINT('',(107.816,118.55,7.9));
#15145=CARTESIAN_POINT('',(104.384,118.55,7.8));
#15146=CARTESIAN_POINT('Origin',(106.05,118.55,7.8));
#15147=CARTESIAN_POINT('Origin',(106.05,118.55,7.8));
#15148=CARTESIAN_POINT('Origin',(106.05,118.55,3.6));
#15149=CARTESIAN_POINT('',(104.384,118.55,0.));
#15150=CARTESIAN_POINT('',(104.384,118.55,3.6));
#15151=CARTESIAN_POINT('Origin',(106.05,118.55,0.));
#15152=CARTESIAN_POINT('Origin',(93.55,118.55,7.9));
#15153=CARTESIAN_POINT('',(95.216,118.55,7.8));
#15154=CARTESIAN_POINT('',(95.316,118.55,7.9));
#15155=CARTESIAN_POINT('',(91.884,118.55,7.8));
#15156=CARTESIAN_POINT('Origin',(93.55,118.55,7.8));
#15157=CARTESIAN_POINT('Origin',(93.55,118.55,7.8));
#15158=CARTESIAN_POINT('Origin',(93.55,118.55,3.6));
#15159=CARTESIAN_POINT('',(91.884,118.55,0.));
#15160=CARTESIAN_POINT('',(91.884,118.55,3.6));
#15161=CARTESIAN_POINT('Origin',(93.55,118.55,0.));
#15162=CARTESIAN_POINT('Origin',(81.05,118.55,7.9));
#15163=CARTESIAN_POINT('',(82.716,118.55,7.8));
#15164=CARTESIAN_POINT('',(82.816,118.55,7.9));
#15165=CARTESIAN_POINT('',(79.384,118.55,7.8));
#15166=CARTESIAN_POINT('Origin',(81.05,118.55,7.8));
#15167=CARTESIAN_POINT('Origin',(81.05,118.55,7.8));
#15168=CARTESIAN_POINT('Origin',(81.05,118.55,3.6));
#15169=CARTESIAN_POINT('',(79.384,118.55,0.));
#15170=CARTESIAN_POINT('',(79.384,118.55,3.6));
#15171=CARTESIAN_POINT('Origin',(81.05,118.55,0.));
#15172=CARTESIAN_POINT('Origin',(68.55,118.55,7.9));
#15173=CARTESIAN_POINT('',(70.216,118.55,7.8));
#15174=CARTESIAN_POINT('',(70.316,118.55,7.9));
#15175=CARTESIAN_POINT('',(66.884,118.55,7.8));
#15176=CARTESIAN_POINT('Origin',(68.55,118.55,7.8));
#15177=CARTESIAN_POINT('Origin',(68.55,118.55,7.8));
#15178=CARTESIAN_POINT('Origin',(68.55,118.55,3.6));
#15179=CARTESIAN_POINT('',(66.884,118.55,0.));
#15180=CARTESIAN_POINT('',(66.884,118.55,3.6));
#15181=CARTESIAN_POINT('Origin',(68.55,118.55,0.));
#15182=CARTESIAN_POINT('Origin',(56.05,118.55,7.9));
#15183=CARTESIAN_POINT('',(57.716,118.55,7.8));
#15184=CARTESIAN_POINT('',(57.816,118.55,7.9));
#15185=CARTESIAN_POINT('',(54.384,118.55,7.8));
#15186=CARTESIAN_POINT('Origin',(56.05,118.55,7.8));
#15187=CARTESIAN_POINT('Origin',(56.05,118.55,7.8));
#15188=CARTESIAN_POINT('Origin',(56.05,118.55,3.6));
#15189=CARTESIAN_POINT('',(54.384,118.55,0.));
#15190=CARTESIAN_POINT('',(54.384,118.55,3.6));
#15191=CARTESIAN_POINT('Origin',(56.05,118.55,0.));
#15192=CARTESIAN_POINT('Origin',(43.55,118.55,7.9));
#15193=CARTESIAN_POINT('',(45.216,118.55,7.8));
#15194=CARTESIAN_POINT('',(45.316,118.55,7.9));
#15195=CARTESIAN_POINT('',(41.884,118.55,7.8));
#15196=CARTESIAN_POINT('Origin',(43.55,118.55,7.8));
#15197=CARTESIAN_POINT('Origin',(43.55,118.55,7.8));
#15198=CARTESIAN_POINT('Origin',(43.55,118.55,3.6));
#15199=CARTESIAN_POINT('',(41.884,118.55,0.));
#15200=CARTESIAN_POINT('',(41.884,118.55,3.6));
#15201=CARTESIAN_POINT('Origin',(43.55,118.55,0.));
#15202=CARTESIAN_POINT('Origin',(31.05,118.55,7.9));
#15203=CARTESIAN_POINT('',(32.716,118.55,7.8));
#15204=CARTESIAN_POINT('',(32.816,118.55,7.9));
#15205=CARTESIAN_POINT('',(29.384,118.55,7.8));
#15206=CARTESIAN_POINT('Origin',(31.05,118.55,7.8));
#15207=CARTESIAN_POINT('Origin',(31.05,118.55,7.8));
#15208=CARTESIAN_POINT('Origin',(31.05,118.55,3.6));
#15209=CARTESIAN_POINT('',(29.384,118.55,0.));
#15210=CARTESIAN_POINT('',(29.384,118.55,3.6));
#15211=CARTESIAN_POINT('Origin',(31.05,118.55,0.));
#15212=CARTESIAN_POINT('Origin',(18.55,118.55,7.9));
#15213=CARTESIAN_POINT('',(20.216,118.55,7.8));
#15214=CARTESIAN_POINT('',(20.316,118.55,7.9));
#15215=CARTESIAN_POINT('',(16.884,118.55,7.8));
#15216=CARTESIAN_POINT('Origin',(18.55,118.55,7.8));
#15217=CARTESIAN_POINT('Origin',(18.55,118.55,7.8));
#15218=CARTESIAN_POINT('Origin',(18.55,118.55,3.6));
#15219=CARTESIAN_POINT('',(16.884,118.55,0.));
#15220=CARTESIAN_POINT('',(16.884,118.55,3.6));
#15221=CARTESIAN_POINT('Origin',(18.55,118.55,0.));
#15222=CARTESIAN_POINT('Origin',(6.05,118.55,7.9));
#15223=CARTESIAN_POINT('',(7.716,118.55,7.8));
#15224=CARTESIAN_POINT('',(7.816,118.55,7.9));
#15225=CARTESIAN_POINT('',(4.384,118.55,7.8));
#15226=CARTESIAN_POINT('Origin',(6.05,118.55,7.8));
#15227=CARTESIAN_POINT('Origin',(6.05,118.55,7.8));
#15228=CARTESIAN_POINT('Origin',(6.05,118.55,3.6));
#15229=CARTESIAN_POINT('',(4.384,118.55,0.));
#15230=CARTESIAN_POINT('',(4.384,118.55,3.6));
#15231=CARTESIAN_POINT('Origin',(6.05,118.55,0.));
#15232=CARTESIAN_POINT('Origin',(6.05,106.05,7.9));
#15233=CARTESIAN_POINT('',(7.716,106.05,7.8));
#15234=CARTESIAN_POINT('',(7.816,106.05,7.9));
#15235=CARTESIAN_POINT('',(4.384,106.05,7.8));
#15236=CARTESIAN_POINT('Origin',(6.05,106.05,7.8));
#15237=CARTESIAN_POINT('Origin',(6.05,106.05,7.8));
#15238=CARTESIAN_POINT('Origin',(6.05,106.05,3.6));
#15239=CARTESIAN_POINT('',(4.384,106.05,0.));
#15240=CARTESIAN_POINT('',(4.384,106.05,3.6));
#15241=CARTESIAN_POINT('Origin',(6.05,106.05,0.));
#15242=CARTESIAN_POINT('Origin',(18.55,106.05,7.9));
#15243=CARTESIAN_POINT('',(20.216,106.05,7.8));
#15244=CARTESIAN_POINT('',(20.316,106.05,7.9));
#15245=CARTESIAN_POINT('',(16.884,106.05,7.8));
#15246=CARTESIAN_POINT('Origin',(18.55,106.05,7.8));
#15247=CARTESIAN_POINT('Origin',(18.55,106.05,7.8));
#15248=CARTESIAN_POINT('Origin',(18.55,106.05,3.6));
#15249=CARTESIAN_POINT('',(16.884,106.05,0.));
#15250=CARTESIAN_POINT('',(16.884,106.05,3.6));
#15251=CARTESIAN_POINT('Origin',(18.55,106.05,0.));
#15252=CARTESIAN_POINT('Origin',(31.05,106.05,7.9));
#15253=CARTESIAN_POINT('',(32.716,106.05,7.8));
#15254=CARTESIAN_POINT('',(32.816,106.05,7.9));
#15255=CARTESIAN_POINT('',(29.384,106.05,7.8));
#15256=CARTESIAN_POINT('Origin',(31.05,106.05,7.8));
#15257=CARTESIAN_POINT('Origin',(31.05,106.05,7.8));
#15258=CARTESIAN_POINT('Origin',(31.05,106.05,3.6));
#15259=CARTESIAN_POINT('',(29.384,106.05,0.));
#15260=CARTESIAN_POINT('',(29.384,106.05,3.6));
#15261=CARTESIAN_POINT('Origin',(31.05,106.05,0.));
#15262=CARTESIAN_POINT('Origin',(43.55,106.05,7.9));
#15263=CARTESIAN_POINT('',(45.216,106.05,7.8));
#15264=CARTESIAN_POINT('',(45.316,106.05,7.9));
#15265=CARTESIAN_POINT('',(41.884,106.05,7.8));
#15266=CARTESIAN_POINT('Origin',(43.55,106.05,7.8));
#15267=CARTESIAN_POINT('Origin',(43.55,106.05,7.8));
#15268=CARTESIAN_POINT('Origin',(43.55,106.05,3.6));
#15269=CARTESIAN_POINT('',(41.884,106.05,0.));
#15270=CARTESIAN_POINT('',(41.884,106.05,3.6));
#15271=CARTESIAN_POINT('Origin',(43.55,106.05,0.));
#15272=CARTESIAN_POINT('Origin',(56.05,106.05,7.9));
#15273=CARTESIAN_POINT('',(57.716,106.05,7.8));
#15274=CARTESIAN_POINT('',(57.816,106.05,7.9));
#15275=CARTESIAN_POINT('',(54.384,106.05,7.8));
#15276=CARTESIAN_POINT('Origin',(56.05,106.05,7.8));
#15277=CARTESIAN_POINT('Origin',(56.05,106.05,7.8));
#15278=CARTESIAN_POINT('Origin',(56.05,106.05,3.6));
#15279=CARTESIAN_POINT('',(54.384,106.05,0.));
#15280=CARTESIAN_POINT('',(54.384,106.05,3.6));
#15281=CARTESIAN_POINT('Origin',(56.05,106.05,0.));
#15282=CARTESIAN_POINT('Origin',(68.55,106.05,7.9));
#15283=CARTESIAN_POINT('',(70.216,106.05,7.8));
#15284=CARTESIAN_POINT('',(70.316,106.05,7.9));
#15285=CARTESIAN_POINT('',(66.884,106.05,7.8));
#15286=CARTESIAN_POINT('Origin',(68.55,106.05,7.8));
#15287=CARTESIAN_POINT('Origin',(68.55,106.05,7.8));
#15288=CARTESIAN_POINT('Origin',(68.55,106.05,3.6));
#15289=CARTESIAN_POINT('',(66.884,106.05,0.));
#15290=CARTESIAN_POINT('',(66.884,106.05,3.6));
#15291=CARTESIAN_POINT('Origin',(68.55,106.05,0.));
#15292=CARTESIAN_POINT('Origin',(81.05,106.05,7.9));
#15293=CARTESIAN_POINT('',(82.716,106.05,7.8));
#15294=CARTESIAN_POINT('',(82.816,106.05,7.9));
#15295=CARTESIAN_POINT('',(79.384,106.05,7.8));
#15296=CARTESIAN_POINT('Origin',(81.05,106.05,7.8));
#15297=CARTESIAN_POINT('Origin',(81.05,106.05,7.8));
#15298=CARTESIAN_POINT('Origin',(81.05,106.05,3.6));
#15299=CARTESIAN_POINT('',(79.384,106.05,0.));
#15300=CARTESIAN_POINT('',(79.384,106.05,3.6));
#15301=CARTESIAN_POINT('Origin',(81.05,106.05,0.));
#15302=CARTESIAN_POINT('Origin',(93.55,106.05,7.9));
#15303=CARTESIAN_POINT('',(95.216,106.05,7.8));
#15304=CARTESIAN_POINT('',(95.316,106.05,7.9));
#15305=CARTESIAN_POINT('',(91.884,106.05,7.8));
#15306=CARTESIAN_POINT('Origin',(93.55,106.05,7.8));
#15307=CARTESIAN_POINT('Origin',(93.55,106.05,7.8));
#15308=CARTESIAN_POINT('Origin',(93.55,106.05,3.6));
#15309=CARTESIAN_POINT('',(91.884,106.05,0.));
#15310=CARTESIAN_POINT('',(91.884,106.05,3.6));
#15311=CARTESIAN_POINT('Origin',(93.55,106.05,0.));
#15312=CARTESIAN_POINT('Origin',(106.05,106.05,7.9));
#15313=CARTESIAN_POINT('',(107.716,106.05,7.8));
#15314=CARTESIAN_POINT('',(107.816,106.05,7.9));
#15315=CARTESIAN_POINT('',(104.384,106.05,7.8));
#15316=CARTESIAN_POINT('Origin',(106.05,106.05,7.8));
#15317=CARTESIAN_POINT('Origin',(106.05,106.05,7.8));
#15318=CARTESIAN_POINT('Origin',(106.05,106.05,3.6));
#15319=CARTESIAN_POINT('',(104.384,106.05,0.));
#15320=CARTESIAN_POINT('',(104.384,106.05,3.6));
#15321=CARTESIAN_POINT('Origin',(106.05,106.05,0.));
#15322=CARTESIAN_POINT('Origin',(118.55,106.05,7.9));
#15323=CARTESIAN_POINT('',(120.216,106.05,7.8));
#15324=CARTESIAN_POINT('',(120.316,106.05,7.9));
#15325=CARTESIAN_POINT('',(116.884,106.05,7.8));
#15326=CARTESIAN_POINT('Origin',(118.55,106.05,7.8));
#15327=CARTESIAN_POINT('Origin',(118.55,106.05,7.8));
#15328=CARTESIAN_POINT('Origin',(118.55,106.05,3.6));
#15329=CARTESIAN_POINT('',(116.884,106.05,0.));
#15330=CARTESIAN_POINT('',(116.884,106.05,3.6));
#15331=CARTESIAN_POINT('Origin',(118.55,106.05,0.));
#15332=CARTESIAN_POINT('Origin',(118.55,93.55,7.9));
#15333=CARTESIAN_POINT('',(120.216,93.55,7.8));
#15334=CARTESIAN_POINT('',(120.316,93.55,7.9));
#15335=CARTESIAN_POINT('',(116.884,93.55,7.8));
#15336=CARTESIAN_POINT('Origin',(118.55,93.55,7.8));
#15337=CARTESIAN_POINT('Origin',(118.55,93.55,7.8));
#15338=CARTESIAN_POINT('Origin',(118.55,93.55,3.6));
#15339=CARTESIAN_POINT('',(116.884,93.55,0.));
#15340=CARTESIAN_POINT('',(116.884,93.55,3.6));
#15341=CARTESIAN_POINT('Origin',(118.55,93.55,0.));
#15342=CARTESIAN_POINT('Origin',(106.05,93.55,7.9));
#15343=CARTESIAN_POINT('',(107.716,93.55,7.8));
#15344=CARTESIAN_POINT('',(107.816,93.55,7.9));
#15345=CARTESIAN_POINT('',(104.384,93.55,7.8));
#15346=CARTESIAN_POINT('Origin',(106.05,93.55,7.8));
#15347=CARTESIAN_POINT('Origin',(106.05,93.55,7.8));
#15348=CARTESIAN_POINT('Origin',(106.05,93.55,3.6));
#15349=CARTESIAN_POINT('',(104.384,93.55,0.));
#15350=CARTESIAN_POINT('',(104.384,93.55,3.6));
#15351=CARTESIAN_POINT('Origin',(106.05,93.55,0.));
#15352=CARTESIAN_POINT('Origin',(93.55,93.55,7.9));
#15353=CARTESIAN_POINT('',(95.216,93.55,7.8));
#15354=CARTESIAN_POINT('',(95.316,93.55,7.9));
#15355=CARTESIAN_POINT('',(91.884,93.55,7.8));
#15356=CARTESIAN_POINT('Origin',(93.55,93.55,7.8));
#15357=CARTESIAN_POINT('Origin',(93.55,93.55,7.8));
#15358=CARTESIAN_POINT('Origin',(93.55,93.55,3.6));
#15359=CARTESIAN_POINT('',(91.884,93.55,0.));
#15360=CARTESIAN_POINT('',(91.884,93.55,3.6));
#15361=CARTESIAN_POINT('Origin',(93.55,93.55,0.));
#15362=CARTESIAN_POINT('Origin',(81.05,93.55,7.9));
#15363=CARTESIAN_POINT('',(82.716,93.55,7.8));
#15364=CARTESIAN_POINT('',(82.816,93.55,7.9));
#15365=CARTESIAN_POINT('',(79.384,93.55,7.8));
#15366=CARTESIAN_POINT('Origin',(81.05,93.55,7.8));
#15367=CARTESIAN_POINT('Origin',(81.05,93.55,7.8));
#15368=CARTESIAN_POINT('Origin',(81.05,93.55,3.6));
#15369=CARTESIAN_POINT('',(79.384,93.55,0.));
#15370=CARTESIAN_POINT('',(79.384,93.55,3.6));
#15371=CARTESIAN_POINT('Origin',(81.05,93.55,0.));
#15372=CARTESIAN_POINT('Origin',(68.55,93.55,7.9));
#15373=CARTESIAN_POINT('',(70.216,93.55,7.8));
#15374=CARTESIAN_POINT('',(70.316,93.55,7.9));
#15375=CARTESIAN_POINT('',(66.884,93.55,7.8));
#15376=CARTESIAN_POINT('Origin',(68.55,93.55,7.8));
#15377=CARTESIAN_POINT('Origin',(68.55,93.55,7.8));
#15378=CARTESIAN_POINT('Origin',(68.55,93.55,3.6));
#15379=CARTESIAN_POINT('',(66.884,93.55,0.));
#15380=CARTESIAN_POINT('',(66.884,93.55,3.6));
#15381=CARTESIAN_POINT('Origin',(68.55,93.55,0.));
#15382=CARTESIAN_POINT('Origin',(56.05,93.55,7.9));
#15383=CARTESIAN_POINT('',(57.716,93.55,7.8));
#15384=CARTESIAN_POINT('',(57.816,93.55,7.9));
#15385=CARTESIAN_POINT('',(54.384,93.55,7.8));
#15386=CARTESIAN_POINT('Origin',(56.05,93.55,7.8));
#15387=CARTESIAN_POINT('Origin',(56.05,93.55,7.8));
#15388=CARTESIAN_POINT('Origin',(56.05,93.55,3.6));
#15389=CARTESIAN_POINT('',(54.384,93.55,0.));
#15390=CARTESIAN_POINT('',(54.384,93.55,3.6));
#15391=CARTESIAN_POINT('Origin',(56.05,93.55,0.));
#15392=CARTESIAN_POINT('Origin',(43.55,93.55,7.9));
#15393=CARTESIAN_POINT('',(45.216,93.55,7.8));
#15394=CARTESIAN_POINT('',(45.316,93.55,7.9));
#15395=CARTESIAN_POINT('',(41.884,93.55,7.8));
#15396=CARTESIAN_POINT('Origin',(43.55,93.55,7.8));
#15397=CARTESIAN_POINT('Origin',(43.55,93.55,7.8));
#15398=CARTESIAN_POINT('Origin',(43.55,93.55,3.6));
#15399=CARTESIAN_POINT('',(41.884,93.55,0.));
#15400=CARTESIAN_POINT('',(41.884,93.55,3.6));
#15401=CARTESIAN_POINT('Origin',(43.55,93.55,0.));
#15402=CARTESIAN_POINT('Origin',(31.05,93.55,7.9));
#15403=CARTESIAN_POINT('',(32.716,93.55,7.8));
#15404=CARTESIAN_POINT('',(32.816,93.55,7.9));
#15405=CARTESIAN_POINT('',(29.384,93.55,7.8));
#15406=CARTESIAN_POINT('Origin',(31.05,93.55,7.8));
#15407=CARTESIAN_POINT('Origin',(31.05,93.55,7.8));
#15408=CARTESIAN_POINT('Origin',(31.05,93.55,3.6));
#15409=CARTESIAN_POINT('',(29.384,93.55,0.));
#15410=CARTESIAN_POINT('',(29.384,93.55,3.6));
#15411=CARTESIAN_POINT('Origin',(31.05,93.55,0.));
#15412=CARTESIAN_POINT('Origin',(18.55,93.55,7.9));
#15413=CARTESIAN_POINT('',(20.216,93.55,7.8));
#15414=CARTESIAN_POINT('',(20.316,93.55,7.9));
#15415=CARTESIAN_POINT('',(16.884,93.55,7.8));
#15416=CARTESIAN_POINT('Origin',(18.55,93.55,7.8));
#15417=CARTESIAN_POINT('Origin',(18.55,93.55,7.8));
#15418=CARTESIAN_POINT('Origin',(18.55,93.55,3.6));
#15419=CARTESIAN_POINT('',(16.884,93.55,0.));
#15420=CARTESIAN_POINT('',(16.884,93.55,3.6));
#15421=CARTESIAN_POINT('Origin',(18.55,93.55,0.));
#15422=CARTESIAN_POINT('Origin',(6.05,93.55,7.9));
#15423=CARTESIAN_POINT('',(7.716,93.55,7.8));
#15424=CARTESIAN_POINT('',(7.816,93.55,7.9));
#15425=CARTESIAN_POINT('',(4.384,93.55,7.8));
#15426=CARTESIAN_POINT('Origin',(6.05,93.55,7.8));
#15427=CARTESIAN_POINT('Origin',(6.05,93.55,7.8));
#15428=CARTESIAN_POINT('Origin',(6.05,93.55,3.6));
#15429=CARTESIAN_POINT('',(4.384,93.55,0.));
#15430=CARTESIAN_POINT('',(4.384,93.55,3.6));
#15431=CARTESIAN_POINT('Origin',(6.05,93.55,0.));
#15432=CARTESIAN_POINT('Origin',(6.05,81.05,7.9));
#15433=CARTESIAN_POINT('',(7.716,81.05,7.8));
#15434=CARTESIAN_POINT('',(7.816,81.05,7.9));
#15435=CARTESIAN_POINT('',(4.384,81.05,7.8));
#15436=CARTESIAN_POINT('Origin',(6.05,81.05,7.8));
#15437=CARTESIAN_POINT('Origin',(6.05,81.05,7.8));
#15438=CARTESIAN_POINT('Origin',(6.05,81.05,3.6));
#15439=CARTESIAN_POINT('',(4.384,81.05,0.));
#15440=CARTESIAN_POINT('',(4.384,81.05,3.6));
#15441=CARTESIAN_POINT('Origin',(6.05,81.05,0.));
#15442=CARTESIAN_POINT('Origin',(18.55,81.05,7.9));
#15443=CARTESIAN_POINT('',(20.216,81.05,7.8));
#15444=CARTESIAN_POINT('',(20.316,81.05,7.9));
#15445=CARTESIAN_POINT('',(16.884,81.05,7.8));
#15446=CARTESIAN_POINT('Origin',(18.55,81.05,7.8));
#15447=CARTESIAN_POINT('Origin',(18.55,81.05,7.8));
#15448=CARTESIAN_POINT('Origin',(18.55,81.05,3.6));
#15449=CARTESIAN_POINT('',(16.884,81.05,0.));
#15450=CARTESIAN_POINT('',(16.884,81.05,3.6));
#15451=CARTESIAN_POINT('Origin',(18.55,81.05,0.));
#15452=CARTESIAN_POINT('Origin',(31.05,81.05,7.9));
#15453=CARTESIAN_POINT('',(32.716,81.05,7.8));
#15454=CARTESIAN_POINT('',(32.816,81.05,7.9));
#15455=CARTESIAN_POINT('',(29.384,81.05,7.8));
#15456=CARTESIAN_POINT('Origin',(31.05,81.05,7.8));
#15457=CARTESIAN_POINT('Origin',(31.05,81.05,7.8));
#15458=CARTESIAN_POINT('Origin',(31.05,81.05,3.6));
#15459=CARTESIAN_POINT('',(29.384,81.05,0.));
#15460=CARTESIAN_POINT('',(29.384,81.05,3.6));
#15461=CARTESIAN_POINT('Origin',(31.05,81.05,0.));
#15462=CARTESIAN_POINT('Origin',(43.55,81.05,7.9));
#15463=CARTESIAN_POINT('',(45.216,81.05,7.8));
#15464=CARTESIAN_POINT('',(45.316,81.05,7.9));
#15465=CARTESIAN_POINT('',(41.884,81.05,7.8));
#15466=CARTESIAN_POINT('Origin',(43.55,81.05,7.8));
#15467=CARTESIAN_POINT('Origin',(43.55,81.05,7.8));
#15468=CARTESIAN_POINT('Origin',(43.55,81.05,3.6));
#15469=CARTESIAN_POINT('',(41.884,81.05,0.));
#15470=CARTESIAN_POINT('',(41.884,81.05,3.6));
#15471=CARTESIAN_POINT('Origin',(43.55,81.05,0.));
#15472=CARTESIAN_POINT('Origin',(56.05,81.05,7.9));
#15473=CARTESIAN_POINT('',(57.716,81.05,7.8));
#15474=CARTESIAN_POINT('',(57.816,81.05,7.9));
#15475=CARTESIAN_POINT('',(54.384,81.05,7.8));
#15476=CARTESIAN_POINT('Origin',(56.05,81.05,7.8));
#15477=CARTESIAN_POINT('Origin',(56.05,81.05,7.8));
#15478=CARTESIAN_POINT('Origin',(56.05,81.05,3.6));
#15479=CARTESIAN_POINT('',(54.384,81.05,0.));
#15480=CARTESIAN_POINT('',(54.384,81.05,3.6));
#15481=CARTESIAN_POINT('Origin',(56.05,81.05,0.));
#15482=CARTESIAN_POINT('Origin',(68.55,81.05,7.9));
#15483=CARTESIAN_POINT('',(70.216,81.05,7.8));
#15484=CARTESIAN_POINT('',(70.316,81.05,7.9));
#15485=CARTESIAN_POINT('',(66.884,81.05,7.8));
#15486=CARTESIAN_POINT('Origin',(68.55,81.05,7.8));
#15487=CARTESIAN_POINT('Origin',(68.55,81.05,7.8));
#15488=CARTESIAN_POINT('Origin',(68.55,81.05,3.6));
#15489=CARTESIAN_POINT('',(66.884,81.05,0.));
#15490=CARTESIAN_POINT('',(66.884,81.05,3.6));
#15491=CARTESIAN_POINT('Origin',(68.55,81.05,0.));
#15492=CARTESIAN_POINT('Origin',(81.05,81.05,7.9));
#15493=CARTESIAN_POINT('',(82.716,81.05,7.8));
#15494=CARTESIAN_POINT('',(82.816,81.05,7.9));
#15495=CARTESIAN_POINT('',(79.384,81.05,7.8));
#15496=CARTESIAN_POINT('Origin',(81.05,81.05,7.8));
#15497=CARTESIAN_POINT('Origin',(81.05,81.05,7.8));
#15498=CARTESIAN_POINT('Origin',(81.05,81.05,3.6));
#15499=CARTESIAN_POINT('',(79.384,81.05,0.));
#15500=CARTESIAN_POINT('',(79.384,81.05,3.6));
#15501=CARTESIAN_POINT('Origin',(81.05,81.05,0.));
#15502=CARTESIAN_POINT('Origin',(93.55,81.05,7.9));
#15503=CARTESIAN_POINT('',(95.216,81.05,7.8));
#15504=CARTESIAN_POINT('',(95.316,81.05,7.9));
#15505=CARTESIAN_POINT('',(91.884,81.05,7.8));
#15506=CARTESIAN_POINT('Origin',(93.55,81.05,7.8));
#15507=CARTESIAN_POINT('Origin',(93.55,81.05,7.8));
#15508=CARTESIAN_POINT('Origin',(93.55,81.05,3.6));
#15509=CARTESIAN_POINT('',(91.884,81.05,0.));
#15510=CARTESIAN_POINT('',(91.884,81.05,3.6));
#15511=CARTESIAN_POINT('Origin',(93.55,81.05,0.));
#15512=CARTESIAN_POINT('Origin',(106.05,81.05,7.9));
#15513=CARTESIAN_POINT('',(107.716,81.05,7.8));
#15514=CARTESIAN_POINT('',(107.816,81.05,7.9));
#15515=CARTESIAN_POINT('',(104.384,81.05,7.8));
#15516=CARTESIAN_POINT('Origin',(106.05,81.05,7.8));
#15517=CARTESIAN_POINT('Origin',(106.05,81.05,7.8));
#15518=CARTESIAN_POINT('Origin',(106.05,81.05,3.6));
#15519=CARTESIAN_POINT('',(104.384,81.05,0.));
#15520=CARTESIAN_POINT('',(104.384,81.05,3.6));
#15521=CARTESIAN_POINT('Origin',(106.05,81.05,0.));
#15522=CARTESIAN_POINT('Origin',(118.55,81.05,7.9));
#15523=CARTESIAN_POINT('',(120.216,81.05,7.8));
#15524=CARTESIAN_POINT('',(120.316,81.05,7.9));
#15525=CARTESIAN_POINT('',(116.884,81.05,7.8));
#15526=CARTESIAN_POINT('Origin',(118.55,81.05,7.8));
#15527=CARTESIAN_POINT('Origin',(118.55,81.05,7.8));
#15528=CARTESIAN_POINT('Origin',(118.55,81.05,3.6));
#15529=CARTESIAN_POINT('',(116.884,81.05,0.));
#15530=CARTESIAN_POINT('',(116.884,81.05,3.6));
#15531=CARTESIAN_POINT('Origin',(118.55,81.05,0.));
#15532=CARTESIAN_POINT('Origin',(118.55,68.55,7.9));
#15533=CARTESIAN_POINT('',(120.216,68.55,7.8));
#15534=CARTESIAN_POINT('',(120.316,68.55,7.9));
#15535=CARTESIAN_POINT('',(116.884,68.55,7.8));
#15536=CARTESIAN_POINT('Origin',(118.55,68.55,7.8));
#15537=CARTESIAN_POINT('Origin',(118.55,68.55,7.8));
#15538=CARTESIAN_POINT('Origin',(118.55,68.55,3.6));
#15539=CARTESIAN_POINT('',(116.884,68.55,0.));
#15540=CARTESIAN_POINT('',(116.884,68.55,3.6));
#15541=CARTESIAN_POINT('Origin',(118.55,68.55,0.));
#15542=CARTESIAN_POINT('Origin',(106.05,68.55,7.9));
#15543=CARTESIAN_POINT('',(107.716,68.55,7.8));
#15544=CARTESIAN_POINT('',(107.816,68.55,7.9));
#15545=CARTESIAN_POINT('',(104.384,68.55,7.8));
#15546=CARTESIAN_POINT('Origin',(106.05,68.55,7.8));
#15547=CARTESIAN_POINT('Origin',(106.05,68.55,7.8));
#15548=CARTESIAN_POINT('Origin',(106.05,68.55,3.6));
#15549=CARTESIAN_POINT('',(104.384,68.55,0.));
#15550=CARTESIAN_POINT('',(104.384,68.55,3.6));
#15551=CARTESIAN_POINT('Origin',(106.05,68.55,0.));
#15552=CARTESIAN_POINT('Origin',(93.55,68.55,7.9));
#15553=CARTESIAN_POINT('',(95.216,68.55,7.8));
#15554=CARTESIAN_POINT('',(95.316,68.55,7.9));
#15555=CARTESIAN_POINT('',(91.884,68.55,7.8));
#15556=CARTESIAN_POINT('Origin',(93.55,68.55,7.8));
#15557=CARTESIAN_POINT('Origin',(93.55,68.55,7.8));
#15558=CARTESIAN_POINT('Origin',(93.55,68.55,3.6));
#15559=CARTESIAN_POINT('',(91.884,68.55,0.));
#15560=CARTESIAN_POINT('',(91.884,68.55,3.6));
#15561=CARTESIAN_POINT('Origin',(93.55,68.55,0.));
#15562=CARTESIAN_POINT('Origin',(81.05,68.55,7.9));
#15563=CARTESIAN_POINT('',(82.716,68.55,7.8));
#15564=CARTESIAN_POINT('',(82.816,68.55,7.9));
#15565=CARTESIAN_POINT('',(79.384,68.55,7.8));
#15566=CARTESIAN_POINT('Origin',(81.05,68.55,7.8));
#15567=CARTESIAN_POINT('Origin',(81.05,68.55,7.8));
#15568=CARTESIAN_POINT('Origin',(81.05,68.55,3.6));
#15569=CARTESIAN_POINT('',(79.384,68.55,0.));
#15570=CARTESIAN_POINT('',(79.384,68.55,3.6));
#15571=CARTESIAN_POINT('Origin',(81.05,68.55,0.));
#15572=CARTESIAN_POINT('Origin',(68.55,68.55,7.9));
#15573=CARTESIAN_POINT('',(70.216,68.55,7.8));
#15574=CARTESIAN_POINT('',(70.316,68.55,7.9));
#15575=CARTESIAN_POINT('',(66.884,68.55,7.8));
#15576=CARTESIAN_POINT('Origin',(68.55,68.55,7.8));
#15577=CARTESIAN_POINT('Origin',(68.55,68.55,7.8));
#15578=CARTESIAN_POINT('Origin',(68.55,68.55,3.6));
#15579=CARTESIAN_POINT('',(66.884,68.55,0.));
#15580=CARTESIAN_POINT('',(66.884,68.55,3.6));
#15581=CARTESIAN_POINT('Origin',(68.55,68.55,0.));
#15582=CARTESIAN_POINT('Origin',(56.05,68.55,7.9));
#15583=CARTESIAN_POINT('',(57.716,68.55,7.8));
#15584=CARTESIAN_POINT('',(57.816,68.55,7.9));
#15585=CARTESIAN_POINT('',(54.384,68.55,7.8));
#15586=CARTESIAN_POINT('Origin',(56.05,68.55,7.8));
#15587=CARTESIAN_POINT('Origin',(56.05,68.55,7.8));
#15588=CARTESIAN_POINT('Origin',(56.05,68.55,3.6));
#15589=CARTESIAN_POINT('',(54.384,68.55,0.));
#15590=CARTESIAN_POINT('',(54.384,68.55,3.6));
#15591=CARTESIAN_POINT('Origin',(56.05,68.55,0.));
#15592=CARTESIAN_POINT('Origin',(43.55,68.55,7.9));
#15593=CARTESIAN_POINT('',(45.216,68.55,7.8));
#15594=CARTESIAN_POINT('',(45.316,68.55,7.9));
#15595=CARTESIAN_POINT('',(41.884,68.55,7.8));
#15596=CARTESIAN_POINT('Origin',(43.55,68.55,7.8));
#15597=CARTESIAN_POINT('Origin',(43.55,68.55,7.8));
#15598=CARTESIAN_POINT('Origin',(43.55,68.55,3.6));
#15599=CARTESIAN_POINT('',(41.884,68.55,0.));
#15600=CARTESIAN_POINT('',(41.884,68.55,3.6));
#15601=CARTESIAN_POINT('Origin',(43.55,68.55,0.));
#15602=CARTESIAN_POINT('Origin',(31.05,68.55,7.9));
#15603=CARTESIAN_POINT('',(32.716,68.55,7.8));
#15604=CARTESIAN_POINT('',(32.816,68.55,7.9));
#15605=CARTESIAN_POINT('',(29.384,68.55,7.8));
#15606=CARTESIAN_POINT('Origin',(31.05,68.55,7.8));
#15607=CARTESIAN_POINT('Origin',(31.05,68.55,7.8));
#15608=CARTESIAN_POINT('Origin',(31.05,68.55,3.6));
#15609=CARTESIAN_POINT('',(29.384,68.55,0.));
#15610=CARTESIAN_POINT('',(29.384,68.55,3.6));
#15611=CARTESIAN_POINT('Origin',(31.05,68.55,0.));
#15612=CARTESIAN_POINT('Origin',(18.55,68.55,7.9));
#15613=CARTESIAN_POINT('',(20.216,68.55,7.8));
#15614=CARTESIAN_POINT('',(20.316,68.55,7.9));
#15615=CARTESIAN_POINT('',(16.884,68.55,7.8));
#15616=CARTESIAN_POINT('Origin',(18.55,68.55,7.8));
#15617=CARTESIAN_POINT('Origin',(18.55,68.55,7.8));
#15618=CARTESIAN_POINT('Origin',(18.55,68.55,3.6));
#15619=CARTESIAN_POINT('',(16.884,68.55,0.));
#15620=CARTESIAN_POINT('',(16.884,68.55,3.6));
#15621=CARTESIAN_POINT('Origin',(18.55,68.55,0.));
#15622=CARTESIAN_POINT('Origin',(6.05,68.55,7.9));
#15623=CARTESIAN_POINT('',(7.716,68.55,7.8));
#15624=CARTESIAN_POINT('',(7.816,68.55,7.9));
#15625=CARTESIAN_POINT('',(4.384,68.55,7.8));
#15626=CARTESIAN_POINT('Origin',(6.05,68.55,7.8));
#15627=CARTESIAN_POINT('Origin',(6.05,68.55,7.8));
#15628=CARTESIAN_POINT('Origin',(6.05,68.55,3.6));
#15629=CARTESIAN_POINT('',(4.384,68.55,0.));
#15630=CARTESIAN_POINT('',(4.384,68.55,3.6));
#15631=CARTESIAN_POINT('Origin',(6.05,68.55,0.));
#15632=CARTESIAN_POINT('Origin',(6.05,56.05,7.9));
#15633=CARTESIAN_POINT('',(7.716,56.05,7.8));
#15634=CARTESIAN_POINT('',(7.816,56.05,7.9));
#15635=CARTESIAN_POINT('',(4.384,56.05,7.8));
#15636=CARTESIAN_POINT('Origin',(6.05,56.05,7.8));
#15637=CARTESIAN_POINT('Origin',(6.05,56.05,7.8));
#15638=CARTESIAN_POINT('Origin',(6.05,56.05,3.6));
#15639=CARTESIAN_POINT('',(4.384,56.05,0.));
#15640=CARTESIAN_POINT('',(4.384,56.05,3.6));
#15641=CARTESIAN_POINT('Origin',(6.05,56.05,0.));
#15642=CARTESIAN_POINT('Origin',(18.55,56.05,7.9));
#15643=CARTESIAN_POINT('',(20.216,56.05,7.8));
#15644=CARTESIAN_POINT('',(20.316,56.05,7.9));
#15645=CARTESIAN_POINT('',(16.884,56.05,7.8));
#15646=CARTESIAN_POINT('Origin',(18.55,56.05,7.8));
#15647=CARTESIAN_POINT('Origin',(18.55,56.05,7.8));
#15648=CARTESIAN_POINT('Origin',(18.55,56.05,3.6));
#15649=CARTESIAN_POINT('',(16.884,56.05,0.));
#15650=CARTESIAN_POINT('',(16.884,56.05,3.6));
#15651=CARTESIAN_POINT('Origin',(18.55,56.05,0.));
#15652=CARTESIAN_POINT('Origin',(31.05,56.05,7.9));
#15653=CARTESIAN_POINT('',(32.716,56.05,7.8));
#15654=CARTESIAN_POINT('',(32.816,56.05,7.9));
#15655=CARTESIAN_POINT('',(29.384,56.05,7.8));
#15656=CARTESIAN_POINT('Origin',(31.05,56.05,7.8));
#15657=CARTESIAN_POINT('Origin',(31.05,56.05,7.8));
#15658=CARTESIAN_POINT('Origin',(31.05,56.05,3.6));
#15659=CARTESIAN_POINT('',(29.384,56.05,0.));
#15660=CARTESIAN_POINT('',(29.384,56.05,3.6));
#15661=CARTESIAN_POINT('Origin',(31.05,56.05,0.));
#15662=CARTESIAN_POINT('Origin',(43.55,56.05,7.9));
#15663=CARTESIAN_POINT('',(45.216,56.05,7.8));
#15664=CARTESIAN_POINT('',(45.316,56.05,7.9));
#15665=CARTESIAN_POINT('',(41.884,56.05,7.8));
#15666=CARTESIAN_POINT('Origin',(43.55,56.05,7.8));
#15667=CARTESIAN_POINT('Origin',(43.55,56.05,7.8));
#15668=CARTESIAN_POINT('Origin',(43.55,56.05,3.6));
#15669=CARTESIAN_POINT('',(41.884,56.05,0.));
#15670=CARTESIAN_POINT('',(41.884,56.05,3.6));
#15671=CARTESIAN_POINT('Origin',(43.55,56.05,0.));
#15672=CARTESIAN_POINT('Origin',(56.05,56.05,7.9));
#15673=CARTESIAN_POINT('',(57.716,56.05,7.8));
#15674=CARTESIAN_POINT('',(57.816,56.05,7.9));
#15675=CARTESIAN_POINT('',(54.384,56.05,7.8));
#15676=CARTESIAN_POINT('Origin',(56.05,56.05,7.8));
#15677=CARTESIAN_POINT('Origin',(56.05,56.05,7.8));
#15678=CARTESIAN_POINT('Origin',(56.05,56.05,3.6));
#15679=CARTESIAN_POINT('',(54.384,56.05,0.));
#15680=CARTESIAN_POINT('',(54.384,56.05,3.6));
#15681=CARTESIAN_POINT('Origin',(56.05,56.05,0.));
#15682=CARTESIAN_POINT('Origin',(68.55,56.05,7.9));
#15683=CARTESIAN_POINT('',(70.216,56.05,7.8));
#15684=CARTESIAN_POINT('',(70.316,56.05,7.9));
#15685=CARTESIAN_POINT('',(66.884,56.05,7.8));
#15686=CARTESIAN_POINT('Origin',(68.55,56.05,7.8));
#15687=CARTESIAN_POINT('Origin',(68.55,56.05,7.8));
#15688=CARTESIAN_POINT('Origin',(68.55,56.05,3.6));
#15689=CARTESIAN_POINT('',(66.884,56.05,0.));
#15690=CARTESIAN_POINT('',(66.884,56.05,3.6));
#15691=CARTESIAN_POINT('Origin',(68.55,56.05,0.));
#15692=CARTESIAN_POINT('Origin',(81.05,56.05,7.9));
#15693=CARTESIAN_POINT('',(82.716,56.05,7.8));
#15694=CARTESIAN_POINT('',(82.816,56.05,7.9));
#15695=CARTESIAN_POINT('',(79.384,56.05,7.8));
#15696=CARTESIAN_POINT('Origin',(81.05,56.05,7.8));
#15697=CARTESIAN_POINT('Origin',(81.05,56.05,7.8));
#15698=CARTESIAN_POINT('Origin',(81.05,56.05,3.6));
#15699=CARTESIAN_POINT('',(79.384,56.05,0.));
#15700=CARTESIAN_POINT('',(79.384,56.05,3.6));
#15701=CARTESIAN_POINT('Origin',(81.05,56.05,0.));
#15702=CARTESIAN_POINT('Origin',(93.55,56.05,7.9));
#15703=CARTESIAN_POINT('',(95.216,56.05,7.8));
#15704=CARTESIAN_POINT('',(95.316,56.05,7.9));
#15705=CARTESIAN_POINT('',(91.884,56.05,7.8));
#15706=CARTESIAN_POINT('Origin',(93.55,56.05,7.8));
#15707=CARTESIAN_POINT('Origin',(93.55,56.05,7.8));
#15708=CARTESIAN_POINT('Origin',(93.55,56.05,3.6));
#15709=CARTESIAN_POINT('',(91.884,56.05,0.));
#15710=CARTESIAN_POINT('',(91.884,56.05,3.6));
#15711=CARTESIAN_POINT('Origin',(93.55,56.05,0.));
#15712=CARTESIAN_POINT('Origin',(106.05,56.05,7.9));
#15713=CARTESIAN_POINT('',(107.716,56.05,7.8));
#15714=CARTESIAN_POINT('',(107.816,56.05,7.9));
#15715=CARTESIAN_POINT('',(104.384,56.05,7.8));
#15716=CARTESIAN_POINT('Origin',(106.05,56.05,7.8));
#15717=CARTESIAN_POINT('Origin',(106.05,56.05,7.8));
#15718=CARTESIAN_POINT('Origin',(106.05,56.05,3.6));
#15719=CARTESIAN_POINT('',(104.384,56.05,0.));
#15720=CARTESIAN_POINT('',(104.384,56.05,3.6));
#15721=CARTESIAN_POINT('Origin',(106.05,56.05,0.));
#15722=CARTESIAN_POINT('Origin',(118.55,56.05,7.9));
#15723=CARTESIAN_POINT('',(120.216,56.05,7.8));
#15724=CARTESIAN_POINT('',(120.316,56.05,7.9));
#15725=CARTESIAN_POINT('',(116.884,56.05,7.8));
#15726=CARTESIAN_POINT('Origin',(118.55,56.05,7.8));
#15727=CARTESIAN_POINT('Origin',(118.55,56.05,7.8));
#15728=CARTESIAN_POINT('Origin',(118.55,56.05,3.6));
#15729=CARTESIAN_POINT('',(116.884,56.05,0.));
#15730=CARTESIAN_POINT('',(116.884,56.05,3.6));
#15731=CARTESIAN_POINT('Origin',(118.55,56.05,0.));
#15732=CARTESIAN_POINT('Origin',(118.55,43.55,7.9));
#15733=CARTESIAN_POINT('',(120.216,43.55,7.8));
#15734=CARTESIAN_POINT('',(120.316,43.55,7.9));
#15735=CARTESIAN_POINT('',(116.884,43.55,7.8));
#15736=CARTESIAN_POINT('Origin',(118.55,43.55,7.8));
#15737=CARTESIAN_POINT('Origin',(118.55,43.55,7.8));
#15738=CARTESIAN_POINT('Origin',(118.55,43.55,3.6));
#15739=CARTESIAN_POINT('',(116.884,43.55,0.));
#15740=CARTESIAN_POINT('',(116.884,43.55,3.6));
#15741=CARTESIAN_POINT('Origin',(118.55,43.55,0.));
#15742=CARTESIAN_POINT('Origin',(106.05,43.55,7.9));
#15743=CARTESIAN_POINT('',(107.716,43.55,7.8));
#15744=CARTESIAN_POINT('',(107.816,43.55,7.9));
#15745=CARTESIAN_POINT('',(104.384,43.55,7.8));
#15746=CARTESIAN_POINT('Origin',(106.05,43.55,7.8));
#15747=CARTESIAN_POINT('Origin',(106.05,43.55,7.8));
#15748=CARTESIAN_POINT('Origin',(106.05,43.55,3.6));
#15749=CARTESIAN_POINT('',(104.384,43.55,0.));
#15750=CARTESIAN_POINT('',(104.384,43.55,3.6));
#15751=CARTESIAN_POINT('Origin',(106.05,43.55,0.));
#15752=CARTESIAN_POINT('Origin',(93.55,43.55,7.9));
#15753=CARTESIAN_POINT('',(95.216,43.55,7.8));
#15754=CARTESIAN_POINT('',(95.316,43.55,7.9));
#15755=CARTESIAN_POINT('',(91.884,43.55,7.8));
#15756=CARTESIAN_POINT('Origin',(93.55,43.55,7.8));
#15757=CARTESIAN_POINT('Origin',(93.55,43.55,7.8));
#15758=CARTESIAN_POINT('Origin',(93.55,43.55,3.6));
#15759=CARTESIAN_POINT('',(91.884,43.55,0.));
#15760=CARTESIAN_POINT('',(91.884,43.55,3.6));
#15761=CARTESIAN_POINT('Origin',(93.55,43.55,0.));
#15762=CARTESIAN_POINT('Origin',(81.05,43.55,7.9));
#15763=CARTESIAN_POINT('',(82.716,43.55,7.8));
#15764=CARTESIAN_POINT('',(82.816,43.55,7.9));
#15765=CARTESIAN_POINT('',(79.384,43.55,7.8));
#15766=CARTESIAN_POINT('Origin',(81.05,43.55,7.8));
#15767=CARTESIAN_POINT('Origin',(81.05,43.55,7.8));
#15768=CARTESIAN_POINT('Origin',(81.05,43.55,3.6));
#15769=CARTESIAN_POINT('',(79.384,43.55,0.));
#15770=CARTESIAN_POINT('',(79.384,43.55,3.6));
#15771=CARTESIAN_POINT('Origin',(81.05,43.55,0.));
#15772=CARTESIAN_POINT('Origin',(68.55,43.55,7.9));
#15773=CARTESIAN_POINT('',(70.216,43.55,7.8));
#15774=CARTESIAN_POINT('',(70.316,43.55,7.9));
#15775=CARTESIAN_POINT('',(66.884,43.55,7.8));
#15776=CARTESIAN_POINT('Origin',(68.55,43.55,7.8));
#15777=CARTESIAN_POINT('Origin',(68.55,43.55,7.8));
#15778=CARTESIAN_POINT('Origin',(68.55,43.55,3.6));
#15779=CARTESIAN_POINT('',(66.884,43.55,0.));
#15780=CARTESIAN_POINT('',(66.884,43.55,3.6));
#15781=CARTESIAN_POINT('Origin',(68.55,43.55,0.));
#15782=CARTESIAN_POINT('Origin',(56.05,43.55,7.9));
#15783=CARTESIAN_POINT('',(57.716,43.55,7.8));
#15784=CARTESIAN_POINT('',(57.816,43.55,7.9));
#15785=CARTESIAN_POINT('',(54.384,43.55,7.8));
#15786=CARTESIAN_POINT('Origin',(56.05,43.55,7.8));
#15787=CARTESIAN_POINT('Origin',(56.05,43.55,7.8));
#15788=CARTESIAN_POINT('Origin',(56.05,43.55,3.6));
#15789=CARTESIAN_POINT('',(54.384,43.55,0.));
#15790=CARTESIAN_POINT('',(54.384,43.55,3.6));
#15791=CARTESIAN_POINT('Origin',(56.05,43.55,0.));
#15792=CARTESIAN_POINT('Origin',(43.55,43.55,7.9));
#15793=CARTESIAN_POINT('',(45.216,43.55,7.8));
#15794=CARTESIAN_POINT('',(45.316,43.55,7.9));
#15795=CARTESIAN_POINT('',(41.884,43.55,7.8));
#15796=CARTESIAN_POINT('Origin',(43.55,43.55,7.8));
#15797=CARTESIAN_POINT('Origin',(43.55,43.55,7.8));
#15798=CARTESIAN_POINT('Origin',(43.55,43.55,3.6));
#15799=CARTESIAN_POINT('',(41.884,43.55,0.));
#15800=CARTESIAN_POINT('',(41.884,43.55,3.6));
#15801=CARTESIAN_POINT('Origin',(43.55,43.55,0.));
#15802=CARTESIAN_POINT('Origin',(31.05,43.55,7.9));
#15803=CARTESIAN_POINT('',(32.716,43.55,7.8));
#15804=CARTESIAN_POINT('',(32.816,43.55,7.9));
#15805=CARTESIAN_POINT('',(29.384,43.55,7.8));
#15806=CARTESIAN_POINT('Origin',(31.05,43.55,7.8));
#15807=CARTESIAN_POINT('Origin',(31.05,43.55,7.8));
#15808=CARTESIAN_POINT('Origin',(31.05,43.55,3.6));
#15809=CARTESIAN_POINT('',(29.384,43.55,0.));
#15810=CARTESIAN_POINT('',(29.384,43.55,3.6));
#15811=CARTESIAN_POINT('Origin',(31.05,43.55,0.));
#15812=CARTESIAN_POINT('Origin',(18.55,43.55,7.9));
#15813=CARTESIAN_POINT('',(20.216,43.55,7.8));
#15814=CARTESIAN_POINT('',(20.316,43.55,7.9));
#15815=CARTESIAN_POINT('',(16.884,43.55,7.8));
#15816=CARTESIAN_POINT('Origin',(18.55,43.55,7.8));
#15817=CARTESIAN_POINT('Origin',(18.55,43.55,7.8));
#15818=CARTESIAN_POINT('Origin',(18.55,43.55,3.6));
#15819=CARTESIAN_POINT('',(16.884,43.55,0.));
#15820=CARTESIAN_POINT('',(16.884,43.55,3.6));
#15821=CARTESIAN_POINT('Origin',(18.55,43.55,0.));
#15822=CARTESIAN_POINT('Origin',(6.05,43.55,7.9));
#15823=CARTESIAN_POINT('',(7.716,43.55,7.8));
#15824=CARTESIAN_POINT('',(7.816,43.55,7.9));
#15825=CARTESIAN_POINT('',(4.384,43.55,7.8));
#15826=CARTESIAN_POINT('Origin',(6.05,43.55,7.8));
#15827=CARTESIAN_POINT('Origin',(6.05,43.55,7.8));
#15828=CARTESIAN_POINT('Origin',(6.05,43.55,3.6));
#15829=CARTESIAN_POINT('',(4.384,43.55,0.));
#15830=CARTESIAN_POINT('',(4.384,43.55,3.6));
#15831=CARTESIAN_POINT('Origin',(6.05,43.55,0.));
#15832=CARTESIAN_POINT('Origin',(6.05,31.05,7.9));
#15833=CARTESIAN_POINT('',(7.716,31.05,7.8));
#15834=CARTESIAN_POINT('',(7.816,31.05,7.9));
#15835=CARTESIAN_POINT('',(4.384,31.05,7.8));
#15836=CARTESIAN_POINT('Origin',(6.05,31.05,7.8));
#15837=CARTESIAN_POINT('Origin',(6.05,31.05,7.8));
#15838=CARTESIAN_POINT('Origin',(6.05,31.05,3.6));
#15839=CARTESIAN_POINT('',(4.384,31.05,0.));
#15840=CARTESIAN_POINT('',(4.384,31.05,3.6));
#15841=CARTESIAN_POINT('Origin',(6.05,31.05,0.));
#15842=CARTESIAN_POINT('Origin',(18.55,31.05,7.9));
#15843=CARTESIAN_POINT('',(20.216,31.05,7.8));
#15844=CARTESIAN_POINT('',(20.316,31.05,7.9));
#15845=CARTESIAN_POINT('',(16.884,31.05,7.8));
#15846=CARTESIAN_POINT('Origin',(18.55,31.05,7.8));
#15847=CARTESIAN_POINT('Origin',(18.55,31.05,7.8));
#15848=CARTESIAN_POINT('Origin',(18.55,31.05,3.6));
#15849=CARTESIAN_POINT('',(16.884,31.05,0.));
#15850=CARTESIAN_POINT('',(16.884,31.05,3.6));
#15851=CARTESIAN_POINT('Origin',(18.55,31.05,0.));
#15852=CARTESIAN_POINT('Origin',(31.05,31.05,7.9));
#15853=CARTESIAN_POINT('',(32.716,31.05,7.8));
#15854=CARTESIAN_POINT('',(32.816,31.05,7.9));
#15855=CARTESIAN_POINT('',(29.384,31.05,7.8));
#15856=CARTESIAN_POINT('Origin',(31.05,31.05,7.8));
#15857=CARTESIAN_POINT('Origin',(31.05,31.05,7.8));
#15858=CARTESIAN_POINT('Origin',(31.05,31.05,3.6));
#15859=CARTESIAN_POINT('',(29.384,31.05,0.));
#15860=CARTESIAN_POINT('',(29.384,31.05,3.6));
#15861=CARTESIAN_POINT('Origin',(31.05,31.05,0.));
#15862=CARTESIAN_POINT('Origin',(43.55,31.05,7.9));
#15863=CARTESIAN_POINT('',(45.216,31.05,7.8));
#15864=CARTESIAN_POINT('',(45.316,31.05,7.9));
#15865=CARTESIAN_POINT('',(41.884,31.05,7.8));
#15866=CARTESIAN_POINT('Origin',(43.55,31.05,7.8));
#15867=CARTESIAN_POINT('Origin',(43.55,31.05,7.8));
#15868=CARTESIAN_POINT('Origin',(43.55,31.05,3.6));
#15869=CARTESIAN_POINT('',(41.884,31.05,0.));
#15870=CARTESIAN_POINT('',(41.884,31.05,3.6));
#15871=CARTESIAN_POINT('Origin',(43.55,31.05,0.));
#15872=CARTESIAN_POINT('Origin',(56.05,31.05,7.9));
#15873=CARTESIAN_POINT('',(57.716,31.05,7.8));
#15874=CARTESIAN_POINT('',(57.816,31.05,7.9));
#15875=CARTESIAN_POINT('',(54.384,31.05,7.8));
#15876=CARTESIAN_POINT('Origin',(56.05,31.05,7.8));
#15877=CARTESIAN_POINT('Origin',(56.05,31.05,7.8));
#15878=CARTESIAN_POINT('Origin',(56.05,31.05,3.6));
#15879=CARTESIAN_POINT('',(54.384,31.05,0.));
#15880=CARTESIAN_POINT('',(54.384,31.05,3.6));
#15881=CARTESIAN_POINT('Origin',(56.05,31.05,0.));
#15882=CARTESIAN_POINT('Origin',(68.55,31.05,7.9));
#15883=CARTESIAN_POINT('',(70.216,31.05,7.8));
#15884=CARTESIAN_POINT('',(70.316,31.05,7.9));
#15885=CARTESIAN_POINT('',(66.884,31.05,7.8));
#15886=CARTESIAN_POINT('Origin',(68.55,31.05,7.8));
#15887=CARTESIAN_POINT('Origin',(68.55,31.05,7.8));
#15888=CARTESIAN_POINT('Origin',(68.55,31.05,3.6));
#15889=CARTESIAN_POINT('',(66.884,31.05,0.));
#15890=CARTESIAN_POINT('',(66.884,31.05,3.6));
#15891=CARTESIAN_POINT('Origin',(68.55,31.05,0.));
#15892=CARTESIAN_POINT('Origin',(81.05,31.05,7.9));
#15893=CARTESIAN_POINT('',(82.716,31.05,7.8));
#15894=CARTESIAN_POINT('',(82.816,31.05,7.9));
#15895=CARTESIAN_POINT('',(79.384,31.05,7.8));
#15896=CARTESIAN_POINT('Origin',(81.05,31.05,7.8));
#15897=CARTESIAN_POINT('Origin',(81.05,31.05,7.8));
#15898=CARTESIAN_POINT('Origin',(81.05,31.05,3.6));
#15899=CARTESIAN_POINT('',(79.384,31.05,0.));
#15900=CARTESIAN_POINT('',(79.384,31.05,3.6));
#15901=CARTESIAN_POINT('Origin',(81.05,31.05,0.));
#15902=CARTESIAN_POINT('Origin',(93.55,31.05,7.9));
#15903=CARTESIAN_POINT('',(95.216,31.05,7.8));
#15904=CARTESIAN_POINT('',(95.316,31.05,7.9));
#15905=CARTESIAN_POINT('',(91.884,31.05,7.8));
#15906=CARTESIAN_POINT('Origin',(93.55,31.05,7.8));
#15907=CARTESIAN_POINT('Origin',(93.55,31.05,7.8));
#15908=CARTESIAN_POINT('Origin',(93.55,31.05,3.6));
#15909=CARTESIAN_POINT('',(91.884,31.05,0.));
#15910=CARTESIAN_POINT('',(91.884,31.05,3.6));
#15911=CARTESIAN_POINT('Origin',(93.55,31.05,0.));
#15912=CARTESIAN_POINT('Origin',(106.05,31.05,7.9));
#15913=CARTESIAN_POINT('',(107.716,31.05,7.8));
#15914=CARTESIAN_POINT('',(107.816,31.05,7.9));
#15915=CARTESIAN_POINT('',(104.384,31.05,7.8));
#15916=CARTESIAN_POINT('Origin',(106.05,31.05,7.8));
#15917=CARTESIAN_POINT('Origin',(106.05,31.05,7.8));
#15918=CARTESIAN_POINT('Origin',(106.05,31.05,3.6));
#15919=CARTESIAN_POINT('',(104.384,31.05,0.));
#15920=CARTESIAN_POINT('',(104.384,31.05,3.6));
#15921=CARTESIAN_POINT('Origin',(106.05,31.05,0.));
#15922=CARTESIAN_POINT('Origin',(118.55,31.05,7.9));
#15923=CARTESIAN_POINT('',(120.216,31.05,7.8));
#15924=CARTESIAN_POINT('',(120.316,31.05,7.9));
#15925=CARTESIAN_POINT('',(116.884,31.05,7.8));
#15926=CARTESIAN_POINT('Origin',(118.55,31.05,7.8));
#15927=CARTESIAN_POINT('Origin',(118.55,31.05,7.8));
#15928=CARTESIAN_POINT('Origin',(118.55,31.05,3.6));
#15929=CARTESIAN_POINT('',(116.884,31.05,0.));
#15930=CARTESIAN_POINT('',(116.884,31.05,3.6));
#15931=CARTESIAN_POINT('Origin',(118.55,31.05,0.));
#15932=CARTESIAN_POINT('Origin',(118.55,18.55,7.9));
#15933=CARTESIAN_POINT('',(120.216,18.55,7.8));
#15934=CARTESIAN_POINT('',(120.316,18.55,7.9));
#15935=CARTESIAN_POINT('',(116.884,18.55,7.8));
#15936=CARTESIAN_POINT('Origin',(118.55,18.55,7.8));
#15937=CARTESIAN_POINT('Origin',(118.55,18.55,7.8));
#15938=CARTESIAN_POINT('Origin',(118.55,18.55,3.6));
#15939=CARTESIAN_POINT('',(116.884,18.55,0.));
#15940=CARTESIAN_POINT('',(116.884,18.55,3.6));
#15941=CARTESIAN_POINT('Origin',(118.55,18.55,0.));
#15942=CARTESIAN_POINT('Origin',(106.05,18.55,7.9));
#15943=CARTESIAN_POINT('',(107.716,18.55,7.8));
#15944=CARTESIAN_POINT('',(107.816,18.55,7.9));
#15945=CARTESIAN_POINT('',(104.384,18.55,7.8));
#15946=CARTESIAN_POINT('Origin',(106.05,18.55,7.8));
#15947=CARTESIAN_POINT('Origin',(106.05,18.55,7.8));
#15948=CARTESIAN_POINT('Origin',(106.05,18.55,3.6));
#15949=CARTESIAN_POINT('',(104.384,18.55,0.));
#15950=CARTESIAN_POINT('',(104.384,18.55,3.6));
#15951=CARTESIAN_POINT('Origin',(106.05,18.55,0.));
#15952=CARTESIAN_POINT('Origin',(93.55,18.55,7.9));
#15953=CARTESIAN_POINT('',(95.216,18.55,7.8));
#15954=CARTESIAN_POINT('',(95.316,18.55,7.9));
#15955=CARTESIAN_POINT('',(91.884,18.55,7.8));
#15956=CARTESIAN_POINT('Origin',(93.55,18.55,7.8));
#15957=CARTESIAN_POINT('Origin',(93.55,18.55,7.8));
#15958=CARTESIAN_POINT('Origin',(93.55,18.55,3.6));
#15959=CARTESIAN_POINT('',(91.884,18.55,0.));
#15960=CARTESIAN_POINT('',(91.884,18.55,3.6));
#15961=CARTESIAN_POINT('Origin',(93.55,18.55,0.));
#15962=CARTESIAN_POINT('Origin',(81.05,18.55,7.9));
#15963=CARTESIAN_POINT('',(82.716,18.55,7.8));
#15964=CARTESIAN_POINT('',(82.816,18.55,7.9));
#15965=CARTESIAN_POINT('',(79.384,18.55,7.8));
#15966=CARTESIAN_POINT('Origin',(81.05,18.55,7.8));
#15967=CARTESIAN_POINT('Origin',(81.05,18.55,7.8));
#15968=CARTESIAN_POINT('Origin',(81.05,18.55,3.6));
#15969=CARTESIAN_POINT('',(79.384,18.55,0.));
#15970=CARTESIAN_POINT('',(79.384,18.55,3.6));
#15971=CARTESIAN_POINT('Origin',(81.05,18.55,0.));
#15972=CARTESIAN_POINT('Origin',(68.55,18.55,7.9));
#15973=CARTESIAN_POINT('',(70.216,18.55,7.8));
#15974=CARTESIAN_POINT('',(70.316,18.55,7.9));
#15975=CARTESIAN_POINT('',(66.884,18.55,7.8));
#15976=CARTESIAN_POINT('Origin',(68.55,18.55,7.8));
#15977=CARTESIAN_POINT('Origin',(68.55,18.55,7.8));
#15978=CARTESIAN_POINT('Origin',(68.55,18.55,3.6));
#15979=CARTESIAN_POINT('',(66.884,18.55,0.));
#15980=CARTESIAN_POINT('',(66.884,18.55,3.6));
#15981=CARTESIAN_POINT('Origin',(68.55,18.55,0.));
#15982=CARTESIAN_POINT('Origin',(56.05,18.55,7.9));
#15983=CARTESIAN_POINT('',(57.716,18.55,7.8));
#15984=CARTESIAN_POINT('',(57.816,18.55,7.9));
#15985=CARTESIAN_POINT('',(54.384,18.55,7.8));
#15986=CARTESIAN_POINT('Origin',(56.05,18.55,7.8));
#15987=CARTESIAN_POINT('Origin',(56.05,18.55,7.8));
#15988=CARTESIAN_POINT('Origin',(56.05,18.55,3.6));
#15989=CARTESIAN_POINT('',(54.384,18.55,0.));
#15990=CARTESIAN_POINT('',(54.384,18.55,3.6));
#15991=CARTESIAN_POINT('Origin',(56.05,18.55,0.));
#15992=CARTESIAN_POINT('Origin',(43.55,18.55,7.9));
#15993=CARTESIAN_POINT('',(45.216,18.55,7.8));
#15994=CARTESIAN_POINT('',(45.316,18.55,7.9));
#15995=CARTESIAN_POINT('',(41.884,18.55,7.8));
#15996=CARTESIAN_POINT('Origin',(43.55,18.55,7.8));
#15997=CARTESIAN_POINT('Origin',(43.55,18.55,7.8));
#15998=CARTESIAN_POINT('Origin',(43.55,18.55,3.6));
#15999=CARTESIAN_POINT('',(41.884,18.55,0.));
#16000=CARTESIAN_POINT('',(41.884,18.55,3.6));
#16001=CARTESIAN_POINT('Origin',(43.55,18.55,0.));
#16002=CARTESIAN_POINT('Origin',(31.05,18.55,7.9));
#16003=CARTESIAN_POINT('',(32.716,18.55,7.8));
#16004=CARTESIAN_POINT('',(32.816,18.55,7.9));
#16005=CARTESIAN_POINT('',(29.384,18.55,7.8));
#16006=CARTESIAN_POINT('Origin',(31.05,18.55,7.8));
#16007=CARTESIAN_POINT('Origin',(31.05,18.55,7.8));
#16008=CARTESIAN_POINT('Origin',(31.05,18.55,3.6));
#16009=CARTESIAN_POINT('',(29.384,18.55,0.));
#16010=CARTESIAN_POINT('',(29.384,18.55,3.6));
#16011=CARTESIAN_POINT('Origin',(31.05,18.55,0.));
#16012=CARTESIAN_POINT('Origin',(18.55,18.55,7.9));
#16013=CARTESIAN_POINT('',(20.216,18.55,7.8));
#16014=CARTESIAN_POINT('',(20.316,18.55,7.9));
#16015=CARTESIAN_POINT('',(16.884,18.55,7.8));
#16016=CARTESIAN_POINT('Origin',(18.55,18.55,7.8));
#16017=CARTESIAN_POINT('Origin',(18.55,18.55,7.8));
#16018=CARTESIAN_POINT('Origin',(18.55,18.55,3.6));
#16019=CARTESIAN_POINT('',(16.884,18.55,0.));
#16020=CARTESIAN_POINT('',(16.884,18.55,3.6));
#16021=CARTESIAN_POINT('Origin',(18.55,18.55,0.));
#16022=CARTESIAN_POINT('Origin',(6.05,18.55,7.9));
#16023=CARTESIAN_POINT('',(7.716,18.55,7.8));
#16024=CARTESIAN_POINT('',(7.816,18.55,7.9));
#16025=CARTESIAN_POINT('',(4.384,18.55,7.8));
#16026=CARTESIAN_POINT('Origin',(6.05,18.55,7.8));
#16027=CARTESIAN_POINT('Origin',(6.05,18.55,7.8));
#16028=CARTESIAN_POINT('Origin',(6.05,18.55,3.6));
#16029=CARTESIAN_POINT('',(4.384,18.55,0.));
#16030=CARTESIAN_POINT('',(4.384,18.55,3.6));
#16031=CARTESIAN_POINT('Origin',(6.05,18.55,0.));
#16032=CARTESIAN_POINT('Origin',(6.05,6.05,7.9));
#16033=CARTESIAN_POINT('',(7.716,6.05,7.8));
#16034=CARTESIAN_POINT('',(7.816,6.05,7.9));
#16035=CARTESIAN_POINT('',(4.384,6.05,7.8));
#16036=CARTESIAN_POINT('Origin',(6.05,6.05,7.8));
#16037=CARTESIAN_POINT('Origin',(6.05,6.05,7.8));
#16038=CARTESIAN_POINT('Origin',(6.05,6.05,3.6));
#16039=CARTESIAN_POINT('',(4.384,6.05,0.));
#16040=CARTESIAN_POINT('',(4.384,6.05,3.6));
#16041=CARTESIAN_POINT('Origin',(6.05,6.05,0.));
#16042=CARTESIAN_POINT('Origin',(18.55,6.05,7.9));
#16043=CARTESIAN_POINT('',(20.216,6.05,7.8));
#16044=CARTESIAN_POINT('',(20.316,6.05,7.9));
#16045=CARTESIAN_POINT('',(16.884,6.05,7.8));
#16046=CARTESIAN_POINT('Origin',(18.55,6.05,7.8));
#16047=CARTESIAN_POINT('Origin',(18.55,6.05,7.8));
#16048=CARTESIAN_POINT('Origin',(18.55,6.05,3.6));
#16049=CARTESIAN_POINT('',(16.884,6.05,0.));
#16050=CARTESIAN_POINT('',(16.884,6.05,3.6));
#16051=CARTESIAN_POINT('Origin',(18.55,6.05,0.));
#16052=CARTESIAN_POINT('Origin',(31.05,6.05,7.9));
#16053=CARTESIAN_POINT('',(32.716,6.05,7.8));
#16054=CARTESIAN_POINT('',(32.816,6.05,7.9));
#16055=CARTESIAN_POINT('',(29.384,6.05,7.8));
#16056=CARTESIAN_POINT('Origin',(31.05,6.05,7.8));
#16057=CARTESIAN_POINT('Origin',(31.05,6.05,7.8));
#16058=CARTESIAN_POINT('Origin',(31.05,6.05,3.6));
#16059=CARTESIAN_POINT('',(29.384,6.05,0.));
#16060=CARTESIAN_POINT('',(29.384,6.05,3.6));
#16061=CARTESIAN_POINT('Origin',(31.05,6.05,0.));
#16062=CARTESIAN_POINT('Origin',(43.55,6.05,7.9));
#16063=CARTESIAN_POINT('',(45.216,6.05,7.8));
#16064=CARTESIAN_POINT('',(45.316,6.05,7.9));
#16065=CARTESIAN_POINT('',(41.884,6.05,7.8));
#16066=CARTESIAN_POINT('Origin',(43.55,6.05,7.8));
#16067=CARTESIAN_POINT('Origin',(43.55,6.05,7.8));
#16068=CARTESIAN_POINT('Origin',(43.55,6.05,3.6));
#16069=CARTESIAN_POINT('',(41.884,6.05,0.));
#16070=CARTESIAN_POINT('',(41.884,6.05,3.6));
#16071=CARTESIAN_POINT('Origin',(43.55,6.05,0.));
#16072=CARTESIAN_POINT('Origin',(56.05,6.05,7.9));
#16073=CARTESIAN_POINT('',(57.716,6.05,7.8));
#16074=CARTESIAN_POINT('',(57.816,6.05,7.9));
#16075=CARTESIAN_POINT('',(54.384,6.05,7.8));
#16076=CARTESIAN_POINT('Origin',(56.05,6.05,7.8));
#16077=CARTESIAN_POINT('Origin',(56.05,6.05,7.8));
#16078=CARTESIAN_POINT('Origin',(56.05,6.05,3.6));
#16079=CARTESIAN_POINT('',(54.384,6.05,0.));
#16080=CARTESIAN_POINT('',(54.384,6.05,3.6));
#16081=CARTESIAN_POINT('Origin',(56.05,6.05,0.));
#16082=CARTESIAN_POINT('Origin',(68.55,6.05,7.9));
#16083=CARTESIAN_POINT('',(70.216,6.05,7.8));
#16084=CARTESIAN_POINT('',(70.316,6.05,7.9));
#16085=CARTESIAN_POINT('',(66.884,6.05,7.8));
#16086=CARTESIAN_POINT('Origin',(68.55,6.05,7.8));
#16087=CARTESIAN_POINT('Origin',(68.55,6.05,7.8));
#16088=CARTESIAN_POINT('Origin',(68.55,6.05,3.6));
#16089=CARTESIAN_POINT('',(66.884,6.05,0.));
#16090=CARTESIAN_POINT('',(66.884,6.05,3.6));
#16091=CARTESIAN_POINT('Origin',(68.55,6.05,0.));
#16092=CARTESIAN_POINT('Origin',(81.05,6.05,7.9));
#16093=CARTESIAN_POINT('',(82.716,6.05,7.8));
#16094=CARTESIAN_POINT('',(82.816,6.05,7.9));
#16095=CARTESIAN_POINT('',(79.384,6.05,7.8));
#16096=CARTESIAN_POINT('Origin',(81.05,6.05,7.8));
#16097=CARTESIAN_POINT('Origin',(81.05,6.05,7.8));
#16098=CARTESIAN_POINT('Origin',(81.05,6.05,3.6));
#16099=CARTESIAN_POINT('',(79.384,6.05,0.));
#16100=CARTESIAN_POINT('',(79.384,6.05,3.6));
#16101=CARTESIAN_POINT('Origin',(81.05,6.05,0.));
#16102=CARTESIAN_POINT('Origin',(93.55,6.05,7.9));
#16103=CARTESIAN_POINT('',(95.216,6.05,7.8));
#16104=CARTESIAN_POINT('',(95.316,6.05,7.9));
#16105=CARTESIAN_POINT('',(91.884,6.05,7.8));
#16106=CARTESIAN_POINT('Origin',(93.55,6.05,7.8));
#16107=CARTESIAN_POINT('Origin',(93.55,6.05,7.8));
#16108=CARTESIAN_POINT('Origin',(93.55,6.05,3.6));
#16109=CARTESIAN_POINT('',(91.884,6.05,0.));
#16110=CARTESIAN_POINT('',(91.884,6.05,3.6));
#16111=CARTESIAN_POINT('Origin',(93.55,6.05,0.));
#16112=CARTESIAN_POINT('Origin',(106.05,6.05,7.9));
#16113=CARTESIAN_POINT('',(107.716,6.05,7.8));
#16114=CARTESIAN_POINT('',(107.816,6.05,7.9));
#16115=CARTESIAN_POINT('',(104.384,6.05,7.8));
#16116=CARTESIAN_POINT('Origin',(106.05,6.05,7.8));
#16117=CARTESIAN_POINT('Origin',(106.05,6.05,7.8));
#16118=CARTESIAN_POINT('Origin',(106.05,6.05,3.6));
#16119=CARTESIAN_POINT('',(104.384,6.05,0.));
#16120=CARTESIAN_POINT('',(104.384,6.05,3.6));
#16121=CARTESIAN_POINT('Origin',(106.05,6.05,0.));
#16122=CARTESIAN_POINT('Origin',(118.55,6.05,7.9));
#16123=CARTESIAN_POINT('',(120.216,6.05,7.8));
#16124=CARTESIAN_POINT('',(120.316,6.05,7.9));
#16125=CARTESIAN_POINT('',(116.884,6.05,7.8));
#16126=CARTESIAN_POINT('Origin',(118.55,6.05,7.8));
#16127=CARTESIAN_POINT('Origin',(118.55,6.05,7.8));
#16128=CARTESIAN_POINT('Origin',(118.55,6.05,3.6));
#16129=CARTESIAN_POINT('',(116.884,6.05,0.));
#16130=CARTESIAN_POINT('',(116.884,6.05,3.6));
#16131=CARTESIAN_POINT('Origin',(118.55,6.05,0.));
#16132=CARTESIAN_POINT('Origin',(12.3,243.55,0.));
#16133=CARTESIAN_POINT('',(9.75000000000003,243.55,0.));
#16134=CARTESIAN_POINT('Origin',(12.3,243.55,0.));
#16135=CARTESIAN_POINT('',(9.75000000000003,243.55,0.5));
#16136=CARTESIAN_POINT('',(9.75000000000003,243.55,0.));
#16137=CARTESIAN_POINT('Origin',(12.3,243.55,0.5));
#16138=CARTESIAN_POINT('Origin',(12.3,243.55,0.5));
#16139=CARTESIAN_POINT('Origin',(112.3,243.55,0.));
#16140=CARTESIAN_POINT('',(109.75,243.55,0.));
#16141=CARTESIAN_POINT('Origin',(112.3,243.55,0.));
#16142=CARTESIAN_POINT('',(109.75,243.55,0.5));
#16143=CARTESIAN_POINT('',(109.75,243.55,0.));
#16144=CARTESIAN_POINT('Origin',(112.3,243.55,0.5));
#16145=CARTESIAN_POINT('Origin',(112.3,243.55,0.5));
#16146=CARTESIAN_POINT('Origin',(12.3,6.05,0.));
#16147=CARTESIAN_POINT('',(9.75000000000003,6.05,0.));
#16148=CARTESIAN_POINT('Origin',(12.3,6.05,0.));
#16149=CARTESIAN_POINT('',(9.75000000000003,6.05,0.5));
#16150=CARTESIAN_POINT('',(9.75000000000003,6.05,0.));
#16151=CARTESIAN_POINT('Origin',(12.3,6.05,0.5));
#16152=CARTESIAN_POINT('Origin',(12.3,6.05,0.5));
#16153=CARTESIAN_POINT('Origin',(112.3,6.05,0.));
#16154=CARTESIAN_POINT('',(109.75,6.05,0.));
#16155=CARTESIAN_POINT('Origin',(112.3,6.05,0.));
#16156=CARTESIAN_POINT('',(109.75,6.05,0.5));
#16157=CARTESIAN_POINT('',(109.75,6.05,0.));
#16158=CARTESIAN_POINT('Origin',(112.3,6.05,0.5));
#16159=CARTESIAN_POINT('Origin',(112.3,6.05,0.5));
#16160=CARTESIAN_POINT('Origin',(12.3,237.3,7.75));
#16161=CARTESIAN_POINT('',(17.35,237.3,7.5));
#16162=CARTESIAN_POINT('',(17.6,237.3,7.75));
#16163=CARTESIAN_POINT('Origin',(12.3,237.3,7.5));
#16164=CARTESIAN_POINT('Origin',(12.3,237.3,8.));
#16165=CARTESIAN_POINT('',(17.35,237.3,2.9));
#16166=CARTESIAN_POINT('',(17.35,237.3,8.));
#16167=CARTESIAN_POINT('Origin',(12.3,237.3,2.9));
#16168=CARTESIAN_POINT('Origin',(112.3,237.3,7.75));
#16169=CARTESIAN_POINT('',(117.35,237.3,7.5));
#16170=CARTESIAN_POINT('',(117.6,237.3,7.75));
#16171=CARTESIAN_POINT('Origin',(112.3,237.3,7.5));
#16172=CARTESIAN_POINT('Origin',(112.3,237.3,8.));
#16173=CARTESIAN_POINT('',(117.35,237.3,2.9));
#16174=CARTESIAN_POINT('',(117.35,237.3,8.));
#16175=CARTESIAN_POINT('Origin',(112.3,237.3,2.9));
#16176=CARTESIAN_POINT('Origin',(112.3,12.3,7.75));
#16177=CARTESIAN_POINT('',(117.35,12.3,7.5));
#16178=CARTESIAN_POINT('',(117.6,12.3,7.75));
#16179=CARTESIAN_POINT('Origin',(112.3,12.3,7.5));
#16180=CARTESIAN_POINT('Origin',(112.3,12.3,8.));
#16181=CARTESIAN_POINT('',(117.35,12.3,2.9));
#16182=CARTESIAN_POINT('',(117.35,12.3,8.));
#16183=CARTESIAN_POINT('Origin',(112.3,12.3,2.9));
#16184=CARTESIAN_POINT('Origin',(12.3,12.3,7.75));
#16185=CARTESIAN_POINT('',(17.35,12.3,7.5));
#16186=CARTESIAN_POINT('',(17.6,12.3,7.75));
#16187=CARTESIAN_POINT('Origin',(12.3,12.3,7.5));
#16188=CARTESIAN_POINT('Origin',(12.3,12.3,8.));
#16189=CARTESIAN_POINT('',(17.35,12.3,2.9));
#16190=CARTESIAN_POINT('',(17.35,12.3,8.));
#16191=CARTESIAN_POINT('Origin',(12.3,12.3,2.9));
#16192=CARTESIAN_POINT('Origin',(62.3,124.8,7.75));
#16193=CARTESIAN_POINT('',(67.35,124.8,7.5));
#16194=CARTESIAN_POINT('',(67.6,124.8,7.75));
#16195=CARTESIAN_POINT('Origin',(62.3,124.8,7.5));
#16196=CARTESIAN_POINT('Origin',(62.3,124.8,8.));
#16197=CARTESIAN_POINT('',(67.35,124.8,2.9));
#16198=CARTESIAN_POINT('',(67.35,124.8,8.));
#16199=CARTESIAN_POINT('Origin',(62.3,124.8,2.9));
#16200=CARTESIAN_POINT('Origin',(31.15,0.499999999999998,0.5));
#16201=CARTESIAN_POINT('',(122.6,0.999999999999996,0.));
#16202=CARTESIAN_POINT('',(122.6,0.,1.));
#16203=CARTESIAN_POINT('',(122.6,0.999999999999996,0.));
#16204=CARTESIAN_POINT('',(2.,0.,1.));
#16205=CARTESIAN_POINT('',(31.15,0.,1.));
#16206=CARTESIAN_POINT('',(2.,0.999999999999996,0.));
#16207=CARTESIAN_POINT('',(2.,0.,1.));
#16208=CARTESIAN_POINT('',(31.15,0.999999999999996,0.));
#16209=CARTESIAN_POINT('Origin',(122.6,2.,0.5));
#16210=CARTESIAN_POINT('',(123.6,2.,0.));
#16211=CARTESIAN_POINT('',(124.6,2.,1.));
#16212=CARTESIAN_POINT('',(123.6,2.,0.));
#16213=CARTESIAN_POINT('Origin',(122.6,2.,1.));
#16214=CARTESIAN_POINT('Origin',(122.6,2.,0.));
#16215=CARTESIAN_POINT('Origin',(124.1,62.4,0.5));
#16216=CARTESIAN_POINT('',(123.6,247.6,0.));
#16217=CARTESIAN_POINT('',(124.6,247.6,1.));
#16218=CARTESIAN_POINT('',(123.6,247.6,0.));
#16219=CARTESIAN_POINT('',(124.6,62.4,1.));
#16220=CARTESIAN_POINT('',(123.6,62.4,0.));
#16221=CARTESIAN_POINT('Origin',(122.6,247.6,0.5));
#16222=CARTESIAN_POINT('',(122.6,248.6,0.));
#16223=CARTESIAN_POINT('',(122.6,249.6,1.));
#16224=CARTESIAN_POINT('',(122.6,248.6,0.));
#16225=CARTESIAN_POINT('Origin',(122.6,247.6,1.));
#16226=CARTESIAN_POINT('Origin',(122.6,247.6,0.));
#16227=CARTESIAN_POINT('Origin',(93.45,249.1,0.5));
#16228=CARTESIAN_POINT('',(2.00000000000001,248.6,0.));
#16229=CARTESIAN_POINT('',(2.,249.6,1.));
#16230=CARTESIAN_POINT('',(2.00000000000001,248.6,0.));
#16231=CARTESIAN_POINT('',(93.45,249.6,1.));
#16232=CARTESIAN_POINT('',(93.45,248.6,0.));
#16233=CARTESIAN_POINT('Origin',(2.,247.6,0.5));
#16234=CARTESIAN_POINT('',(1.,247.6,0.));
#16235=CARTESIAN_POINT('',(0.,247.6,1.));
#16236=CARTESIAN_POINT('',(1.,247.6,0.));
#16237=CARTESIAN_POINT('Origin',(2.,247.6,1.));
#16238=CARTESIAN_POINT('Origin',(2.,247.6,0.));
#16239=CARTESIAN_POINT('Origin',(0.499999999999998,187.2,0.5));
#16240=CARTESIAN_POINT('',(0.999999999999996,1.99999999999999,0.));
#16241=CARTESIAN_POINT('',(0.,1.99999999999999,1.));
#16242=CARTESIAN_POINT('',(0.999999999999996,1.99999999999999,0.));
#16243=CARTESIAN_POINT('',(0.,187.2,1.));
#16244=CARTESIAN_POINT('',(0.999999999999996,187.2,0.));
#16245=CARTESIAN_POINT('Origin',(2.,1.99999999999999,0.5));
#16246=CARTESIAN_POINT('Origin',(2.,1.99999999999999,1.));
#16247=CARTESIAN_POINT('Origin',(2.,1.99999999999999,0.));
#16248=CARTESIAN_POINT('Origin',(2.,247.6,0.));
#16249=CARTESIAN_POINT('',(0.,247.6,7.));
#16250=CARTESIAN_POINT('',(0.,247.6,0.));
#16251=CARTESIAN_POINT('',(2.,249.6,7.));
#16252=CARTESIAN_POINT('Origin',(2.,247.6,7.));
#16253=CARTESIAN_POINT('',(2.,249.6,0.));
#16254=CARTESIAN_POINT('Origin',(-9.59113112304843E-31,249.6,0.));
#16255=CARTESIAN_POINT('',(0.,1.99999999999999,7.));
#16256=CARTESIAN_POINT('',(0.,1.99999999999999,0.));
#16257=CARTESIAN_POINT('',(0.,187.2,7.));
#16258=CARTESIAN_POINT('Origin',(2.,1.99999999999999,0.));
#16259=CARTESIAN_POINT('',(2.,0.,7.));
#16260=CARTESIAN_POINT('',(2.,0.,0.));
#16261=CARTESIAN_POINT('Origin',(2.,1.99999999999999,7.));
#16262=CARTESIAN_POINT('Origin',(0.,0.,0.));
#16263=CARTESIAN_POINT('',(122.6,0.,7.));
#16264=CARTESIAN_POINT('',(122.6,0.,0.));
#16265=CARTESIAN_POINT('',(31.15,0.,7.));
#16266=CARTESIAN_POINT('Origin',(62.3,124.8,0.));
#16267=CARTESIAN_POINT('',(9.05,12.3,0.));
#16268=CARTESIAN_POINT('Origin',(12.3,12.3,0.));
#16269=CARTESIAN_POINT('',(109.05,12.3,0.));
#16270=CARTESIAN_POINT('Origin',(112.3,12.3,0.));
#16271=CARTESIAN_POINT('',(59.05,124.8,0.));
#16272=CARTESIAN_POINT('Origin',(62.3,124.8,0.));
#16273=CARTESIAN_POINT('',(9.04999999999999,237.3,0.));
#16274=CARTESIAN_POINT('Origin',(12.3,237.3,0.));
#16275=CARTESIAN_POINT('',(109.05,237.3,0.));
#16276=CARTESIAN_POINT('Origin',(112.3,237.3,0.));
#16277=CARTESIAN_POINT('Origin',(0.5,187.2,7.5));
#16278=CARTESIAN_POINT('',(0.,1.99999999999999,7.));
#16279=CARTESIAN_POINT('',(1.,247.6,8.));
#16280=CARTESIAN_POINT('Origin',(2.,1.99999999999999,7.5));
#16281=CARTESIAN_POINT('',(2.,0.,7.));
#16282=CARTESIAN_POINT('Origin',(31.15,0.499999999999998,7.5));
#16283=CARTESIAN_POINT('',(122.6,0.,7.));
#16284=CARTESIAN_POINT('Origin',(122.6,2.,7.5));
#16285=CARTESIAN_POINT('',(124.6,2.,7.));
#16286=CARTESIAN_POINT('Origin',(122.6,2.,7.));
#16287=CARTESIAN_POINT('',(124.6,2.,7.));
#16288=CARTESIAN_POINT('Origin',(124.1,62.4,7.5));
#16289=CARTESIAN_POINT('',(124.6,247.6,7.));
#16290=CARTESIAN_POINT('',(124.6,247.6,7.));
#16291=CARTESIAN_POINT('',(124.6,62.4,7.));
#16292=CARTESIAN_POINT('Origin',(122.6,247.6,7.5));
#16293=CARTESIAN_POINT('',(122.6,249.6,7.));
#16294=CARTESIAN_POINT('Origin',(122.6,247.6,7.));
#16295=CARTESIAN_POINT('',(122.6,249.6,7.));
#16296=CARTESIAN_POINT('Origin',(93.45,249.1,7.5));
#16297=CARTESIAN_POINT('',(2.,249.6,7.));
#16298=CARTESIAN_POINT('',(93.45,249.6,7.));
#16299=CARTESIAN_POINT('Origin',(2.,247.6,7.5));
#16300=CARTESIAN_POINT('Origin',(122.6,2.,0.));
#16301=CARTESIAN_POINT('',(124.6,2.,0.));
#16302=CARTESIAN_POINT('Origin',(124.6,249.6,0.));
#16303=CARTESIAN_POINT('',(122.6,249.6,0.));
#16304=CARTESIAN_POINT('Origin',(122.6,247.6,0.));
#16305=CARTESIAN_POINT('',(124.6,247.6,0.));
#16306=CARTESIAN_POINT('Origin',(112.3,237.3,1.305));
#16307=CARTESIAN_POINT('',(109.05,237.3,2.9));
#16308=CARTESIAN_POINT('Origin',(112.3,237.3,2.9));
#16309=CARTESIAN_POINT('',(109.05,237.3,1.305));
#16310=CARTESIAN_POINT('Origin',(12.3,237.3,1.305));
#16311=CARTESIAN_POINT('',(9.05,237.3,2.9));
#16312=CARTESIAN_POINT('Origin',(12.3,237.3,2.9));
#16313=CARTESIAN_POINT('',(9.05,237.3,1.305));
#16314=CARTESIAN_POINT('Origin',(62.3,124.8,1.305));
#16315=CARTESIAN_POINT('',(59.05,124.8,2.9));
#16316=CARTESIAN_POINT('Origin',(62.3,124.8,2.9));
#16317=CARTESIAN_POINT('',(59.05,124.8,1.305));
#16318=CARTESIAN_POINT('Origin',(112.3,12.3,1.305));
#16319=CARTESIAN_POINT('',(109.05,12.3,2.9));
#16320=CARTESIAN_POINT('Origin',(112.3,12.3,2.9));
#16321=CARTESIAN_POINT('',(109.05,12.3,1.305));
#16322=CARTESIAN_POINT('Origin',(112.3,237.3,2.9));
#16323=CARTESIAN_POINT('Origin',(12.3,237.3,2.9));
#16324=CARTESIAN_POINT('Origin',(62.3,124.8,2.9));
#16325=CARTESIAN_POINT('Origin',(112.3,12.3,2.9));
#16326=CARTESIAN_POINT('Origin',(12.3,12.3,1.305));
#16327=CARTESIAN_POINT('',(9.05,12.3,2.9));
#16328=CARTESIAN_POINT('Origin',(12.3,12.3,2.9));
#16329=CARTESIAN_POINT('',(9.05,12.3,1.305));
#16330=CARTESIAN_POINT('Origin',(12.3,12.3,2.9));
#16331=CARTESIAN_POINT('Origin',(124.6,-3.96741568543771E-31,0.));
#16332=CARTESIAN_POINT('',(0.,0.,0.));
#16333=CARTESIAN_POINT('',(-100.,0.,0.));
#16334=CARTESIAN_POINT('',(-100.,237.5,0.));
#16335=CARTESIAN_POINT('',(0.,237.5,0.));
#16336=CARTESIAN_POINT('',(0.,0.,0.));
#16337=UNCERTAINTY_MEASURE_WITH_UNIT(LENGTH_MEASURE(0.01),#16345,
'DISTANCE_ACCURACY_VALUE',
'Maximum model space distance between geometric entities at asserted c
onnectivities');
#16338=UNCERTAINTY_MEASURE_WITH_UNIT(LENGTH_MEASURE(0.01),#16345,
'DISTANCE_ACCURACY_VALUE',
'Maximum model space distance between geometric entities at asserted c
onnectivities');
#16339=UNCERTAINTY_MEASURE_WITH_UNIT(LENGTH_MEASURE(0.01),#16345,
'DISTANCE_ACCURACY_VALUE',
'Maximum model space distance between geometric entities at asserted c
onnectivities');
#16340=UNCERTAINTY_MEASURE_WITH_UNIT(LENGTH_MEASURE(0.01),#16345,
'DISTANCE_ACCURACY_VALUE',
'Maximum model space distance between geometric entities at asserted c
onnectivities');
#16341=(
GEOMETRIC_REPRESENTATION_CONTEXT(3)
GLOBAL_UNCERTAINTY_ASSIGNED_CONTEXT((#16337))
GLOBAL_UNIT_ASSIGNED_CONTEXT((#16345,#16347,#16348))
REPRESENTATION_CONTEXT('','3D')
);
#16342=(
GEOMETRIC_REPRESENTATION_CONTEXT(3)
GLOBAL_UNCERTAINTY_ASSIGNED_CONTEXT((#16338))
GLOBAL_UNIT_ASSIGNED_CONTEXT((#16345,#16347,#16348))
REPRESENTATION_CONTEXT('','3D')
);
#16343=(
GEOMETRIC_REPRESENTATION_CONTEXT(3)
GLOBAL_UNCERTAINTY_ASSIGNED_CONTEXT((#16339))
GLOBAL_UNIT_ASSIGNED_CONTEXT((#16345,#16347,#16348))
REPRESENTATION_CONTEXT('','3D')
);
#16344=(
GEOMETRIC_REPRESENTATION_CONTEXT(3)
GLOBAL_UNCERTAINTY_ASSIGNED_CONTEXT((#16340))
GLOBAL_UNIT_ASSIGNED_CONTEXT((#16345,#16347,#16348))
REPRESENTATION_CONTEXT('','3D')
);
#16345=(
LENGTH_UNIT()
NAMED_UNIT(*)
SI_UNIT(.MILLI.,.METRE.)
);
#16346=(
LENGTH_UNIT()
NAMED_UNIT(*)
SI_UNIT($,.METRE.)
);
#16347=(
NAMED_UNIT(*)
PLANE_ANGLE_UNIT()
SI_UNIT($,.RADIAN.)
);
#16348=(
NAMED_UNIT(*)
SI_UNIT($,.STERADIAN.)
SOLID_ANGLE_UNIT()
);
#16349=SHAPE_DEFINITION_REPRESENTATION(#16352,#16360);
#16350=SHAPE_DEFINITION_REPRESENTATION(#16353,#16361);
#16351=SHAPE_DEFINITION_REPRESENTATION(#16354,#16362);
#16352=PRODUCT_DEFINITION_SHAPE('',$,#16364);
#16353=PRODUCT_DEFINITION_SHAPE('',$,#16365);
#16354=PRODUCT_DEFINITION_SHAPE('',$,#16366);
#16355=PRODUCT_DEFINITION_SHAPE($,$,#26);
#16356=PRODUCT_DEFINITION_SHAPE($,$,#27);
#16357=PRODUCT_DEFINITION_SHAPE($,$,#28);
#16358=PRODUCT_DEFINITION_SHAPE($,$,#29);
#16359=PRODUCT_DEFINITION_SHAPE($,$,#30);
#16360=SHAPE_REPRESENTATION('',(#9292,#10602,#10603,#10604,#10605,#10606),
#16341);
#16361=SHAPE_REPRESENTATION('',(#9293),#16342);
#16362=SHAPE_REPRESENTATION('',(#9298),#16343);
#16363=PRODUCT_DEFINITION_CONTEXT('part definition',#16374,'design');
#16364=PRODUCT_DEFINITION('PRT2404 - PCB test plate 125x250mm',
'PRT2404 - PCB test plate 125x250mm v15',#16367,#16363);
#16365=PRODUCT_DEFINITION('Pad','Pad',#16368,#16363);
#16366=PRODUCT_DEFINITION('PRT2404','PRT2404',#16369,#16363);
#16367=PRODUCT_DEFINITION_FORMATION('',$,#16376);
#16368=PRODUCT_DEFINITION_FORMATION('',$,#16377);
#16369=PRODUCT_DEFINITION_FORMATION('',$,#16378);
#16370=PRODUCT_RELATED_PRODUCT_CATEGORY(
'PRT2404 - PCB test plate 125x250mm v15',
'PRT2404 - PCB test plate 125x250mm v15',(#16376));
#16371=PRODUCT_RELATED_PRODUCT_CATEGORY('Pad','Pad',(#16377));
#16372=PRODUCT_RELATED_PRODUCT_CATEGORY('PRT2404','PRT2404',(#16378));
#16373=APPLICATION_PROTOCOL_DEFINITION('international standard',
'ap242_managed_model_based_3d_engineering',2011,#16374);
#16374=APPLICATION_CONTEXT('Managed model based 3d engineering');
#16375=PRODUCT_CONTEXT('part definition',#16374,'mechanical');
#16376=PRODUCT('PRT2404 - PCB test plate 125x250mm',
'PRT2404 - PCB test plate 125x250mm v15',$,(#16375));
#16377=PRODUCT('Pad','Pad',$,(#16375));
#16378=PRODUCT('PRT2404','PRT2404',$,(#16375));
#16379=PRESENTATION_STYLE_ASSIGNMENT((#16382));
#16380=PRESENTATION_STYLE_ASSIGNMENT((#16383));
#16381=PRESENTATION_STYLE_ASSIGNMENT((#16384));
#16382=SURFACE_STYLE_USAGE(.BOTH.,#16385);
#16383=SURFACE_STYLE_USAGE(.BOTH.,#16386);
#16384=SURFACE_STYLE_USAGE(.BOTH.,#16387);
#16385=SURFACE_SIDE_STYLE('',(#16388));
#16386=SURFACE_SIDE_STYLE('',(#16389));
#16387=SURFACE_SIDE_STYLE('',(#16390));
#16388=SURFACE_STYLE_FILL_AREA(#16391);
#16389=SURFACE_STYLE_FILL_AREA(#16392);
#16390=SURFACE_STYLE_FILL_AREA(#16393);
#16391=FILL_AREA_STYLE('Steel - Satin',(#16394));
#16392=FILL_AREA_STYLE('Rubber - Soft',(#16395));
#16393=FILL_AREA_STYLE('Aluminum - Anodized Glossy (Grey)',(#16396));
#16394=FILL_AREA_STYLE_COLOUR('Steel - Satin',#16397);
#16395=FILL_AREA_STYLE_COLOUR('Rubber - Soft',#16398);
#16396=FILL_AREA_STYLE_COLOUR('Aluminum - Anodized Glossy (Grey)',#16399);
#16397=COLOUR_RGB('Steel - Satin',0.627450980392157,0.627450980392157,0.627450980392157);
#16398=COLOUR_RGB('Rubber - Soft',0.152941176470588,0.152941176470588,0.152941176470588);
#16399=COLOUR_RGB('Aluminum - Anodized Glossy (Grey)',0.,0.,0.);
ENDSEC;
END-ISO-10303-21;
