ISO-10303-21;
HEADER;
/* Generated by software containing ST-Developer
 * from STEP Tools, Inc. (www.steptools.com) 
 */

FILE_DESCRIPTION(
/* description */ ('',
'CAx-IF Rec.Pracs.---Representation and Presentation of Product Manufa
cturing Information (PMI)---4.0---2014-10-13'),
/* implementation_level */ '2;1');

FILE_NAME(
/* name */ 'PCB M3 Mount.step',
/* time_stamp */ '2025-03-25T21:08:36+01:00',
/* author */ (''),
/* organization */ (''),
/* preprocessor_version */ 'ST-DEVELOPER v20',
/* originating_system */ 'Autodesk Translation Framework v13.20.0.188',

/* authorisation */ '');

FILE_SCHEMA (('AP242_MANAGED_MODEL_BASED_3D_ENGINEERING_MIM_LF { 1 0 10303 442 1 1 4 }'));
ENDSEC;

DATA;
#10=MECHANICAL_DESIGN_GEOMETRIC_PRESENTATION_REPRESENTATION('',(#17),#7310);
#11=SHAPE_REPRESENTATION_RELATIONSHIP('SRR','None',#7320,#12);
#12=ADVANCED_BREP_SHAPE_REPRESENTATION('',(#18),#7308);
#13=ITEM_DEFINED_TRANSFORMATION($,$,#2200,#2376);
#14=(
REPRESENTATION_RELATIONSHIP($,$,#7321,#7320)
REPRESENTATION_RELATIONSHIP_WITH_TRANSFORMATION(#13)
SHAPE_REPRESENTATION_RELATIONSHIP()
);
#15=CONTEXT_DEPENDENT_SHAPE_REPRESENTATION(#14,#7319);
#16=NEXT_ASSEMBLY_USAGE_OCCURRENCE('Component1:1','Component1:1',
'Component1:1',#7323,#7324,'Component1:1');
#17=STYLED_ITEM('',(#7335),#18);
#18=MANIFOLD_SOLID_BREP('Body1',#2186);
#19=ELLIPSE('',#2290,4.24264068711929,3.);
#20=ELLIPSE('',#2292,4.24264068711929,3.);
#21=B_SPLINE_SURFACE_WITH_KNOTS('',3,3,((#5249,#5250,#5251,#5252,#5253,
#5254,#5255,#5256,#5257,#5258,#5259,#5260,#5261,#5262,#5263,#5264,#5265,
#5266,#5267,#5268,#5269,#5270,#5271,#5272,#5273,#5274,#5275,#5276,#5277,
#5278,#5279,#5280,#5281,#5282,#5283,#5284,#5285,#5286,#5287,#5288,#5289,
#5290,#5291,#5292,#5293,#5294,#5295,#5296,#5297,#5298,#5299,#5300,#5301,
#5302,#5303,#5304,#5305,#5306,#5307,#5308,#5309,#5310,#5311,#5312,#5313,
#5314,#5315,#5316,#5317,#5318,#5319,#5320,#5321,#5322,#5323,#5324,#5325,
#5326,#5327,#5328,#5329,#5330,#5331,#5332,#5333,#5334,#5335,#5336,#5337,
#5338,#5339,#5340,#5341,#5342,#5343,#5344,#5345,#5346,#5347,#5348,#5349,
#5350,#5351,#5352,#5353,#5354,#5355,#5356,#5357,#5358,#5359,#5360,#5361,
#5362,#5363,#5364,#5365,#5366,#5367,#5368,#5369,#5370,#5371,#5372,#5373,
#5374,#5375,#5376,#5377,#5378,#5379,#5380,#5381,#5382,#5383,#5384,#5385,
#5386,#5387,#5388,#5389,#5390,#5391,#5392,#5393,#5394,#5395,#5396,#5397,
#5398,#5399,#5400,#5401,#5402,#5403,#5404,#5405,#5406,#5407,#5408,#5409,
#5410,#5411,#5412,#5413,#5414,#5415,#5416,#5417,#5418,#5419,#5420,#5421,
#5422,#5423,#5424,#5425,#5426,#5427,#5428,#5429,#5430,#5431,#5432,#5433,
#5434,#5435,#5436,#5437,#5438,#5439,#5440,#5441,#5442),(#5443,#5444,#5445,
#5446,#5447,#5448,#5449,#5450,#5451,#5452,#5453,#5454,#5455,#5456,#5457,
#5458,#5459,#5460,#5461,#5462,#5463,#5464,#5465,#5466,#5467,#5468,#5469,
#5470,#5471,#5472,#5473,#5474,#5475,#5476,#5477,#5478,#5479,#5480,#5481,
#5482,#5483,#5484,#5485,#5486,#5487,#5488,#5489,#5490,#5491,#5492,#5493,
#5494,#5495,#5496,#5497,#5498,#5499,#5500,#5501,#5502,#5503,#5504,#5505,
#5506,#5507,#5508,#5509,#5510,#5511,#5512,#5513,#5514,#5515,#5516,#5517,
#5518,#5519,#5520,#5521,#5522,#5523,#5524,#5525,#5526,#5527,#5528,#5529,
#5530,#5531,#5532,#5533,#5534,#5535,#5536,#5537,#5538,#5539,#5540,#5541,
#5542,#5543,#5544,#5545,#5546,#5547,#5548,#5549,#5550,#5551,#5552,#5553,
#5554,#5555,#5556,#5557,#5558,#5559,#5560,#5561,#5562,#5563,#5564,#5565,
#5566,#5567,#5568,#5569,#5570,#5571,#5572,#5573,#5574,#5575,#5576,#5577,
#5578,#5579,#5580,#5581,#5582,#5583,#5584,#5585,#5586,#5587,#5588,#5589,
#5590,#5591,#5592,#5593,#5594,#5595,#5596,#5597,#5598,#5599,#5600,#5601,
#5602,#5603,#5604,#5605,#5606,#5607,#5608,#5609,#5610,#5611,#5612,#5613,
#5614,#5615,#5616,#5617,#5618,#5619,#5620,#5621,#5622,#5623,#5624,#5625,
#5626,#5627,#5628,#5629,#5630,#5631,#5632,#5633,#5634,#5635,#5636),(#5637,
#5638,#5639,#5640,#5641,#5642,#5643,#5644,#5645,#5646,#5647,#5648,#5649,
#5650,#5651,#5652,#5653,#5654,#5655,#5656,#5657,#5658,#5659,#5660,#5661,
#5662,#5663,#5664,#5665,#5666,#5667,#5668,#5669,#5670,#5671,#5672,#5673,
#5674,#5675,#5676,#5677,#5678,#5679,#5680,#5681,#5682,#5683,#5684,#5685,
#5686,#5687,#5688,#5689,#5690,#5691,#5692,#5693,#5694,#5695,#5696,#5697,
#5698,#5699,#5700,#5701,#5702,#5703,#5704,#5705,#5706,#5707,#5708,#5709,
#5710,#5711,#5712,#5713,#5714,#5715,#5716,#5717,#5718,#5719,#5720,#5721,
#5722,#5723,#5724,#5725,#5726,#5727,#5728,#5729,#5730,#5731,#5732,#5733,
#5734,#5735,#5736,#5737,#5738,#5739,#5740,#5741,#5742,#5743,#5744,#5745,
#5746,#5747,#5748,#5749,#5750,#5751,#5752,#5753,#5754,#5755,#5756,#5757,
#5758,#5759,#5760,#5761,#5762,#5763,#5764,#5765,#5766,#5767,#5768,#5769,
#5770,#5771,#5772,#5773,#5774,#5775,#5776,#5777,#5778,#5779,#5780,#5781,
#5782,#5783,#5784,#5785,#5786,#5787,#5788,#5789,#5790,#5791,#5792,#5793,
#5794,#5795,#5796,#5797,#5798,#5799,#5800,#5801,#5802,#5803,#5804,#5805,
#5806,#5807,#5808,#5809,#5810,#5811,#5812,#5813,#5814,#5815,#5816,#5817,
#5818,#5819,#5820,#5821,#5822,#5823,#5824,#5825,#5826,#5827,#5828,#5829,
#5830),(#5831,#5832,#5833,#5834,#5835,#5836,#5837,#5838,#5839,#5840,#5841,
#5842,#5843,#5844,#5845,#5846,#5847,#5848,#5849,#5850,#5851,#5852,#5853,
#5854,#5855,#5856,#5857,#5858,#5859,#5860,#5861,#5862,#5863,#5864,#5865,
#5866,#5867,#5868,#5869,#5870,#5871,#5872,#5873,#5874,#5875,#5876,#5877,
#5878,#5879,#5880,#5881,#5882,#5883,#5884,#5885,#5886,#5887,#5888,#5889,
#5890,#5891,#5892,#5893,#5894,#5895,#5896,#5897,#5898,#5899,#5900,#5901,
#5902,#5903,#5904,#5905,#5906,#5907,#5908,#5909,#5910,#5911,#5912,#5913,
#5914,#5915,#5916,#5917,#5918,#5919,#5920,#5921,#5922,#5923,#5924,#5925,
#5926,#5927,#5928,#5929,#5930,#5931,#5932,#5933,#5934,#5935,#5936,#5937,
#5938,#5939,#5940,#5941,#5942,#5943,#5944,#5945,#5946,#5947,#5948,#5949,
#5950,#5951,#5952,#5953,#5954,#5955,#5956,#5957,#5958,#5959,#5960,#5961,
#5962,#5963,#5964,#5965,#5966,#5967,#5968,#5969,#5970,#5971,#5972,#5973,
#5974,#5975,#5976,#5977,#5978,#5979,#5980,#5981,#5982,#5983,#5984,#5985,
#5986,#5987,#5988,#5989,#5990,#5991,#5992,#5993,#5994,#5995,#5996,#5997,
#5998,#5999,#6000,#6001,#6002,#6003,#6004,#6005,#6006,#6007,#6008,#6009,
#6010,#6011,#6012,#6013,#6014,#6015,#6016,#6017,#6018,#6019,#6020,#6021,
#6022,#6023,#6024)),.UNSPECIFIED.,.F.,.F.,.F.,(4,4),(4,1,1,1,1,1,1,1,1,
1,1,1,1,1,1,1,1,1,1,1,1,1,1,1,1,1,1,1,1,1,1,1,1,1,1,1,1,1,1,1,1,1,1,1,1,
1,1,1,1,1,1,1,1,1,1,1,1,1,1,1,1,1,1,1,1,1,1,1,1,1,1,1,1,1,1,1,1,1,1,1,1,
1,1,1,1,1,1,1,1,1,1,1,1,1,1,1,1,1,1,1,1,1,1,1,1,1,1,1,1,1,1,1,1,1,1,1,1,
1,1,1,1,1,1,1,1,1,1,1,1,1,1,1,1,1,1,1,1,1,1,1,1,1,1,1,1,1,1,1,1,1,1,1,1,
1,1,1,1,1,1,1,1,1,1,1,1,1,1,1,1,1,1,1,1,1,1,1,1,1,1,1,1,1,1,1,1,1,1,1,1,
1,1,4),(0.,0.0321584099938622),(11.8553612635795,12.8528279217321,13.8502945798847,
14.8477612380373,15.8452278961899,16.8426945543425,17.8401612124951,18.8376278706477,
19.8350945288003,20.8325611869529,21.8300278451054,22.827494503258,23.8249611614106,
24.8224278195632,25.8198944777158,26.8173611358684,27.814827794021,28.8122944521736,
29.8097611103262,30.8072277684787,31.8046944266313,32.8021610847839,33.7996277429365,
34.7970944010891,35.7945610592417,36.7920277173943,37.7894943755469,38.7869610336995,
39.784427691852,40.7818943500046,41.7793610081572,42.7768276663098,43.7742943244624,
44.771760982615,45.7692276407676,46.7666942989202,47.7641609570728,48.7616276152254,
49.7590942733779,50.7565609315305,51.7540275896831,52.7514942478357,53.7489609059883,
54.7464275641409,55.7438942222935,56.7413608804461,57.7388275385987,58.7362941967512,
59.7337608549038,60.7312275130564,61.728694171209,62.7261608293616,63.7236274875142,
64.7210941456668,65.7185608038194,66.716027461972,67.7134941201246,68.7109607782771,
69.7084274364297,70.7058940945823,71.7033607527349,72.7008274108875,73.6982940690401,
74.6957607271927,75.6932273853453,76.6906940434979,77.6881607016504,78.685627359803,
79.6830940179556,80.6805606761082,81.6780273342608,82.6754939924134,83.672960650566,
84.6704273087186,85.6678939668712,86.6653606250238,87.6628272831763,88.6602939413289,
89.6577605994815,90.6552272576341,91.6526939157867,92.6501605739393,93.6476272320919,
94.6450938902445,95.6425605483971,96.6400272065496,97.6374938647022,98.6349605228548,
99.6324271810074,100.62989383916,101.627360497313,102.624827155465,103.622293813618,
104.61976047177,105.617227129923,106.614693788076,107.612160446228,108.609627104381,
109.607093762533,110.604560420686,111.602027078838,112.599493736991,113.596960395144,
114.594427053296,115.591893711449,116.589360369601,117.586827027754,118.584293685907,
119.581760344059,120.579227002212,121.576693660364,122.574160318517,123.57162697667,
124.569093634822,125.566560292975,126.564026951127,127.56149360928,128.558960267432,
129.556426925585,130.553893583738,131.55136024189,132.548826900043,133.546293558195,
134.543760216348,135.541226874501,136.538693532653,137.536160190806,138.533626848958,
139.531093507111,140.528560165264,141.526026823416,142.523493481569,143.520960139721,
144.518426797874,145.515893456027,146.513360114179,147.510826772332,148.508293430484,
149.505760088637,150.503226746789,151.500693404942,152.498160063095,153.495626721247,
154.4930933794,155.490560037552,156.488026695705,157.485493353858,158.48296001201,
159.480426670163,160.477893328315,161.475359986468,162.472826644621,163.470293302773,
164.467759960926,165.465226619078,166.462693277231,167.460159935383,168.457626593536,
169.455093251689,170.452559909841,171.450026567994,172.447493226146,173.444959884299,
174.442426542452,175.439893200604,176.437359858757,177.434826516909,178.432293175062,
179.429759833215,180.427226491367,181.42469314952,182.422159807672,183.419626465825,
184.417093123977,185.41455978213,186.412026440283,187.409493098435,188.406959756588,
189.40442641474,190.401893072893,191.399359731046,192.396826389198,193.394293047351,
194.391759705503,195.389226363656,196.386693021809,197.384159679961,198.381626338114,
199.379092996266,200.376559654419,201.374026312572,202.371492970724),
 .UNSPECIFIED.);
#22=B_SPLINE_SURFACE_WITH_KNOTS('',3,3,((#6522,#6523,#6524,#6525,#6526,
#6527,#6528,#6529,#6530,#6531,#6532,#6533,#6534,#6535,#6536,#6537,#6538,
#6539,#6540,#6541,#6542,#6543,#6544,#6545,#6546,#6547,#6548,#6549,#6550,
#6551,#6552,#6553,#6554,#6555,#6556,#6557,#6558,#6559,#6560,#6561,#6562,
#6563,#6564,#6565,#6566,#6567,#6568,#6569,#6570,#6571,#6572,#6573,#6574,
#6575,#6576,#6577,#6578,#6579,#6580,#6581,#6582,#6583,#6584,#6585,#6586,
#6587,#6588,#6589,#6590,#6591,#6592,#6593,#6594,#6595,#6596,#6597,#6598,
#6599,#6600,#6601,#6602,#6603,#6604,#6605,#6606,#6607,#6608,#6609,#6610,
#6611,#6612,#6613,#6614,#6615,#6616,#6617,#6618,#6619,#6620,#6621,#6622,
#6623,#6624,#6625,#6626,#6627,#6628,#6629,#6630,#6631,#6632,#6633,#6634,
#6635,#6636,#6637,#6638,#6639,#6640,#6641,#6642,#6643,#6644,#6645,#6646,
#6647,#6648,#6649,#6650,#6651,#6652,#6653,#6654,#6655,#6656,#6657,#6658,
#6659,#6660,#6661,#6662,#6663,#6664,#6665,#6666,#6667,#6668,#6669,#6670,
#6671,#6672,#6673,#6674,#6675,#6676,#6677,#6678,#6679,#6680,#6681,#6682,
#6683,#6684,#6685,#6686,#6687,#6688,#6689,#6690,#6691,#6692,#6693,#6694,
#6695,#6696,#6697,#6698,#6699,#6700,#6701,#6702,#6703,#6704,#6705,#6706,
#6707,#6708,#6709,#6710,#6711,#6712,#6713,#6714,#6715),(#6716,#6717,#6718,
#6719,#6720,#6721,#6722,#6723,#6724,#6725,#6726,#6727,#6728,#6729,#6730,
#6731,#6732,#6733,#6734,#6735,#6736,#6737,#6738,#6739,#6740,#6741,#6742,
#6743,#6744,#6745,#6746,#6747,#6748,#6749,#6750,#6751,#6752,#6753,#6754,
#6755,#6756,#6757,#6758,#6759,#6760,#6761,#6762,#6763,#6764,#6765,#6766,
#6767,#6768,#6769,#6770,#6771,#6772,#6773,#6774,#6775,#6776,#6777,#6778,
#6779,#6780,#6781,#6782,#6783,#6784,#6785,#6786,#6787,#6788,#6789,#6790,
#6791,#6792,#6793,#6794,#6795,#6796,#6797,#6798,#6799,#6800,#6801,#6802,
#6803,#6804,#6805,#6806,#6807,#6808,#6809,#6810,#6811,#6812,#6813,#6814,
#6815,#6816,#6817,#6818,#6819,#6820,#6821,#6822,#6823,#6824,#6825,#6826,
#6827,#6828,#6829,#6830,#6831,#6832,#6833,#6834,#6835,#6836,#6837,#6838,
#6839,#6840,#6841,#6842,#6843,#6844,#6845,#6846,#6847,#6848,#6849,#6850,
#6851,#6852,#6853,#6854,#6855,#6856,#6857,#6858,#6859,#6860,#6861,#6862,
#6863,#6864,#6865,#6866,#6867,#6868,#6869,#6870,#6871,#6872,#6873,#6874,
#6875,#6876,#6877,#6878,#6879,#6880,#6881,#6882,#6883,#6884,#6885,#6886,
#6887,#6888,#6889,#6890,#6891,#6892,#6893,#6894,#6895,#6896,#6897,#6898,
#6899,#6900,#6901,#6902,#6903,#6904,#6905,#6906,#6907,#6908,#6909),(#6910,
#6911,#6912,#6913,#6914,#6915,#6916,#6917,#6918,#6919,#6920,#6921,#6922,
#6923,#6924,#6925,#6926,#6927,#6928,#6929,#6930,#6931,#6932,#6933,#6934,
#6935,#6936,#6937,#6938,#6939,#6940,#6941,#6942,#6943,#6944,#6945,#6946,
#6947,#6948,#6949,#6950,#6951,#6952,#6953,#6954,#6955,#6956,#6957,#6958,
#6959,#6960,#6961,#6962,#6963,#6964,#6965,#6966,#6967,#6968,#6969,#6970,
#6971,#6972,#6973,#6974,#6975,#6976,#6977,#6978,#6979,#6980,#6981,#6982,
#6983,#6984,#6985,#6986,#6987,#6988,#6989,#6990,#6991,#6992,#6993,#6994,
#6995,#6996,#6997,#6998,#6999,#7000,#7001,#7002,#7003,#7004,#7005,#7006,
#7007,#7008,#7009,#7010,#7011,#7012,#7013,#7014,#7015,#7016,#7017,#7018,
#7019,#7020,#7021,#7022,#7023,#7024,#7025,#7026,#7027,#7028,#7029,#7030,
#7031,#7032,#7033,#7034,#7035,#7036,#7037,#7038,#7039,#7040,#7041,#7042,
#7043,#7044,#7045,#7046,#7047,#7048,#7049,#7050,#7051,#7052,#7053,#7054,
#7055,#7056,#7057,#7058,#7059,#7060,#7061,#7062,#7063,#7064,#7065,#7066,
#7067,#7068,#7069,#7070,#7071,#7072,#7073,#7074,#7075,#7076,#7077,#7078,
#7079,#7080,#7081,#7082,#7083,#7084,#7085,#7086,#7087,#7088,#7089,#7090,
#7091,#7092,#7093,#7094,#7095,#7096,#7097,#7098,#7099,#7100,#7101,#7102,
#7103),(#7104,#7105,#7106,#7107,#7108,#7109,#7110,#7111,#7112,#7113,#7114,
#7115,#7116,#7117,#7118,#7119,#7120,#7121,#7122,#7123,#7124,#7125,#7126,
#7127,#7128,#7129,#7130,#7131,#7132,#7133,#7134,#7135,#7136,#7137,#7138,
#7139,#7140,#7141,#7142,#7143,#7144,#7145,#7146,#7147,#7148,#7149,#7150,
#7151,#7152,#7153,#7154,#7155,#7156,#7157,#7158,#7159,#7160,#7161,#7162,
#7163,#7164,#7165,#7166,#7167,#7168,#7169,#7170,#7171,#7172,#7173,#7174,
#7175,#7176,#7177,#7178,#7179,#7180,#7181,#7182,#7183,#7184,#7185,#7186,
#7187,#7188,#7189,#7190,#7191,#7192,#7193,#7194,#7195,#7196,#7197,#7198,
#7199,#7200,#7201,#7202,#7203,#7204,#7205,#7206,#7207,#7208,#7209,#7210,
#7211,#7212,#7213,#7214,#7215,#7216,#7217,#7218,#7219,#7220,#7221,#7222,
#7223,#7224,#7225,#7226,#7227,#7228,#7229,#7230,#7231,#7232,#7233,#7234,
#7235,#7236,#7237,#7238,#7239,#7240,#7241,#7242,#7243,#7244,#7245,#7246,
#7247,#7248,#7249,#7250,#7251,#7252,#7253,#7254,#7255,#7256,#7257,#7258,
#7259,#7260,#7261,#7262,#7263,#7264,#7265,#7266,#7267,#7268,#7269,#7270,
#7271,#7272,#7273,#7274,#7275,#7276,#7277,#7278,#7279,#7280,#7281,#7282,
#7283,#7284,#7285,#7286,#7287,#7288,#7289,#7290,#7291,#7292,#7293,#7294,
#7295,#7296,#7297)),.UNSPECIFIED.,.F.,.F.,.F.,(4,4),(4,1,1,1,1,1,1,1,1,
1,1,1,1,1,1,1,1,1,1,1,1,1,1,1,1,1,1,1,1,1,1,1,1,1,1,1,1,1,1,1,1,1,1,1,1,
1,1,1,1,1,1,1,1,1,1,1,1,1,1,1,1,1,1,1,1,1,1,1,1,1,1,1,1,1,1,1,1,1,1,1,1,
1,1,1,1,1,1,1,1,1,1,1,1,1,1,1,1,1,1,1,1,1,1,1,1,1,1,1,1,1,1,1,1,1,1,1,1,
1,1,1,1,1,1,1,1,1,1,1,1,1,1,1,1,1,1,1,1,1,1,1,1,1,1,1,1,1,1,1,1,1,1,1,1,
1,1,1,1,1,1,1,1,1,1,1,1,1,1,1,1,1,1,1,1,1,1,1,1,1,1,1,1,1,1,1,1,1,1,1,1,
1,1,4),(0.,0.0321584099938622),(14.3984001269721,15.3958667851246,16.3933334432772,
17.3908001014298,18.3882667595824,19.385733417735,20.3832000758876,21.3806667340402,
22.3781333921928,23.3756000503454,24.3730667084979,25.3705333666505,26.3680000248031,
27.3654666829557,28.3629333411083,29.3603999992609,30.3578666574135,31.3553333155661,
32.3527999737187,33.3502666318712,34.3477332900238,35.3451999481764,36.342666606329,
37.3401332644816,38.3375999226342,39.3350665807868,40.3325332389394,41.329999897092,
42.3274665552446,43.3249332133971,44.3223998715497,45.3198665297023,46.3173331878549,
47.3147998460075,48.3122665041601,49.3097331623127,50.3071998204653,51.3046664786179,
52.3021331367704,53.299599794923,54.2970664530756,55.2945331112282,56.2919997693808,
57.2894664275334,58.286933085686,59.2843997438386,60.2818664019912,61.2793330601437,
62.2767997182963,63.2742663764489,64.2717330346015,65.2691996927541,66.2666663509067,
67.2641330090593,68.2615996672119,69.2590663253645,70.256532983517,71.2539996416696,
72.2514662998222,73.2489329579748,74.2463996161274,75.24386627428,76.2413329324326,
77.2387995905852,78.2362662487378,79.2337329068903,80.2311995650429,81.2286662231955,
82.2261328813481,83.2235995395007,84.2210661976533,85.2185328558059,86.2159995139585,
87.2134661721111,88.2109328302637,89.2083994884162,90.2058661465688,91.2033328047214,
92.200799462874,93.1982661210266,94.1957327791792,95.1931994373318,96.1906660954844,
97.1881327536369,98.1855994117896,99.1830660699421,100.180532728095,101.177999386247,
102.1754660444,103.172932702552,104.170399360705,105.167866018858,106.16533267701,
107.162799335163,108.160265993315,109.157732651468,110.155199309621,111.152665967773,
112.150132625926,113.147599284078,114.145065942231,115.142532600384,116.139999258536,
117.137465916689,118.134932574841,119.132399232994,120.129865891147,121.127332549299,
122.124799207452,123.122265865604,124.119732523757,125.117199181909,126.114665840062,
127.112132498215,128.109599156367,129.10706581452,130.104532472672,131.101999130825,
132.099465788978,133.09693244713,134.094399105283,135.091865763435,136.089332421588,
137.086799079741,138.084265737893,139.081732396046,140.079199054198,141.076665712351,
142.074132370503,143.071599028656,144.069065686809,145.066532344961,146.063999003114,
147.061465661266,148.058932319419,149.056398977572,150.053865635724,151.051332293877,
152.048798952029,153.046265610182,154.043732268335,155.041198926487,156.03866558464,
157.036132242792,158.033598900945,159.031065559097,160.02853221725,161.025998875403,
162.023465533555,163.020932191708,164.01839884986,165.015865508013,166.013332166166,
167.010798824318,168.008265482471,169.005732140623,170.003198798776,171.000665456929,
171.998132115081,172.995598773234,173.993065431386,174.990532089539,175.987998747692,
176.985465405844,177.982932063997,178.980398722149,179.977865380302,180.975332038454,
181.972798696607,182.97026535476,183.967732012912,184.965198671065,185.962665329217,
186.96013198737,187.957598645523,188.955065303675,189.952531961828,190.94999861998,
191.947465278133,192.944931936286,193.942398594438,194.939865252591,195.937331910743,
196.934798568896,197.932265227048,198.929731885201,199.927198543354,200.924665201506,
201.922131859659,202.919598517811,203.917065175964,204.914531834117),
 .UNSPECIFIED.);
#23=FACE_BOUND('',#260,.T.);
#24=FACE_BOUND('',#261,.T.);
#25=FACE_BOUND('',#269,.T.);
#26=FACE_BOUND('',#296,.T.);
#27=FACE_BOUND('',#304,.T.);
#28=PLANE('',#2271);
#29=PLANE('',#2294);
#30=PLANE('',#2297);
#31=PLANE('',#2300);
#32=PLANE('',#2301);
#33=PLANE('',#2304);
#34=PLANE('',#2307);
#35=PLANE('',#2312);
#36=PLANE('',#2315);
#37=PLANE('',#2321);
#38=PLANE('',#2326);
#39=PLANE('',#2327);
#40=PLANE('',#2330);
#41=PLANE('',#2334);
#42=PLANE('',#2337);
#43=PLANE('',#2341);
#44=PLANE('',#2346);
#45=PLANE('',#2347);
#46=PLANE('',#2353);
#47=PLANE('',#2356);
#48=PLANE('',#2359);
#49=PLANE('',#2364);
#50=PLANE('',#2365);
#51=PLANE('',#2368);
#52=PLANE('',#2371);
#53=PLANE('',#2373);
#54=PLANE('',#2375);
#55=CONICAL_SURFACE('',#2268,1.3145,0.785398163397449);
#56=CONICAL_SURFACE('',#2281,1.3145,0.785398163397459);
#57=CONICAL_SURFACE('',#2285,2.95,0.785398163397459);
#58=CONICAL_SURFACE('',#2295,2.05,0.785398163397449);
#59=CONICAL_SURFACE('',#2298,2.05,0.785398163397449);
#60=CONICAL_SURFACE('',#2305,5.45,0.785398163397438);
#61=CONICAL_SURFACE('',#2308,5.45,0.785398163397443);
#62=CONICAL_SURFACE('',#2310,10.05,0.785398163397449);
#63=CONICAL_SURFACE('',#2313,2.95,0.785398163397449);
#64=CONICAL_SURFACE('',#2316,10.0500000000017,0.785398163397451);
#65=CONICAL_SURFACE('',#2318,5.45,0.78539816339745);
#66=CONICAL_SURFACE('',#2328,2.05,0.785398163397448);
#67=CONICAL_SURFACE('',#2331,2.05,0.785398163397448);
#68=CONICAL_SURFACE('',#2338,3.65,0.785398163397448);
#69=CONICAL_SURFACE('',#2342,3.65,0.785398163397448);
#70=CONICAL_SURFACE('',#2354,10.0500000000017,0.785398163397451);
#71=CONICAL_SURFACE('',#2355,5.45,0.78539816339745);
#72=CONICAL_SURFACE('',#2357,5.45,0.785398163397437);
#73=CONICAL_SURFACE('',#2360,5.45,0.785398163397443);
#74=CONICAL_SURFACE('',#2362,10.05,0.785398163397448);
#75=FACE_OUTER_BOUND('',#198,.T.);
#76=FACE_OUTER_BOUND('',#199,.T.);
#77=FACE_OUTER_BOUND('',#200,.T.);
#78=FACE_OUTER_BOUND('',#201,.T.);
#79=FACE_OUTER_BOUND('',#202,.T.);
#80=FACE_OUTER_BOUND('',#203,.T.);
#81=FACE_OUTER_BOUND('',#204,.T.);
#82=FACE_OUTER_BOUND('',#205,.T.);
#83=FACE_OUTER_BOUND('',#206,.T.);
#84=FACE_OUTER_BOUND('',#207,.T.);
#85=FACE_OUTER_BOUND('',#208,.T.);
#86=FACE_OUTER_BOUND('',#209,.T.);
#87=FACE_OUTER_BOUND('',#210,.T.);
#88=FACE_OUTER_BOUND('',#211,.T.);
#89=FACE_OUTER_BOUND('',#212,.T.);
#90=FACE_OUTER_BOUND('',#213,.T.);
#91=FACE_OUTER_BOUND('',#214,.T.);
#92=FACE_OUTER_BOUND('',#215,.T.);
#93=FACE_OUTER_BOUND('',#216,.T.);
#94=FACE_OUTER_BOUND('',#217,.T.);
#95=FACE_OUTER_BOUND('',#218,.T.);
#96=FACE_OUTER_BOUND('',#219,.T.);
#97=FACE_OUTER_BOUND('',#220,.T.);
#98=FACE_OUTER_BOUND('',#221,.T.);
#99=FACE_OUTER_BOUND('',#222,.T.);
#100=FACE_OUTER_BOUND('',#223,.T.);
#101=FACE_OUTER_BOUND('',#224,.T.);
#102=FACE_OUTER_BOUND('',#225,.T.);
#103=FACE_OUTER_BOUND('',#226,.T.);
#104=FACE_OUTER_BOUND('',#227,.T.);
#105=FACE_OUTER_BOUND('',#228,.T.);
#106=FACE_OUTER_BOUND('',#229,.T.);
#107=FACE_OUTER_BOUND('',#230,.T.);
#108=FACE_OUTER_BOUND('',#231,.T.);
#109=FACE_OUTER_BOUND('',#232,.T.);
#110=FACE_OUTER_BOUND('',#233,.T.);
#111=FACE_OUTER_BOUND('',#234,.T.);
#112=FACE_OUTER_BOUND('',#235,.T.);
#113=FACE_OUTER_BOUND('',#236,.T.);
#114=FACE_OUTER_BOUND('',#237,.T.);
#115=FACE_OUTER_BOUND('',#238,.T.);
#116=FACE_OUTER_BOUND('',#239,.T.);
#117=FACE_OUTER_BOUND('',#240,.T.);
#118=FACE_OUTER_BOUND('',#241,.T.);
#119=FACE_OUTER_BOUND('',#242,.T.);
#120=FACE_OUTER_BOUND('',#243,.T.);
#121=FACE_OUTER_BOUND('',#244,.T.);
#122=FACE_OUTER_BOUND('',#245,.T.);
#123=FACE_OUTER_BOUND('',#246,.T.);
#124=FACE_OUTER_BOUND('',#247,.T.);
#125=FACE_OUTER_BOUND('',#248,.T.);
#126=FACE_OUTER_BOUND('',#249,.T.);
#127=FACE_OUTER_BOUND('',#250,.T.);
#128=FACE_OUTER_BOUND('',#251,.T.);
#129=FACE_OUTER_BOUND('',#252,.T.);
#130=FACE_OUTER_BOUND('',#253,.T.);
#131=FACE_OUTER_BOUND('',#254,.T.);
#132=FACE_OUTER_BOUND('',#255,.T.);
#133=FACE_OUTER_BOUND('',#256,.T.);
#134=FACE_OUTER_BOUND('',#257,.T.);
#135=FACE_OUTER_BOUND('',#258,.T.);
#136=FACE_OUTER_BOUND('',#259,.T.);
#137=FACE_OUTER_BOUND('',#262,.T.);
#138=FACE_OUTER_BOUND('',#263,.T.);
#139=FACE_OUTER_BOUND('',#264,.T.);
#140=FACE_OUTER_BOUND('',#265,.T.);
#141=FACE_OUTER_BOUND('',#266,.T.);
#142=FACE_OUTER_BOUND('',#267,.T.);
#143=FACE_OUTER_BOUND('',#268,.T.);
#144=FACE_OUTER_BOUND('',#270,.T.);
#145=FACE_OUTER_BOUND('',#271,.T.);
#146=FACE_OUTER_BOUND('',#272,.T.);
#147=FACE_OUTER_BOUND('',#273,.T.);
#148=FACE_OUTER_BOUND('',#274,.T.);
#149=FACE_OUTER_BOUND('',#275,.T.);
#150=FACE_OUTER_BOUND('',#276,.T.);
#151=FACE_OUTER_BOUND('',#277,.T.);
#152=FACE_OUTER_BOUND('',#278,.T.);
#153=FACE_OUTER_BOUND('',#279,.T.);
#154=FACE_OUTER_BOUND('',#280,.T.);
#155=FACE_OUTER_BOUND('',#281,.T.);
#156=FACE_OUTER_BOUND('',#282,.T.);
#157=FACE_OUTER_BOUND('',#283,.T.);
#158=FACE_OUTER_BOUND('',#284,.T.);
#159=FACE_OUTER_BOUND('',#285,.T.);
#160=FACE_OUTER_BOUND('',#286,.T.);
#161=FACE_OUTER_BOUND('',#287,.T.);
#162=FACE_OUTER_BOUND('',#288,.T.);
#163=FACE_OUTER_BOUND('',#289,.T.);
#164=FACE_OUTER_BOUND('',#290,.T.);
#165=FACE_OUTER_BOUND('',#291,.T.);
#166=FACE_OUTER_BOUND('',#292,.T.);
#167=FACE_OUTER_BOUND('',#293,.T.);
#168=FACE_OUTER_BOUND('',#294,.T.);
#169=FACE_OUTER_BOUND('',#295,.T.);
#170=FACE_OUTER_BOUND('',#297,.T.);
#171=FACE_OUTER_BOUND('',#298,.T.);
#172=FACE_OUTER_BOUND('',#299,.T.);
#173=FACE_OUTER_BOUND('',#300,.T.);
#174=FACE_OUTER_BOUND('',#301,.T.);
#175=FACE_OUTER_BOUND('',#302,.T.);
#176=FACE_OUTER_BOUND('',#303,.T.);
#177=FACE_OUTER_BOUND('',#305,.T.);
#178=FACE_OUTER_BOUND('',#306,.T.);
#179=FACE_OUTER_BOUND('',#307,.T.);
#180=FACE_OUTER_BOUND('',#308,.T.);
#181=FACE_OUTER_BOUND('',#309,.T.);
#182=FACE_OUTER_BOUND('',#310,.T.);
#183=FACE_OUTER_BOUND('',#311,.T.);
#184=FACE_OUTER_BOUND('',#312,.T.);
#185=FACE_OUTER_BOUND('',#313,.T.);
#186=FACE_OUTER_BOUND('',#314,.T.);
#187=FACE_OUTER_BOUND('',#315,.T.);
#188=FACE_OUTER_BOUND('',#316,.T.);
#189=FACE_OUTER_BOUND('',#317,.T.);
#190=FACE_OUTER_BOUND('',#318,.T.);
#191=FACE_OUTER_BOUND('',#319,.T.);
#192=FACE_OUTER_BOUND('',#320,.T.);
#193=FACE_OUTER_BOUND('',#321,.T.);
#194=FACE_OUTER_BOUND('',#322,.T.);
#195=FACE_OUTER_BOUND('',#323,.T.);
#196=FACE_OUTER_BOUND('',#324,.T.);
#197=FACE_OUTER_BOUND('',#325,.T.);
#198=EDGE_LOOP('',(#1333,#1334,#1335,#1336));
#199=EDGE_LOOP('',(#1337,#1338,#1339,#1340));
#200=EDGE_LOOP('',(#1341,#1342,#1343,#1344));
#201=EDGE_LOOP('',(#1345,#1346,#1347,#1348));
#202=EDGE_LOOP('',(#1349,#1350,#1351,#1352));
#203=EDGE_LOOP('',(#1353,#1354,#1355,#1356));
#204=EDGE_LOOP('',(#1357,#1358,#1359,#1360));
#205=EDGE_LOOP('',(#1361,#1362,#1363,#1364));
#206=EDGE_LOOP('',(#1365,#1366,#1367,#1368));
#207=EDGE_LOOP('',(#1369,#1370,#1371,#1372));
#208=EDGE_LOOP('',(#1373,#1374,#1375,#1376));
#209=EDGE_LOOP('',(#1377,#1378,#1379,#1380));
#210=EDGE_LOOP('',(#1381,#1382,#1383,#1384));
#211=EDGE_LOOP('',(#1385,#1386,#1387,#1388));
#212=EDGE_LOOP('',(#1389,#1390,#1391,#1392));
#213=EDGE_LOOP('',(#1393,#1394,#1395,#1396));
#214=EDGE_LOOP('',(#1397,#1398,#1399,#1400));
#215=EDGE_LOOP('',(#1401,#1402,#1403,#1404));
#216=EDGE_LOOP('',(#1405,#1406,#1407,#1408));
#217=EDGE_LOOP('',(#1409,#1410,#1411,#1412));
#218=EDGE_LOOP('',(#1413,#1414,#1415,#1416));
#219=EDGE_LOOP('',(#1417,#1418,#1419,#1420));
#220=EDGE_LOOP('',(#1421,#1422,#1423,#1424));
#221=EDGE_LOOP('',(#1425,#1426,#1427,#1428));
#222=EDGE_LOOP('',(#1429,#1430,#1431,#1432));
#223=EDGE_LOOP('',(#1433,#1434,#1435,#1436));
#224=EDGE_LOOP('',(#1437,#1438,#1439,#1440));
#225=EDGE_LOOP('',(#1441,#1442,#1443,#1444));
#226=EDGE_LOOP('',(#1445,#1446,#1447,#1448));
#227=EDGE_LOOP('',(#1449,#1450,#1451,#1452));
#228=EDGE_LOOP('',(#1453,#1454,#1455,#1456,#1457,#1458,#1459,#1460,#1461));
#229=EDGE_LOOP('',(#1462,#1463,#1464,#1465));
#230=EDGE_LOOP('',(#1466,#1467,#1468,#1469));
#231=EDGE_LOOP('',(#1470,#1471,#1472,#1473));
#232=EDGE_LOOP('',(#1474,#1475,#1476,#1477));
#233=EDGE_LOOP('',(#1478,#1479,#1480,#1481));
#234=EDGE_LOOP('',(#1482,#1483,#1484,#1485));
#235=EDGE_LOOP('',(#1486,#1487,#1488,#1489));
#236=EDGE_LOOP('',(#1490,#1491,#1492,#1493));
#237=EDGE_LOOP('',(#1494,#1495,#1496,#1497));
#238=EDGE_LOOP('',(#1498,#1499,#1500,#1501));
#239=EDGE_LOOP('',(#1502,#1503,#1504,#1505));
#240=EDGE_LOOP('',(#1506,#1507,#1508,#1509));
#241=EDGE_LOOP('',(#1510,#1511,#1512,#1513));
#242=EDGE_LOOP('',(#1514,#1515,#1516,#1517));
#243=EDGE_LOOP('',(#1518,#1519,#1520,#1521));
#244=EDGE_LOOP('',(#1522,#1523,#1524,#1525));
#245=EDGE_LOOP('',(#1526,#1527,#1528,#1529));
#246=EDGE_LOOP('',(#1530,#1531,#1532,#1533));
#247=EDGE_LOOP('',(#1534,#1535,#1536,#1537));
#248=EDGE_LOOP('',(#1538,#1539,#1540,#1541));
#249=EDGE_LOOP('',(#1542,#1543,#1544,#1545));
#250=EDGE_LOOP('',(#1546,#1547,#1548,#1549));
#251=EDGE_LOOP('',(#1550,#1551,#1552,#1553));
#252=EDGE_LOOP('',(#1554,#1555,#1556,#1557));
#253=EDGE_LOOP('',(#1558,#1559,#1560,#1561));
#254=EDGE_LOOP('',(#1562,#1563,#1564,#1565));
#255=EDGE_LOOP('',(#1566,#1567,#1568,#1569));
#256=EDGE_LOOP('',(#1570,#1571,#1572,#1573));
#257=EDGE_LOOP('',(#1574,#1575,#1576));
#258=EDGE_LOOP('',(#1577,#1578,#1579,#1580));
#259=EDGE_LOOP('',(#1581,#1582,#1583,#1584,#1585,#1586,#1587,#1588,#1589,
#1590));
#260=EDGE_LOOP('',(#1591,#1592,#1593,#1594));
#261=EDGE_LOOP('',(#1595));
#262=EDGE_LOOP('',(#1596,#1597,#1598,#1599,#1600));
#263=EDGE_LOOP('',(#1601,#1602,#1603,#1604,#1605));
#264=EDGE_LOOP('',(#1606,#1607,#1608,#1609,#1610));
#265=EDGE_LOOP('',(#1611,#1612,#1613,#1614,#1615,#1616,#1617,#1618,#1619,
#1620,#1621,#1622,#1623,#1624,#1625,#1626,#1627,#1628,#1629,#1630,#1631,
#1632,#1633,#1634,#1635,#1636,#1637,#1638,#1639,#1640,#1641,#1642,#1643,
#1644,#1645,#1646,#1647,#1648,#1649,#1650,#1651,#1652,#1653,#1654,#1655,
#1656,#1657,#1658,#1659,#1660,#1661,#1662,#1663,#1664,#1665,#1666,#1667,
#1668,#1669,#1670,#1671,#1672,#1673,#1674,#1675));
#266=EDGE_LOOP('',(#1676,#1677,#1678,#1679));
#267=EDGE_LOOP('',(#1680,#1681,#1682,#1683,#1684,#1685,#1686,#1687,#1688,
#1689));
#268=EDGE_LOOP('',(#1690));
#269=EDGE_LOOP('',(#1691,#1692,#1693,#1694));
#270=EDGE_LOOP('',(#1695,#1696,#1697,#1698));
#271=EDGE_LOOP('',(#1699,#1700,#1701,#1702));
#272=EDGE_LOOP('',(#1703,#1704,#1705,#1706));
#273=EDGE_LOOP('',(#1707,#1708,#1709,#1710));
#274=EDGE_LOOP('',(#1711,#1712,#1713,#1714));
#275=EDGE_LOOP('',(#1715,#1716,#1717,#1718));
#276=EDGE_LOOP('',(#1719,#1720,#1721,#1722));
#277=EDGE_LOOP('',(#1723,#1724,#1725,#1726));
#278=EDGE_LOOP('',(#1727,#1728,#1729,#1730));
#279=EDGE_LOOP('',(#1731,#1732,#1733,#1734));
#280=EDGE_LOOP('',(#1735,#1736,#1737,#1738));
#281=EDGE_LOOP('',(#1739,#1740,#1741,#1742));
#282=EDGE_LOOP('',(#1743,#1744,#1745,#1746));
#283=EDGE_LOOP('',(#1747,#1748,#1749,#1750));
#284=EDGE_LOOP('',(#1751,#1752,#1753,#1754));
#285=EDGE_LOOP('',(#1755,#1756,#1757,#1758));
#286=EDGE_LOOP('',(#1759,#1760,#1761,#1762,#1763,#1764));
#287=EDGE_LOOP('',(#1765,#1766,#1767,#1768));
#288=EDGE_LOOP('',(#1769,#1770,#1771,#1772));
#289=EDGE_LOOP('',(#1773,#1774,#1775,#1776));
#290=EDGE_LOOP('',(#1777,#1778,#1779,#1780));
#291=EDGE_LOOP('',(#1781,#1782,#1783,#1784));
#292=EDGE_LOOP('',(#1785,#1786,#1787,#1788));
#293=EDGE_LOOP('',(#1789,#1790,#1791,#1792));
#294=EDGE_LOOP('',(#1793,#1794,#1795,#1796));
#295=EDGE_LOOP('',(#1797,#1798,#1799,#1800));
#296=EDGE_LOOP('',(#1801,#1802,#1803,#1804));
#297=EDGE_LOOP('',(#1805,#1806,#1807,#1808));
#298=EDGE_LOOP('',(#1809,#1810,#1811,#1812));
#299=EDGE_LOOP('',(#1813,#1814,#1815,#1816));
#300=EDGE_LOOP('',(#1817,#1818,#1819,#1820));
#301=EDGE_LOOP('',(#1821,#1822,#1823,#1824));
#302=EDGE_LOOP('',(#1825,#1826,#1827,#1828));
#303=EDGE_LOOP('',(#1829,#1830,#1831,#1832,#1833,#1834,#1835,#1836,#1837,
#1838,#1839));
#304=EDGE_LOOP('',(#1840,#1841,#1842,#1843));
#305=EDGE_LOOP('',(#1844,#1845,#1846,#1847));
#306=EDGE_LOOP('',(#1848,#1849,#1850,#1851));
#307=EDGE_LOOP('',(#1852,#1853,#1854,#1855));
#308=EDGE_LOOP('',(#1856,#1857,#1858,#1859));
#309=EDGE_LOOP('',(#1860,#1861,#1862,#1863));
#310=EDGE_LOOP('',(#1864,#1865,#1866,#1867));
#311=EDGE_LOOP('',(#1868,#1869,#1870,#1871));
#312=EDGE_LOOP('',(#1872,#1873,#1874,#1875));
#313=EDGE_LOOP('',(#1876,#1877,#1878,#1879));
#314=EDGE_LOOP('',(#1880,#1881,#1882,#1883));
#315=EDGE_LOOP('',(#1884,#1885,#1886,#1887));
#316=EDGE_LOOP('',(#1888,#1889,#1890,#1891));
#317=EDGE_LOOP('',(#1892,#1893,#1894,#1895));
#318=EDGE_LOOP('',(#1896,#1897,#1898,#1899));
#319=EDGE_LOOP('',(#1900,#1901,#1902,#1903));
#320=EDGE_LOOP('',(#1904,#1905,#1906,#1907,#1908));
#321=EDGE_LOOP('',(#1909,#1910,#1911,#1912,#1913,#1914,#1915,#1916,#1917,
#1918,#1919,#1920,#1921,#1922,#1923,#1924,#1925,#1926,#1927,#1928,#1929,
#1930,#1931,#1932,#1933,#1934,#1935,#1936,#1937,#1938,#1939,#1940,#1941,
#1942,#1943,#1944,#1945,#1946,#1947,#1948,#1949,#1950,#1951,#1952,#1953,
#1954,#1955,#1956,#1957,#1958,#1959,#1960,#1961,#1962,#1963,#1964,#1965,
#1966,#1967,#1968,#1969,#1970,#1971,#1972));
#322=EDGE_LOOP('',(#1973,#1974,#1975,#1976));
#323=EDGE_LOOP('',(#1977,#1978,#1979,#1980));
#324=EDGE_LOOP('',(#1981,#1982,#1983,#1984));
#325=EDGE_LOOP('',(#1985,#1986,#1987,#1988));
#326=CIRCLE('',#2202,1.543);
#327=CIRCLE('',#2232,1.543);
#328=CIRCLE('',#2234,1.2645);
#329=CIRCLE('',#2235,1.2645);
#330=CIRCLE('',#2236,1.2645);
#331=CIRCLE('',#2237,1.2645);
#332=CIRCLE('',#2267,1.2645);
#333=CIRCLE('',#2269,1.2645);
#334=CIRCLE('',#2270,1.3645);
#335=CIRCLE('',#2272,5.4);
#336=CIRCLE('',#2273,10.1000000000017);
#337=CIRCLE('',#2274,2.9);
#338=CIRCLE('',#2275,10.1);
#339=CIRCLE('',#2276,5.4);
#340=CIRCLE('',#2277,5.4);
#341=CIRCLE('',#2278,2.1);
#342=CIRCLE('',#2279,2.1);
#343=CIRCLE('',#2282,1.3645);
#344=CIRCLE('',#2283,1.2645);
#345=CIRCLE('',#2286,2.9);
#346=CIRCLE('',#2287,3.);
#347=CIRCLE('',#2289,3.);
#348=CIRCLE('',#2291,3.);
#349=CIRCLE('',#2293,3.);
#350=CIRCLE('',#2296,2.);
#351=CIRCLE('',#2299,2.);
#352=CIRCLE('',#2303,2.);
#353=CIRCLE('',#2306,5.5);
#354=CIRCLE('',#2309,5.5);
#355=CIRCLE('',#2311,10.);
#356=CIRCLE('',#2314,3.);
#357=CIRCLE('',#2317,10.0000000000017);
#358=CIRCLE('',#2319,5.5);
#359=CIRCLE('',#2323,10.0000000000017);
#360=CIRCLE('',#2325,5.5);
#361=CIRCLE('',#2329,2.1);
#362=CIRCLE('',#2332,2.1);
#363=CIRCLE('',#2333,2.);
#364=CIRCLE('',#2335,3.6);
#365=CIRCLE('',#2336,3.6);
#366=CIRCLE('',#2339,3.7);
#367=CIRCLE('',#2340,3.6);
#368=CIRCLE('',#2343,3.7);
#369=CIRCLE('',#2344,3.6);
#370=CIRCLE('',#2348,10.1000000000017);
#371=CIRCLE('',#2349,5.4);
#372=CIRCLE('',#2350,5.4);
#373=CIRCLE('',#2351,5.4);
#374=CIRCLE('',#2352,10.1);
#375=CIRCLE('',#2358,5.5);
#376=CIRCLE('',#2361,5.5);
#377=CIRCLE('',#2363,10.);
#378=B_SPLINE_CURVE_WITH_KNOTS('',3,(#2885,#2886,#2887,#2888,#2889,#2890,
#2891,#2892),.UNSPECIFIED.,.F.,.F.,(4,1,1,1,1,4),(197.920337176157,198.381626338114,
199.379092996266,200.376559654419,201.374026312572,202.371492970724),
 .UNSPECIFIED.);
#379=B_SPLINE_CURVE_WITH_KNOTS('',3,(#2895,#2896,#2897,#2898,#2899,#2900,
#2901,#2902,#2903),.UNSPECIFIED.,.F.,.F.,(4,1,1,1,1,1,4),(197.920337176157,
197.932265227048,198.929731885201,199.927198543354,200.924665201506,201.922131859659,
202.89395934236),.UNSPECIFIED.);
#380=B_SPLINE_CURVE_WITH_KNOTS('',3,(#2908,#2909,#2910,#2911,#2912,#2913,
#2914,#2915,#2916,#2917),.UNSPECIFIED.,.F.,.F.,(4,1,1,1,1,1,1,4),(191.637151868977,
192.396826389198,193.394293047351,194.391759705503,195.389226363656,196.386693021809,
197.384159679961,197.920337176157),.UNSPECIFIED.);
#381=B_SPLINE_CURVE_WITH_KNOTS('',3,(#2918,#2919,#2920,#2921,#2922,#2923,
#2924,#2925,#2926,#2927),.UNSPECIFIED.,.F.,.F.,(4,1,1,1,1,1,1,4),(191.637151868977,
191.947465278133,192.944931936286,193.942398594438,194.939865252591,195.937331910743,
196.934798568896,197.920337176157),.UNSPECIFIED.);
#382=B_SPLINE_CURVE_WITH_KNOTS('',3,(#2932,#2933,#2934,#2935,#2936,#2937,
#2938,#2939,#2940,#2941,#2942),.UNSPECIFIED.,.F.,.F.,(4,1,1,1,1,1,1,1,4),
(185.353966561798,185.41455978213,186.412026440283,187.409493098435,188.406959756588,
189.40442641474,190.401893072893,191.399359731046,191.637151868977),
 .UNSPECIFIED.);
#383=B_SPLINE_CURVE_WITH_KNOTS('',3,(#2943,#2944,#2945,#2946,#2947,#2948,
#2949,#2950,#2951,#2952),.UNSPECIFIED.,.F.,.F.,(4,1,1,1,1,1,1,4),(185.353966561798,
185.962665329217,186.96013198737,187.957598645523,188.955065303675,189.952531961828,
190.94999861998,191.637151868977),.UNSPECIFIED.);
#384=B_SPLINE_CURVE_WITH_KNOTS('',3,(#2957,#2958,#2959,#2960,#2961,#2962,
#2963,#2964,#2965,#2966),.UNSPECIFIED.,.F.,.F.,(4,1,1,1,1,1,1,4),(179.070781254618,
179.429759833215,180.427226491367,181.42469314952,182.422159807672,183.419626465825,
184.417093123977,185.353966561798),.UNSPECIFIED.);
#385=B_SPLINE_CURVE_WITH_KNOTS('',3,(#2967,#2968,#2969,#2970,#2971,#2972,
#2973,#2974,#2975,#2976),.UNSPECIFIED.,.F.,.F.,(4,1,1,1,1,1,1,4),(179.070781254618,
179.977865380302,180.975332038454,181.972798696607,182.97026535476,183.967732012912,
184.965198671065,185.353966561798),.UNSPECIFIED.);
#386=B_SPLINE_CURVE_WITH_KNOTS('',3,(#2981,#2982,#2983,#2984,#2985,#2986,
#2987,#2988,#2989,#2990),.UNSPECIFIED.,.F.,.F.,(4,1,1,1,1,1,1,4),(172.787595947439,
173.444959884299,174.442426542452,175.439893200604,176.437359858757,177.434826516909,
178.432293175062,179.070781254618),.UNSPECIFIED.);
#387=B_SPLINE_CURVE_WITH_KNOTS('',3,(#2991,#2992,#2993,#2994,#2995,#2996,
#2997,#2998,#2999,#3000,#3001),.UNSPECIFIED.,.F.,.F.,(4,1,1,1,1,1,1,1,4),
(172.787595947439,172.995598773234,173.993065431386,174.990532089539,175.987998747692,
176.985465405844,177.982932063997,178.980398722149,179.070781254618),
 .UNSPECIFIED.);
#388=B_SPLINE_CURVE_WITH_KNOTS('',3,(#3006,#3007,#3008,#3009,#3010,#3011,
#3012,#3013,#3014,#3015),.UNSPECIFIED.,.F.,.F.,(4,1,1,1,1,1,1,4),(166.504410640259,
167.460159935383,168.457626593536,169.455093251689,170.452559909841,171.450026567994,
172.447493226146,172.787595947439),.UNSPECIFIED.);
#389=B_SPLINE_CURVE_WITH_KNOTS('',3,(#3016,#3017,#3018,#3019,#3020,#3021,
#3022,#3023,#3024,#3025),.UNSPECIFIED.,.F.,.F.,(4,1,1,1,1,1,1,4),(166.504410640259,
167.010798824318,168.008265482471,169.005732140623,170.003198798776,171.000665456929,
171.998132115081,172.787595947439),.UNSPECIFIED.);
#390=B_SPLINE_CURVE_WITH_KNOTS('',3,(#3030,#3031,#3032,#3033,#3034,#3035,
#3036,#3037,#3038,#3039,#3040),.UNSPECIFIED.,.F.,.F.,(4,1,1,1,1,1,1,1,4),
(160.22122533308,160.477893328315,161.475359986468,162.472826644621,163.470293302773,
164.467759960926,165.465226619078,166.462693277231,166.504410640259),
 .UNSPECIFIED.);
#391=B_SPLINE_CURVE_WITH_KNOTS('',3,(#3041,#3042,#3043,#3044,#3045,#3046,
#3047,#3048,#3049,#3050),.UNSPECIFIED.,.F.,.F.,(4,1,1,1,1,1,1,4),(160.22122533308,
161.025998875403,162.023465533555,163.020932191708,164.01839884986,165.015865508013,
166.013332166166,166.504410640259),.UNSPECIFIED.);
#392=B_SPLINE_CURVE_WITH_KNOTS('',3,(#3055,#3056,#3057,#3058,#3059,#3060,
#3061,#3062,#3063,#3064),.UNSPECIFIED.,.F.,.F.,(4,1,1,1,1,1,1,4),(153.9380400259,
154.4930933794,155.490560037552,156.488026695705,157.485493353858,158.48296001201,
159.480426670163,160.22122533308),.UNSPECIFIED.);
#393=B_SPLINE_CURVE_WITH_KNOTS('',3,(#3065,#3066,#3067,#3068,#3069,#3070,
#3071,#3072,#3073,#3074,#3075),.UNSPECIFIED.,.F.,.F.,(4,1,1,1,1,1,1,1,4),
(153.9380400259,154.043732268335,155.041198926487,156.03866558464,157.036132242792,
158.033598900945,159.031065559097,160.02853221725,160.22122533308),
 .UNSPECIFIED.);
#394=B_SPLINE_CURVE_WITH_KNOTS('',3,(#3080,#3081,#3082,#3083,#3084,#3085,
#3086,#3087,#3088,#3089),.UNSPECIFIED.,.F.,.F.,(4,1,1,1,1,1,1,4),(147.65485471872,
148.508293430484,149.505760088637,150.503226746789,151.500693404942,152.498160063095,
153.495626721247,153.9380400259),.UNSPECIFIED.);
#395=B_SPLINE_CURVE_WITH_KNOTS('',3,(#3090,#3091,#3092,#3093,#3094,#3095,
#3096,#3097,#3098,#3099),.UNSPECIFIED.,.F.,.F.,(4,1,1,1,1,1,1,4),(147.65485471872,
148.058932319419,149.056398977572,150.053865635724,151.051332293877,152.048798952029,
153.046265610182,153.9380400259),.UNSPECIFIED.);
#396=B_SPLINE_CURVE_WITH_KNOTS('',3,(#3104,#3105,#3106,#3107,#3108,#3109,
#3110,#3111,#3112,#3113,#3114),.UNSPECIFIED.,.F.,.F.,(4,1,1,1,1,1,1,1,4),
(141.371669411541,141.526026823416,142.523493481569,143.520960139721,144.518426797874,
145.515893456027,146.513360114179,147.510826772332,147.65485471872),
 .UNSPECIFIED.);
#397=B_SPLINE_CURVE_WITH_KNOTS('',3,(#3115,#3116,#3117,#3118,#3119,#3120,
#3121,#3122,#3123,#3124),.UNSPECIFIED.,.F.,.F.,(4,1,1,1,1,1,1,4),(141.371669411541,
142.074132370503,143.071599028656,144.069065686809,145.066532344961,146.063999003114,
147.061465661266,147.65485471872),.UNSPECIFIED.);
#398=B_SPLINE_CURVE_WITH_KNOTS('',3,(#3129,#3130,#3131,#3132,#3133,#3134,
#3135,#3136,#3137,#3138),.UNSPECIFIED.,.F.,.F.,(4,1,1,1,1,1,1,4),(135.088484104361,
135.541226874501,136.538693532653,137.536160190806,138.533626848958,139.531093507111,
140.528560165264,141.371669411541),.UNSPECIFIED.);
#399=B_SPLINE_CURVE_WITH_KNOTS('',3,(#3139,#3140,#3141,#3142,#3143,#3144,
#3145,#3146,#3147,#3148,#3149),.UNSPECIFIED.,.F.,.F.,(4,1,1,1,1,1,1,1,4),
(135.088484104361,135.091865763435,136.089332421588,137.086799079741,138.084265737893,
139.081732396046,140.079199054198,141.076665712351,141.371669411541),
 .UNSPECIFIED.);
#400=B_SPLINE_CURVE_WITH_KNOTS('',3,(#3154,#3155,#3156,#3157,#3158,#3159,
#3160,#3161,#3162,#3163),.UNSPECIFIED.,.F.,.F.,(4,1,1,1,1,1,1,4),(128.805298797182,
129.556426925585,130.553893583738,131.55136024189,132.548826900043,133.546293558195,
134.543760216348,135.088484104361),.UNSPECIFIED.);
#401=B_SPLINE_CURVE_WITH_KNOTS('',3,(#3164,#3165,#3166,#3167,#3168,#3169,
#3170,#3171,#3172,#3173),.UNSPECIFIED.,.F.,.F.,(4,1,1,1,1,1,1,4),(128.805298797182,
129.10706581452,130.104532472672,131.101999130825,132.099465788978,133.09693244713,
134.094399105283,135.088484104361),.UNSPECIFIED.);
#402=B_SPLINE_CURVE_WITH_KNOTS('',3,(#3178,#3179,#3180,#3181,#3182,#3183,
#3184,#3185,#3186,#3187,#3188),.UNSPECIFIED.,.F.,.F.,(4,1,1,1,1,1,1,1,4),
(122.522113490002,122.574160318517,123.57162697667,124.569093634822,125.566560292975,
126.564026951127,127.56149360928,128.558960267432,128.805298797182),
 .UNSPECIFIED.);
#403=B_SPLINE_CURVE_WITH_KNOTS('',3,(#3189,#3190,#3191,#3192,#3193,#3194,
#3195,#3196,#3197,#3198),.UNSPECIFIED.,.F.,.F.,(4,1,1,1,1,1,1,4),(122.522113490002,
123.122265865604,124.119732523757,125.117199181909,126.114665840062,127.112132498215,
128.109599156367,128.805298797182),.UNSPECIFIED.);
#404=B_SPLINE_CURVE_WITH_KNOTS('',3,(#3203,#3204,#3205,#3206,#3207,#3208,
#3209,#3210,#3211,#3212),.UNSPECIFIED.,.F.,.F.,(4,1,1,1,1,1,1,4),(116.238928182823,
116.589360369601,117.586827027754,118.584293685907,119.581760344059,120.579227002212,
121.576693660364,122.522113490002),.UNSPECIFIED.);
#405=B_SPLINE_CURVE_WITH_KNOTS('',3,(#3213,#3214,#3215,#3216,#3217,#3218,
#3219,#3220,#3221,#3222),.UNSPECIFIED.,.F.,.F.,(4,1,1,1,1,1,1,4),(116.238928182823,
117.137465916689,118.134932574841,119.132399232994,120.129865891147,121.127332549299,
122.124799207452,122.522113490002),.UNSPECIFIED.);
#406=B_SPLINE_CURVE_WITH_KNOTS('',3,(#3227,#3228,#3229,#3230,#3231,#3232,
#3233,#3234,#3235,#3236),.UNSPECIFIED.,.F.,.F.,(4,1,1,1,1,1,1,4),(109.955742875643,
110.604560420686,111.602027078838,112.599493736991,113.596960395144,114.594427053296,
115.591893711449,116.238928182823),.UNSPECIFIED.);
#407=B_SPLINE_CURVE_WITH_KNOTS('',3,(#3237,#3238,#3239,#3240,#3241,#3242,
#3243,#3244,#3245,#3246,#3247),.UNSPECIFIED.,.F.,.F.,(4,1,1,1,1,1,1,1,4),
(109.955742875643,110.155199309621,111.152665967773,112.150132625926,113.147599284078,
114.145065942231,115.142532600384,116.139999258536,116.238928182823),
 .UNSPECIFIED.);
#408=B_SPLINE_CURVE_WITH_KNOTS('',3,(#3252,#3253,#3254,#3255,#3256,#3257,
#3258,#3259,#3260,#3261),.UNSPECIFIED.,.F.,.F.,(4,1,1,1,1,1,1,4),(103.672557568463,
104.61976047177,105.617227129923,106.614693788076,107.612160446228,108.609627104381,
109.607093762533,109.955742875643),.UNSPECIFIED.);
#409=B_SPLINE_CURVE_WITH_KNOTS('',3,(#3262,#3263,#3264,#3265,#3266,#3267,
#3268,#3269,#3270,#3271),.UNSPECIFIED.,.F.,.F.,(4,1,1,1,1,1,1,4),(103.672557568463,
104.170399360705,105.167866018858,106.16533267701,107.162799335163,108.160265993315,
109.157732651468,109.955742875643),.UNSPECIFIED.);
#410=B_SPLINE_CURVE_WITH_KNOTS('',3,(#3276,#3277,#3278,#3279,#3280,#3281,
#3282,#3283,#3284,#3285,#3286),.UNSPECIFIED.,.F.,.F.,(4,1,1,1,1,1,1,1,4),
(97.3893722612838,97.6374938647022,98.6349605228548,99.6324271810074,100.62989383916,
101.627360497313,102.624827155465,103.622293813618,103.672557568463),
 .UNSPECIFIED.);
#411=B_SPLINE_CURVE_WITH_KNOTS('',3,(#3287,#3288,#3289,#3290,#3291,#3292,
#3293,#3294,#3295,#3296),.UNSPECIFIED.,.F.,.F.,(4,1,1,1,1,1,1,4),(97.3893722612838,
98.1855994117896,99.1830660699421,100.180532728095,101.177999386247,102.1754660444,
103.172932702552,103.672557568463),.UNSPECIFIED.);
#412=B_SPLINE_CURVE_WITH_KNOTS('',3,(#3301,#3302,#3303,#3304,#3305,#3306,
#3307,#3308,#3309,#3310),.UNSPECIFIED.,.F.,.F.,(4,1,1,1,1,1,1,4),(91.1061869541042,
91.6526939157867,92.6501605739393,93.6476272320919,94.6450938902445,95.6425605483971,
96.6400272065496,97.3893722612838),.UNSPECIFIED.);
#413=B_SPLINE_CURVE_WITH_KNOTS('',3,(#3311,#3312,#3313,#3314,#3315,#3316,
#3317,#3318,#3319,#3320,#3321),.UNSPECIFIED.,.F.,.F.,(4,1,1,1,1,1,1,1,4),
(91.1061869541042,91.2033328047214,92.200799462874,93.1982661210266,94.1957327791792,
95.1931994373318,96.1906660954844,97.1881327536369,97.3893722612838),
 .UNSPECIFIED.);
#414=B_SPLINE_CURVE_WITH_KNOTS('',3,(#3326,#3327,#3328,#3329,#3330,#3331,
#3332,#3333,#3334,#3335),.UNSPECIFIED.,.F.,.F.,(4,1,1,1,1,1,1,4),(84.8230016469246,
85.6678939668712,86.6653606250238,87.6628272831763,88.6602939413289,89.6577605994815,
90.6552272576341,91.1061869541042),.UNSPECIFIED.);
#415=B_SPLINE_CURVE_WITH_KNOTS('',3,(#3336,#3337,#3338,#3339,#3340,#3341,
#3342,#3343,#3344,#3345),.UNSPECIFIED.,.F.,.F.,(4,1,1,1,1,1,1,4),(84.8230016469246,
85.2185328558059,86.2159995139585,87.2134661721111,88.2109328302637,89.2083994884162,
90.2058661465688,91.1061869541042),.UNSPECIFIED.);
#416=B_SPLINE_CURVE_WITH_KNOTS('',3,(#3350,#3351,#3352,#3353,#3354,#3355,
#3356,#3357,#3358,#3359,#3360),.UNSPECIFIED.,.F.,.F.,(4,1,1,1,1,1,1,1,4),
(78.539816339745,78.685627359803,79.6830940179556,80.6805606761082,81.6780273342608,
82.6754939924134,83.672960650566,84.6704273087186,84.8230016469246),
 .UNSPECIFIED.);
#417=B_SPLINE_CURVE_WITH_KNOTS('',3,(#3361,#3362,#3363,#3364,#3365,#3366,
#3367,#3368,#3369,#3370),.UNSPECIFIED.,.F.,.F.,(4,1,1,1,1,1,1,4),(78.539816339745,
79.2337329068903,80.2311995650429,81.2286662231955,82.2261328813481,83.2235995395007,
84.2210661976533,84.8230016469246),.UNSPECIFIED.);
#418=B_SPLINE_CURVE_WITH_KNOTS('',3,(#3375,#3376,#3377,#3378,#3379,#3380,
#3381,#3382,#3383,#3384),.UNSPECIFIED.,.F.,.F.,(4,1,1,1,1,1,1,4),(72.2566310325654,
72.7008274108875,73.6982940690401,74.6957607271927,75.6932273853453,76.6906940434979,
77.6881607016504,78.539816339745),.UNSPECIFIED.);
#419=B_SPLINE_CURVE_WITH_KNOTS('',3,(#3385,#3386,#3387,#3388,#3389,#3390,
#3391,#3392,#3393,#3394),.UNSPECIFIED.,.F.,.F.,(4,1,1,1,1,1,1,4),(72.2566310325654,
73.2489329579748,74.2463996161274,75.24386627428,76.2413329324326,77.2387995905852,
78.2362662487378,78.539816339745),.UNSPECIFIED.);
#420=B_SPLINE_CURVE_WITH_KNOTS('',3,(#3399,#3400,#3401,#3402,#3403,#3404,
#3405,#3406,#3407,#3408),.UNSPECIFIED.,.F.,.F.,(4,1,1,1,1,1,1,4),(65.9734457253858,
66.716027461972,67.7134941201246,68.7109607782771,69.7084274364297,70.7058940945823,
71.7033607527349,72.2566310325654),.UNSPECIFIED.);
#421=B_SPLINE_CURVE_WITH_KNOTS('',3,(#3409,#3410,#3411,#3412,#3413,#3414,
#3415,#3416,#3417,#3418,#3419),.UNSPECIFIED.,.F.,.F.,(4,1,1,1,1,1,1,1,4),
(65.9734457253858,66.2666663509067,67.2641330090593,68.2615996672119,69.2590663253645,
70.256532983517,71.2539996416696,72.2514662998222,72.2566310325654),
 .UNSPECIFIED.);
#422=B_SPLINE_CURVE_WITH_KNOTS('',3,(#3424,#3425,#3426,#3427,#3428,#3429,
#3430,#3431,#3432,#3433,#3434),.UNSPECIFIED.,.F.,.F.,(4,1,1,1,1,1,1,1,4),
(59.6902604182062,59.7337608549038,60.7312275130564,61.728694171209,62.7261608293616,
63.7236274875142,64.7210941456668,65.7185608038194,65.9734457253858),
 .UNSPECIFIED.);
#423=B_SPLINE_CURVE_WITH_KNOTS('',3,(#3435,#3436,#3437,#3438,#3439,#3440,
#3441,#3442,#3443,#3444),.UNSPECIFIED.,.F.,.F.,(4,1,1,1,1,1,1,4),(59.6902604182062,
60.2818664019912,61.2793330601437,62.2767997182963,63.2742663764489,64.2717330346015,
65.2691996927541,65.9734457253858),.UNSPECIFIED.);
#424=B_SPLINE_CURVE_WITH_KNOTS('',3,(#3449,#3450,#3451,#3452,#3453,#3454,
#3455,#3456,#3457,#3458),.UNSPECIFIED.,.F.,.F.,(4,1,1,1,1,1,1,4),(53.4070751110266,
53.7489609059883,54.7464275641409,55.7438942222935,56.7413608804461,57.7388275385987,
58.7362941967512,59.6902604182062),.UNSPECIFIED.);
#425=B_SPLINE_CURVE_WITH_KNOTS('',3,(#3459,#3460,#3461,#3462,#3463,#3464,
#3465,#3466,#3467,#3468),.UNSPECIFIED.,.F.,.F.,(4,1,1,1,1,1,1,4),(53.4070751110267,
54.2970664530756,55.2945331112282,56.2919997693808,57.2894664275334,58.286933085686,
59.2843997438386,59.6902604182062),.UNSPECIFIED.);
#426=B_SPLINE_CURVE_WITH_KNOTS('',3,(#3473,#3474,#3475,#3476,#3477,#3478,
#3479,#3480,#3481,#3482),.UNSPECIFIED.,.F.,.F.,(4,1,1,1,1,1,1,4),(47.123889803847,
47.7641609570728,48.7616276152254,49.7590942733779,50.7565609315305,51.7540275896831,
52.7514942478357,53.4070751110266),.UNSPECIFIED.);
#427=B_SPLINE_CURVE_WITH_KNOTS('',3,(#3483,#3484,#3485,#3486,#3487,#3488,
#3489,#3490,#3491,#3492,#3493),.UNSPECIFIED.,.F.,.F.,(4,1,1,1,1,1,1,1,4),
(47.123889803847,47.3147998460075,48.3122665041601,49.3097331623127,50.3071998204653,
51.3046664786179,52.3021331367704,53.299599794923,53.4070751110267),
 .UNSPECIFIED.);
#428=B_SPLINE_CURVE_WITH_KNOTS('',3,(#3498,#3499,#3500,#3501,#3502,#3503,
#3504,#3505,#3506,#3507),.UNSPECIFIED.,.F.,.F.,(4,1,1,1,1,1,1,4),(40.8407044966675,
41.7793610081572,42.7768276663098,43.7742943244624,44.771760982615,45.7692276407676,
46.7666942989202,47.123889803847),.UNSPECIFIED.);
#429=B_SPLINE_CURVE_WITH_KNOTS('',3,(#3508,#3509,#3510,#3511,#3512,#3513,
#3514,#3515,#3516,#3517),.UNSPECIFIED.,.F.,.F.,(4,1,1,1,1,1,1,4),(40.8407044966675,
41.329999897092,42.3274665552446,43.3249332133971,44.3223998715497,45.3198665297023,
46.3173331878549,47.123889803847),.UNSPECIFIED.);
#430=B_SPLINE_CURVE_WITH_KNOTS('',3,(#3522,#3523,#3524,#3525,#3526,#3527,
#3528,#3529,#3530,#3531,#3532),.UNSPECIFIED.,.F.,.F.,(4,1,1,1,1,1,1,1,4),
(34.5575191894878,34.7970944010891,35.7945610592417,36.7920277173943,37.7894943755469,
38.7869610336995,39.784427691852,40.7818943500046,40.8407044966675),
 .UNSPECIFIED.);
#431=B_SPLINE_CURVE_WITH_KNOTS('',3,(#3533,#3534,#3535,#3536,#3537,#3538,
#3539,#3540,#3541,#3542),.UNSPECIFIED.,.F.,.F.,(4,1,1,1,1,1,1,4),(34.5575191894878,
35.3451999481764,36.342666606329,37.3401332644816,38.3375999226342,39.3350665807868,
40.3325332389394,40.8407044966675),.UNSPECIFIED.);
#432=B_SPLINE_CURVE_WITH_KNOTS('',3,(#3547,#3548,#3549,#3550,#3551,#3552,
#3553,#3554,#3555,#3556),.UNSPECIFIED.,.F.,.F.,(4,1,1,1,1,1,1,4),(28.2743338823083,
28.8122944521736,29.8097611103262,30.8072277684787,31.8046944266313,32.8021610847839,
33.7996277429365,34.5575191894878),.UNSPECIFIED.);
#433=B_SPLINE_CURVE_WITH_KNOTS('',3,(#3557,#3558,#3559,#3560,#3561,#3562,
#3563,#3564,#3565,#3566,#3567),.UNSPECIFIED.,.F.,.F.,(4,1,1,1,1,1,1,1,4),
(28.2743338823083,28.3629333411083,29.3603999992609,30.3578666574135,31.3553333155661,
32.3527999737187,33.3502666318712,34.3477332900238,34.5575191894878),
 .UNSPECIFIED.);
#434=B_SPLINE_CURVE_WITH_KNOTS('',3,(#3572,#3573,#3574,#3575,#3576,#3577,
#3578,#3579,#3580,#3581),.UNSPECIFIED.,.F.,.F.,(4,1,1,1,1,1,1,4),(21.9911485751287,
22.827494503258,23.8249611614106,24.8224278195632,25.8198944777158,26.8173611358684,
27.814827794021,28.2743338823083),.UNSPECIFIED.);
#435=B_SPLINE_CURVE_WITH_KNOTS('',3,(#3582,#3583,#3584,#3585,#3586,#3587,
#3588,#3589,#3590,#3591),.UNSPECIFIED.,.F.,.F.,(4,1,1,1,1,1,1,4),(21.9911485751287,
22.3781333921928,23.3756000503454,24.3730667084979,25.3705333666505,26.3680000248031,
27.3654666829557,28.2743338823083),.UNSPECIFIED.);
#436=B_SPLINE_CURVE_WITH_KNOTS('',3,(#3597,#3598,#3599,#3600,#3601),
 .UNSPECIFIED.,.F.,.F.,(4,1,4),(14.3984001269721,15.3958667851246,15.7079632679491),
 .UNSPECIFIED.);
#437=B_SPLINE_CURVE_WITH_KNOTS('',3,(#3604,#3605,#3606,#3607,#3608),
 .UNSPECIFIED.,.F.,.F.,(4,1,4),(13.8759337553365,14.8477612380373,15.7079632679491),
 .UNSPECIFIED.);
#438=B_SPLINE_CURVE_WITH_KNOTS('',3,(#3614,#3615,#3616,#3617,#3618,#3619,
#3620,#3621,#3622,#3623,#3624,#3625,#3626),.UNSPECIFIED.,.F.,.F.,(4,3,3,
3,4),(-3.85260200436955,-2.99239997445777,-1.99493331630518,-0.99746665815259,
0.),.UNSPECIFIED.);
#439=B_SPLINE_CURVE_WITH_KNOTS('',3,(#3636,#3637,#3638,#3639,#3640,#3641,
#3642,#3643,#3644,#3645,#3646,#3647,#3648,#3649,#3650,#3651,#3652,#3653,
#3654),.UNSPECIFIED.,.F.,.F.,(4,3,3,3,3,3,4),(2.02057249175693,2.99239997445777,
3.98986663261035,4.98733329076294,5.98479994891553,6.98226660706811,7.59274844815672),
 .UNSPECIFIED.);
#440=B_SPLINE_CURVE_WITH_KNOTS('',3,(#3659,#3660,#3661,#3662,#3663,#3664,
#3665,#3666,#3667,#3668,#3669,#3670,#3671,#3672,#3673,#3674,#3675,#3676,
#3677,#3678,#3679,#3680,#3681,#3682,#3683),.UNSPECIFIED.,.F.,.F.,(4,3,3,
3,3,3,3,3,4),(-10.1357873115491,-9.97466658152589,-8.9771999233733,-7.97973326522071,
-6.98226660706812,-5.98479994891554,-4.98733329076295,-3.98986663261036,
-3.85260200436955),.UNSPECIFIED.);
#441=B_SPLINE_CURVE_WITH_KNOTS('',3,(#3684,#3685,#3686,#3687,#3688,#3689,
#3690,#3691,#3692,#3693,#3694,#3695,#3696,#3697,#3698,#3699,#3700,#3701,
#3702,#3703,#3704,#3705),.UNSPECIFIED.,.F.,.F.,(4,3,3,3,3,3,3,4),(7.59274844815672,
7.9797332652207,8.97719992337329,9.97466658152588,10.9721332396785,11.9695998978311,
12.9670665559837,13.8759337553363),.UNSPECIFIED.);
#442=B_SPLINE_CURVE_WITH_KNOTS('',3,(#3710,#3711,#3712,#3713,#3714,#3715,
#3716,#3717,#3718,#3719,#3720,#3721,#3722,#3723,#3724,#3725,#3726,#3727,
#3728,#3729,#3730,#3731),.UNSPECIFIED.,.F.,.F.,(4,3,3,3,3,3,3,4),(-16.4189726187287,
-15.9594665304414,-14.9619998722888,-13.9645332141362,-12.9670665559837,
-11.9695998978311,-10.9721332396785,-10.1357873115491),.UNSPECIFIED.);
#443=B_SPLINE_CURVE_WITH_KNOTS('',3,(#3732,#3733,#3734,#3735,#3736,#3737,
#3738,#3739,#3740,#3741,#3742,#3743,#3744,#3745,#3746,#3747,#3748,#3749,
#3750,#3751,#3752,#3753,#3754,#3755,#3756),.UNSPECIFIED.,.F.,.F.,(4,3,3,
3,3,3,3,3,4),(13.8759337553363,13.9645332141362,14.9619998722888,15.9594665304414,
16.956933188594,17.9543998467466,18.9518665048992,19.9493331630518,20.1591190625159),
 .UNSPECIFIED.);
#444=B_SPLINE_CURVE_WITH_KNOTS('',3,(#3761,#3762,#3763,#3764,#3765,#3766,
#3767,#3768,#3769,#3770,#3771,#3772,#3773,#3774,#3775,#3776,#3777,#3778,
#3779,#3780,#3781,#3782),.UNSPECIFIED.,.F.,.F.,(4,3,3,3,3,3,3,4),(-22.7021579259083,
-21.944266479357,-20.9467998212044,-19.9493331630518,-18.9518665048992,
-17.9543998467466,-16.956933188594,-16.4189726187287),.UNSPECIFIED.);
#445=B_SPLINE_CURVE_WITH_KNOTS('',3,(#3783,#3784,#3785,#3786,#3787,#3788,
#3789,#3790,#3791,#3792,#3793,#3794,#3795,#3796,#3797,#3798,#3799,#3800,
#3801,#3802,#3803,#3804),.UNSPECIFIED.,.F.,.F.,(4,3,3,3,3,3,3,4),(20.1591190625159,
20.9467998212044,21.944266479357,22.9417331375096,23.9391997956621,24.9366664538147,
25.9341331119673,26.4423043696955),.UNSPECIFIED.);
#446=B_SPLINE_CURVE_WITH_KNOTS('',3,(#3809,#3810,#3811,#3812,#3813,#3814,
#3815,#3816,#3817,#3818,#3819,#3820,#3821,#3822,#3823,#3824,#3825,#3826,
#3827,#3828,#3829,#3830,#3831,#3832,#3833),.UNSPECIFIED.,.F.,.F.,(4,3,3,
3,3,3,3,3,4),(-28.9853432330879,-28.9265330864251,-27.9290664282725,-26.9315997701199,
-25.9341331119673,-24.9366664538147,-23.9391997956621,-22.9417331375096,
-22.7021579259083),.UNSPECIFIED.);
#447=B_SPLINE_CURVE_WITH_KNOTS('',3,(#3834,#3835,#3836,#3837,#3838,#3839,
#3840,#3841,#3842,#3843,#3844,#3845,#3846,#3847,#3848,#3849,#3850,#3851,
#3852,#3853,#3854,#3855),.UNSPECIFIED.,.F.,.F.,(4,3,3,3,3,3,3,4),(26.4423043696955,
26.9315997701199,27.9290664282725,28.9265330864251,29.9239997445777,30.9214664027303,
31.9189330608828,32.7254896768751),.UNSPECIFIED.);
#448=B_SPLINE_CURVE_WITH_KNOTS('',3,(#3860,#3861,#3862,#3863,#3864,#3865,
#3866,#3867,#3868,#3869,#3870,#3871,#3872,#3873,#3874,#3875,#3876,#3877,
#3878,#3879,#3880,#3881),.UNSPECIFIED.,.F.,.F.,(4,3,3,3,3,3,3,4),(-35.2685285402675,
-34.9113330353406,-33.913866377188,-32.9163997190354,-31.9189330608829,
-30.9214664027303,-29.9239997445777,-28.9853432330879),.UNSPECIFIED.);
#449=B_SPLINE_CURVE_WITH_KNOTS('',3,(#3882,#3883,#3884,#3885,#3886,#3887,
#3888,#3889,#3890,#3891,#3892,#3893,#3894,#3895,#3896,#3897,#3898,#3899,
#3900,#3901,#3902,#3903,#3904,#3905,#3906),.UNSPECIFIED.,.F.,.F.,(4,3,3,
3,3,3,3,3,4),(32.7254896768751,32.9163997190354,33.913866377188,34.9113330353406,
35.9087996934932,36.9062663516458,37.9037330097984,38.901199667951,39.0086749840547),
 .UNSPECIFIED.);
#450=B_SPLINE_CURVE_WITH_KNOTS('',3,(#3911,#3912,#3913,#3914,#3915,#3916,
#3917,#3918,#3919,#3920,#3921,#3922,#3923,#3924,#3925,#3926,#3927,#3928,
#3929,#3930,#3931,#3932),.UNSPECIFIED.,.F.,.F.,(4,3,3,3,3,3,3,4),(-41.5517138474471,
-40.8961329842562,-39.8986663261036,-38.901199667951,-37.9037330097984,
-36.9062663516458,-35.9087996934932,-35.2685285402675),.UNSPECIFIED.);
#451=B_SPLINE_CURVE_WITH_KNOTS('',3,(#3933,#3934,#3935,#3936,#3937,#3938,
#3939,#3940,#3941,#3942,#3943,#3944,#3945,#3946,#3947,#3948,#3949,#3950,
#3951,#3952,#3953,#3954),.UNSPECIFIED.,.F.,.F.,(4,3,3,3,3,3,3,4),(39.0086749840547,
39.8986663261036,40.8961329842562,41.8935996424087,42.8910663005613,43.8885329587139,
44.8859996168665,45.2918602912343),.UNSPECIFIED.);
#452=B_SPLINE_CURVE_WITH_KNOTS('',3,(#3959,#3960,#3961,#3962,#3963,#3964,
#3965,#3966,#3967,#3968,#3969,#3970,#3971,#3972,#3973,#3974,#3975,#3976,
#3977,#3978,#3979,#3980),.UNSPECIFIED.,.F.,.F.,(4,3,3,3,3,3,3,4),(-47.8348991546267,
-46.8809329331717,-45.8834662750191,-44.8859996168665,-43.8885329587139,
-42.8910663005613,-41.8935996424088,-41.5517138474471),.UNSPECIFIED.);
#453=B_SPLINE_CURVE_WITH_KNOTS('',3,(#3981,#3982,#3983,#3984,#3985,#3986,
#3987,#3988,#3989,#3990,#3991,#3992,#3993,#3994,#3995,#3996,#3997,#3998,
#3999,#4000,#4001,#4002),.UNSPECIFIED.,.F.,.F.,(4,3,3,3,3,3,3,4),(45.2918602912343,
45.8834662750191,46.8809329331717,47.8783995913243,48.8758662494769,49.8733329076295,
50.8707995657821,51.5750455984138),.UNSPECIFIED.);
#454=B_SPLINE_CURVE_WITH_KNOTS('',3,(#4007,#4008,#4009,#4010,#4011,#4012,
#4013,#4014,#4015,#4016,#4017,#4018,#4019,#4020,#4021,#4022,#4023,#4024,
#4025,#4026,#4027,#4028,#4029,#4030,#4031),.UNSPECIFIED.,.F.,.F.,(4,3,3,
3,3,3,3,3,4),(-54.1180844618063,-53.8631995402398,-52.8657328820872,-51.8682662239346,
-50.8707995657821,-49.8733329076295,-48.8758662494769,-47.8783995913243,
-47.8348991546267),.UNSPECIFIED.);
#455=B_SPLINE_CURVE_WITH_KNOTS('',3,(#4032,#4033,#4034,#4035,#4036,#4037,
#4038,#4039,#4040,#4041,#4042,#4043,#4044,#4045,#4046,#4047,#4048,#4049,
#4050,#4051,#4052,#4053,#4054,#4055,#4056),.UNSPECIFIED.,.F.,.F.,(4,3,3,
3,3,3,3,3,4),(51.5750455984138,51.8682662239347,52.8657328820873,53.8631995402398,
54.8606661983924,55.858132856545,56.8555995146976,57.8530661728501,57.8582309055934),
 .UNSPECIFIED.);
#456=B_SPLINE_CURVE_WITH_KNOTS('',3,(#4061,#4062,#4063,#4064,#4065,#4066,
#4067,#4068,#4069,#4070,#4071,#4072,#4073,#4074,#4075,#4076,#4077,#4078,
#4079,#4080,#4081,#4082),.UNSPECIFIED.,.F.,.F.,(4,3,3,3,3,3,3,4),(-60.4012697689858,
-59.8479994891554,-58.8505328310028,-57.8530661728502,-56.8555995146976,
-55.858132856545,-54.8606661983924,-54.1180844618063),.UNSPECIFIED.);
#457=B_SPLINE_CURVE_WITH_KNOTS('',3,(#4083,#4084,#4085,#4086,#4087,#4088,
#4089,#4090,#4091,#4092,#4093,#4094,#4095,#4096,#4097,#4098,#4099,#4100,
#4101,#4102,#4103,#4104),.UNSPECIFIED.,.F.,.F.,(4,3,3,3,3,3,3,4),(57.8582309055934,
58.8505328310027,59.8479994891553,60.8454661473079,61.8429328054605,62.8403994636131,
63.8378661217657,64.141416212773),.UNSPECIFIED.);
#458=B_SPLINE_CURVE_WITH_KNOTS('',3,(#4109,#4110,#4111,#4112,#4113,#4114,
#4115,#4116,#4117,#4118,#4119,#4120,#4121,#4122,#4123,#4124,#4125,#4126,
#4127,#4128,#4129,#4130),.UNSPECIFIED.,.F.,.F.,(4,3,3,3,3,3,3,4),(-66.6844550761654,
-65.8327994380709,-64.8353327799183,-63.8378661217657,-62.8403994636131,
-61.8429328054605,-60.845466147308,-60.4012697689858),.UNSPECIFIED.);
#459=B_SPLINE_CURVE_WITH_KNOTS('',3,(#4131,#4132,#4133,#4134,#4135,#4136,
#4137,#4138,#4139,#4140,#4141,#4142,#4143,#4144,#4145,#4146,#4147,#4148,
#4149,#4150,#4151,#4152),.UNSPECIFIED.,.F.,.F.,(4,3,3,3,3,3,3,4),(64.141416212773,
64.8353327799183,65.8327994380709,66.8302660962235,67.8277327543761,68.8251994125286,
69.8226660706812,70.4246015199526),.UNSPECIFIED.);
#460=B_SPLINE_CURVE_WITH_KNOTS('',3,(#4157,#4158,#4159,#4160,#4161,#4162,
#4163,#4164,#4165,#4166,#4167,#4168,#4169,#4170,#4171,#4172,#4173,#4174,
#4175,#4176,#4177,#4178,#4179,#4180,#4181),.UNSPECIFIED.,.F.,.F.,(4,3,3,
3,3,3,3,3,4),(-72.967640383345,-72.815066045139,-71.8175993869864,-70.8201327288338,
-69.8226660706813,-68.8251994125287,-67.8277327543761,-66.8302660962235,
-66.6844550761654),.UNSPECIFIED.);
#461=B_SPLINE_CURVE_WITH_KNOTS('',3,(#4182,#4183,#4184,#4185,#4186,#4187,
#4188,#4189,#4190,#4191,#4192,#4193,#4194,#4195,#4196,#4197,#4198,#4199,
#4200,#4201,#4202,#4203),.UNSPECIFIED.,.F.,.F.,(4,3,3,3,3,3,3,4),(70.4246015199526,
70.8201327288338,71.8175993869864,72.815066045139,73.8125327032916,74.8099993614442,
75.8074660195968,76.7077868271322),.UNSPECIFIED.);
#462=B_SPLINE_CURVE_WITH_KNOTS('',3,(#4208,#4209,#4210,#4211,#4212,#4213,
#4214,#4215,#4216,#4217,#4218,#4219,#4220,#4221,#4222,#4223,#4224,#4225,
#4226,#4227,#4228,#4229),.UNSPECIFIED.,.F.,.F.,(4,3,3,3,3,3,3,4),(-79.2508256905246,
-78.7998659940546,-77.802399335902,-76.8049326777494,-75.8074660195968,
-74.8099993614442,-73.8125327032916,-72.967640383345),.UNSPECIFIED.);
#463=B_SPLINE_CURVE_WITH_KNOTS('',3,(#4230,#4231,#4232,#4233,#4234,#4235,
#4236,#4237,#4238,#4239,#4240,#4241,#4242,#4243,#4244,#4245,#4246,#4247,
#4248,#4249,#4250,#4251,#4252,#4253,#4254),.UNSPECIFIED.,.F.,.F.,(4,3,3,
3,3,3,3,3,4),(76.7077868271322,76.8049326777493,77.802399335902,78.7998659940545,
79.7973326522071,80.7947993103597,81.7922659685123,82.7897326266649,82.9909721343118),
 .UNSPECIFIED.);
#464=B_SPLINE_CURVE_WITH_KNOTS('',3,(#4259,#4260,#4261,#4262,#4263,#4264,
#4265,#4266,#4267,#4268,#4269,#4270,#4271,#4272,#4273,#4274,#4275,#4276,
#4277,#4278,#4279,#4280),.UNSPECIFIED.,.F.,.F.,(4,3,3,3,3,3,3,4),(-85.5340109977042,
-84.7846659429701,-83.7871992848175,-82.7897326266649,-81.7922659685123,
-80.7947993103597,-79.7973326522071,-79.2508256905246),.UNSPECIFIED.);
#465=B_SPLINE_CURVE_WITH_KNOTS('',3,(#4281,#4282,#4283,#4284,#4285,#4286,
#4287,#4288,#4289,#4290,#4291,#4292,#4293,#4294,#4295,#4296,#4297,#4298,
#4299,#4300,#4301,#4302),.UNSPECIFIED.,.F.,.F.,(4,3,3,3,3,3,3,4),(82.9909721343118,
83.7871992848175,84.7846659429701,85.7821326011227,86.7795992592752,87.7770659174279,
88.7745325755804,89.2741574414914),.UNSPECIFIED.);
#466=B_SPLINE_CURVE_WITH_KNOTS('',3,(#4307,#4308,#4309,#4310,#4311,#4312,
#4313,#4314,#4315,#4316,#4317,#4318,#4319,#4320,#4321,#4322,#4323,#4324,
#4325,#4326,#4327,#4328,#4329,#4330,#4331),.UNSPECIFIED.,.F.,.F.,(4,3,3,
3,3,3,3,3,4),(-91.8171963048838,-91.7669325500382,-90.7694658918856,-89.771999233733,
-88.7745325755805,-87.7770659174279,-86.7795992592753,-85.7821326011227,
-85.5340109977042),.UNSPECIFIED.);
#467=B_SPLINE_CURVE_WITH_KNOTS('',3,(#4332,#4333,#4334,#4335,#4336,#4337,
#4338,#4339,#4340,#4341,#4342,#4343,#4344,#4345,#4346,#4347,#4348,#4349,
#4350,#4351,#4352,#4353),.UNSPECIFIED.,.F.,.F.,(4,3,3,3,3,3,3,4),(89.2741574414914,
89.771999233733,90.7694658918856,91.7669325500382,92.7643992081908,93.7618658663434,
94.759332524496,95.557342748671),.UNSPECIFIED.);
#468=B_SPLINE_CURVE_WITH_KNOTS('',3,(#4358,#4359,#4360,#4361,#4362,#4363,
#4364,#4365,#4366,#4367,#4368,#4369,#4370,#4371,#4372,#4373,#4374,#4375,
#4376,#4377,#4378,#4379),.UNSPECIFIED.,.F.,.F.,(4,3,3,3,3,3,3,4),(-98.1003816120634,
-97.7517324989538,-96.7542658408012,-95.7567991826486,-94.759332524496,
-93.7618658663434,-92.7643992081908,-91.8171963048838),.UNSPECIFIED.);
#469=B_SPLINE_CURVE_WITH_KNOTS('',3,(#4380,#4381,#4382,#4383,#4384,#4385,
#4386,#4387,#4388,#4389,#4390,#4391,#4392,#4393,#4394,#4395,#4396,#4397,
#4398,#4399,#4400,#4401,#4402,#4403,#4404),.UNSPECIFIED.,.F.,.F.,(4,3,3,
3,3,3,3,3,4),(95.557342748671,95.7567991826486,96.7542658408012,97.7517324989538,
98.7491991571063,99.7466658152589,100.744132473412,101.741599131564,101.840528055851),
 .UNSPECIFIED.);
#470=B_SPLINE_CURVE_WITH_KNOTS('',3,(#4409,#4410,#4411,#4412,#4413,#4414,
#4415,#4416,#4417,#4418,#4419,#4420,#4421,#4422,#4423,#4424,#4425,#4426,
#4427,#4428,#4429,#4430),.UNSPECIFIED.,.F.,.F.,(4,3,3,3,3,3,3,4),(-104.383566919243,
-103.736532447869,-102.739065789717,-101.741599131564,-100.744132473412,
-99.7466658152589,-98.7491991571064,-98.1003816120634),.UNSPECIFIED.);
#471=B_SPLINE_CURVE_WITH_KNOTS('',3,(#4431,#4432,#4433,#4434,#4435,#4436,
#4437,#4438,#4439,#4440,#4441,#4442,#4443,#4444,#4445,#4446,#4447,#4448,
#4449,#4450,#4451,#4452),.UNSPECIFIED.,.F.,.F.,(4,3,3,3,3,3,3,4),(101.840528055851,
102.739065789717,103.736532447869,104.733999106022,105.731465764174,106.728932422327,
107.72639908048,108.12371336303),.UNSPECIFIED.);
#472=B_SPLINE_CURVE_WITH_KNOTS('',3,(#4457,#4458,#4459,#4460,#4461,#4462,
#4463,#4464,#4465,#4466,#4467,#4468,#4469,#4470,#4471,#4472,#4473,#4474,
#4475,#4476,#4477,#4478),.UNSPECIFIED.,.F.,.F.,(4,3,3,3,3,3,3,4),(-110.666752226423,
-109.721332396785,-108.723865738632,-107.72639908048,-106.728932422327,
-105.731465764174,-104.733999106022,-104.383566919243),.UNSPECIFIED.);
#473=B_SPLINE_CURVE_WITH_KNOTS('',3,(#4479,#4480,#4481,#4482,#4483,#4484,
#4485,#4486,#4487,#4488,#4489,#4490,#4491,#4492,#4493,#4494,#4495,#4496,
#4497,#4498,#4499,#4500),.UNSPECIFIED.,.F.,.F.,(4,3,3,3,3,3,3,4),(108.12371336303,
108.723865738632,109.721332396785,110.718799054937,111.71626571309,112.713732371243,
113.711199029395,114.40689867021),.UNSPECIFIED.);
#474=B_SPLINE_CURVE_WITH_KNOTS('',3,(#4505,#4506,#4507,#4508,#4509,#4510,
#4511,#4512,#4513,#4514,#4515,#4516,#4517,#4518,#4519,#4520,#4521,#4522,
#4523,#4524,#4525,#4526,#4527,#4528,#4529),.UNSPECIFIED.,.F.,.F.,(4,3,3,
3,3,3,3,3,4),(-116.949937533602,-116.703599003853,-115.7061323457,-114.708665687548,
-113.711199029395,-112.713732371243,-111.71626571309,-110.718799054937,
-110.666752226423),.UNSPECIFIED.);
#475=B_SPLINE_CURVE_WITH_KNOTS('',3,(#4530,#4531,#4532,#4533,#4534,#4535,
#4536,#4537,#4538,#4539,#4540,#4541,#4542,#4543,#4544,#4545,#4546,#4547,
#4548,#4549,#4550,#4551),.UNSPECIFIED.,.F.,.F.,(4,3,3,3,3,3,3,4),(114.40689867021,
114.708665687548,115.7061323457,116.703599003853,117.701065662006,118.698532320158,
119.695998978311,120.690083977389),.UNSPECIFIED.);
#476=B_SPLINE_CURVE_WITH_KNOTS('',3,(#4556,#4557,#4558,#4559,#4560,#4561,
#4562,#4563,#4564,#4565,#4566,#4567,#4568,#4569,#4570,#4571,#4572,#4573,
#4574,#4575,#4576,#4577),.UNSPECIFIED.,.F.,.F.,(4,3,3,3,3,3,3,4),(-123.233122840782,
-122.688398952768,-121.690932294616,-120.693465636463,-119.695998978311,
-118.698532320158,-117.701065662006,-116.949937533602),.UNSPECIFIED.);
#477=B_SPLINE_CURVE_WITH_KNOTS('',3,(#4578,#4579,#4580,#4581,#4582,#4583,
#4584,#4585,#4586,#4587,#4588,#4589,#4590,#4591,#4592,#4593,#4594,#4595,
#4596,#4597,#4598,#4599,#4600,#4601,#4602),.UNSPECIFIED.,.F.,.F.,(4,3,3,
3,3,3,3,3,4),(120.690083977389,120.693465636463,121.690932294616,122.688398952769,
123.685865610921,124.683332269074,125.680798927226,126.678265585379,126.973269284569),
 .UNSPECIFIED.);
#478=B_SPLINE_CURVE_WITH_KNOTS('',3,(#4607,#4608,#4609,#4610,#4611,#4612,
#4613,#4614,#4615,#4616,#4617,#4618,#4619,#4620,#4621,#4622,#4623,#4624,
#4625,#4626,#4627,#4628),.UNSPECIFIED.,.F.,.F.,(4,3,3,3,3,3,3,4),(-129.516308147961,
-128.673198901684,-127.675732243531,-126.678265585379,-125.680798927226,
-124.683332269074,-123.685865610921,-123.233122840782),.UNSPECIFIED.);
#479=B_SPLINE_CURVE_WITH_KNOTS('',3,(#4629,#4630,#4631,#4632,#4633,#4634,
#4635,#4636,#4637,#4638,#4639,#4640,#4641,#4642,#4643,#4644,#4645,#4646,
#4647,#4648,#4649,#4650),.UNSPECIFIED.,.F.,.F.,(4,3,3,3,3,3,3,4),(126.973269284569,
127.675732243531,128.673198901684,129.670665559837,130.668132217989,131.665598876142,
132.663065534294,133.256454591749),.UNSPECIFIED.);
#480=B_SPLINE_CURVE_WITH_KNOTS('',3,(#4655,#4656,#4657,#4658,#4659,#4660,
#4661,#4662,#4663,#4664,#4665,#4666,#4667,#4668,#4669,#4670,#4671,#4672,
#4673,#4674,#4675,#4676,#4677,#4678,#4679),.UNSPECIFIED.,.F.,.F.,(4,3,3,
3,3,3,3,3,4),(-135.799493455141,-135.655465508752,-134.6579988506,-133.660532192447,
-132.663065534294,-131.665598876142,-130.668132217989,-129.670665559837,
-129.516308147961),.UNSPECIFIED.);
#481=B_SPLINE_CURVE_WITH_KNOTS('',3,(#4680,#4681,#4682,#4683,#4684,#4685,
#4686,#4687,#4688,#4689,#4690,#4691,#4692,#4693,#4694,#4695,#4696,#4697,
#4698,#4699,#4700,#4701),.UNSPECIFIED.,.F.,.F.,(4,3,3,3,3,3,3,4),(133.256454591749,
133.660532192447,134.6579988506,135.655465508752,136.652932166905,137.650398825057,
138.64786548321,139.539639898928),.UNSPECIFIED.);
#482=B_SPLINE_CURVE_WITH_KNOTS('',3,(#4706,#4707,#4708,#4709,#4710,#4711,
#4712,#4713,#4714,#4715,#4716,#4717,#4718,#4719,#4720,#4721,#4722,#4723,
#4724,#4725,#4726,#4727),.UNSPECIFIED.,.F.,.F.,(4,3,3,3,3,3,3,4),(-142.082678762321,
-141.640265457668,-140.642798799515,-139.645332141363,-138.64786548321,
-137.650398825057,-136.652932166905,-135.799493455141),.UNSPECIFIED.);
#483=B_SPLINE_CURVE_WITH_KNOTS('',3,(#4728,#4729,#4730,#4731,#4732,#4733,
#4734,#4735,#4736,#4737,#4738,#4739,#4740,#4741,#4742,#4743,#4744,#4745,
#4746,#4747,#4748,#4749,#4750,#4751,#4752),.UNSPECIFIED.,.F.,.F.,(4,3,3,
3,3,3,3,3,4),(139.539639898928,139.645332141362,140.642798799515,141.640265457668,
142.63773211582,143.635198773973,144.632665432125,145.630132090278,145.822825206108),
 .UNSPECIFIED.);
#484=B_SPLINE_CURVE_WITH_KNOTS('',3,(#4757,#4758,#4759,#4760,#4761,#4762,
#4763,#4764,#4765,#4766,#4767,#4768,#4769,#4770,#4771,#4772,#4773,#4774,
#4775,#4776,#4777,#4778),.UNSPECIFIED.,.F.,.F.,(4,3,3,3,3,3,3,4),(-148.3658640695,
-147.625065406583,-146.627598748431,-145.630132090278,-144.632665432125,
-143.635198773973,-142.63773211582,-142.082678762321),.UNSPECIFIED.);
#485=B_SPLINE_CURVE_WITH_KNOTS('',3,(#4779,#4780,#4781,#4782,#4783,#4784,
#4785,#4786,#4787,#4788,#4789,#4790,#4791,#4792,#4793,#4794,#4795,#4796,
#4797,#4798,#4799,#4800),.UNSPECIFIED.,.F.,.F.,(4,3,3,3,3,3,3,4),(145.822825206108,
146.627598748431,147.625065406583,148.622532064736,149.619998722888,150.617465381041,
151.614932039194,152.106010513287),.UNSPECIFIED.);
#486=B_SPLINE_CURVE_WITH_KNOTS('',3,(#4805,#4806,#4807,#4808,#4809,#4810,
#4811,#4812,#4813,#4814,#4815,#4816,#4817,#4818,#4819,#4820,#4821,#4822,
#4823,#4824,#4825,#4826,#4827,#4828,#4829),.UNSPECIFIED.,.F.,.F.,(4,3,3,
3,3,3,3,3,4),(-154.64904937668,-154.607332013651,-153.609865355499,-152.612398697346,
-151.614932039194,-150.617465381041,-149.619998722888,-148.622532064736,
-148.3658640695),.UNSPECIFIED.);
#487=B_SPLINE_CURVE_WITH_KNOTS('',3,(#4830,#4831,#4832,#4833,#4834,#4835,
#4836,#4837,#4838,#4839,#4840,#4841,#4842,#4843,#4844,#4845,#4846,#4847,
#4848,#4849,#4850,#4851),.UNSPECIFIED.,.F.,.F.,(4,3,3,3,3,3,3,4),(152.106010513287,
152.612398697346,153.609865355499,154.607332013651,155.604798671804,156.602265329957,
157.599731988109,158.389195820467),.UNSPECIFIED.);
#488=B_SPLINE_CURVE_WITH_KNOTS('',3,(#4856,#4857,#4858,#4859,#4860,#4861,
#4862,#4863,#4864,#4865,#4866,#4867,#4868,#4869,#4870,#4871,#4872,#4873,
#4874,#4875,#4876,#4877),.UNSPECIFIED.,.F.,.F.,(4,3,3,3,3,3,3,4),(-160.932234683859,
-160.592131962567,-159.594665304414,-158.597198646262,-157.599731988109,
-156.602265329957,-155.604798671804,-154.64904937668),.UNSPECIFIED.);
#489=B_SPLINE_CURVE_WITH_KNOTS('',3,(#4878,#4879,#4880,#4881,#4882,#4883,
#4884,#4885,#4886,#4887,#4888,#4889,#4890,#4891,#4892,#4893,#4894,#4895,
#4896,#4897,#4898,#4899,#4900,#4901,#4902),.UNSPECIFIED.,.F.,.F.,(4,3,3,
3,3,3,3,3,4),(158.389195820467,158.597198646262,159.594665304414,160.592131962567,
161.589598620719,162.587065278872,163.584531937025,164.581998595177,164.672381127646),
 .UNSPECIFIED.);
#490=B_SPLINE_CURVE_WITH_KNOTS('',3,(#4907,#4908,#4909,#4910,#4911,#4912,
#4913,#4914,#4915,#4916,#4917,#4918,#4919,#4920,#4921,#4922,#4923,#4924,
#4925,#4926,#4927,#4928),.UNSPECIFIED.,.F.,.F.,(4,3,3,3,3,3,3,4),(-167.215419991039,
-166.576931911482,-165.57946525333,-164.581998595177,-163.584531937025,
-162.587065278872,-161.589598620719,-160.932234683859),.UNSPECIFIED.);
#491=B_SPLINE_CURVE_WITH_KNOTS('',3,(#4929,#4930,#4931,#4932,#4933,#4934,
#4935,#4936,#4937,#4938,#4939,#4940,#4941,#4942,#4943,#4944,#4945,#4946,
#4947,#4948,#4949,#4950),.UNSPECIFIED.,.F.,.F.,(4,3,3,3,3,3,3,4),(164.672381127646,
165.57946525333,166.576931911482,167.574398569635,168.571865227788,169.56933188594,
170.566798544093,170.955566434826),.UNSPECIFIED.);
#492=B_SPLINE_CURVE_WITH_KNOTS('',3,(#4955,#4956,#4957,#4958,#4959,#4960,
#4961,#4962,#4963,#4964,#4965,#4966,#4967,#4968,#4969,#4970,#4971,#4972,
#4973,#4974,#4975,#4976),.UNSPECIFIED.,.F.,.F.,(4,3,3,3,3,3,3,4),(-173.498605298218,
-172.561731860398,-171.564265202245,-170.566798544093,-169.56933188594,
-168.571865227788,-167.574398569635,-167.215419991039),.UNSPECIFIED.);
#493=B_SPLINE_CURVE_WITH_KNOTS('',3,(#4977,#4978,#4979,#4980,#4981,#4982,
#4983,#4984,#4985,#4986,#4987,#4988,#4989,#4990,#4991,#4992,#4993,#4994,
#4995,#4996,#4997,#4998),.UNSPECIFIED.,.F.,.F.,(4,3,3,3,3,3,3,4),(170.955566434826,
171.564265202245,172.561731860398,173.559198518551,174.556665176703,175.554131834856,
176.551598493008,177.238751742005),.UNSPECIFIED.);
#494=B_SPLINE_CURVE_WITH_KNOTS('',3,(#5003,#5004,#5005,#5006,#5007,#5008,
#5009,#5010,#5011,#5012,#5013,#5014,#5015,#5016,#5017,#5018,#5019,#5020,
#5021,#5022,#5023,#5024,#5025,#5026,#5027),.UNSPECIFIED.,.F.,.F.,(4,3,3,
3,3,3,3,3,4),(-179.781790605398,-179.543998467466,-178.546531809313,-177.549065151161,
-176.551598493008,-175.554131834856,-174.556665176703,-173.559198518551,
-173.498605298218),.UNSPECIFIED.);
#495=B_SPLINE_CURVE_WITH_KNOTS('',3,(#5028,#5029,#5030,#5031,#5032,#5033,
#5034,#5035,#5036,#5037,#5038,#5039,#5040,#5041,#5042,#5043,#5044,#5045,
#5046,#5047,#5048,#5049),.UNSPECIFIED.,.F.,.F.,(4,3,3,3,3,3,3,4),(177.238751742005,
177.549065151161,178.546531809313,179.543998467466,180.541465125619,181.538931783771,
182.536398441924,183.521937049185),.UNSPECIFIED.);
#496=B_SPLINE_CURVE_WITH_KNOTS('',3,(#5056,#5057,#5058,#5059,#5060,#5061,
#5062),.UNSPECIFIED.,.F.,.F.,(4,3,4),(-187.238922153952,-186.526265074534,
-186.064975912577),.UNSPECIFIED.);
#497=B_SPLINE_CURVE_WITH_KNOTS('',3,(#5103,#5104,#5105,#5106,#5107,#5108,
#5109,#5110,#5111,#5112,#5113,#5114,#5115,#5116,#5117,#5118,#5119,#5120,
#5121,#5122,#5123,#5124),.UNSPECIFIED.,.F.,.F.,(4,3,3,3,3,3,3,4),(-0.177693856447603,
-0.161518185646471,-0.152485973154656,-0.145925171757625,-0.143453760662842,
-0.127424706139703,-0.112725306347202,-0.106196291412025),.UNSPECIFIED.);
#498=B_SPLINE_CURVE_WITH_KNOTS('',3,(#5127,#5128,#5129,#5130,#5131,#5132,
#5133,#5134,#5135,#5136,#5137,#5138,#5139,#5140,#5141,#5142,#5143,#5144,
#5145,#5146,#5147,#5148,#5149,#5150,#5151,#5152,#5153,#5154,#5155,#5156,
#5157,#5158,#5159,#5160,#5161,#5162,#5163,#5164,#5165,#5166,#5167,#5168,
#5169,#5170,#5171,#5172,#5173,#5174,#5175,#5176,#5177,#5178,#5179,#5180,
#5181,#5182,#5183,#5184,#5185,#5186,#5187,#5188,#5189,#5190,#5191,#5192,
#5193,#5194,#5195,#5196,#5197,#5198,#5199,#5200,#5201,#5202),
 .UNSPECIFIED.,.F.,.F.,(4,3,3,3,3,3,3,3,3,3,3,3,3,3,3,3,3,3,3,3,3,3,3,3,
3,4),(-0.261542130162368,-0.25655881604316,-0.239771748350474,-0.222923668448314,
-0.208935260844803,-0.204754129207053,-0.201766205564997,-0.184368121799634,
-0.168275720576473,-0.166970038034271,-0.158809502917034,-0.154064183050704,
-0.149566130327213,-0.133272718557257,-0.11677148680293,-0.106725235472374,
-0.100396754390439,-0.0975608462217862,-0.081287840364283,-0.0652678304061191,
-0.0500171968315561,-0.0469200174061433,-0.0364014761584821,-0.0205648281025016,
-0.00443757809702335,0.),.UNSPECIFIED.);
#499=B_SPLINE_CURVE_WITH_KNOTS('',3,(#5205,#5206,#5207,#5208,#5209,#5210,
#5211,#5212,#5213,#5214,#5215,#5216,#5217,#5218,#5219,#5220,#5221,#5222,
#5223,#5224,#5225,#5226),.UNSPECIFIED.,.F.,.F.,(4,3,3,3,3,3,3,4),(-186.064975912577,
-185.528798416382,-184.531331758229,-183.533865100076,-182.536398441924,
-181.538931783771,-180.541465125619,-179.781790605398),.UNSPECIFIED.);
#500=B_SPLINE_CURVE_WITH_KNOTS('',3,(#5227,#5228,#5229,#5230,#5231,#5232,
#5233,#5234,#5235,#5236,#5237,#5238,#5239,#5240,#5241,#5242,#5243,#5244,
#5245,#5246,#5247,#5248),.UNSPECIFIED.,.F.,.F.,(4,3,3,3,3,3,3,4),(183.521937049185,
183.533865100076,184.531331758229,185.528798416382,186.526265074534,187.523731732687,
188.521198390839,189.259494645709),.UNSPECIFIED.);
#501=B_SPLINE_CURVE_WITH_KNOTS('',3,(#6025,#6026,#6027,#6028,#6029,#6030,
#6031,#6032,#6033,#6034,#6035,#6036,#6037,#6038,#6039,#6040,#6041,#6042,
#6043,#6044,#6045,#6046,#6047,#6048,#6049,#6050,#6051,#6052,#6053,#6054,
#6055,#6056,#6057,#6058,#6059,#6060,#6061,#6062,#6063,#6064,#6065,#6066,
#6067,#6068,#6069,#6070,#6071,#6072,#6073),.UNSPECIFIED.,.F.,.F.,(4,3,3,
3,3,3,3,3,3,3,3,3,3,3,3,3,4),(0.,0.0185399932092331,0.0367829331956512,
0.0507250597554279,0.0582814445743253,0.0610385200956122,0.078794354329693,
0.0961865705746731,0.109219914349471,0.115802928129637,0.118948912826242,
0.135784333036917,0.148319945673865,0.165598675613795,0.170683313280642,
0.173355285410575,0.189947616932079),.UNSPECIFIED.);
#502=B_SPLINE_CURVE_WITH_KNOTS('',3,(#6074,#6075,#6076,#6077,#6078,#6079,
#6080,#6081,#6082,#6083,#6084),.UNSPECIFIED.,.F.,.F.,(4,1,1,1,1,1,1,1,4),
(15.7079632679491,15.8452278961899,16.8426945543425,17.8401612124951,18.8376278706477,
19.8350945288003,20.8325611869529,21.8300278451054,21.9911485751287),
 .UNSPECIFIED.);
#503=B_SPLINE_CURVE_WITH_KNOTS('',3,(#6085,#6086,#6087,#6088,#6089,#6090,
#6091,#6092,#6093,#6094,#6095,#6096,#6097,#6098,#6099,#6100,#6101,#6102,
#6103,#6104,#6105,#6106,#6107,#6108,#6109,#6110,#6111,#6112,#6113,#6114,
#6115,#6116,#6117,#6118,#6119,#6120,#6121,#6122,#6123,#6124,#6125,#6126,
#6127,#6128,#6129,#6130,#6131,#6132,#6133,#6134,#6135,#6136,#6137,#6138,
#6139,#6140,#6141,#6142,#6143,#6144,#6145,#6146,#6147,#6148,#6149,#6150,
#6151,#6152,#6153,#6154,#6155,#6156,#6157,#6158,#6159,#6160,#6161,#6162,
#6163),.UNSPECIFIED.,.F.,.F.,(4,3,3,3,3,3,3,3,3,3,3,3,3,3,3,3,3,3,3,3,3,
3,3,3,3,3,4),(-0.286347380332257,-0.271025022564985,-0.259849002580126,
-0.255815508045114,-0.251911219424918,-0.235717894457393,-0.229238766056713,
-0.224379263059137,-0.221025004952374,-0.203758756271879,-0.186974696774027,
-0.178221025138119,-0.171859306135718,-0.168879690410775,-0.151960010230395,
-0.135365417369689,-0.118940985446623,-0.115671666589664,-0.0984150166386563,
-0.0807543417980024,-0.0629855479322603,-0.0591297787918526,-0.0560909869130017,
-0.0378602074760186,-0.0198266181829959,-0.00396996198516284,0.),
 .UNSPECIFIED.);
#504=B_SPLINE_CURVE_WITH_KNOTS('',3,(#6187,#6188,#6189,#6190,#6191,#6192,
#6193,#6194,#6195,#6196,#6197,#6198,#6199,#6200,#6201,#6202,#6203,#6204,
#6205,#6206,#6207,#6208,#6209,#6210,#6211,#6212,#6213,#6214,#6215,#6216,
#6217,#6218,#6219,#6220,#6221,#6222,#6223,#6224,#6225,#6226,#6227,#6228,
#6229,#6230,#6231,#6232,#6233,#6234,#6235,#6236,#6237,#6238),
 .UNSPECIFIED.,.F.,.F.,(4,3,3,3,3,3,3,3,3,3,3,3,3,3,3,3,3,4),(0.0961318146780324,
0.102261479702386,0.119344864409774,0.133975274840915,0.150620255867365,
0.155379178838293,0.158496851418275,0.175516589504597,0.192947441633025,
0.203977591540145,0.212566633593928,0.215903561917073,0.232224831660301,
0.244565321606056,0.248835721215391,0.267043755576773,0.281188640889987,
0.285142803995136),.UNSPECIFIED.);
#505=B_SPLINE_CURVE_WITH_KNOTS('',3,(#6435,#6436,#6437,#6438,#6439,#6440,
#6441,#6442,#6443,#6444),.UNSPECIFIED.,.F.,.F.,(4,1,1,1,1,1,1,4),(15.7079632679491,
16.3933334432772,17.3908001014298,18.3882667595824,19.385733417735,20.3832000758876,
21.3806667340402,21.9911485751287),.UNSPECIFIED.);
#506=B_SPLINE_CURVE_WITH_KNOTS('',3,(#6446,#6447,#6448,#6449,#6450,#6451,
#6452,#6453,#6454,#6455,#6456,#6457,#6458,#6459,#6460,#6461,#6462,#6463,
#6464,#6465,#6466,#6467,#6468,#6469,#6470,#6471,#6472,#6473,#6474,#6475,
#6476,#6477,#6478,#6479,#6480,#6481,#6482,#6483,#6484,#6485,#6486,#6487,
#6488,#6489,#6490,#6491,#6492,#6493,#6494,#6495,#6496,#6497,#6498,#6499,
#6500,#6501,#6502,#6503,#6504,#6505,#6506,#6507,#6508,#6509,#6510,#6511,
#6512,#6513,#6514,#6515,#6516,#6517,#6518,#6519,#6520,#6521),
 .UNSPECIFIED.,.F.,.F.,(4,3,3,3,3,3,3,3,3,3,3,3,3,3,3,3,3,3,3,3,3,3,3,3,
3,4),(-0.28514280399515,-0.266699952261451,-0.2490152351896,-0.244704132789791,
-0.226727754489326,-0.215162880229466,-0.210340812418859,-0.192155606845534,
-0.175020675451285,-0.165411550788251,-0.156953497167754,-0.154046631149388,
-0.137599990125559,-0.1205047785216,-0.105850128009156,-0.102281098210533,
-0.099286132122425,-0.0826693335826273,-0.0661642293589972,-0.0575437838742933,
-0.0508729817761573,-0.0479878441547391,-0.032074743755751,-0.0167316380769001,
-0.00326757442204747,0.),.UNSPECIFIED.);
#507=LINE('',#2883,#652);
#508=LINE('',#2907,#653);
#509=LINE('',#2931,#654);
#510=LINE('',#2956,#655);
#511=LINE('',#2980,#656);
#512=LINE('',#3005,#657);
#513=LINE('',#3029,#658);
#514=LINE('',#3054,#659);
#515=LINE('',#3079,#660);
#516=LINE('',#3103,#661);
#517=LINE('',#3128,#662);
#518=LINE('',#3153,#663);
#519=LINE('',#3177,#664);
#520=LINE('',#3202,#665);
#521=LINE('',#3226,#666);
#522=LINE('',#3251,#667);
#523=LINE('',#3275,#668);
#524=LINE('',#3300,#669);
#525=LINE('',#3325,#670);
#526=LINE('',#3349,#671);
#527=LINE('',#3374,#672);
#528=LINE('',#3398,#673);
#529=LINE('',#3423,#674);
#530=LINE('',#3448,#675);
#531=LINE('',#3472,#676);
#532=LINE('',#3497,#677);
#533=LINE('',#3521,#678);
#534=LINE('',#3546,#679);
#535=LINE('',#3571,#680);
#536=LINE('',#3595,#681);
#537=LINE('',#3612,#682);
#538=LINE('',#3630,#683);
#539=LINE('',#3658,#684);
#540=LINE('',#3709,#685);
#541=LINE('',#3760,#686);
#542=LINE('',#3808,#687);
#543=LINE('',#3859,#688);
#544=LINE('',#3910,#689);
#545=LINE('',#3958,#690);
#546=LINE('',#4006,#691);
#547=LINE('',#4060,#692);
#548=LINE('',#4108,#693);
#549=LINE('',#4156,#694);
#550=LINE('',#4207,#695);
#551=LINE('',#4258,#696);
#552=LINE('',#4306,#697);
#553=LINE('',#4357,#698);
#554=LINE('',#4408,#699);
#555=LINE('',#4456,#700);
#556=LINE('',#4504,#701);
#557=LINE('',#4555,#702);
#558=LINE('',#4606,#703);
#559=LINE('',#4654,#704);
#560=LINE('',#4705,#705);
#561=LINE('',#4756,#706);
#562=LINE('',#4804,#707);
#563=LINE('',#4855,#708);
#564=LINE('',#4906,#709);
#565=LINE('',#4954,#710);
#566=LINE('',#5002,#711);
#567=LINE('',#5053,#712);
#568=LINE('',#5067,#713);
#569=LINE('',#5072,#714);
#570=LINE('',#5078,#715);
#571=LINE('',#5082,#716);
#572=LINE('',#5088,#717);
#573=LINE('',#5094,#718);
#574=LINE('',#5097,#719);
#575=LINE('',#5099,#720);
#576=LINE('',#6168,#721);
#577=LINE('',#6172,#722);
#578=LINE('',#6178,#723);
#579=LINE('',#6182,#724);
#580=LINE('',#6241,#725);
#581=LINE('',#6244,#726);
#582=LINE('',#6247,#727);
#583=LINE('',#6248,#728);
#584=LINE('',#6251,#729);
#585=LINE('',#6254,#730);
#586=LINE('',#6257,#731);
#587=LINE('',#6259,#732);
#588=LINE('',#6260,#733);
#589=LINE('',#6263,#734);
#590=LINE('',#6267,#735);
#591=LINE('',#6269,#736);
#592=LINE('',#6270,#737);
#593=LINE('',#6273,#738);
#594=LINE('',#6277,#739);
#595=LINE('',#6278,#740);
#596=LINE('',#6281,#741);
#597=LINE('',#6285,#742);
#598=LINE('',#6289,#743);
#599=LINE('',#6290,#744);
#600=LINE('',#6293,#745);
#601=LINE('',#6297,#746);
#602=LINE('',#6298,#747);
#603=LINE('',#6301,#748);
#604=LINE('',#6306,#749);
#605=LINE('',#6307,#750);
#606=LINE('',#6310,#751);
#607=LINE('',#6311,#752);
#608=LINE('',#6314,#753);
#609=LINE('',#6318,#754);
#610=LINE('',#6322,#755);
#611=LINE('',#6323,#756);
#612=LINE('',#6326,#757);
#613=LINE('',#6328,#758);
#614=LINE('',#6329,#759);
#615=LINE('',#6332,#760);
#616=LINE('',#6337,#761);
#617=LINE('',#6338,#762);
#618=LINE('',#6339,#763);
#619=LINE('',#6348,#764);
#620=LINE('',#6351,#765);
#621=LINE('',#6355,#766);
#622=LINE('',#6357,#767);
#623=LINE('',#6359,#768);
#624=LINE('',#6360,#769);
#625=LINE('',#6364,#770);
#626=LINE('',#6370,#771);
#627=LINE('',#6371,#772);
#628=LINE('',#6372,#773);
#629=LINE('',#6377,#774);
#630=LINE('',#6378,#775);
#631=LINE('',#6380,#776);
#632=LINE('',#6383,#777);
#633=LINE('',#6385,#778);
#634=LINE('',#6391,#779);
#635=LINE('',#6395,#780);
#636=LINE('',#6400,#781);
#637=LINE('',#6402,#782);
#638=LINE('',#6404,#783);
#639=LINE('',#6406,#784);
#640=LINE('',#6409,#785);
#641=LINE('',#6413,#786);
#642=LINE('',#6414,#787);
#643=LINE('',#6417,#788);
#644=LINE('',#6421,#789);
#645=LINE('',#6424,#790);
#646=LINE('',#6426,#791);
#647=LINE('',#6428,#792);
#648=LINE('',#6430,#793);
#649=LINE('',#6432,#794);
#650=LINE('',#7299,#795);
#651=LINE('',#7302,#796);
#652=VECTOR('',#2383,1.543);
#653=VECTOR('',#2388,1.543);
#654=VECTOR('',#2391,1.543);
#655=VECTOR('',#2394,1.543);
#656=VECTOR('',#2397,1.543);
#657=VECTOR('',#2400,1.543);
#658=VECTOR('',#2403,1.543);
#659=VECTOR('',#2406,1.543);
#660=VECTOR('',#2409,1.543);
#661=VECTOR('',#2412,1.543);
#662=VECTOR('',#2415,1.543);
#663=VECTOR('',#2418,1.543);
#664=VECTOR('',#2421,1.543);
#665=VECTOR('',#2424,1.543);
#666=VECTOR('',#2427,1.543);
#667=VECTOR('',#2430,1.543);
#668=VECTOR('',#2433,1.543);
#669=VECTOR('',#2436,1.543);
#670=VECTOR('',#2439,1.543);
#671=VECTOR('',#2442,1.543);
#672=VECTOR('',#2445,1.543);
#673=VECTOR('',#2448,1.543);
#674=VECTOR('',#2451,1.543);
#675=VECTOR('',#2454,1.543);
#676=VECTOR('',#2457,1.543);
#677=VECTOR('',#2460,1.543);
#678=VECTOR('',#2463,1.543);
#679=VECTOR('',#2466,1.543);
#680=VECTOR('',#2469,1.543);
#681=VECTOR('',#2472,1.543);
#682=VECTOR('',#2477,1.5);
#683=VECTOR('',#2480,1.5);
#684=VECTOR('',#2489,1.5);
#685=VECTOR('',#2492,1.5);
#686=VECTOR('',#2495,1.5);
#687=VECTOR('',#2498,1.5);
#688=VECTOR('',#2501,1.5);
#689=VECTOR('',#2504,1.5);
#690=VECTOR('',#2507,1.5);
#691=VECTOR('',#2510,1.5);
#692=VECTOR('',#2513,1.5);
#693=VECTOR('',#2516,1.5);
#694=VECTOR('',#2519,1.5);
#695=VECTOR('',#2522,1.5);
#696=VECTOR('',#2525,1.5);
#697=VECTOR('',#2528,1.5);
#698=VECTOR('',#2531,1.5);
#699=VECTOR('',#2534,1.5);
#700=VECTOR('',#2537,1.5);
#701=VECTOR('',#2540,1.5);
#702=VECTOR('',#2543,1.5);
#703=VECTOR('',#2546,1.5);
#704=VECTOR('',#2549,1.5);
#705=VECTOR('',#2552,1.5);
#706=VECTOR('',#2555,1.5);
#707=VECTOR('',#2558,1.5);
#708=VECTOR('',#2561,1.5);
#709=VECTOR('',#2564,1.5);
#710=VECTOR('',#2567,1.5);
#711=VECTOR('',#2570,1.5);
#712=VECTOR('',#2573,1.5);
#713=VECTOR('',#2580,1.3145);
#714=VECTOR('',#2585,10.);
#715=VECTOR('',#2590,10.);
#716=VECTOR('',#2593,10.);
#717=VECTOR('',#2598,10.);
#718=VECTOR('',#2603,10.);
#719=VECTOR('',#2606,10.);
#720=VECTOR('',#2609,1.5);
#721=VECTOR('',#2622,2.95);
#722=VECTOR('',#2627,3.);
#723=VECTOR('',#2632,10.);
#724=VECTOR('',#2635,10.);
#725=VECTOR('',#2644,10.);
#726=VECTOR('',#2647,10.);
#727=VECTOR('',#2650,10.);
#728=VECTOR('',#2651,10.);
#729=VECTOR('',#2654,10.);
#730=VECTOR('',#2659,10.);
#731=VECTOR('',#2662,10.);
#732=VECTOR('',#2663,10.);
#733=VECTOR('',#2664,10.);
#734=VECTOR('',#2667,10.);
#735=VECTOR('',#2672,10.);
#736=VECTOR('',#2673,10.);
#737=VECTOR('',#2674,10.);
#738=VECTOR('',#2677,10.);
#739=VECTOR('',#2682,10.);
#740=VECTOR('',#2683,10.);
#741=VECTOR('',#2686,10.);
#742=VECTOR('',#2691,10.);
#743=VECTOR('',#2696,10.);
#744=VECTOR('',#2697,10.);
#745=VECTOR('',#2700,10.);
#746=VECTOR('',#2705,10.);
#747=VECTOR('',#2706,10.);
#748=VECTOR('',#2709,10.);
#749=VECTOR('',#2718,10.);
#750=VECTOR('',#2719,10.);
#751=VECTOR('',#2722,10.);
#752=VECTOR('',#2723,10.);
#753=VECTOR('',#2726,10.);
#754=VECTOR('',#2731,10.);
#755=VECTOR('',#2736,10.);
#756=VECTOR('',#2737,10.);
#757=VECTOR('',#2740,10.);
#758=VECTOR('',#2741,10.);
#759=VECTOR('',#2742,10.);
#760=VECTOR('',#2745,10.);
#761=VECTOR('',#2750,10.);
#762=VECTOR('',#2751,10.);
#763=VECTOR('',#2752,10.);
#764=VECTOR('',#2763,10.);
#765=VECTOR('',#2766,10.);
#766=VECTOR('',#2769,10.);
#767=VECTOR('',#2770,10.);
#768=VECTOR('',#2771,10.);
#769=VECTOR('',#2772,10.);
#770=VECTOR('',#2775,10.);
#771=VECTOR('',#2782,10.);
#772=VECTOR('',#2783,10.);
#773=VECTOR('',#2784,10.);
#774=VECTOR('',#2793,10.);
#775=VECTOR('',#2794,10.);
#776=VECTOR('',#2797,10.);
#777=VECTOR('',#2800,10.);
#778=VECTOR('',#2801,10.);
#779=VECTOR('',#2806,10.);
#780=VECTOR('',#2809,10.);
#781=VECTOR('',#2816,10.);
#782=VECTOR('',#2819,10.);
#783=VECTOR('',#2822,10.);
#784=VECTOR('',#2825,10.);
#785=VECTOR('',#2828,10.);
#786=VECTOR('',#2833,10.);
#787=VECTOR('',#2834,10.);
#788=VECTOR('',#2837,10.);
#789=VECTOR('',#2842,10.);
#790=VECTOR('',#2847,10.);
#791=VECTOR('',#2850,10.);
#792=VECTOR('',#2853,10.);
#793=VECTOR('',#2856,10.);
#794=VECTOR('',#2859,10.);
#795=VECTOR('',#2868,10.);
#796=VECTOR('',#2873,10.);
#797=VERTEX_POINT('',#2881);
#798=VERTEX_POINT('',#2882);
#799=VERTEX_POINT('',#2884);
#800=VERTEX_POINT('',#2893);
#801=VERTEX_POINT('',#2905);
#802=VERTEX_POINT('',#2906);
#803=VERTEX_POINT('',#2929);
#804=VERTEX_POINT('',#2930);
#805=VERTEX_POINT('',#2954);
#806=VERTEX_POINT('',#2955);
#807=VERTEX_POINT('',#2978);
#808=VERTEX_POINT('',#2979);
#809=VERTEX_POINT('',#3003);
#810=VERTEX_POINT('',#3004);
#811=VERTEX_POINT('',#3027);
#812=VERTEX_POINT('',#3028);
#813=VERTEX_POINT('',#3052);
#814=VERTEX_POINT('',#3053);
#815=VERTEX_POINT('',#3077);
#816=VERTEX_POINT('',#3078);
#817=VERTEX_POINT('',#3101);
#818=VERTEX_POINT('',#3102);
#819=VERTEX_POINT('',#3126);
#820=VERTEX_POINT('',#3127);
#821=VERTEX_POINT('',#3151);
#822=VERTEX_POINT('',#3152);
#823=VERTEX_POINT('',#3175);
#824=VERTEX_POINT('',#3176);
#825=VERTEX_POINT('',#3200);
#826=VERTEX_POINT('',#3201);
#827=VERTEX_POINT('',#3224);
#828=VERTEX_POINT('',#3225);
#829=VERTEX_POINT('',#3249);
#830=VERTEX_POINT('',#3250);
#831=VERTEX_POINT('',#3273);
#832=VERTEX_POINT('',#3274);
#833=VERTEX_POINT('',#3298);
#834=VERTEX_POINT('',#3299);
#835=VERTEX_POINT('',#3323);
#836=VERTEX_POINT('',#3324);
#837=VERTEX_POINT('',#3347);
#838=VERTEX_POINT('',#3348);
#839=VERTEX_POINT('',#3372);
#840=VERTEX_POINT('',#3373);
#841=VERTEX_POINT('',#3396);
#842=VERTEX_POINT('',#3397);
#843=VERTEX_POINT('',#3421);
#844=VERTEX_POINT('',#3422);
#845=VERTEX_POINT('',#3446);
#846=VERTEX_POINT('',#3447);
#847=VERTEX_POINT('',#3470);
#848=VERTEX_POINT('',#3471);
#849=VERTEX_POINT('',#3495);
#850=VERTEX_POINT('',#3496);
#851=VERTEX_POINT('',#3519);
#852=VERTEX_POINT('',#3520);
#853=VERTEX_POINT('',#3544);
#854=VERTEX_POINT('',#3545);
#855=VERTEX_POINT('',#3569);
#856=VERTEX_POINT('',#3570);
#857=VERTEX_POINT('',#3593);
#858=VERTEX_POINT('',#3594);
#859=VERTEX_POINT('',#3596);
#860=VERTEX_POINT('',#3602);
#861=VERTEX_POINT('',#3610);
#862=VERTEX_POINT('',#3611);
#863=VERTEX_POINT('',#3613);
#864=VERTEX_POINT('',#3627);
#865=VERTEX_POINT('',#3629);
#866=VERTEX_POINT('',#3631);
#867=VERTEX_POINT('',#3634);
#868=VERTEX_POINT('',#3656);
#869=VERTEX_POINT('',#3657);
#870=VERTEX_POINT('',#3707);
#871=VERTEX_POINT('',#3708);
#872=VERTEX_POINT('',#3758);
#873=VERTEX_POINT('',#3759);
#874=VERTEX_POINT('',#3806);
#875=VERTEX_POINT('',#3807);
#876=VERTEX_POINT('',#3857);
#877=VERTEX_POINT('',#3858);
#878=VERTEX_POINT('',#3908);
#879=VERTEX_POINT('',#3909);
#880=VERTEX_POINT('',#3956);
#881=VERTEX_POINT('',#3957);
#882=VERTEX_POINT('',#4004);
#883=VERTEX_POINT('',#4005);
#884=VERTEX_POINT('',#4058);
#885=VERTEX_POINT('',#4059);
#886=VERTEX_POINT('',#4106);
#887=VERTEX_POINT('',#4107);
#888=VERTEX_POINT('',#4154);
#889=VERTEX_POINT('',#4155);
#890=VERTEX_POINT('',#4205);
#891=VERTEX_POINT('',#4206);
#892=VERTEX_POINT('',#4256);
#893=VERTEX_POINT('',#4257);
#894=VERTEX_POINT('',#4304);
#895=VERTEX_POINT('',#4305);
#896=VERTEX_POINT('',#4355);
#897=VERTEX_POINT('',#4356);
#898=VERTEX_POINT('',#4406);
#899=VERTEX_POINT('',#4407);
#900=VERTEX_POINT('',#4454);
#901=VERTEX_POINT('',#4455);
#902=VERTEX_POINT('',#4502);
#903=VERTEX_POINT('',#4503);
#904=VERTEX_POINT('',#4553);
#905=VERTEX_POINT('',#4554);
#906=VERTEX_POINT('',#4604);
#907=VERTEX_POINT('',#4605);
#908=VERTEX_POINT('',#4652);
#909=VERTEX_POINT('',#4653);
#910=VERTEX_POINT('',#4703);
#911=VERTEX_POINT('',#4704);
#912=VERTEX_POINT('',#4754);
#913=VERTEX_POINT('',#4755);
#914=VERTEX_POINT('',#4802);
#915=VERTEX_POINT('',#4803);
#916=VERTEX_POINT('',#4853);
#917=VERTEX_POINT('',#4854);
#918=VERTEX_POINT('',#4904);
#919=VERTEX_POINT('',#4905);
#920=VERTEX_POINT('',#4952);
#921=VERTEX_POINT('',#4953);
#922=VERTEX_POINT('',#5000);
#923=VERTEX_POINT('',#5001);
#924=VERTEX_POINT('',#5051);
#925=VERTEX_POINT('',#5052);
#926=VERTEX_POINT('',#5054);
#927=VERTEX_POINT('',#5064);
#928=VERTEX_POINT('',#5066);
#929=VERTEX_POINT('',#5070);
#930=VERTEX_POINT('',#5071);
#931=VERTEX_POINT('',#5073);
#932=VERTEX_POINT('',#5075);
#933=VERTEX_POINT('',#5077);
#934=VERTEX_POINT('',#5079);
#935=VERTEX_POINT('',#5081);
#936=VERTEX_POINT('',#5083);
#937=VERTEX_POINT('',#5085);
#938=VERTEX_POINT('',#5087);
#939=VERTEX_POINT('',#5090);
#940=VERTEX_POINT('',#5091);
#941=VERTEX_POINT('',#5093);
#942=VERTEX_POINT('',#5095);
#943=VERTEX_POINT('',#5101);
#944=VERTEX_POINT('',#5102);
#945=VERTEX_POINT('',#5125);
#946=VERTEX_POINT('',#6165);
#947=VERTEX_POINT('',#6167);
#948=VERTEX_POINT('',#6171);
#949=VERTEX_POINT('',#6173);
#950=VERTEX_POINT('',#6175);
#951=VERTEX_POINT('',#6177);
#952=VERTEX_POINT('',#6179);
#953=VERTEX_POINT('',#6181);
#954=VERTEX_POINT('',#6183);
#955=VERTEX_POINT('',#6240);
#956=VERTEX_POINT('',#6242);
#957=VERTEX_POINT('',#6246);
#958=VERTEX_POINT('',#6250);
#959=VERTEX_POINT('',#6256);
#960=VERTEX_POINT('',#6258);
#961=VERTEX_POINT('',#6262);
#962=VERTEX_POINT('',#6266);
#963=VERTEX_POINT('',#6268);
#964=VERTEX_POINT('',#6272);
#965=VERTEX_POINT('',#6276);
#966=VERTEX_POINT('',#6280);
#967=VERTEX_POINT('',#6284);
#968=VERTEX_POINT('',#6288);
#969=VERTEX_POINT('',#6292);
#970=VERTEX_POINT('',#6296);
#971=VERTEX_POINT('',#6300);
#972=VERTEX_POINT('',#6309);
#973=VERTEX_POINT('',#6313);
#974=VERTEX_POINT('',#6317);
#975=VERTEX_POINT('',#6321);
#976=VERTEX_POINT('',#6325);
#977=VERTEX_POINT('',#6327);
#978=VERTEX_POINT('',#6331);
#979=VERTEX_POINT('',#6335);
#980=VERTEX_POINT('',#6336);
#981=VERTEX_POINT('',#6344);
#982=VERTEX_POINT('',#6345);
#983=VERTEX_POINT('',#6347);
#984=VERTEX_POINT('',#6349);
#985=VERTEX_POINT('',#6353);
#986=VERTEX_POINT('',#6354);
#987=VERTEX_POINT('',#6356);
#988=VERTEX_POINT('',#6358);
#989=VERTEX_POINT('',#6362);
#990=VERTEX_POINT('',#6363);
#991=VERTEX_POINT('',#6368);
#992=VERTEX_POINT('',#6369);
#993=VERTEX_POINT('',#6382);
#994=VERTEX_POINT('',#6384);
#995=VERTEX_POINT('',#6386);
#996=VERTEX_POINT('',#6388);
#997=VERTEX_POINT('',#6390);
#998=VERTEX_POINT('',#6392);
#999=VERTEX_POINT('',#6394);
#1000=VERTEX_POINT('',#6396);
#1001=VERTEX_POINT('',#6408);
#1002=VERTEX_POINT('',#6412);
#1003=VERTEX_POINT('',#6416);
#1004=VERTEX_POINT('',#6420);
#1005=EDGE_CURVE('',#797,#798,#507,.T.);
#1006=EDGE_CURVE('',#798,#799,#378,.T.);
#1007=EDGE_CURVE('',#800,#799,#326,.T.);
#1008=EDGE_CURVE('',#797,#800,#379,.T.);
#1009=EDGE_CURVE('',#801,#802,#508,.T.);
#1010=EDGE_CURVE('',#802,#798,#380,.T.);
#1011=EDGE_CURVE('',#801,#797,#381,.T.);
#1012=EDGE_CURVE('',#803,#804,#509,.T.);
#1013=EDGE_CURVE('',#804,#802,#382,.T.);
#1014=EDGE_CURVE('',#803,#801,#383,.T.);
#1015=EDGE_CURVE('',#805,#806,#510,.T.);
#1016=EDGE_CURVE('',#806,#804,#384,.T.);
#1017=EDGE_CURVE('',#805,#803,#385,.T.);
#1018=EDGE_CURVE('',#807,#808,#511,.T.);
#1019=EDGE_CURVE('',#808,#806,#386,.T.);
#1020=EDGE_CURVE('',#807,#805,#387,.T.);
#1021=EDGE_CURVE('',#809,#810,#512,.T.);
#1022=EDGE_CURVE('',#810,#808,#388,.T.);
#1023=EDGE_CURVE('',#809,#807,#389,.T.);
#1024=EDGE_CURVE('',#811,#812,#513,.T.);
#1025=EDGE_CURVE('',#812,#810,#390,.T.);
#1026=EDGE_CURVE('',#811,#809,#391,.T.);
#1027=EDGE_CURVE('',#813,#814,#514,.T.);
#1028=EDGE_CURVE('',#814,#812,#392,.T.);
#1029=EDGE_CURVE('',#813,#811,#393,.T.);
#1030=EDGE_CURVE('',#815,#816,#515,.T.);
#1031=EDGE_CURVE('',#816,#814,#394,.T.);
#1032=EDGE_CURVE('',#815,#813,#395,.T.);
#1033=EDGE_CURVE('',#817,#818,#516,.T.);
#1034=EDGE_CURVE('',#818,#816,#396,.T.);
#1035=EDGE_CURVE('',#817,#815,#397,.T.);
#1036=EDGE_CURVE('',#819,#820,#517,.T.);
#1037=EDGE_CURVE('',#820,#818,#398,.T.);
#1038=EDGE_CURVE('',#819,#817,#399,.T.);
#1039=EDGE_CURVE('',#821,#822,#518,.T.);
#1040=EDGE_CURVE('',#822,#820,#400,.T.);
#1041=EDGE_CURVE('',#821,#819,#401,.T.);
#1042=EDGE_CURVE('',#823,#824,#519,.T.);
#1043=EDGE_CURVE('',#824,#822,#402,.T.);
#1044=EDGE_CURVE('',#823,#821,#403,.T.);
#1045=EDGE_CURVE('',#825,#826,#520,.T.);
#1046=EDGE_CURVE('',#826,#824,#404,.T.);
#1047=EDGE_CURVE('',#825,#823,#405,.T.);
#1048=EDGE_CURVE('',#827,#828,#521,.T.);
#1049=EDGE_CURVE('',#828,#826,#406,.T.);
#1050=EDGE_CURVE('',#827,#825,#407,.T.);
#1051=EDGE_CURVE('',#829,#830,#522,.T.);
#1052=EDGE_CURVE('',#830,#828,#408,.T.);
#1053=EDGE_CURVE('',#829,#827,#409,.T.);
#1054=EDGE_CURVE('',#831,#832,#523,.T.);
#1055=EDGE_CURVE('',#832,#830,#410,.T.);
#1056=EDGE_CURVE('',#831,#829,#411,.T.);
#1057=EDGE_CURVE('',#833,#834,#524,.T.);
#1058=EDGE_CURVE('',#834,#832,#412,.T.);
#1059=EDGE_CURVE('',#833,#831,#413,.T.);
#1060=EDGE_CURVE('',#835,#836,#525,.T.);
#1061=EDGE_CURVE('',#836,#834,#414,.T.);
#1062=EDGE_CURVE('',#835,#833,#415,.T.);
#1063=EDGE_CURVE('',#837,#838,#526,.T.);
#1064=EDGE_CURVE('',#838,#836,#416,.T.);
#1065=EDGE_CURVE('',#837,#835,#417,.T.);
#1066=EDGE_CURVE('',#839,#840,#527,.T.);
#1067=EDGE_CURVE('',#840,#838,#418,.T.);
#1068=EDGE_CURVE('',#839,#837,#419,.T.);
#1069=EDGE_CURVE('',#841,#842,#528,.T.);
#1070=EDGE_CURVE('',#842,#840,#420,.T.);
#1071=EDGE_CURVE('',#841,#839,#421,.T.);
#1072=EDGE_CURVE('',#843,#844,#529,.T.);
#1073=EDGE_CURVE('',#844,#842,#422,.T.);
#1074=EDGE_CURVE('',#843,#841,#423,.T.);
#1075=EDGE_CURVE('',#845,#846,#530,.T.);
#1076=EDGE_CURVE('',#846,#844,#424,.T.);
#1077=EDGE_CURVE('',#845,#843,#425,.T.);
#1078=EDGE_CURVE('',#847,#848,#531,.T.);
#1079=EDGE_CURVE('',#848,#846,#426,.T.);
#1080=EDGE_CURVE('',#847,#845,#427,.T.);
#1081=EDGE_CURVE('',#849,#850,#532,.T.);
#1082=EDGE_CURVE('',#850,#848,#428,.T.);
#1083=EDGE_CURVE('',#849,#847,#429,.T.);
#1084=EDGE_CURVE('',#851,#852,#533,.T.);
#1085=EDGE_CURVE('',#852,#850,#430,.T.);
#1086=EDGE_CURVE('',#851,#849,#431,.T.);
#1087=EDGE_CURVE('',#853,#854,#534,.T.);
#1088=EDGE_CURVE('',#854,#852,#432,.T.);
#1089=EDGE_CURVE('',#853,#851,#433,.T.);
#1090=EDGE_CURVE('',#855,#856,#535,.T.);
#1091=EDGE_CURVE('',#856,#854,#434,.T.);
#1092=EDGE_CURVE('',#855,#853,#435,.T.);
#1093=EDGE_CURVE('',#857,#858,#536,.T.);
#1094=EDGE_CURVE('',#859,#857,#436,.T.);
#1095=EDGE_CURVE('',#860,#859,#327,.T.);
#1096=EDGE_CURVE('',#860,#858,#437,.T.);
#1097=EDGE_CURVE('',#861,#862,#537,.T.);
#1098=EDGE_CURVE('',#862,#863,#438,.T.);
#1099=EDGE_CURVE('',#863,#864,#328,.T.);
#1100=EDGE_CURVE('',#864,#865,#538,.T.);
#1101=EDGE_CURVE('',#865,#866,#329,.T.);
#1102=EDGE_CURVE('',#866,#865,#330,.T.);
#1103=EDGE_CURVE('',#864,#867,#331,.T.);
#1104=EDGE_CURVE('',#867,#861,#439,.T.);
#1105=EDGE_CURVE('',#868,#869,#539,.T.);
#1106=EDGE_CURVE('',#869,#862,#440,.T.);
#1107=EDGE_CURVE('',#861,#868,#441,.T.);
#1108=EDGE_CURVE('',#870,#871,#540,.T.);
#1109=EDGE_CURVE('',#871,#869,#442,.T.);
#1110=EDGE_CURVE('',#868,#870,#443,.T.);
#1111=EDGE_CURVE('',#872,#873,#541,.T.);
#1112=EDGE_CURVE('',#873,#871,#444,.T.);
#1113=EDGE_CURVE('',#870,#872,#445,.T.);
#1114=EDGE_CURVE('',#874,#875,#542,.T.);
#1115=EDGE_CURVE('',#875,#873,#446,.T.);
#1116=EDGE_CURVE('',#872,#874,#447,.T.);
#1117=EDGE_CURVE('',#876,#877,#543,.T.);
#1118=EDGE_CURVE('',#877,#875,#448,.T.);
#1119=EDGE_CURVE('',#874,#876,#449,.T.);
#1120=EDGE_CURVE('',#878,#879,#544,.T.);
#1121=EDGE_CURVE('',#879,#877,#450,.T.);
#1122=EDGE_CURVE('',#876,#878,#451,.T.);
#1123=EDGE_CURVE('',#880,#881,#545,.T.);
#1124=EDGE_CURVE('',#881,#879,#452,.T.);
#1125=EDGE_CURVE('',#878,#880,#453,.T.);
#1126=EDGE_CURVE('',#882,#883,#546,.T.);
#1127=EDGE_CURVE('',#883,#881,#454,.T.);
#1128=EDGE_CURVE('',#880,#882,#455,.T.);
#1129=EDGE_CURVE('',#884,#885,#547,.T.);
#1130=EDGE_CURVE('',#885,#883,#456,.T.);
#1131=EDGE_CURVE('',#882,#884,#457,.T.);
#1132=EDGE_CURVE('',#886,#887,#548,.T.);
#1133=EDGE_CURVE('',#887,#885,#458,.T.);
#1134=EDGE_CURVE('',#884,#886,#459,.T.);
#1135=EDGE_CURVE('',#888,#889,#549,.T.);
#1136=EDGE_CURVE('',#889,#887,#460,.T.);
#1137=EDGE_CURVE('',#886,#888,#461,.T.);
#1138=EDGE_CURVE('',#890,#891,#550,.T.);
#1139=EDGE_CURVE('',#891,#889,#462,.T.);
#1140=EDGE_CURVE('',#888,#890,#463,.T.);
#1141=EDGE_CURVE('',#892,#893,#551,.T.);
#1142=EDGE_CURVE('',#893,#891,#464,.T.);
#1143=EDGE_CURVE('',#890,#892,#465,.T.);
#1144=EDGE_CURVE('',#894,#895,#552,.T.);
#1145=EDGE_CURVE('',#895,#893,#466,.T.);
#1146=EDGE_CURVE('',#892,#894,#467,.T.);
#1147=EDGE_CURVE('',#896,#897,#553,.T.);
#1148=EDGE_CURVE('',#897,#895,#468,.T.);
#1149=EDGE_CURVE('',#894,#896,#469,.T.);
#1150=EDGE_CURVE('',#898,#899,#554,.T.);
#1151=EDGE_CURVE('',#899,#897,#470,.T.);
#1152=EDGE_CURVE('',#896,#898,#471,.T.);
#1153=EDGE_CURVE('',#900,#901,#555,.T.);
#1154=EDGE_CURVE('',#901,#899,#472,.T.);
#1155=EDGE_CURVE('',#898,#900,#473,.T.);
#1156=EDGE_CURVE('',#902,#903,#556,.T.);
#1157=EDGE_CURVE('',#903,#901,#474,.T.);
#1158=EDGE_CURVE('',#900,#902,#475,.T.);
#1159=EDGE_CURVE('',#904,#905,#557,.T.);
#1160=EDGE_CURVE('',#905,#903,#476,.T.);
#1161=EDGE_CURVE('',#902,#904,#477,.T.);
#1162=EDGE_CURVE('',#906,#907,#558,.T.);
#1163=EDGE_CURVE('',#907,#905,#478,.T.);
#1164=EDGE_CURVE('',#904,#906,#479,.T.);
#1165=EDGE_CURVE('',#908,#909,#559,.T.);
#1166=EDGE_CURVE('',#909,#907,#480,.T.);
#1167=EDGE_CURVE('',#906,#908,#481,.T.);
#1168=EDGE_CURVE('',#910,#911,#560,.T.);
#1169=EDGE_CURVE('',#911,#909,#482,.T.);
#1170=EDGE_CURVE('',#908,#910,#483,.T.);
#1171=EDGE_CURVE('',#912,#913,#561,.T.);
#1172=EDGE_CURVE('',#913,#911,#484,.T.);
#1173=EDGE_CURVE('',#910,#912,#485,.T.);
#1174=EDGE_CURVE('',#914,#915,#562,.T.);
#1175=EDGE_CURVE('',#915,#913,#486,.T.);
#1176=EDGE_CURVE('',#912,#914,#487,.T.);
#1177=EDGE_CURVE('',#916,#917,#563,.T.);
#1178=EDGE_CURVE('',#917,#915,#488,.T.);
#1179=EDGE_CURVE('',#914,#916,#489,.T.);
#1180=EDGE_CURVE('',#918,#919,#564,.T.);
#1181=EDGE_CURVE('',#919,#917,#490,.T.);
#1182=EDGE_CURVE('',#916,#918,#491,.T.);
#1183=EDGE_CURVE('',#920,#921,#565,.T.);
#1184=EDGE_CURVE('',#921,#919,#492,.T.);
#1185=EDGE_CURVE('',#918,#920,#493,.T.);
#1186=EDGE_CURVE('',#922,#923,#566,.T.);
#1187=EDGE_CURVE('',#923,#921,#494,.T.);
#1188=EDGE_CURVE('',#920,#922,#495,.T.);
#1189=EDGE_CURVE('',#924,#925,#567,.T.);
#1190=EDGE_CURVE('',#926,#924,#332,.T.);
#1191=EDGE_CURVE('',#926,#925,#496,.T.);
#1192=EDGE_CURVE('',#927,#927,#333,.T.);
#1193=EDGE_CURVE('',#927,#928,#568,.T.);
#1194=EDGE_CURVE('',#928,#928,#334,.T.);
#1195=EDGE_CURVE('',#929,#930,#569,.T.);
#1196=EDGE_CURVE('',#931,#929,#335,.T.);
#1197=EDGE_CURVE('',#932,#931,#336,.T.);
#1198=EDGE_CURVE('',#933,#932,#570,.T.);
#1199=EDGE_CURVE('',#934,#933,#337,.T.);
#1200=EDGE_CURVE('',#935,#934,#571,.T.);
#1201=EDGE_CURVE('',#936,#935,#338,.T.);
#1202=EDGE_CURVE('',#937,#936,#339,.T.);
#1203=EDGE_CURVE('',#938,#937,#572,.T.);
#1204=EDGE_CURVE('',#930,#938,#340,.T.);
#1205=EDGE_CURVE('',#939,#940,#341,.T.);
#1206=EDGE_CURVE('',#941,#939,#573,.T.);
#1207=EDGE_CURVE('',#942,#941,#342,.T.);
#1208=EDGE_CURVE('',#940,#942,#574,.T.);
#1209=EDGE_CURVE('',#866,#927,#575,.T.);
#1210=EDGE_CURVE('',#943,#944,#497,.T.);
#1211=EDGE_CURVE('',#944,#945,#343,.T.);
#1212=EDGE_CURVE('',#945,#926,#498,.T.);
#1213=EDGE_CURVE('',#924,#943,#344,.T.);
#1214=EDGE_CURVE('',#925,#923,#499,.T.);
#1215=EDGE_CURVE('',#922,#943,#500,.T.);
#1216=EDGE_CURVE('',#799,#945,#501,.T.);
#1217=EDGE_CURVE('',#858,#856,#502,.T.);
#1218=EDGE_CURVE('',#863,#860,#503,.T.);
#1219=EDGE_CURVE('',#946,#946,#345,.T.);
#1220=EDGE_CURVE('',#946,#947,#576,.T.);
#1221=EDGE_CURVE('',#947,#947,#346,.T.);
#1222=EDGE_CURVE('',#947,#948,#577,.T.);
#1223=EDGE_CURVE('',#949,#948,#347,.T.);
#1224=EDGE_CURVE('',#950,#949,#19,.F.);
#1225=EDGE_CURVE('',#950,#951,#578,.T.);
#1226=EDGE_CURVE('',#951,#952,#348,.T.);
#1227=EDGE_CURVE('',#953,#952,#579,.T.);
#1228=EDGE_CURVE('',#953,#954,#20,.T.);
#1229=EDGE_CURVE('',#948,#954,#349,.T.);
#1230=EDGE_CURVE('',#944,#800,#504,.T.);
#1231=EDGE_CURVE('',#940,#955,#580,.T.);
#1232=EDGE_CURVE('',#955,#956,#350,.T.);
#1233=EDGE_CURVE('',#956,#939,#581,.T.);
#1234=EDGE_CURVE('',#942,#957,#582,.T.);
#1235=EDGE_CURVE('',#957,#955,#583,.T.);
#1236=EDGE_CURVE('',#941,#958,#584,.T.);
#1237=EDGE_CURVE('',#958,#957,#351,.T.);
#1238=EDGE_CURVE('',#956,#958,#585,.T.);
#1239=EDGE_CURVE('',#956,#959,#586,.T.);
#1240=EDGE_CURVE('',#960,#959,#587,.T.);
#1241=EDGE_CURVE('',#958,#960,#588,.T.);
#1242=EDGE_CURVE('',#955,#961,#589,.T.);
#1243=EDGE_CURVE('',#959,#961,#352,.T.);
#1244=EDGE_CURVE('',#930,#962,#590,.T.);
#1245=EDGE_CURVE('',#962,#963,#591,.T.);
#1246=EDGE_CURVE('',#963,#929,#592,.T.);
#1247=EDGE_CURVE('',#938,#964,#593,.T.);
#1248=EDGE_CURVE('',#964,#962,#353,.T.);
#1249=EDGE_CURVE('',#937,#965,#594,.T.);
#1250=EDGE_CURVE('',#965,#964,#595,.T.);
#1251=EDGE_CURVE('',#936,#966,#596,.T.);
#1252=EDGE_CURVE('',#966,#965,#354,.T.);
#1253=EDGE_CURVE('',#935,#967,#597,.T.);
#1254=EDGE_CURVE('',#967,#966,#355,.T.);
#1255=EDGE_CURVE('',#934,#968,#598,.T.);
#1256=EDGE_CURVE('',#968,#967,#599,.T.);
#1257=EDGE_CURVE('',#933,#969,#600,.T.);
#1258=EDGE_CURVE('',#969,#968,#356,.T.);
#1259=EDGE_CURVE('',#932,#970,#601,.T.);
#1260=EDGE_CURVE('',#970,#969,#602,.T.);
#1261=EDGE_CURVE('',#931,#971,#603,.T.);
#1262=EDGE_CURVE('',#971,#970,#357,.T.);
#1263=EDGE_CURVE('',#963,#971,#358,.T.);
#1264=EDGE_CURVE('',#969,#953,#604,.T.);
#1265=EDGE_CURVE('',#968,#950,#605,.T.);
#1266=EDGE_CURVE('',#970,#972,#606,.T.);
#1267=EDGE_CURVE('',#953,#972,#607,.T.);
#1268=EDGE_CURVE('',#971,#973,#608,.T.);
#1269=EDGE_CURVE('',#972,#973,#359,.T.);
#1270=EDGE_CURVE('',#963,#974,#609,.T.);
#1271=EDGE_CURVE('',#973,#974,#360,.T.);
#1272=EDGE_CURVE('',#962,#975,#610,.T.);
#1273=EDGE_CURVE('',#974,#975,#611,.T.);
#1274=EDGE_CURVE('',#959,#976,#612,.T.);
#1275=EDGE_CURVE('',#976,#977,#613,.T.);
#1276=EDGE_CURVE('',#977,#960,#614,.T.);
#1277=EDGE_CURVE('',#961,#978,#615,.T.);
#1278=EDGE_CURVE('',#978,#976,#361,.T.);
#1279=EDGE_CURVE('',#979,#980,#616,.T.);
#1280=EDGE_CURVE('',#980,#978,#617,.T.);
#1281=EDGE_CURVE('',#961,#979,#618,.T.);
#1282=EDGE_CURVE('',#977,#980,#362,.T.);
#1283=EDGE_CURVE('',#979,#960,#363,.T.);
#1284=EDGE_CURVE('',#981,#982,#364,.T.);
#1285=EDGE_CURVE('',#982,#983,#619,.T.);
#1286=EDGE_CURVE('',#983,#984,#365,.T.);
#1287=EDGE_CURVE('',#984,#981,#620,.T.);
#1288=EDGE_CURVE('',#985,#986,#621,.T.);
#1289=EDGE_CURVE('',#986,#987,#622,.T.);
#1290=EDGE_CURVE('',#987,#988,#623,.T.);
#1291=EDGE_CURVE('',#988,#985,#624,.T.);
#1292=EDGE_CURVE('',#989,#990,#625,.T.);
#1293=EDGE_CURVE('',#990,#986,#366,.T.);
#1294=EDGE_CURVE('',#985,#989,#367,.T.);
#1295=EDGE_CURVE('',#991,#992,#626,.T.);
#1296=EDGE_CURVE('',#992,#990,#627,.T.);
#1297=EDGE_CURVE('',#989,#991,#628,.T.);
#1298=EDGE_CURVE('',#987,#992,#368,.T.);
#1299=EDGE_CURVE('',#991,#988,#369,.T.);
#1300=EDGE_CURVE('',#982,#985,#629,.T.);
#1301=EDGE_CURVE('',#981,#989,#630,.T.);
#1302=EDGE_CURVE('',#983,#988,#631,.T.);
#1303=EDGE_CURVE('',#949,#993,#632,.T.);
#1304=EDGE_CURVE('',#994,#954,#633,.T.);
#1305=EDGE_CURVE('',#995,#994,#370,.T.);
#1306=EDGE_CURVE('',#996,#995,#371,.T.);
#1307=EDGE_CURVE('',#997,#996,#634,.T.);
#1308=EDGE_CURVE('',#998,#997,#372,.T.);
#1309=EDGE_CURVE('',#999,#998,#635,.T.);
#1310=EDGE_CURVE('',#1000,#999,#373,.T.);
#1311=EDGE_CURVE('',#993,#1000,#374,.T.);
#1312=EDGE_CURVE('',#972,#994,#636,.T.);
#1313=EDGE_CURVE('',#973,#995,#637,.T.);
#1314=EDGE_CURVE('',#974,#996,#638,.T.);
#1315=EDGE_CURVE('',#975,#997,#639,.T.);
#1316=EDGE_CURVE('',#1001,#998,#640,.T.);
#1317=EDGE_CURVE('',#975,#1001,#375,.T.);
#1318=EDGE_CURVE('',#1002,#999,#641,.T.);
#1319=EDGE_CURVE('',#1001,#1002,#642,.T.);
#1320=EDGE_CURVE('',#1003,#1000,#643,.T.);
#1321=EDGE_CURVE('',#1002,#1003,#376,.T.);
#1322=EDGE_CURVE('',#1004,#993,#644,.T.);
#1323=EDGE_CURVE('',#1003,#1004,#377,.T.);
#1324=EDGE_CURVE('',#1004,#950,#645,.T.);
#1325=EDGE_CURVE('',#967,#1004,#646,.T.);
#1326=EDGE_CURVE('',#966,#1003,#647,.T.);
#1327=EDGE_CURVE('',#965,#1002,#648,.T.);
#1328=EDGE_CURVE('',#964,#1001,#649,.T.);
#1329=EDGE_CURVE('',#857,#855,#505,.T.);
#1330=EDGE_CURVE('',#859,#867,#506,.T.);
#1331=EDGE_CURVE('',#984,#991,#650,.T.);
#1332=EDGE_CURVE('',#957,#979,#651,.T.);
#1333=ORIENTED_EDGE('',*,*,#1005,.T.);
#1334=ORIENTED_EDGE('',*,*,#1006,.T.);
#1335=ORIENTED_EDGE('',*,*,#1007,.F.);
#1336=ORIENTED_EDGE('',*,*,#1008,.F.);
#1337=ORIENTED_EDGE('',*,*,#1009,.T.);
#1338=ORIENTED_EDGE('',*,*,#1010,.T.);
#1339=ORIENTED_EDGE('',*,*,#1005,.F.);
#1340=ORIENTED_EDGE('',*,*,#1011,.F.);
#1341=ORIENTED_EDGE('',*,*,#1012,.T.);
#1342=ORIENTED_EDGE('',*,*,#1013,.T.);
#1343=ORIENTED_EDGE('',*,*,#1009,.F.);
#1344=ORIENTED_EDGE('',*,*,#1014,.F.);
#1345=ORIENTED_EDGE('',*,*,#1015,.T.);
#1346=ORIENTED_EDGE('',*,*,#1016,.T.);
#1347=ORIENTED_EDGE('',*,*,#1012,.F.);
#1348=ORIENTED_EDGE('',*,*,#1017,.F.);
#1349=ORIENTED_EDGE('',*,*,#1018,.T.);
#1350=ORIENTED_EDGE('',*,*,#1019,.T.);
#1351=ORIENTED_EDGE('',*,*,#1015,.F.);
#1352=ORIENTED_EDGE('',*,*,#1020,.F.);
#1353=ORIENTED_EDGE('',*,*,#1021,.T.);
#1354=ORIENTED_EDGE('',*,*,#1022,.T.);
#1355=ORIENTED_EDGE('',*,*,#1018,.F.);
#1356=ORIENTED_EDGE('',*,*,#1023,.F.);
#1357=ORIENTED_EDGE('',*,*,#1024,.T.);
#1358=ORIENTED_EDGE('',*,*,#1025,.T.);
#1359=ORIENTED_EDGE('',*,*,#1021,.F.);
#1360=ORIENTED_EDGE('',*,*,#1026,.F.);
#1361=ORIENTED_EDGE('',*,*,#1027,.T.);
#1362=ORIENTED_EDGE('',*,*,#1028,.T.);
#1363=ORIENTED_EDGE('',*,*,#1024,.F.);
#1364=ORIENTED_EDGE('',*,*,#1029,.F.);
#1365=ORIENTED_EDGE('',*,*,#1030,.T.);
#1366=ORIENTED_EDGE('',*,*,#1031,.T.);
#1367=ORIENTED_EDGE('',*,*,#1027,.F.);
#1368=ORIENTED_EDGE('',*,*,#1032,.F.);
#1369=ORIENTED_EDGE('',*,*,#1033,.T.);
#1370=ORIENTED_EDGE('',*,*,#1034,.T.);
#1371=ORIENTED_EDGE('',*,*,#1030,.F.);
#1372=ORIENTED_EDGE('',*,*,#1035,.F.);
#1373=ORIENTED_EDGE('',*,*,#1036,.T.);
#1374=ORIENTED_EDGE('',*,*,#1037,.T.);
#1375=ORIENTED_EDGE('',*,*,#1033,.F.);
#1376=ORIENTED_EDGE('',*,*,#1038,.F.);
#1377=ORIENTED_EDGE('',*,*,#1039,.T.);
#1378=ORIENTED_EDGE('',*,*,#1040,.T.);
#1379=ORIENTED_EDGE('',*,*,#1036,.F.);
#1380=ORIENTED_EDGE('',*,*,#1041,.F.);
#1381=ORIENTED_EDGE('',*,*,#1042,.T.);
#1382=ORIENTED_EDGE('',*,*,#1043,.T.);
#1383=ORIENTED_EDGE('',*,*,#1039,.F.);
#1384=ORIENTED_EDGE('',*,*,#1044,.F.);
#1385=ORIENTED_EDGE('',*,*,#1045,.T.);
#1386=ORIENTED_EDGE('',*,*,#1046,.T.);
#1387=ORIENTED_EDGE('',*,*,#1042,.F.);
#1388=ORIENTED_EDGE('',*,*,#1047,.F.);
#1389=ORIENTED_EDGE('',*,*,#1048,.T.);
#1390=ORIENTED_EDGE('',*,*,#1049,.T.);
#1391=ORIENTED_EDGE('',*,*,#1045,.F.);
#1392=ORIENTED_EDGE('',*,*,#1050,.F.);
#1393=ORIENTED_EDGE('',*,*,#1051,.T.);
#1394=ORIENTED_EDGE('',*,*,#1052,.T.);
#1395=ORIENTED_EDGE('',*,*,#1048,.F.);
#1396=ORIENTED_EDGE('',*,*,#1053,.F.);
#1397=ORIENTED_EDGE('',*,*,#1054,.T.);
#1398=ORIENTED_EDGE('',*,*,#1055,.T.);
#1399=ORIENTED_EDGE('',*,*,#1051,.F.);
#1400=ORIENTED_EDGE('',*,*,#1056,.F.);
#1401=ORIENTED_EDGE('',*,*,#1057,.T.);
#1402=ORIENTED_EDGE('',*,*,#1058,.T.);
#1403=ORIENTED_EDGE('',*,*,#1054,.F.);
#1404=ORIENTED_EDGE('',*,*,#1059,.F.);
#1405=ORIENTED_EDGE('',*,*,#1060,.T.);
#1406=ORIENTED_EDGE('',*,*,#1061,.T.);
#1407=ORIENTED_EDGE('',*,*,#1057,.F.);
#1408=ORIENTED_EDGE('',*,*,#1062,.F.);
#1409=ORIENTED_EDGE('',*,*,#1063,.T.);
#1410=ORIENTED_EDGE('',*,*,#1064,.T.);
#1411=ORIENTED_EDGE('',*,*,#1060,.F.);
#1412=ORIENTED_EDGE('',*,*,#1065,.F.);
#1413=ORIENTED_EDGE('',*,*,#1066,.T.);
#1414=ORIENTED_EDGE('',*,*,#1067,.T.);
#1415=ORIENTED_EDGE('',*,*,#1063,.F.);
#1416=ORIENTED_EDGE('',*,*,#1068,.F.);
#1417=ORIENTED_EDGE('',*,*,#1069,.T.);
#1418=ORIENTED_EDGE('',*,*,#1070,.T.);
#1419=ORIENTED_EDGE('',*,*,#1066,.F.);
#1420=ORIENTED_EDGE('',*,*,#1071,.F.);
#1421=ORIENTED_EDGE('',*,*,#1072,.T.);
#1422=ORIENTED_EDGE('',*,*,#1073,.T.);
#1423=ORIENTED_EDGE('',*,*,#1069,.F.);
#1424=ORIENTED_EDGE('',*,*,#1074,.F.);
#1425=ORIENTED_EDGE('',*,*,#1075,.T.);
#1426=ORIENTED_EDGE('',*,*,#1076,.T.);
#1427=ORIENTED_EDGE('',*,*,#1072,.F.);
#1428=ORIENTED_EDGE('',*,*,#1077,.F.);
#1429=ORIENTED_EDGE('',*,*,#1078,.T.);
#1430=ORIENTED_EDGE('',*,*,#1079,.T.);
#1431=ORIENTED_EDGE('',*,*,#1075,.F.);
#1432=ORIENTED_EDGE('',*,*,#1080,.F.);
#1433=ORIENTED_EDGE('',*,*,#1081,.T.);
#1434=ORIENTED_EDGE('',*,*,#1082,.T.);
#1435=ORIENTED_EDGE('',*,*,#1078,.F.);
#1436=ORIENTED_EDGE('',*,*,#1083,.F.);
#1437=ORIENTED_EDGE('',*,*,#1084,.T.);
#1438=ORIENTED_EDGE('',*,*,#1085,.T.);
#1439=ORIENTED_EDGE('',*,*,#1081,.F.);
#1440=ORIENTED_EDGE('',*,*,#1086,.F.);
#1441=ORIENTED_EDGE('',*,*,#1087,.T.);
#1442=ORIENTED_EDGE('',*,*,#1088,.T.);
#1443=ORIENTED_EDGE('',*,*,#1084,.F.);
#1444=ORIENTED_EDGE('',*,*,#1089,.F.);
#1445=ORIENTED_EDGE('',*,*,#1090,.T.);
#1446=ORIENTED_EDGE('',*,*,#1091,.T.);
#1447=ORIENTED_EDGE('',*,*,#1087,.F.);
#1448=ORIENTED_EDGE('',*,*,#1092,.F.);
#1449=ORIENTED_EDGE('',*,*,#1093,.F.);
#1450=ORIENTED_EDGE('',*,*,#1094,.F.);
#1451=ORIENTED_EDGE('',*,*,#1095,.F.);
#1452=ORIENTED_EDGE('',*,*,#1096,.T.);
#1453=ORIENTED_EDGE('',*,*,#1097,.T.);
#1454=ORIENTED_EDGE('',*,*,#1098,.T.);
#1455=ORIENTED_EDGE('',*,*,#1099,.T.);
#1456=ORIENTED_EDGE('',*,*,#1100,.T.);
#1457=ORIENTED_EDGE('',*,*,#1101,.T.);
#1458=ORIENTED_EDGE('',*,*,#1102,.T.);
#1459=ORIENTED_EDGE('',*,*,#1100,.F.);
#1460=ORIENTED_EDGE('',*,*,#1103,.T.);
#1461=ORIENTED_EDGE('',*,*,#1104,.T.);
#1462=ORIENTED_EDGE('',*,*,#1105,.T.);
#1463=ORIENTED_EDGE('',*,*,#1106,.T.);
#1464=ORIENTED_EDGE('',*,*,#1097,.F.);
#1465=ORIENTED_EDGE('',*,*,#1107,.T.);
#1466=ORIENTED_EDGE('',*,*,#1108,.T.);
#1467=ORIENTED_EDGE('',*,*,#1109,.T.);
#1468=ORIENTED_EDGE('',*,*,#1105,.F.);
#1469=ORIENTED_EDGE('',*,*,#1110,.T.);
#1470=ORIENTED_EDGE('',*,*,#1111,.T.);
#1471=ORIENTED_EDGE('',*,*,#1112,.T.);
#1472=ORIENTED_EDGE('',*,*,#1108,.F.);
#1473=ORIENTED_EDGE('',*,*,#1113,.T.);
#1474=ORIENTED_EDGE('',*,*,#1114,.T.);
#1475=ORIENTED_EDGE('',*,*,#1115,.T.);
#1476=ORIENTED_EDGE('',*,*,#1111,.F.);
#1477=ORIENTED_EDGE('',*,*,#1116,.T.);
#1478=ORIENTED_EDGE('',*,*,#1117,.T.);
#1479=ORIENTED_EDGE('',*,*,#1118,.T.);
#1480=ORIENTED_EDGE('',*,*,#1114,.F.);
#1481=ORIENTED_EDGE('',*,*,#1119,.T.);
#1482=ORIENTED_EDGE('',*,*,#1120,.T.);
#1483=ORIENTED_EDGE('',*,*,#1121,.T.);
#1484=ORIENTED_EDGE('',*,*,#1117,.F.);
#1485=ORIENTED_EDGE('',*,*,#1122,.T.);
#1486=ORIENTED_EDGE('',*,*,#1123,.T.);
#1487=ORIENTED_EDGE('',*,*,#1124,.T.);
#1488=ORIENTED_EDGE('',*,*,#1120,.F.);
#1489=ORIENTED_EDGE('',*,*,#1125,.T.);
#1490=ORIENTED_EDGE('',*,*,#1126,.T.);
#1491=ORIENTED_EDGE('',*,*,#1127,.T.);
#1492=ORIENTED_EDGE('',*,*,#1123,.F.);
#1493=ORIENTED_EDGE('',*,*,#1128,.T.);
#1494=ORIENTED_EDGE('',*,*,#1129,.T.);
#1495=ORIENTED_EDGE('',*,*,#1130,.T.);
#1496=ORIENTED_EDGE('',*,*,#1126,.F.);
#1497=ORIENTED_EDGE('',*,*,#1131,.T.);
#1498=ORIENTED_EDGE('',*,*,#1132,.T.);
#1499=ORIENTED_EDGE('',*,*,#1133,.T.);
#1500=ORIENTED_EDGE('',*,*,#1129,.F.);
#1501=ORIENTED_EDGE('',*,*,#1134,.T.);
#1502=ORIENTED_EDGE('',*,*,#1135,.T.);
#1503=ORIENTED_EDGE('',*,*,#1136,.T.);
#1504=ORIENTED_EDGE('',*,*,#1132,.F.);
#1505=ORIENTED_EDGE('',*,*,#1137,.T.);
#1506=ORIENTED_EDGE('',*,*,#1138,.T.);
#1507=ORIENTED_EDGE('',*,*,#1139,.T.);
#1508=ORIENTED_EDGE('',*,*,#1135,.F.);
#1509=ORIENTED_EDGE('',*,*,#1140,.T.);
#1510=ORIENTED_EDGE('',*,*,#1141,.T.);
#1511=ORIENTED_EDGE('',*,*,#1142,.T.);
#1512=ORIENTED_EDGE('',*,*,#1138,.F.);
#1513=ORIENTED_EDGE('',*,*,#1143,.T.);
#1514=ORIENTED_EDGE('',*,*,#1144,.T.);
#1515=ORIENTED_EDGE('',*,*,#1145,.T.);
#1516=ORIENTED_EDGE('',*,*,#1141,.F.);
#1517=ORIENTED_EDGE('',*,*,#1146,.T.);
#1518=ORIENTED_EDGE('',*,*,#1147,.T.);
#1519=ORIENTED_EDGE('',*,*,#1148,.T.);
#1520=ORIENTED_EDGE('',*,*,#1144,.F.);
#1521=ORIENTED_EDGE('',*,*,#1149,.T.);
#1522=ORIENTED_EDGE('',*,*,#1150,.T.);
#1523=ORIENTED_EDGE('',*,*,#1151,.T.);
#1524=ORIENTED_EDGE('',*,*,#1147,.F.);
#1525=ORIENTED_EDGE('',*,*,#1152,.T.);
#1526=ORIENTED_EDGE('',*,*,#1153,.T.);
#1527=ORIENTED_EDGE('',*,*,#1154,.T.);
#1528=ORIENTED_EDGE('',*,*,#1150,.F.);
#1529=ORIENTED_EDGE('',*,*,#1155,.T.);
#1530=ORIENTED_EDGE('',*,*,#1156,.T.);
#1531=ORIENTED_EDGE('',*,*,#1157,.T.);
#1532=ORIENTED_EDGE('',*,*,#1153,.F.);
#1533=ORIENTED_EDGE('',*,*,#1158,.T.);
#1534=ORIENTED_EDGE('',*,*,#1159,.T.);
#1535=ORIENTED_EDGE('',*,*,#1160,.T.);
#1536=ORIENTED_EDGE('',*,*,#1156,.F.);
#1537=ORIENTED_EDGE('',*,*,#1161,.T.);
#1538=ORIENTED_EDGE('',*,*,#1162,.T.);
#1539=ORIENTED_EDGE('',*,*,#1163,.T.);
#1540=ORIENTED_EDGE('',*,*,#1159,.F.);
#1541=ORIENTED_EDGE('',*,*,#1164,.T.);
#1542=ORIENTED_EDGE('',*,*,#1165,.T.);
#1543=ORIENTED_EDGE('',*,*,#1166,.T.);
#1544=ORIENTED_EDGE('',*,*,#1162,.F.);
#1545=ORIENTED_EDGE('',*,*,#1167,.T.);
#1546=ORIENTED_EDGE('',*,*,#1168,.T.);
#1547=ORIENTED_EDGE('',*,*,#1169,.T.);
#1548=ORIENTED_EDGE('',*,*,#1165,.F.);
#1549=ORIENTED_EDGE('',*,*,#1170,.T.);
#1550=ORIENTED_EDGE('',*,*,#1171,.T.);
#1551=ORIENTED_EDGE('',*,*,#1172,.T.);
#1552=ORIENTED_EDGE('',*,*,#1168,.F.);
#1553=ORIENTED_EDGE('',*,*,#1173,.T.);
#1554=ORIENTED_EDGE('',*,*,#1174,.T.);
#1555=ORIENTED_EDGE('',*,*,#1175,.T.);
#1556=ORIENTED_EDGE('',*,*,#1171,.F.);
#1557=ORIENTED_EDGE('',*,*,#1176,.T.);
#1558=ORIENTED_EDGE('',*,*,#1177,.T.);
#1559=ORIENTED_EDGE('',*,*,#1178,.T.);
#1560=ORIENTED_EDGE('',*,*,#1174,.F.);
#1561=ORIENTED_EDGE('',*,*,#1179,.T.);
#1562=ORIENTED_EDGE('',*,*,#1180,.T.);
#1563=ORIENTED_EDGE('',*,*,#1181,.T.);
#1564=ORIENTED_EDGE('',*,*,#1177,.F.);
#1565=ORIENTED_EDGE('',*,*,#1182,.T.);
#1566=ORIENTED_EDGE('',*,*,#1183,.T.);
#1567=ORIENTED_EDGE('',*,*,#1184,.T.);
#1568=ORIENTED_EDGE('',*,*,#1180,.F.);
#1569=ORIENTED_EDGE('',*,*,#1185,.T.);
#1570=ORIENTED_EDGE('',*,*,#1186,.T.);
#1571=ORIENTED_EDGE('',*,*,#1187,.T.);
#1572=ORIENTED_EDGE('',*,*,#1183,.F.);
#1573=ORIENTED_EDGE('',*,*,#1188,.T.);
#1574=ORIENTED_EDGE('',*,*,#1189,.F.);
#1575=ORIENTED_EDGE('',*,*,#1190,.F.);
#1576=ORIENTED_EDGE('',*,*,#1191,.T.);
#1577=ORIENTED_EDGE('',*,*,#1192,.T.);
#1578=ORIENTED_EDGE('',*,*,#1193,.T.);
#1579=ORIENTED_EDGE('',*,*,#1194,.T.);
#1580=ORIENTED_EDGE('',*,*,#1193,.F.);
#1581=ORIENTED_EDGE('',*,*,#1195,.F.);
#1582=ORIENTED_EDGE('',*,*,#1196,.F.);
#1583=ORIENTED_EDGE('',*,*,#1197,.F.);
#1584=ORIENTED_EDGE('',*,*,#1198,.F.);
#1585=ORIENTED_EDGE('',*,*,#1199,.F.);
#1586=ORIENTED_EDGE('',*,*,#1200,.F.);
#1587=ORIENTED_EDGE('',*,*,#1201,.F.);
#1588=ORIENTED_EDGE('',*,*,#1202,.F.);
#1589=ORIENTED_EDGE('',*,*,#1203,.F.);
#1590=ORIENTED_EDGE('',*,*,#1204,.F.);
#1591=ORIENTED_EDGE('',*,*,#1205,.F.);
#1592=ORIENTED_EDGE('',*,*,#1206,.F.);
#1593=ORIENTED_EDGE('',*,*,#1207,.F.);
#1594=ORIENTED_EDGE('',*,*,#1208,.F.);
#1595=ORIENTED_EDGE('',*,*,#1194,.F.);
#1596=ORIENTED_EDGE('',*,*,#1101,.F.);
#1597=ORIENTED_EDGE('',*,*,#1102,.F.);
#1598=ORIENTED_EDGE('',*,*,#1209,.T.);
#1599=ORIENTED_EDGE('',*,*,#1192,.F.);
#1600=ORIENTED_EDGE('',*,*,#1209,.F.);
#1601=ORIENTED_EDGE('',*,*,#1210,.T.);
#1602=ORIENTED_EDGE('',*,*,#1211,.T.);
#1603=ORIENTED_EDGE('',*,*,#1212,.T.);
#1604=ORIENTED_EDGE('',*,*,#1190,.T.);
#1605=ORIENTED_EDGE('',*,*,#1213,.T.);
#1606=ORIENTED_EDGE('',*,*,#1189,.T.);
#1607=ORIENTED_EDGE('',*,*,#1214,.T.);
#1608=ORIENTED_EDGE('',*,*,#1186,.F.);
#1609=ORIENTED_EDGE('',*,*,#1215,.T.);
#1610=ORIENTED_EDGE('',*,*,#1213,.F.);
#1611=ORIENTED_EDGE('',*,*,#1212,.F.);
#1612=ORIENTED_EDGE('',*,*,#1216,.F.);
#1613=ORIENTED_EDGE('',*,*,#1006,.F.);
#1614=ORIENTED_EDGE('',*,*,#1010,.F.);
#1615=ORIENTED_EDGE('',*,*,#1013,.F.);
#1616=ORIENTED_EDGE('',*,*,#1016,.F.);
#1617=ORIENTED_EDGE('',*,*,#1019,.F.);
#1618=ORIENTED_EDGE('',*,*,#1022,.F.);
#1619=ORIENTED_EDGE('',*,*,#1025,.F.);
#1620=ORIENTED_EDGE('',*,*,#1028,.F.);
#1621=ORIENTED_EDGE('',*,*,#1031,.F.);
#1622=ORIENTED_EDGE('',*,*,#1034,.F.);
#1623=ORIENTED_EDGE('',*,*,#1037,.F.);
#1624=ORIENTED_EDGE('',*,*,#1040,.F.);
#1625=ORIENTED_EDGE('',*,*,#1043,.F.);
#1626=ORIENTED_EDGE('',*,*,#1046,.F.);
#1627=ORIENTED_EDGE('',*,*,#1049,.F.);
#1628=ORIENTED_EDGE('',*,*,#1052,.F.);
#1629=ORIENTED_EDGE('',*,*,#1055,.F.);
#1630=ORIENTED_EDGE('',*,*,#1058,.F.);
#1631=ORIENTED_EDGE('',*,*,#1061,.F.);
#1632=ORIENTED_EDGE('',*,*,#1064,.F.);
#1633=ORIENTED_EDGE('',*,*,#1067,.F.);
#1634=ORIENTED_EDGE('',*,*,#1070,.F.);
#1635=ORIENTED_EDGE('',*,*,#1073,.F.);
#1636=ORIENTED_EDGE('',*,*,#1076,.F.);
#1637=ORIENTED_EDGE('',*,*,#1079,.F.);
#1638=ORIENTED_EDGE('',*,*,#1082,.F.);
#1639=ORIENTED_EDGE('',*,*,#1085,.F.);
#1640=ORIENTED_EDGE('',*,*,#1088,.F.);
#1641=ORIENTED_EDGE('',*,*,#1091,.F.);
#1642=ORIENTED_EDGE('',*,*,#1217,.F.);
#1643=ORIENTED_EDGE('',*,*,#1096,.F.);
#1644=ORIENTED_EDGE('',*,*,#1218,.F.);
#1645=ORIENTED_EDGE('',*,*,#1098,.F.);
#1646=ORIENTED_EDGE('',*,*,#1106,.F.);
#1647=ORIENTED_EDGE('',*,*,#1109,.F.);
#1648=ORIENTED_EDGE('',*,*,#1112,.F.);
#1649=ORIENTED_EDGE('',*,*,#1115,.F.);
#1650=ORIENTED_EDGE('',*,*,#1118,.F.);
#1651=ORIENTED_EDGE('',*,*,#1121,.F.);
#1652=ORIENTED_EDGE('',*,*,#1124,.F.);
#1653=ORIENTED_EDGE('',*,*,#1127,.F.);
#1654=ORIENTED_EDGE('',*,*,#1130,.F.);
#1655=ORIENTED_EDGE('',*,*,#1133,.F.);
#1656=ORIENTED_EDGE('',*,*,#1136,.F.);
#1657=ORIENTED_EDGE('',*,*,#1139,.F.);
#1658=ORIENTED_EDGE('',*,*,#1142,.F.);
#1659=ORIENTED_EDGE('',*,*,#1145,.F.);
#1660=ORIENTED_EDGE('',*,*,#1148,.F.);
#1661=ORIENTED_EDGE('',*,*,#1151,.F.);
#1662=ORIENTED_EDGE('',*,*,#1154,.F.);
#1663=ORIENTED_EDGE('',*,*,#1157,.F.);
#1664=ORIENTED_EDGE('',*,*,#1160,.F.);
#1665=ORIENTED_EDGE('',*,*,#1163,.F.);
#1666=ORIENTED_EDGE('',*,*,#1166,.F.);
#1667=ORIENTED_EDGE('',*,*,#1169,.F.);
#1668=ORIENTED_EDGE('',*,*,#1172,.F.);
#1669=ORIENTED_EDGE('',*,*,#1175,.F.);
#1670=ORIENTED_EDGE('',*,*,#1178,.F.);
#1671=ORIENTED_EDGE('',*,*,#1181,.F.);
#1672=ORIENTED_EDGE('',*,*,#1184,.F.);
#1673=ORIENTED_EDGE('',*,*,#1187,.F.);
#1674=ORIENTED_EDGE('',*,*,#1214,.F.);
#1675=ORIENTED_EDGE('',*,*,#1191,.F.);
#1676=ORIENTED_EDGE('',*,*,#1219,.T.);
#1677=ORIENTED_EDGE('',*,*,#1220,.T.);
#1678=ORIENTED_EDGE('',*,*,#1221,.T.);
#1679=ORIENTED_EDGE('',*,*,#1220,.F.);
#1680=ORIENTED_EDGE('',*,*,#1221,.F.);
#1681=ORIENTED_EDGE('',*,*,#1222,.T.);
#1682=ORIENTED_EDGE('',*,*,#1223,.F.);
#1683=ORIENTED_EDGE('',*,*,#1224,.F.);
#1684=ORIENTED_EDGE('',*,*,#1225,.T.);
#1685=ORIENTED_EDGE('',*,*,#1226,.T.);
#1686=ORIENTED_EDGE('',*,*,#1227,.F.);
#1687=ORIENTED_EDGE('',*,*,#1228,.T.);
#1688=ORIENTED_EDGE('',*,*,#1229,.F.);
#1689=ORIENTED_EDGE('',*,*,#1222,.F.);
#1690=ORIENTED_EDGE('',*,*,#1219,.F.);
#1691=ORIENTED_EDGE('',*,*,#1211,.F.);
#1692=ORIENTED_EDGE('',*,*,#1230,.T.);
#1693=ORIENTED_EDGE('',*,*,#1007,.T.);
#1694=ORIENTED_EDGE('',*,*,#1216,.T.);
#1695=ORIENTED_EDGE('',*,*,#1231,.T.);
#1696=ORIENTED_EDGE('',*,*,#1232,.T.);
#1697=ORIENTED_EDGE('',*,*,#1233,.T.);
#1698=ORIENTED_EDGE('',*,*,#1205,.T.);
#1699=ORIENTED_EDGE('',*,*,#1234,.T.);
#1700=ORIENTED_EDGE('',*,*,#1235,.T.);
#1701=ORIENTED_EDGE('',*,*,#1231,.F.);
#1702=ORIENTED_EDGE('',*,*,#1208,.T.);
#1703=ORIENTED_EDGE('',*,*,#1236,.T.);
#1704=ORIENTED_EDGE('',*,*,#1237,.T.);
#1705=ORIENTED_EDGE('',*,*,#1234,.F.);
#1706=ORIENTED_EDGE('',*,*,#1207,.T.);
#1707=ORIENTED_EDGE('',*,*,#1233,.F.);
#1708=ORIENTED_EDGE('',*,*,#1238,.T.);
#1709=ORIENTED_EDGE('',*,*,#1236,.F.);
#1710=ORIENTED_EDGE('',*,*,#1206,.T.);
#1711=ORIENTED_EDGE('',*,*,#1238,.F.);
#1712=ORIENTED_EDGE('',*,*,#1239,.T.);
#1713=ORIENTED_EDGE('',*,*,#1240,.F.);
#1714=ORIENTED_EDGE('',*,*,#1241,.F.);
#1715=ORIENTED_EDGE('',*,*,#1232,.F.);
#1716=ORIENTED_EDGE('',*,*,#1242,.T.);
#1717=ORIENTED_EDGE('',*,*,#1243,.F.);
#1718=ORIENTED_EDGE('',*,*,#1239,.F.);
#1719=ORIENTED_EDGE('',*,*,#1244,.T.);
#1720=ORIENTED_EDGE('',*,*,#1245,.T.);
#1721=ORIENTED_EDGE('',*,*,#1246,.T.);
#1722=ORIENTED_EDGE('',*,*,#1195,.T.);
#1723=ORIENTED_EDGE('',*,*,#1247,.T.);
#1724=ORIENTED_EDGE('',*,*,#1248,.T.);
#1725=ORIENTED_EDGE('',*,*,#1244,.F.);
#1726=ORIENTED_EDGE('',*,*,#1204,.T.);
#1727=ORIENTED_EDGE('',*,*,#1249,.T.);
#1728=ORIENTED_EDGE('',*,*,#1250,.T.);
#1729=ORIENTED_EDGE('',*,*,#1247,.F.);
#1730=ORIENTED_EDGE('',*,*,#1203,.T.);
#1731=ORIENTED_EDGE('',*,*,#1251,.T.);
#1732=ORIENTED_EDGE('',*,*,#1252,.T.);
#1733=ORIENTED_EDGE('',*,*,#1249,.F.);
#1734=ORIENTED_EDGE('',*,*,#1202,.T.);
#1735=ORIENTED_EDGE('',*,*,#1251,.F.);
#1736=ORIENTED_EDGE('',*,*,#1201,.T.);
#1737=ORIENTED_EDGE('',*,*,#1253,.T.);
#1738=ORIENTED_EDGE('',*,*,#1254,.T.);
#1739=ORIENTED_EDGE('',*,*,#1253,.F.);
#1740=ORIENTED_EDGE('',*,*,#1200,.T.);
#1741=ORIENTED_EDGE('',*,*,#1255,.T.);
#1742=ORIENTED_EDGE('',*,*,#1256,.T.);
#1743=ORIENTED_EDGE('',*,*,#1257,.T.);
#1744=ORIENTED_EDGE('',*,*,#1258,.T.);
#1745=ORIENTED_EDGE('',*,*,#1255,.F.);
#1746=ORIENTED_EDGE('',*,*,#1199,.T.);
#1747=ORIENTED_EDGE('',*,*,#1259,.T.);
#1748=ORIENTED_EDGE('',*,*,#1260,.T.);
#1749=ORIENTED_EDGE('',*,*,#1257,.F.);
#1750=ORIENTED_EDGE('',*,*,#1198,.T.);
#1751=ORIENTED_EDGE('',*,*,#1259,.F.);
#1752=ORIENTED_EDGE('',*,*,#1197,.T.);
#1753=ORIENTED_EDGE('',*,*,#1261,.T.);
#1754=ORIENTED_EDGE('',*,*,#1262,.T.);
#1755=ORIENTED_EDGE('',*,*,#1246,.F.);
#1756=ORIENTED_EDGE('',*,*,#1263,.T.);
#1757=ORIENTED_EDGE('',*,*,#1261,.F.);
#1758=ORIENTED_EDGE('',*,*,#1196,.T.);
#1759=ORIENTED_EDGE('',*,*,#1258,.F.);
#1760=ORIENTED_EDGE('',*,*,#1264,.T.);
#1761=ORIENTED_EDGE('',*,*,#1227,.T.);
#1762=ORIENTED_EDGE('',*,*,#1226,.F.);
#1763=ORIENTED_EDGE('',*,*,#1225,.F.);
#1764=ORIENTED_EDGE('',*,*,#1265,.F.);
#1765=ORIENTED_EDGE('',*,*,#1260,.F.);
#1766=ORIENTED_EDGE('',*,*,#1266,.T.);
#1767=ORIENTED_EDGE('',*,*,#1267,.F.);
#1768=ORIENTED_EDGE('',*,*,#1264,.F.);
#1769=ORIENTED_EDGE('',*,*,#1262,.F.);
#1770=ORIENTED_EDGE('',*,*,#1268,.T.);
#1771=ORIENTED_EDGE('',*,*,#1269,.F.);
#1772=ORIENTED_EDGE('',*,*,#1266,.F.);
#1773=ORIENTED_EDGE('',*,*,#1263,.F.);
#1774=ORIENTED_EDGE('',*,*,#1270,.T.);
#1775=ORIENTED_EDGE('',*,*,#1271,.F.);
#1776=ORIENTED_EDGE('',*,*,#1268,.F.);
#1777=ORIENTED_EDGE('',*,*,#1245,.F.);
#1778=ORIENTED_EDGE('',*,*,#1272,.T.);
#1779=ORIENTED_EDGE('',*,*,#1273,.F.);
#1780=ORIENTED_EDGE('',*,*,#1270,.F.);
#1781=ORIENTED_EDGE('',*,*,#1274,.T.);
#1782=ORIENTED_EDGE('',*,*,#1275,.T.);
#1783=ORIENTED_EDGE('',*,*,#1276,.T.);
#1784=ORIENTED_EDGE('',*,*,#1240,.T.);
#1785=ORIENTED_EDGE('',*,*,#1277,.T.);
#1786=ORIENTED_EDGE('',*,*,#1278,.T.);
#1787=ORIENTED_EDGE('',*,*,#1274,.F.);
#1788=ORIENTED_EDGE('',*,*,#1243,.T.);
#1789=ORIENTED_EDGE('',*,*,#1279,.T.);
#1790=ORIENTED_EDGE('',*,*,#1280,.T.);
#1791=ORIENTED_EDGE('',*,*,#1277,.F.);
#1792=ORIENTED_EDGE('',*,*,#1281,.T.);
#1793=ORIENTED_EDGE('',*,*,#1276,.F.);
#1794=ORIENTED_EDGE('',*,*,#1282,.T.);
#1795=ORIENTED_EDGE('',*,*,#1279,.F.);
#1796=ORIENTED_EDGE('',*,*,#1283,.T.);
#1797=ORIENTED_EDGE('',*,*,#1284,.T.);
#1798=ORIENTED_EDGE('',*,*,#1285,.T.);
#1799=ORIENTED_EDGE('',*,*,#1286,.T.);
#1800=ORIENTED_EDGE('',*,*,#1287,.T.);
#1801=ORIENTED_EDGE('',*,*,#1275,.F.);
#1802=ORIENTED_EDGE('',*,*,#1278,.F.);
#1803=ORIENTED_EDGE('',*,*,#1280,.F.);
#1804=ORIENTED_EDGE('',*,*,#1282,.F.);
#1805=ORIENTED_EDGE('',*,*,#1288,.T.);
#1806=ORIENTED_EDGE('',*,*,#1289,.T.);
#1807=ORIENTED_EDGE('',*,*,#1290,.T.);
#1808=ORIENTED_EDGE('',*,*,#1291,.T.);
#1809=ORIENTED_EDGE('',*,*,#1292,.T.);
#1810=ORIENTED_EDGE('',*,*,#1293,.T.);
#1811=ORIENTED_EDGE('',*,*,#1288,.F.);
#1812=ORIENTED_EDGE('',*,*,#1294,.T.);
#1813=ORIENTED_EDGE('',*,*,#1295,.T.);
#1814=ORIENTED_EDGE('',*,*,#1296,.T.);
#1815=ORIENTED_EDGE('',*,*,#1292,.F.);
#1816=ORIENTED_EDGE('',*,*,#1297,.T.);
#1817=ORIENTED_EDGE('',*,*,#1290,.F.);
#1818=ORIENTED_EDGE('',*,*,#1298,.T.);
#1819=ORIENTED_EDGE('',*,*,#1295,.F.);
#1820=ORIENTED_EDGE('',*,*,#1299,.T.);
#1821=ORIENTED_EDGE('',*,*,#1294,.F.);
#1822=ORIENTED_EDGE('',*,*,#1300,.F.);
#1823=ORIENTED_EDGE('',*,*,#1284,.F.);
#1824=ORIENTED_EDGE('',*,*,#1301,.T.);
#1825=ORIENTED_EDGE('',*,*,#1291,.F.);
#1826=ORIENTED_EDGE('',*,*,#1302,.F.);
#1827=ORIENTED_EDGE('',*,*,#1285,.F.);
#1828=ORIENTED_EDGE('',*,*,#1300,.T.);
#1829=ORIENTED_EDGE('',*,*,#1303,.F.);
#1830=ORIENTED_EDGE('',*,*,#1223,.T.);
#1831=ORIENTED_EDGE('',*,*,#1229,.T.);
#1832=ORIENTED_EDGE('',*,*,#1304,.F.);
#1833=ORIENTED_EDGE('',*,*,#1305,.F.);
#1834=ORIENTED_EDGE('',*,*,#1306,.F.);
#1835=ORIENTED_EDGE('',*,*,#1307,.F.);
#1836=ORIENTED_EDGE('',*,*,#1308,.F.);
#1837=ORIENTED_EDGE('',*,*,#1309,.F.);
#1838=ORIENTED_EDGE('',*,*,#1310,.F.);
#1839=ORIENTED_EDGE('',*,*,#1311,.F.);
#1840=ORIENTED_EDGE('',*,*,#1289,.F.);
#1841=ORIENTED_EDGE('',*,*,#1293,.F.);
#1842=ORIENTED_EDGE('',*,*,#1296,.F.);
#1843=ORIENTED_EDGE('',*,*,#1298,.F.);
#1844=ORIENTED_EDGE('',*,*,#1228,.F.);
#1845=ORIENTED_EDGE('',*,*,#1267,.T.);
#1846=ORIENTED_EDGE('',*,*,#1312,.T.);
#1847=ORIENTED_EDGE('',*,*,#1304,.T.);
#1848=ORIENTED_EDGE('',*,*,#1313,.T.);
#1849=ORIENTED_EDGE('',*,*,#1305,.T.);
#1850=ORIENTED_EDGE('',*,*,#1312,.F.);
#1851=ORIENTED_EDGE('',*,*,#1269,.T.);
#1852=ORIENTED_EDGE('',*,*,#1314,.T.);
#1853=ORIENTED_EDGE('',*,*,#1306,.T.);
#1854=ORIENTED_EDGE('',*,*,#1313,.F.);
#1855=ORIENTED_EDGE('',*,*,#1271,.T.);
#1856=ORIENTED_EDGE('',*,*,#1315,.T.);
#1857=ORIENTED_EDGE('',*,*,#1307,.T.);
#1858=ORIENTED_EDGE('',*,*,#1314,.F.);
#1859=ORIENTED_EDGE('',*,*,#1273,.T.);
#1860=ORIENTED_EDGE('',*,*,#1316,.T.);
#1861=ORIENTED_EDGE('',*,*,#1308,.T.);
#1862=ORIENTED_EDGE('',*,*,#1315,.F.);
#1863=ORIENTED_EDGE('',*,*,#1317,.T.);
#1864=ORIENTED_EDGE('',*,*,#1318,.T.);
#1865=ORIENTED_EDGE('',*,*,#1309,.T.);
#1866=ORIENTED_EDGE('',*,*,#1316,.F.);
#1867=ORIENTED_EDGE('',*,*,#1319,.T.);
#1868=ORIENTED_EDGE('',*,*,#1320,.T.);
#1869=ORIENTED_EDGE('',*,*,#1310,.T.);
#1870=ORIENTED_EDGE('',*,*,#1318,.F.);
#1871=ORIENTED_EDGE('',*,*,#1321,.T.);
#1872=ORIENTED_EDGE('',*,*,#1322,.T.);
#1873=ORIENTED_EDGE('',*,*,#1311,.T.);
#1874=ORIENTED_EDGE('',*,*,#1320,.F.);
#1875=ORIENTED_EDGE('',*,*,#1323,.T.);
#1876=ORIENTED_EDGE('',*,*,#1224,.T.);
#1877=ORIENTED_EDGE('',*,*,#1303,.T.);
#1878=ORIENTED_EDGE('',*,*,#1322,.F.);
#1879=ORIENTED_EDGE('',*,*,#1324,.T.);
#1880=ORIENTED_EDGE('',*,*,#1256,.F.);
#1881=ORIENTED_EDGE('',*,*,#1265,.T.);
#1882=ORIENTED_EDGE('',*,*,#1324,.F.);
#1883=ORIENTED_EDGE('',*,*,#1325,.F.);
#1884=ORIENTED_EDGE('',*,*,#1254,.F.);
#1885=ORIENTED_EDGE('',*,*,#1325,.T.);
#1886=ORIENTED_EDGE('',*,*,#1323,.F.);
#1887=ORIENTED_EDGE('',*,*,#1326,.F.);
#1888=ORIENTED_EDGE('',*,*,#1252,.F.);
#1889=ORIENTED_EDGE('',*,*,#1326,.T.);
#1890=ORIENTED_EDGE('',*,*,#1321,.F.);
#1891=ORIENTED_EDGE('',*,*,#1327,.F.);
#1892=ORIENTED_EDGE('',*,*,#1250,.F.);
#1893=ORIENTED_EDGE('',*,*,#1327,.T.);
#1894=ORIENTED_EDGE('',*,*,#1319,.F.);
#1895=ORIENTED_EDGE('',*,*,#1328,.F.);
#1896=ORIENTED_EDGE('',*,*,#1248,.F.);
#1897=ORIENTED_EDGE('',*,*,#1328,.T.);
#1898=ORIENTED_EDGE('',*,*,#1317,.F.);
#1899=ORIENTED_EDGE('',*,*,#1272,.F.);
#1900=ORIENTED_EDGE('',*,*,#1093,.T.);
#1901=ORIENTED_EDGE('',*,*,#1217,.T.);
#1902=ORIENTED_EDGE('',*,*,#1090,.F.);
#1903=ORIENTED_EDGE('',*,*,#1329,.F.);
#1904=ORIENTED_EDGE('',*,*,#1095,.T.);
#1905=ORIENTED_EDGE('',*,*,#1330,.T.);
#1906=ORIENTED_EDGE('',*,*,#1103,.F.);
#1907=ORIENTED_EDGE('',*,*,#1099,.F.);
#1908=ORIENTED_EDGE('',*,*,#1218,.T.);
#1909=ORIENTED_EDGE('',*,*,#1210,.F.);
#1910=ORIENTED_EDGE('',*,*,#1215,.F.);
#1911=ORIENTED_EDGE('',*,*,#1188,.F.);
#1912=ORIENTED_EDGE('',*,*,#1185,.F.);
#1913=ORIENTED_EDGE('',*,*,#1182,.F.);
#1914=ORIENTED_EDGE('',*,*,#1179,.F.);
#1915=ORIENTED_EDGE('',*,*,#1176,.F.);
#1916=ORIENTED_EDGE('',*,*,#1173,.F.);
#1917=ORIENTED_EDGE('',*,*,#1170,.F.);
#1918=ORIENTED_EDGE('',*,*,#1167,.F.);
#1919=ORIENTED_EDGE('',*,*,#1164,.F.);
#1920=ORIENTED_EDGE('',*,*,#1161,.F.);
#1921=ORIENTED_EDGE('',*,*,#1158,.F.);
#1922=ORIENTED_EDGE('',*,*,#1155,.F.);
#1923=ORIENTED_EDGE('',*,*,#1152,.F.);
#1924=ORIENTED_EDGE('',*,*,#1149,.F.);
#1925=ORIENTED_EDGE('',*,*,#1146,.F.);
#1926=ORIENTED_EDGE('',*,*,#1143,.F.);
#1927=ORIENTED_EDGE('',*,*,#1140,.F.);
#1928=ORIENTED_EDGE('',*,*,#1137,.F.);
#1929=ORIENTED_EDGE('',*,*,#1134,.F.);
#1930=ORIENTED_EDGE('',*,*,#1131,.F.);
#1931=ORIENTED_EDGE('',*,*,#1128,.F.);
#1932=ORIENTED_EDGE('',*,*,#1125,.F.);
#1933=ORIENTED_EDGE('',*,*,#1122,.F.);
#1934=ORIENTED_EDGE('',*,*,#1119,.F.);
#1935=ORIENTED_EDGE('',*,*,#1116,.F.);
#1936=ORIENTED_EDGE('',*,*,#1113,.F.);
#1937=ORIENTED_EDGE('',*,*,#1110,.F.);
#1938=ORIENTED_EDGE('',*,*,#1107,.F.);
#1939=ORIENTED_EDGE('',*,*,#1104,.F.);
#1940=ORIENTED_EDGE('',*,*,#1330,.F.);
#1941=ORIENTED_EDGE('',*,*,#1094,.T.);
#1942=ORIENTED_EDGE('',*,*,#1329,.T.);
#1943=ORIENTED_EDGE('',*,*,#1092,.T.);
#1944=ORIENTED_EDGE('',*,*,#1089,.T.);
#1945=ORIENTED_EDGE('',*,*,#1086,.T.);
#1946=ORIENTED_EDGE('',*,*,#1083,.T.);
#1947=ORIENTED_EDGE('',*,*,#1080,.T.);
#1948=ORIENTED_EDGE('',*,*,#1077,.T.);
#1949=ORIENTED_EDGE('',*,*,#1074,.T.);
#1950=ORIENTED_EDGE('',*,*,#1071,.T.);
#1951=ORIENTED_EDGE('',*,*,#1068,.T.);
#1952=ORIENTED_EDGE('',*,*,#1065,.T.);
#1953=ORIENTED_EDGE('',*,*,#1062,.T.);
#1954=ORIENTED_EDGE('',*,*,#1059,.T.);
#1955=ORIENTED_EDGE('',*,*,#1056,.T.);
#1956=ORIENTED_EDGE('',*,*,#1053,.T.);
#1957=ORIENTED_EDGE('',*,*,#1050,.T.);
#1958=ORIENTED_EDGE('',*,*,#1047,.T.);
#1959=ORIENTED_EDGE('',*,*,#1044,.T.);
#1960=ORIENTED_EDGE('',*,*,#1041,.T.);
#1961=ORIENTED_EDGE('',*,*,#1038,.T.);
#1962=ORIENTED_EDGE('',*,*,#1035,.T.);
#1963=ORIENTED_EDGE('',*,*,#1032,.T.);
#1964=ORIENTED_EDGE('',*,*,#1029,.T.);
#1965=ORIENTED_EDGE('',*,*,#1026,.T.);
#1966=ORIENTED_EDGE('',*,*,#1023,.T.);
#1967=ORIENTED_EDGE('',*,*,#1020,.T.);
#1968=ORIENTED_EDGE('',*,*,#1017,.T.);
#1969=ORIENTED_EDGE('',*,*,#1014,.T.);
#1970=ORIENTED_EDGE('',*,*,#1011,.T.);
#1971=ORIENTED_EDGE('',*,*,#1008,.T.);
#1972=ORIENTED_EDGE('',*,*,#1230,.F.);
#1973=ORIENTED_EDGE('',*,*,#1299,.F.);
#1974=ORIENTED_EDGE('',*,*,#1331,.F.);
#1975=ORIENTED_EDGE('',*,*,#1286,.F.);
#1976=ORIENTED_EDGE('',*,*,#1302,.T.);
#1977=ORIENTED_EDGE('',*,*,#1297,.F.);
#1978=ORIENTED_EDGE('',*,*,#1301,.F.);
#1979=ORIENTED_EDGE('',*,*,#1287,.F.);
#1980=ORIENTED_EDGE('',*,*,#1331,.T.);
#1981=ORIENTED_EDGE('',*,*,#1237,.F.);
#1982=ORIENTED_EDGE('',*,*,#1241,.T.);
#1983=ORIENTED_EDGE('',*,*,#1283,.F.);
#1984=ORIENTED_EDGE('',*,*,#1332,.F.);
#1985=ORIENTED_EDGE('',*,*,#1235,.F.);
#1986=ORIENTED_EDGE('',*,*,#1332,.T.);
#1987=ORIENTED_EDGE('',*,*,#1281,.F.);
#1988=ORIENTED_EDGE('',*,*,#1242,.F.);
#1989=CYLINDRICAL_SURFACE('',#2201,1.543);
#1990=CYLINDRICAL_SURFACE('',#2203,1.543);
#1991=CYLINDRICAL_SURFACE('',#2204,1.543);
#1992=CYLINDRICAL_SURFACE('',#2205,1.543);
#1993=CYLINDRICAL_SURFACE('',#2206,1.543);
#1994=CYLINDRICAL_SURFACE('',#2207,1.543);
#1995=CYLINDRICAL_SURFACE('',#2208,1.543);
#1996=CYLINDRICAL_SURFACE('',#2209,1.543);
#1997=CYLINDRICAL_SURFACE('',#2210,1.543);
#1998=CYLINDRICAL_SURFACE('',#2211,1.543);
#1999=CYLINDRICAL_SURFACE('',#2212,1.543);
#2000=CYLINDRICAL_SURFACE('',#2213,1.543);
#2001=CYLINDRICAL_SURFACE('',#2214,1.543);
#2002=CYLINDRICAL_SURFACE('',#2215,1.543);
#2003=CYLINDRICAL_SURFACE('',#2216,1.543);
#2004=CYLINDRICAL_SURFACE('',#2217,1.543);
#2005=CYLINDRICAL_SURFACE('',#2218,1.543);
#2006=CYLINDRICAL_SURFACE('',#2219,1.543);
#2007=CYLINDRICAL_SURFACE('',#2220,1.543);
#2008=CYLINDRICAL_SURFACE('',#2221,1.543);
#2009=CYLINDRICAL_SURFACE('',#2222,1.543);
#2010=CYLINDRICAL_SURFACE('',#2223,1.543);
#2011=CYLINDRICAL_SURFACE('',#2224,1.543);
#2012=CYLINDRICAL_SURFACE('',#2225,1.543);
#2013=CYLINDRICAL_SURFACE('',#2226,1.543);
#2014=CYLINDRICAL_SURFACE('',#2227,1.543);
#2015=CYLINDRICAL_SURFACE('',#2228,1.543);
#2016=CYLINDRICAL_SURFACE('',#2229,1.543);
#2017=CYLINDRICAL_SURFACE('',#2230,1.543);
#2018=CYLINDRICAL_SURFACE('',#2231,1.543);
#2019=CYLINDRICAL_SURFACE('',#2233,1.2645);
#2020=CYLINDRICAL_SURFACE('',#2238,1.2645);
#2021=CYLINDRICAL_SURFACE('',#2239,1.2645);
#2022=CYLINDRICAL_SURFACE('',#2240,1.2645);
#2023=CYLINDRICAL_SURFACE('',#2241,1.2645);
#2024=CYLINDRICAL_SURFACE('',#2242,1.2645);
#2025=CYLINDRICAL_SURFACE('',#2243,1.2645);
#2026=CYLINDRICAL_SURFACE('',#2244,1.2645);
#2027=CYLINDRICAL_SURFACE('',#2245,1.2645);
#2028=CYLINDRICAL_SURFACE('',#2246,1.2645);
#2029=CYLINDRICAL_SURFACE('',#2247,1.2645);
#2030=CYLINDRICAL_SURFACE('',#2248,1.2645);
#2031=CYLINDRICAL_SURFACE('',#2249,1.2645);
#2032=CYLINDRICAL_SURFACE('',#2250,1.2645);
#2033=CYLINDRICAL_SURFACE('',#2251,1.2645);
#2034=CYLINDRICAL_SURFACE('',#2252,1.2645);
#2035=CYLINDRICAL_SURFACE('',#2253,1.2645);
#2036=CYLINDRICAL_SURFACE('',#2254,1.2645);
#2037=CYLINDRICAL_SURFACE('',#2255,1.2645);
#2038=CYLINDRICAL_SURFACE('',#2256,1.2645);
#2039=CYLINDRICAL_SURFACE('',#2257,1.2645);
#2040=CYLINDRICAL_SURFACE('',#2258,1.2645);
#2041=CYLINDRICAL_SURFACE('',#2259,1.2645);
#2042=CYLINDRICAL_SURFACE('',#2260,1.2645);
#2043=CYLINDRICAL_SURFACE('',#2261,1.2645);
#2044=CYLINDRICAL_SURFACE('',#2262,1.2645);
#2045=CYLINDRICAL_SURFACE('',#2263,1.2645);
#2046=CYLINDRICAL_SURFACE('',#2264,1.2645);
#2047=CYLINDRICAL_SURFACE('',#2265,1.2645);
#2048=CYLINDRICAL_SURFACE('',#2266,1.2645);
#2049=CYLINDRICAL_SURFACE('',#2280,1.2645);
#2050=CYLINDRICAL_SURFACE('',#2284,1.2645);
#2051=CYLINDRICAL_SURFACE('',#2288,3.);
#2052=CYLINDRICAL_SURFACE('',#2302,2.);
#2053=CYLINDRICAL_SURFACE('',#2320,3.);
#2054=CYLINDRICAL_SURFACE('',#2322,10.0000000000017);
#2055=CYLINDRICAL_SURFACE('',#2324,5.5);
#2056=CYLINDRICAL_SURFACE('',#2345,3.6);
#2057=CYLINDRICAL_SURFACE('',#2366,10.);
#2058=CYLINDRICAL_SURFACE('',#2367,5.5);
#2059=CYLINDRICAL_SURFACE('',#2369,5.5);
#2060=CYLINDRICAL_SURFACE('',#2370,1.543);
#2061=CYLINDRICAL_SURFACE('',#2372,3.6);
#2062=CYLINDRICAL_SURFACE('',#2374,2.);
#2063=ADVANCED_FACE('',(#75),#1989,.F.);
#2064=ADVANCED_FACE('',(#76),#1990,.F.);
#2065=ADVANCED_FACE('',(#77),#1991,.F.);
#2066=ADVANCED_FACE('',(#78),#1992,.F.);
#2067=ADVANCED_FACE('',(#79),#1993,.F.);
#2068=ADVANCED_FACE('',(#80),#1994,.F.);
#2069=ADVANCED_FACE('',(#81),#1995,.F.);
#2070=ADVANCED_FACE('',(#82),#1996,.F.);
#2071=ADVANCED_FACE('',(#83),#1997,.F.);
#2072=ADVANCED_FACE('',(#84),#1998,.F.);
#2073=ADVANCED_FACE('',(#85),#1999,.F.);
#2074=ADVANCED_FACE('',(#86),#2000,.F.);
#2075=ADVANCED_FACE('',(#87),#2001,.F.);
#2076=ADVANCED_FACE('',(#88),#2002,.F.);
#2077=ADVANCED_FACE('',(#89),#2003,.F.);
#2078=ADVANCED_FACE('',(#90),#2004,.F.);
#2079=ADVANCED_FACE('',(#91),#2005,.F.);
#2080=ADVANCED_FACE('',(#92),#2006,.F.);
#2081=ADVANCED_FACE('',(#93),#2007,.F.);
#2082=ADVANCED_FACE('',(#94),#2008,.F.);
#2083=ADVANCED_FACE('',(#95),#2009,.F.);
#2084=ADVANCED_FACE('',(#96),#2010,.F.);
#2085=ADVANCED_FACE('',(#97),#2011,.F.);
#2086=ADVANCED_FACE('',(#98),#2012,.F.);
#2087=ADVANCED_FACE('',(#99),#2013,.F.);
#2088=ADVANCED_FACE('',(#100),#2014,.F.);
#2089=ADVANCED_FACE('',(#101),#2015,.F.);
#2090=ADVANCED_FACE('',(#102),#2016,.F.);
#2091=ADVANCED_FACE('',(#103),#2017,.F.);
#2092=ADVANCED_FACE('',(#104),#2018,.F.);
#2093=ADVANCED_FACE('',(#105),#2019,.F.);
#2094=ADVANCED_FACE('',(#106),#2020,.F.);
#2095=ADVANCED_FACE('',(#107),#2021,.F.);
#2096=ADVANCED_FACE('',(#108),#2022,.F.);
#2097=ADVANCED_FACE('',(#109),#2023,.F.);
#2098=ADVANCED_FACE('',(#110),#2024,.F.);
#2099=ADVANCED_FACE('',(#111),#2025,.F.);
#2100=ADVANCED_FACE('',(#112),#2026,.F.);
#2101=ADVANCED_FACE('',(#113),#2027,.F.);
#2102=ADVANCED_FACE('',(#114),#2028,.F.);
#2103=ADVANCED_FACE('',(#115),#2029,.F.);
#2104=ADVANCED_FACE('',(#116),#2030,.F.);
#2105=ADVANCED_FACE('',(#117),#2031,.F.);
#2106=ADVANCED_FACE('',(#118),#2032,.F.);
#2107=ADVANCED_FACE('',(#119),#2033,.F.);
#2108=ADVANCED_FACE('',(#120),#2034,.F.);
#2109=ADVANCED_FACE('',(#121),#2035,.F.);
#2110=ADVANCED_FACE('',(#122),#2036,.F.);
#2111=ADVANCED_FACE('',(#123),#2037,.F.);
#2112=ADVANCED_FACE('',(#124),#2038,.F.);
#2113=ADVANCED_FACE('',(#125),#2039,.F.);
#2114=ADVANCED_FACE('',(#126),#2040,.F.);
#2115=ADVANCED_FACE('',(#127),#2041,.F.);
#2116=ADVANCED_FACE('',(#128),#2042,.F.);
#2117=ADVANCED_FACE('',(#129),#2043,.F.);
#2118=ADVANCED_FACE('',(#130),#2044,.F.);
#2119=ADVANCED_FACE('',(#131),#2045,.F.);
#2120=ADVANCED_FACE('',(#132),#2046,.F.);
#2121=ADVANCED_FACE('',(#133),#2047,.F.);
#2122=ADVANCED_FACE('',(#134),#2048,.F.);
#2123=ADVANCED_FACE('',(#135),#55,.F.);
#2124=ADVANCED_FACE('',(#136,#23,#24),#28,.F.);
#2125=ADVANCED_FACE('',(#137),#2049,.F.);
#2126=ADVANCED_FACE('',(#138),#56,.F.);
#2127=ADVANCED_FACE('',(#139),#2050,.F.);
#2128=ADVANCED_FACE('',(#140),#21,.F.);
#2129=ADVANCED_FACE('',(#141),#57,.T.);
#2130=ADVANCED_FACE('',(#142),#2051,.T.);
#2131=ADVANCED_FACE('',(#143,#25),#29,.T.);
#2132=ADVANCED_FACE('',(#144),#58,.F.);
#2133=ADVANCED_FACE('',(#145),#30,.T.);
#2134=ADVANCED_FACE('',(#146),#59,.F.);
#2135=ADVANCED_FACE('',(#147),#31,.T.);
#2136=ADVANCED_FACE('',(#148),#32,.T.);
#2137=ADVANCED_FACE('',(#149),#2052,.F.);
#2138=ADVANCED_FACE('',(#150),#33,.T.);
#2139=ADVANCED_FACE('',(#151),#60,.T.);
#2140=ADVANCED_FACE('',(#152),#34,.T.);
#2141=ADVANCED_FACE('',(#153),#61,.T.);
#2142=ADVANCED_FACE('',(#154),#62,.F.);
#2143=ADVANCED_FACE('',(#155),#35,.T.);
#2144=ADVANCED_FACE('',(#156),#63,.T.);
#2145=ADVANCED_FACE('',(#157),#36,.T.);
#2146=ADVANCED_FACE('',(#158),#64,.F.);
#2147=ADVANCED_FACE('',(#159),#65,.T.);
#2148=ADVANCED_FACE('',(#160),#2053,.T.);
#2149=ADVANCED_FACE('',(#161),#37,.T.);
#2150=ADVANCED_FACE('',(#162),#2054,.F.);
#2151=ADVANCED_FACE('',(#163),#2055,.T.);
#2152=ADVANCED_FACE('',(#164),#38,.T.);
#2153=ADVANCED_FACE('',(#165),#39,.T.);
#2154=ADVANCED_FACE('',(#166),#66,.F.);
#2155=ADVANCED_FACE('',(#167),#40,.T.);
#2156=ADVANCED_FACE('',(#168),#67,.F.);
#2157=ADVANCED_FACE('',(#169,#26),#41,.T.);
#2158=ADVANCED_FACE('',(#170),#42,.T.);
#2159=ADVANCED_FACE('',(#171),#68,.F.);
#2160=ADVANCED_FACE('',(#172),#43,.T.);
#2161=ADVANCED_FACE('',(#173),#69,.F.);
#2162=ADVANCED_FACE('',(#174),#2056,.F.);
#2163=ADVANCED_FACE('',(#175),#44,.T.);
#2164=ADVANCED_FACE('',(#176,#27),#45,.T.);
#2165=ADVANCED_FACE('',(#177),#46,.T.);
#2166=ADVANCED_FACE('',(#178),#70,.F.);
#2167=ADVANCED_FACE('',(#179),#71,.T.);
#2168=ADVANCED_FACE('',(#180),#47,.T.);
#2169=ADVANCED_FACE('',(#181),#72,.T.);
#2170=ADVANCED_FACE('',(#182),#48,.T.);
#2171=ADVANCED_FACE('',(#183),#73,.T.);
#2172=ADVANCED_FACE('',(#184),#74,.F.);
#2173=ADVANCED_FACE('',(#185),#49,.T.);
#2174=ADVANCED_FACE('',(#186),#50,.T.);
#2175=ADVANCED_FACE('',(#187),#2057,.F.);
#2176=ADVANCED_FACE('',(#188),#2058,.T.);
#2177=ADVANCED_FACE('',(#189),#51,.T.);
#2178=ADVANCED_FACE('',(#190),#2059,.T.);
#2179=ADVANCED_FACE('',(#191),#2060,.F.);
#2180=ADVANCED_FACE('',(#192),#52,.T.);
#2181=ADVANCED_FACE('',(#193),#22,.F.);
#2182=ADVANCED_FACE('',(#194),#2061,.F.);
#2183=ADVANCED_FACE('',(#195),#53,.T.);
#2184=ADVANCED_FACE('',(#196),#2062,.F.);
#2185=ADVANCED_FACE('',(#197),#54,.T.);
#2186=CLOSED_SHELL('',(#2063,#2064,#2065,#2066,#2067,#2068,#2069,#2070,
#2071,#2072,#2073,#2074,#2075,#2076,#2077,#2078,#2079,#2080,#2081,#2082,
#2083,#2084,#2085,#2086,#2087,#2088,#2089,#2090,#2091,#2092,#2093,#2094,
#2095,#2096,#2097,#2098,#2099,#2100,#2101,#2102,#2103,#2104,#2105,#2106,
#2107,#2108,#2109,#2110,#2111,#2112,#2113,#2114,#2115,#2116,#2117,#2118,
#2119,#2120,#2121,#2122,#2123,#2124,#2125,#2126,#2127,#2128,#2129,#2130,
#2131,#2132,#2133,#2134,#2135,#2136,#2137,#2138,#2139,#2140,#2141,#2142,
#2143,#2144,#2145,#2146,#2147,#2148,#2149,#2150,#2151,#2152,#2153,#2154,
#2155,#2156,#2157,#2158,#2159,#2160,#2161,#2162,#2163,#2164,#2165,#2166,
#2167,#2168,#2169,#2170,#2171,#2172,#2173,#2174,#2175,#2176,#2177,#2178,
#2179,#2180,#2181,#2182,#2183,#2184,#2185));
#2187=DERIVED_UNIT_ELEMENT(#2189,1.);
#2188=DERIVED_UNIT_ELEMENT(#7312,-3.);
#2189=(
MASS_UNIT()
NAMED_UNIT(*)
SI_UNIT(.KILO.,.GRAM.)
);
#2190=DERIVED_UNIT((#2187,#2188));
#2191=MEASURE_REPRESENTATION_ITEM('density measure',
POSITIVE_RATIO_MEASURE(7850.),#2190);
#2192=PROPERTY_DEFINITION_REPRESENTATION(#2197,#2194);
#2193=PROPERTY_DEFINITION_REPRESENTATION(#2198,#2195);
#2194=REPRESENTATION('material name',(#2196),#7309);
#2195=REPRESENTATION('density',(#2191),#7309);
#2196=DESCRIPTIVE_REPRESENTATION_ITEM('Steel','Steel');
#2197=PROPERTY_DEFINITION('material property','material name',#7324);
#2198=PROPERTY_DEFINITION('material property','density of part',#7324);
#2199=AXIS2_PLACEMENT_3D('',#2878,#2377,#2378);
#2200=AXIS2_PLACEMENT_3D('',#2879,#2379,#2380);
#2201=AXIS2_PLACEMENT_3D('',#2880,#2381,#2382);
#2202=AXIS2_PLACEMENT_3D('',#2894,#2384,#2385);
#2203=AXIS2_PLACEMENT_3D('',#2904,#2386,#2387);
#2204=AXIS2_PLACEMENT_3D('',#2928,#2389,#2390);
#2205=AXIS2_PLACEMENT_3D('',#2953,#2392,#2393);
#2206=AXIS2_PLACEMENT_3D('',#2977,#2395,#2396);
#2207=AXIS2_PLACEMENT_3D('',#3002,#2398,#2399);
#2208=AXIS2_PLACEMENT_3D('',#3026,#2401,#2402);
#2209=AXIS2_PLACEMENT_3D('',#3051,#2404,#2405);
#2210=AXIS2_PLACEMENT_3D('',#3076,#2407,#2408);
#2211=AXIS2_PLACEMENT_3D('',#3100,#2410,#2411);
#2212=AXIS2_PLACEMENT_3D('',#3125,#2413,#2414);
#2213=AXIS2_PLACEMENT_3D('',#3150,#2416,#2417);
#2214=AXIS2_PLACEMENT_3D('',#3174,#2419,#2420);
#2215=AXIS2_PLACEMENT_3D('',#3199,#2422,#2423);
#2216=AXIS2_PLACEMENT_3D('',#3223,#2425,#2426);
#2217=AXIS2_PLACEMENT_3D('',#3248,#2428,#2429);
#2218=AXIS2_PLACEMENT_3D('',#3272,#2431,#2432);
#2219=AXIS2_PLACEMENT_3D('',#3297,#2434,#2435);
#2220=AXIS2_PLACEMENT_3D('',#3322,#2437,#2438);
#2221=AXIS2_PLACEMENT_3D('',#3346,#2440,#2441);
#2222=AXIS2_PLACEMENT_3D('',#3371,#2443,#2444);
#2223=AXIS2_PLACEMENT_3D('',#3395,#2446,#2447);
#2224=AXIS2_PLACEMENT_3D('',#3420,#2449,#2450);
#2225=AXIS2_PLACEMENT_3D('',#3445,#2452,#2453);
#2226=AXIS2_PLACEMENT_3D('',#3469,#2455,#2456);
#2227=AXIS2_PLACEMENT_3D('',#3494,#2458,#2459);
#2228=AXIS2_PLACEMENT_3D('',#3518,#2461,#2462);
#2229=AXIS2_PLACEMENT_3D('',#3543,#2464,#2465);
#2230=AXIS2_PLACEMENT_3D('',#3568,#2467,#2468);
#2231=AXIS2_PLACEMENT_3D('',#3592,#2470,#2471);
#2232=AXIS2_PLACEMENT_3D('',#3603,#2473,#2474);
#2233=AXIS2_PLACEMENT_3D('',#3609,#2475,#2476);
#2234=AXIS2_PLACEMENT_3D('',#3628,#2478,#2479);
#2235=AXIS2_PLACEMENT_3D('',#3632,#2481,#2482);
#2236=AXIS2_PLACEMENT_3D('',#3633,#2483,#2484);
#2237=AXIS2_PLACEMENT_3D('',#3635,#2485,#2486);
#2238=AXIS2_PLACEMENT_3D('',#3655,#2487,#2488);
#2239=AXIS2_PLACEMENT_3D('',#3706,#2490,#2491);
#2240=AXIS2_PLACEMENT_3D('',#3757,#2493,#2494);
#2241=AXIS2_PLACEMENT_3D('',#3805,#2496,#2497);
#2242=AXIS2_PLACEMENT_3D('',#3856,#2499,#2500);
#2243=AXIS2_PLACEMENT_3D('',#3907,#2502,#2503);
#2244=AXIS2_PLACEMENT_3D('',#3955,#2505,#2506);
#2245=AXIS2_PLACEMENT_3D('',#4003,#2508,#2509);
#2246=AXIS2_PLACEMENT_3D('',#4057,#2511,#2512);
#2247=AXIS2_PLACEMENT_3D('',#4105,#2514,#2515);
#2248=AXIS2_PLACEMENT_3D('',#4153,#2517,#2518);
#2249=AXIS2_PLACEMENT_3D('',#4204,#2520,#2521);
#2250=AXIS2_PLACEMENT_3D('',#4255,#2523,#2524);
#2251=AXIS2_PLACEMENT_3D('',#4303,#2526,#2527);
#2252=AXIS2_PLACEMENT_3D('',#4354,#2529,#2530);
#2253=AXIS2_PLACEMENT_3D('',#4405,#2532,#2533);
#2254=AXIS2_PLACEMENT_3D('',#4453,#2535,#2536);
#2255=AXIS2_PLACEMENT_3D('',#4501,#2538,#2539);
#2256=AXIS2_PLACEMENT_3D('',#4552,#2541,#2542);
#2257=AXIS2_PLACEMENT_3D('',#4603,#2544,#2545);
#2258=AXIS2_PLACEMENT_3D('',#4651,#2547,#2548);
#2259=AXIS2_PLACEMENT_3D('',#4702,#2550,#2551);
#2260=AXIS2_PLACEMENT_3D('',#4753,#2553,#2554);
#2261=AXIS2_PLACEMENT_3D('',#4801,#2556,#2557);
#2262=AXIS2_PLACEMENT_3D('',#4852,#2559,#2560);
#2263=AXIS2_PLACEMENT_3D('',#4903,#2562,#2563);
#2264=AXIS2_PLACEMENT_3D('',#4951,#2565,#2566);
#2265=AXIS2_PLACEMENT_3D('',#4999,#2568,#2569);
#2266=AXIS2_PLACEMENT_3D('',#5050,#2571,#2572);
#2267=AXIS2_PLACEMENT_3D('',#5055,#2574,#2575);
#2268=AXIS2_PLACEMENT_3D('',#5063,#2576,#2577);
#2269=AXIS2_PLACEMENT_3D('',#5065,#2578,#2579);
#2270=AXIS2_PLACEMENT_3D('',#5068,#2581,#2582);
#2271=AXIS2_PLACEMENT_3D('',#5069,#2583,#2584);
#2272=AXIS2_PLACEMENT_3D('',#5074,#2586,#2587);
#2273=AXIS2_PLACEMENT_3D('',#5076,#2588,#2589);
#2274=AXIS2_PLACEMENT_3D('',#5080,#2591,#2592);
#2275=AXIS2_PLACEMENT_3D('',#5084,#2594,#2595);
#2276=AXIS2_PLACEMENT_3D('',#5086,#2596,#2597);
#2277=AXIS2_PLACEMENT_3D('',#5089,#2599,#2600);
#2278=AXIS2_PLACEMENT_3D('',#5092,#2601,#2602);
#2279=AXIS2_PLACEMENT_3D('',#5096,#2604,#2605);
#2280=AXIS2_PLACEMENT_3D('',#5098,#2607,#2608);
#2281=AXIS2_PLACEMENT_3D('',#5100,#2610,#2611);
#2282=AXIS2_PLACEMENT_3D('',#5126,#2612,#2613);
#2283=AXIS2_PLACEMENT_3D('',#5203,#2614,#2615);
#2284=AXIS2_PLACEMENT_3D('',#5204,#2616,#2617);
#2285=AXIS2_PLACEMENT_3D('',#6164,#2618,#2619);
#2286=AXIS2_PLACEMENT_3D('',#6166,#2620,#2621);
#2287=AXIS2_PLACEMENT_3D('',#6169,#2623,#2624);
#2288=AXIS2_PLACEMENT_3D('',#6170,#2625,#2626);
#2289=AXIS2_PLACEMENT_3D('',#6174,#2628,#2629);
#2290=AXIS2_PLACEMENT_3D('',#6176,#2630,#2631);
#2291=AXIS2_PLACEMENT_3D('',#6180,#2633,#2634);
#2292=AXIS2_PLACEMENT_3D('',#6184,#2636,#2637);
#2293=AXIS2_PLACEMENT_3D('',#6185,#2638,#2639);
#2294=AXIS2_PLACEMENT_3D('',#6186,#2640,#2641);
#2295=AXIS2_PLACEMENT_3D('',#6239,#2642,#2643);
#2296=AXIS2_PLACEMENT_3D('',#6243,#2645,#2646);
#2297=AXIS2_PLACEMENT_3D('',#6245,#2648,#2649);
#2298=AXIS2_PLACEMENT_3D('',#6249,#2652,#2653);
#2299=AXIS2_PLACEMENT_3D('',#6252,#2655,#2656);
#2300=AXIS2_PLACEMENT_3D('',#6253,#2657,#2658);
#2301=AXIS2_PLACEMENT_3D('',#6255,#2660,#2661);
#2302=AXIS2_PLACEMENT_3D('',#6261,#2665,#2666);
#2303=AXIS2_PLACEMENT_3D('',#6264,#2668,#2669);
#2304=AXIS2_PLACEMENT_3D('',#6265,#2670,#2671);
#2305=AXIS2_PLACEMENT_3D('',#6271,#2675,#2676);
#2306=AXIS2_PLACEMENT_3D('',#6274,#2678,#2679);
#2307=AXIS2_PLACEMENT_3D('',#6275,#2680,#2681);
#2308=AXIS2_PLACEMENT_3D('',#6279,#2684,#2685);
#2309=AXIS2_PLACEMENT_3D('',#6282,#2687,#2688);
#2310=AXIS2_PLACEMENT_3D('',#6283,#2689,#2690);
#2311=AXIS2_PLACEMENT_3D('',#6286,#2692,#2693);
#2312=AXIS2_PLACEMENT_3D('',#6287,#2694,#2695);
#2313=AXIS2_PLACEMENT_3D('',#6291,#2698,#2699);
#2314=AXIS2_PLACEMENT_3D('',#6294,#2701,#2702);
#2315=AXIS2_PLACEMENT_3D('',#6295,#2703,#2704);
#2316=AXIS2_PLACEMENT_3D('',#6299,#2707,#2708);
#2317=AXIS2_PLACEMENT_3D('',#6302,#2710,#2711);
#2318=AXIS2_PLACEMENT_3D('',#6303,#2712,#2713);
#2319=AXIS2_PLACEMENT_3D('',#6304,#2714,#2715);
#2320=AXIS2_PLACEMENT_3D('',#6305,#2716,#2717);
#2321=AXIS2_PLACEMENT_3D('',#6308,#2720,#2721);
#2322=AXIS2_PLACEMENT_3D('',#6312,#2724,#2725);
#2323=AXIS2_PLACEMENT_3D('',#6315,#2727,#2728);
#2324=AXIS2_PLACEMENT_3D('',#6316,#2729,#2730);
#2325=AXIS2_PLACEMENT_3D('',#6319,#2732,#2733);
#2326=AXIS2_PLACEMENT_3D('',#6320,#2734,#2735);
#2327=AXIS2_PLACEMENT_3D('',#6324,#2738,#2739);
#2328=AXIS2_PLACEMENT_3D('',#6330,#2743,#2744);
#2329=AXIS2_PLACEMENT_3D('',#6333,#2746,#2747);
#2330=AXIS2_PLACEMENT_3D('',#6334,#2748,#2749);
#2331=AXIS2_PLACEMENT_3D('',#6340,#2753,#2754);
#2332=AXIS2_PLACEMENT_3D('',#6341,#2755,#2756);
#2333=AXIS2_PLACEMENT_3D('',#6342,#2757,#2758);
#2334=AXIS2_PLACEMENT_3D('',#6343,#2759,#2760);
#2335=AXIS2_PLACEMENT_3D('',#6346,#2761,#2762);
#2336=AXIS2_PLACEMENT_3D('',#6350,#2764,#2765);
#2337=AXIS2_PLACEMENT_3D('',#6352,#2767,#2768);
#2338=AXIS2_PLACEMENT_3D('',#6361,#2773,#2774);
#2339=AXIS2_PLACEMENT_3D('',#6365,#2776,#2777);
#2340=AXIS2_PLACEMENT_3D('',#6366,#2778,#2779);
#2341=AXIS2_PLACEMENT_3D('',#6367,#2780,#2781);
#2342=AXIS2_PLACEMENT_3D('',#6373,#2785,#2786);
#2343=AXIS2_PLACEMENT_3D('',#6374,#2787,#2788);
#2344=AXIS2_PLACEMENT_3D('',#6375,#2789,#2790);
#2345=AXIS2_PLACEMENT_3D('',#6376,#2791,#2792);
#2346=AXIS2_PLACEMENT_3D('',#6379,#2795,#2796);
#2347=AXIS2_PLACEMENT_3D('',#6381,#2798,#2799);
#2348=AXIS2_PLACEMENT_3D('',#6387,#2802,#2803);
#2349=AXIS2_PLACEMENT_3D('',#6389,#2804,#2805);
#2350=AXIS2_PLACEMENT_3D('',#6393,#2807,#2808);
#2351=AXIS2_PLACEMENT_3D('',#6397,#2810,#2811);
#2352=AXIS2_PLACEMENT_3D('',#6398,#2812,#2813);
#2353=AXIS2_PLACEMENT_3D('',#6399,#2814,#2815);
#2354=AXIS2_PLACEMENT_3D('',#6401,#2817,#2818);
#2355=AXIS2_PLACEMENT_3D('',#6403,#2820,#2821);
#2356=AXIS2_PLACEMENT_3D('',#6405,#2823,#2824);
#2357=AXIS2_PLACEMENT_3D('',#6407,#2826,#2827);
#2358=AXIS2_PLACEMENT_3D('',#6410,#2829,#2830);
#2359=AXIS2_PLACEMENT_3D('',#6411,#2831,#2832);
#2360=AXIS2_PLACEMENT_3D('',#6415,#2835,#2836);
#2361=AXIS2_PLACEMENT_3D('',#6418,#2838,#2839);
#2362=AXIS2_PLACEMENT_3D('',#6419,#2840,#2841);
#2363=AXIS2_PLACEMENT_3D('',#6422,#2843,#2844);
#2364=AXIS2_PLACEMENT_3D('',#6423,#2845,#2846);
#2365=AXIS2_PLACEMENT_3D('',#6425,#2848,#2849);
#2366=AXIS2_PLACEMENT_3D('',#6427,#2851,#2852);
#2367=AXIS2_PLACEMENT_3D('',#6429,#2854,#2855);
#2368=AXIS2_PLACEMENT_3D('',#6431,#2857,#2858);
#2369=AXIS2_PLACEMENT_3D('',#6433,#2860,#2861);
#2370=AXIS2_PLACEMENT_3D('',#6434,#2862,#2863);
#2371=AXIS2_PLACEMENT_3D('',#6445,#2864,#2865);
#2372=AXIS2_PLACEMENT_3D('',#7298,#2866,#2867);
#2373=AXIS2_PLACEMENT_3D('',#7300,#2869,#2870);
#2374=AXIS2_PLACEMENT_3D('',#7301,#2871,#2872);
#2375=AXIS2_PLACEMENT_3D('',#7303,#2874,#2875);
#2376=AXIS2_PLACEMENT_3D('',#7304,#2876,#2877);
#2377=DIRECTION('axis',(0.,0.,1.));
#2378=DIRECTION('refdir',(1.,0.,0.));
#2379=DIRECTION('axis',(0.,0.,1.));
#2380=DIRECTION('refdir',(1.,0.,0.));
#2381=DIRECTION('center_axis',(0.,0.,1.));
#2382=DIRECTION('ref_axis',(-1.,1.34633332083958E-13,0.));
#2383=DIRECTION('',(-1.22464679914735E-16,1.64728303216895E-29,1.));
#2384=DIRECTION('center_axis',(0.,0.,-1.));
#2385=DIRECTION('ref_axis',(-1.,1.34633332083958E-13,0.));
#2386=DIRECTION('center_axis',(0.,0.,1.));
#2387=DIRECTION('ref_axis',(-1.,1.34633332083958E-13,0.));
#2388=DIRECTION('',(-1.22464679914735E-16,1.64728303216895E-29,1.));
#2389=DIRECTION('center_axis',(0.,0.,1.));
#2390=DIRECTION('ref_axis',(-1.,1.34633332083958E-13,0.));
#2391=DIRECTION('',(-1.22464679914735E-16,1.64728303216895E-29,1.));
#2392=DIRECTION('center_axis',(0.,0.,1.));
#2393=DIRECTION('ref_axis',(-1.,1.34633332083958E-13,0.));
#2394=DIRECTION('',(-1.22464679914735E-16,1.64728303216895E-29,1.));
#2395=DIRECTION('center_axis',(0.,0.,1.));
#2396=DIRECTION('ref_axis',(-1.,1.34633332083958E-13,0.));
#2397=DIRECTION('',(-1.22464679914735E-16,1.64728303216895E-29,1.));
#2398=DIRECTION('center_axis',(0.,0.,1.));
#2399=DIRECTION('ref_axis',(-1.,1.34633332083958E-13,0.));
#2400=DIRECTION('',(-1.22464679914735E-16,1.64728303216895E-29,1.));
#2401=DIRECTION('center_axis',(0.,0.,1.));
#2402=DIRECTION('ref_axis',(-1.,1.34633332083958E-13,0.));
#2403=DIRECTION('',(-1.22464679914735E-16,1.64728303216895E-29,1.));
#2404=DIRECTION('center_axis',(0.,0.,1.));
#2405=DIRECTION('ref_axis',(-1.,1.34633332083958E-13,0.));
#2406=DIRECTION('',(-1.22464679914735E-16,1.64728303216895E-29,1.));
#2407=DIRECTION('center_axis',(0.,0.,1.));
#2408=DIRECTION('ref_axis',(-1.,1.34633332083958E-13,0.));
#2409=DIRECTION('',(-1.22464679914735E-16,1.64728303216895E-29,1.));
#2410=DIRECTION('center_axis',(0.,0.,1.));
#2411=DIRECTION('ref_axis',(-1.,1.34633332083958E-13,0.));
#2412=DIRECTION('',(-1.22464679914735E-16,1.64728303216895E-29,1.));
#2413=DIRECTION('center_axis',(0.,0.,1.));
#2414=DIRECTION('ref_axis',(-1.,1.34633332083958E-13,0.));
#2415=DIRECTION('',(-1.22464679914735E-16,1.64728303216895E-29,1.));
#2416=DIRECTION('center_axis',(0.,0.,1.));
#2417=DIRECTION('ref_axis',(-1.,1.34633332083958E-13,0.));
#2418=DIRECTION('',(-1.22464679914735E-16,1.64728303216895E-29,1.));
#2419=DIRECTION('center_axis',(0.,0.,1.));
#2420=DIRECTION('ref_axis',(-1.,1.34633332083958E-13,0.));
#2421=DIRECTION('',(-1.22464679914735E-16,1.64728303216895E-29,1.));
#2422=DIRECTION('center_axis',(0.,0.,1.));
#2423=DIRECTION('ref_axis',(-1.,1.34633332083958E-13,0.));
#2424=DIRECTION('',(-1.22464679914735E-16,1.64728303216895E-29,1.));
#2425=DIRECTION('center_axis',(0.,0.,1.));
#2426=DIRECTION('ref_axis',(-1.,1.34633332083958E-13,0.));
#2427=DIRECTION('',(-1.22464679914735E-16,1.64728303216895E-29,1.));
#2428=DIRECTION('center_axis',(0.,0.,1.));
#2429=DIRECTION('ref_axis',(-1.,1.34633332083958E-13,0.));
#2430=DIRECTION('',(-1.22464679914735E-16,1.64728303216895E-29,1.));
#2431=DIRECTION('center_axis',(0.,0.,1.));
#2432=DIRECTION('ref_axis',(-1.,1.34633332083958E-13,0.));
#2433=DIRECTION('',(-1.22464679914735E-16,1.64728303216895E-29,1.));
#2434=DIRECTION('center_axis',(0.,0.,1.));
#2435=DIRECTION('ref_axis',(-1.,1.34633332083958E-13,0.));
#2436=DIRECTION('',(-1.22464679914735E-16,1.64728303216895E-29,1.));
#2437=DIRECTION('center_axis',(0.,0.,1.));
#2438=DIRECTION('ref_axis',(-1.,1.34633332083958E-13,0.));
#2439=DIRECTION('',(-1.22464679914735E-16,1.64728303216895E-29,1.));
#2440=DIRECTION('center_axis',(0.,0.,1.));
#2441=DIRECTION('ref_axis',(-1.,1.34633332083958E-13,0.));
#2442=DIRECTION('',(-1.22464679914735E-16,1.64728303216895E-29,1.));
#2443=DIRECTION('center_axis',(0.,0.,1.));
#2444=DIRECTION('ref_axis',(-1.,1.34633332083958E-13,0.));
#2445=DIRECTION('',(-1.22464679914735E-16,1.64728303216895E-29,1.));
#2446=DIRECTION('center_axis',(0.,0.,1.));
#2447=DIRECTION('ref_axis',(-1.,1.34633332083958E-13,0.));
#2448=DIRECTION('',(-1.22464679914735E-16,1.64728303216895E-29,1.));
#2449=DIRECTION('center_axis',(0.,0.,1.));
#2450=DIRECTION('ref_axis',(-1.,1.34633332083958E-13,0.));
#2451=DIRECTION('',(-1.22464679914735E-16,1.64728303216895E-29,1.));
#2452=DIRECTION('center_axis',(0.,0.,1.));
#2453=DIRECTION('ref_axis',(-1.,1.34633332083958E-13,0.));
#2454=DIRECTION('',(-1.22464679914735E-16,1.64728303216895E-29,1.));
#2455=DIRECTION('center_axis',(0.,0.,1.));
#2456=DIRECTION('ref_axis',(-1.,1.34633332083958E-13,0.));
#2457=DIRECTION('',(-1.22464679914735E-16,1.64728303216895E-29,1.));
#2458=DIRECTION('center_axis',(0.,0.,1.));
#2459=DIRECTION('ref_axis',(-1.,1.34633332083958E-13,0.));
#2460=DIRECTION('',(-1.22464679914735E-16,1.64728303216895E-29,1.));
#2461=DIRECTION('center_axis',(0.,0.,1.));
#2462=DIRECTION('ref_axis',(-1.,1.34633332083958E-13,0.));
#2463=DIRECTION('',(-1.22464679914735E-16,1.64728303216895E-29,1.));
#2464=DIRECTION('center_axis',(0.,0.,1.));
#2465=DIRECTION('ref_axis',(-1.,1.34633332083958E-13,0.));
#2466=DIRECTION('',(-1.22464679914735E-16,1.64728303216895E-29,1.));
#2467=DIRECTION('center_axis',(0.,0.,1.));
#2468=DIRECTION('ref_axis',(-1.,1.34633332083958E-13,0.));
#2469=DIRECTION('',(-1.22464679914735E-16,1.64728303216895E-29,1.));
#2470=DIRECTION('center_axis',(0.,0.,1.));
#2471=DIRECTION('ref_axis',(0.6092245269651,-0.792997777893577,0.));
#2472=DIRECTION('',(-1.22464679914735E-16,1.64728303216895E-29,1.));
#2473=DIRECTION('center_axis',(0.,0.,1.));
#2474=DIRECTION('ref_axis',(-1.,1.34633332083958E-13,0.));
#2475=DIRECTION('center_axis',(0.,0.,1.));
#2476=DIRECTION('ref_axis',(-1.,0.,0.));
#2477=DIRECTION('',(0.,0.,-1.));
#2478=DIRECTION('center_axis',(0.,0.,1.));
#2479=DIRECTION('ref_axis',(-1.,0.,0.));
#2480=DIRECTION('',(0.,0.,-1.));
#2481=DIRECTION('center_axis',(0.,0.,-1.));
#2482=DIRECTION('ref_axis',(1.,0.,0.));
#2483=DIRECTION('center_axis',(0.,0.,-1.));
#2484=DIRECTION('ref_axis',(1.,0.,0.));
#2485=DIRECTION('center_axis',(0.,0.,1.));
#2486=DIRECTION('ref_axis',(-1.,0.,0.));
#2487=DIRECTION('center_axis',(0.,0.,1.));
#2488=DIRECTION('ref_axis',(-1.,0.,0.));
#2489=DIRECTION('',(0.,0.,-1.));
#2490=DIRECTION('center_axis',(0.,0.,1.));
#2491=DIRECTION('ref_axis',(-1.,0.,0.));
#2492=DIRECTION('',(0.,0.,-1.));
#2493=DIRECTION('center_axis',(0.,0.,1.));
#2494=DIRECTION('ref_axis',(-1.,0.,0.));
#2495=DIRECTION('',(0.,0.,-1.));
#2496=DIRECTION('center_axis',(0.,0.,1.));
#2497=DIRECTION('ref_axis',(-1.,0.,0.));
#2498=DIRECTION('',(0.,0.,-1.));
#2499=DIRECTION('center_axis',(0.,0.,1.));
#2500=DIRECTION('ref_axis',(-1.,0.,0.));
#2501=DIRECTION('',(0.,0.,-1.));
#2502=DIRECTION('center_axis',(0.,0.,1.));
#2503=DIRECTION('ref_axis',(-1.,0.,0.));
#2504=DIRECTION('',(0.,0.,-1.));
#2505=DIRECTION('center_axis',(0.,0.,1.));
#2506=DIRECTION('ref_axis',(-1.,0.,0.));
#2507=DIRECTION('',(0.,0.,-1.));
#2508=DIRECTION('center_axis',(0.,0.,1.));
#2509=DIRECTION('ref_axis',(-1.,0.,0.));
#2510=DIRECTION('',(0.,0.,-1.));
#2511=DIRECTION('center_axis',(0.,0.,1.));
#2512=DIRECTION('ref_axis',(-1.,0.,0.));
#2513=DIRECTION('',(0.,0.,-1.));
#2514=DIRECTION('center_axis',(0.,0.,1.));
#2515=DIRECTION('ref_axis',(-1.,0.,0.));
#2516=DIRECTION('',(0.,0.,-1.));
#2517=DIRECTION('center_axis',(0.,0.,1.));
#2518=DIRECTION('ref_axis',(-1.,0.,0.));
#2519=DIRECTION('',(0.,0.,-1.));
#2520=DIRECTION('center_axis',(0.,0.,1.));
#2521=DIRECTION('ref_axis',(-1.,0.,0.));
#2522=DIRECTION('',(0.,0.,-1.));
#2523=DIRECTION('center_axis',(0.,0.,1.));
#2524=DIRECTION('ref_axis',(-1.,0.,0.));
#2525=DIRECTION('',(0.,0.,-1.));
#2526=DIRECTION('center_axis',(0.,0.,1.));
#2527=DIRECTION('ref_axis',(-1.,0.,0.));
#2528=DIRECTION('',(0.,0.,-1.));
#2529=DIRECTION('center_axis',(0.,0.,1.));
#2530=DIRECTION('ref_axis',(-1.,0.,0.));
#2531=DIRECTION('',(0.,0.,-1.));
#2532=DIRECTION('center_axis',(0.,0.,1.));
#2533=DIRECTION('ref_axis',(-1.,0.,0.));
#2534=DIRECTION('',(0.,0.,-1.));
#2535=DIRECTION('center_axis',(0.,0.,1.));
#2536=DIRECTION('ref_axis',(-1.,0.,0.));
#2537=DIRECTION('',(0.,0.,-1.));
#2538=DIRECTION('center_axis',(0.,0.,1.));
#2539=DIRECTION('ref_axis',(-1.,0.,0.));
#2540=DIRECTION('',(0.,0.,-1.));
#2541=DIRECTION('center_axis',(0.,0.,1.));
#2542=DIRECTION('ref_axis',(-1.,0.,0.));
#2543=DIRECTION('',(0.,0.,-1.));
#2544=DIRECTION('center_axis',(0.,0.,1.));
#2545=DIRECTION('ref_axis',(-1.,0.,0.));
#2546=DIRECTION('',(0.,0.,-1.));
#2547=DIRECTION('center_axis',(0.,0.,1.));
#2548=DIRECTION('ref_axis',(-1.,0.,0.));
#2549=DIRECTION('',(0.,0.,-1.));
#2550=DIRECTION('center_axis',(0.,0.,1.));
#2551=DIRECTION('ref_axis',(-1.,0.,0.));
#2552=DIRECTION('',(0.,0.,-1.));
#2553=DIRECTION('center_axis',(0.,0.,1.));
#2554=DIRECTION('ref_axis',(-1.,0.,0.));
#2555=DIRECTION('',(0.,0.,-1.));
#2556=DIRECTION('center_axis',(0.,0.,1.));
#2557=DIRECTION('ref_axis',(-1.,0.,0.));
#2558=DIRECTION('',(0.,0.,-1.));
#2559=DIRECTION('center_axis',(0.,0.,1.));
#2560=DIRECTION('ref_axis',(-1.,0.,0.));
#2561=DIRECTION('',(0.,0.,-1.));
#2562=DIRECTION('center_axis',(0.,0.,1.));
#2563=DIRECTION('ref_axis',(-1.,0.,0.));
#2564=DIRECTION('',(0.,0.,-1.));
#2565=DIRECTION('center_axis',(0.,0.,1.));
#2566=DIRECTION('ref_axis',(-1.,0.,0.));
#2567=DIRECTION('',(0.,0.,-1.));
#2568=DIRECTION('center_axis',(0.,0.,1.));
#2569=DIRECTION('ref_axis',(-1.,0.,0.));
#2570=DIRECTION('',(0.,0.,-1.));
#2571=DIRECTION('center_axis',(0.,0.,1.));
#2572=DIRECTION('ref_axis',(-1.,0.,0.));
#2573=DIRECTION('',(0.,0.,-1.));
#2574=DIRECTION('center_axis',(0.,0.,-1.));
#2575=DIRECTION('ref_axis',(-1.,0.,0.));
#2576=DIRECTION('center_axis',(0.,0.,-1.));
#2577=DIRECTION('ref_axis',(1.,0.,0.));
#2578=DIRECTION('center_axis',(0.,0.,1.));
#2579=DIRECTION('ref_axis',(1.,0.,0.));
#2580=DIRECTION('',(-0.707106781186548,-8.65956056235494E-17,-0.707106781186547));
#2581=DIRECTION('center_axis',(0.,0.,-1.));
#2582=DIRECTION('ref_axis',(1.,0.,0.));
#2583=DIRECTION('center_axis',(0.,0.,1.));
#2584=DIRECTION('ref_axis',(1.,0.,0.));
#2585=DIRECTION('',(1.,2.14881875733901E-16,0.));
#2586=DIRECTION('center_axis',(0.,0.,1.));
#2587=DIRECTION('ref_axis',(-0.544578806972042,-0.838709677419373,0.));
#2588=DIRECTION('center_axis',(0.,0.,-1.));
#2589=DIRECTION('ref_axis',(0.544578806972041,0.838709677419373,0.));
#2590=DIRECTION('',(1.,0.,0.));
#2591=DIRECTION('center_axis',(0.,0.,1.));
#2592=DIRECTION('ref_axis',(-1.,0.,0.));
#2593=DIRECTION('',(-1.,0.,0.));
#2594=DIRECTION('center_axis',(0.,0.,-1.));
#2595=DIRECTION('ref_axis',(0.,-1.,0.));
#2596=DIRECTION('center_axis',(0.,0.,1.));
#2597=DIRECTION('ref_axis',(-1.35369639135663E-16,1.,0.));
#2598=DIRECTION('',(-1.,-1.43254583822601E-16,0.));
#2599=DIRECTION('center_axis',(0.,0.,1.));
#2600=DIRECTION('ref_axis',(4.03717463500057E-16,-1.,0.));
#2601=DIRECTION('center_axis',(0.,0.,-1.));
#2602=DIRECTION('ref_axis',(-9.78301340496979E-17,1.,0.));
#2603=DIRECTION('',(-1.,3.58136459556502E-17,0.));
#2604=DIRECTION('center_axis',(0.,0.,-1.));
#2605=DIRECTION('ref_axis',(0.,-1.,0.));
#2606=DIRECTION('',(1.,3.58136459556502E-17,0.));
#2607=DIRECTION('center_axis',(0.,0.,1.));
#2608=DIRECTION('ref_axis',(1.,0.,0.));
#2609=DIRECTION('',(0.,0.,-1.));
#2610=DIRECTION('center_axis',(0.,0.,1.));
#2611=DIRECTION('ref_axis',(0.262448383775549,0.964946032611981,0.));
#2612=DIRECTION('center_axis',(0.,0.,1.));
#2613=DIRECTION('ref_axis',(-1.,0.,0.));
#2614=DIRECTION('center_axis',(0.,0.,-1.));
#2615=DIRECTION('ref_axis',(-1.,0.,0.));
#2616=DIRECTION('center_axis',(0.,0.,1.));
#2617=DIRECTION('ref_axis',(-1.,0.,0.));
#2618=DIRECTION('center_axis',(0.,0.,-1.));
#2619=DIRECTION('ref_axis',(-1.,0.,0.));
#2620=DIRECTION('center_axis',(0.,0.,-1.));
#2621=DIRECTION('ref_axis',(-1.,0.,0.));
#2622=DIRECTION('',(0.707106781186555,8.65956056235503E-17,-0.70710678118654));
#2623=DIRECTION('center_axis',(0.,0.,1.));
#2624=DIRECTION('ref_axis',(-1.,0.,0.));
#2625=DIRECTION('center_axis',(0.,0.,1.));
#2626=DIRECTION('ref_axis',(-1.,0.,0.));
#2627=DIRECTION('',(0.,0.,-1.));
#2628=DIRECTION('center_axis',(0.,0.,-1.));
#2629=DIRECTION('ref_axis',(-1.,0.,0.));
#2630=DIRECTION('center_axis',(0.,0.707106781186548,0.707106781186548));
#2631=DIRECTION('ref_axis',(0.,-0.707106781186548,0.707106781186548));
#2632=DIRECTION('',(0.,0.,1.));
#2633=DIRECTION('center_axis',(0.,0.,1.));
#2634=DIRECTION('ref_axis',(1.,0.,0.));
#2635=DIRECTION('',(0.,0.,1.));
#2636=DIRECTION('center_axis',(0.,-0.707106781186548,0.707106781186548));
#2637=DIRECTION('ref_axis',(0.,-0.707106781186548,-0.707106781186548));
#2638=DIRECTION('center_axis',(0.,0.,-1.));
#2639=DIRECTION('ref_axis',(-1.,0.,0.));
#2640=DIRECTION('center_axis',(0.,0.,1.));
#2641=DIRECTION('ref_axis',(-1.,0.,0.));
#2642=DIRECTION('center_axis',(0.,0.,-1.));
#2643=DIRECTION('ref_axis',(-9.78301340496979E-17,1.,0.));
#2644=DIRECTION('',(3.70619178738E-15,-0.707106781186548,0.707106781186547));
#2645=DIRECTION('center_axis',(0.,0.,1.));
#2646=DIRECTION('ref_axis',(-9.78301340496979E-17,1.,0.));
#2647=DIRECTION('',(3.61959618175645E-15,-0.707106781186548,-0.707106781186547));
#2648=DIRECTION('center_axis',(2.53240719142544E-17,-0.707106781186547,
-0.707106781186548));
#2649=DIRECTION('ref_axis',(-1.,0.,-3.58136459556502E-17));
#2650=DIRECTION('',(-1.57009245868377E-14,-0.707106781186548,0.707106781186547));
#2651=DIRECTION('',(-1.,-3.58136459556502E-17,0.));
#2652=DIRECTION('center_axis',(0.,0.,-1.));
#2653=DIRECTION('ref_axis',(0.,-1.,0.));
#2654=DIRECTION('',(0.,0.707106781186548,0.707106781186547));
#2655=DIRECTION('center_axis',(0.,0.,1.));
#2656=DIRECTION('ref_axis',(0.,-1.,0.));
#2657=DIRECTION('center_axis',(2.53240719142544E-17,0.707106781186547,-0.707106781186548));
#2658=DIRECTION('ref_axis',(-1.,0.,-3.58136459556502E-17));
#2659=DIRECTION('',(1.,-3.58136459556502E-17,0.));
#2660=DIRECTION('center_axis',(3.58136459556502E-17,1.,0.));
#2661=DIRECTION('ref_axis',(-1.,3.58136459556502E-17,0.));
#2662=DIRECTION('',(0.,0.,1.));
#2663=DIRECTION('',(-1.,3.58136459556502E-17,0.));
#2664=DIRECTION('',(0.,0.,1.));
#2665=DIRECTION('center_axis',(0.,0.,1.));
#2666=DIRECTION('ref_axis',(-9.78301340496979E-17,1.,0.));
#2667=DIRECTION('',(0.,0.,1.));
#2668=DIRECTION('center_axis',(0.,0.,-1.));
#2669=DIRECTION('ref_axis',(-9.78301340496979E-17,1.,0.));
#2670=DIRECTION('center_axis',(1.51944431485527E-16,-0.707106781186547,
-0.707106781186548));
#2671=DIRECTION('ref_axis',(-1.,0.,-2.14881875733901E-16));
#2672=DIRECTION('',(0.,-0.707106781186548,0.707106781186547));
#2673=DIRECTION('',(-1.,-2.14881875733901E-16,0.));
#2674=DIRECTION('',(0.,0.707106781186548,-0.707106781186547));
#2675=DIRECTION('center_axis',(0.,0.,1.));
#2676=DIRECTION('ref_axis',(4.03717463500057E-16,-1.,0.));
#2677=DIRECTION('',(0.,0.70710678118654,0.707106781186555));
#2678=DIRECTION('center_axis',(0.,0.,-1.));
#2679=DIRECTION('ref_axis',(4.03717463500057E-16,-1.,0.));
#2680=DIRECTION('center_axis',(-1.01296287657018E-16,0.707106781186547,
-0.707106781186548));
#2681=DIRECTION('ref_axis',(-1.,0.,1.43254583822601E-16));
#2682=DIRECTION('',(-5.26464343897815E-15,0.707106781186548,0.707106781186547));
#2683=DIRECTION('',(1.,1.43254583822601E-16,0.));
#2684=DIRECTION('center_axis',(0.,0.,1.));
#2685=DIRECTION('ref_axis',(-1.35369639135662E-16,1.,0.));
#2686=DIRECTION('',(-0.385075367300423,0.593057300350008,0.70710678118655));
#2687=DIRECTION('center_axis',(0.,0.,-1.));
#2688=DIRECTION('ref_axis',(-1.35369639135663E-16,1.,0.));
#2689=DIRECTION('center_axis',(0.,0.,-1.));
#2690=DIRECTION('ref_axis',(0.,-1.,0.));
#2691=DIRECTION('',(0.,0.707106781186548,0.707106781186547));
#2692=DIRECTION('center_axis',(0.,0.,1.));
#2693=DIRECTION('ref_axis',(0.,-1.,0.));
#2694=DIRECTION('center_axis',(0.,0.707106781186547,-0.707106781186548));
#2695=DIRECTION('ref_axis',(-1.,0.,0.));
#2696=DIRECTION('',(0.,0.707106781186548,0.707106781186547));
#2697=DIRECTION('',(1.,0.,0.));
#2698=DIRECTION('center_axis',(0.,0.,1.));
#2699=DIRECTION('ref_axis',(-1.,0.,0.));
#2700=DIRECTION('',(0.,-0.707106781186548,0.707106781186547));
#2701=DIRECTION('center_axis',(0.,0.,-1.));
#2702=DIRECTION('ref_axis',(-1.,0.,0.));
#2703=DIRECTION('center_axis',(0.,-0.707106781186547,-0.707106781186548));
#2704=DIRECTION('ref_axis',(-1.,0.,0.));
#2705=DIRECTION('',(0.,-0.707106781186561,0.707106781186534));
#2706=DIRECTION('',(-1.,0.,0.));
#2707=DIRECTION('center_axis',(0.,0.,-1.));
#2708=DIRECTION('ref_axis',(0.544578806972042,0.838709677419373,0.));
#2709=DIRECTION('',(-0.385075367300408,-0.593057300350024,0.707106781186545));
#2710=DIRECTION('center_axis',(0.,0.,1.));
#2711=DIRECTION('ref_axis',(0.544578806972042,0.838709677419373,0.));
#2712=DIRECTION('center_axis',(0.,0.,1.));
#2713=DIRECTION('ref_axis',(-0.544578806972042,-0.838709677419373,0.));
#2714=DIRECTION('center_axis',(0.,0.,-1.));
#2715=DIRECTION('ref_axis',(-0.544578806972042,-0.838709677419373,0.));
#2716=DIRECTION('center_axis',(0.,0.,1.));
#2717=DIRECTION('ref_axis',(-1.,1.22464679914735E-16,0.));
#2718=DIRECTION('',(0.,0.,1.));
#2719=DIRECTION('',(0.,0.,1.));
#2720=DIRECTION('center_axis',(0.,-1.,0.));
#2721=DIRECTION('ref_axis',(1.,0.,0.));
#2722=DIRECTION('',(0.,0.,1.));
#2723=DIRECTION('',(1.,0.,0.));
#2724=DIRECTION('center_axis',(0.,0.,1.));
#2725=DIRECTION('ref_axis',(0.544578806972042,0.838709677419373,0.));
#2726=DIRECTION('',(0.,0.,1.));
#2727=DIRECTION('center_axis',(0.,0.,-1.));
#2728=DIRECTION('ref_axis',(0.544578806972042,0.838709677419373,0.));
#2729=DIRECTION('center_axis',(0.,0.,1.));
#2730=DIRECTION('ref_axis',(-0.544578806972042,-0.838709677419373,0.));
#2731=DIRECTION('',(0.,0.,1.));
#2732=DIRECTION('center_axis',(0.,0.,1.));
#2733=DIRECTION('ref_axis',(-0.544578806972042,-0.838709677419373,0.));
#2734=DIRECTION('center_axis',(2.14881875733901E-16,-1.,0.));
#2735=DIRECTION('ref_axis',(1.,2.14881875733901E-16,0.));
#2736=DIRECTION('',(0.,0.,1.));
#2737=DIRECTION('',(1.,2.14881875733901E-16,0.));
#2738=DIRECTION('center_axis',(2.53240719142544E-17,0.707106781186548,0.707106781186548));
#2739=DIRECTION('ref_axis',(1.,0.,-3.58136459556502E-17));
#2740=DIRECTION('',(3.4838508865238E-16,-0.707106781186548,0.707106781186548));
#2741=DIRECTION('',(1.,-3.58136459556502E-17,0.));
#2742=DIRECTION('',(0.,0.707106781186548,-0.707106781186548));
#2743=DIRECTION('center_axis',(0.,0.,1.));
#2744=DIRECTION('ref_axis',(-9.78301340496979E-17,1.,0.));
#2745=DIRECTION('',(-3.70619178738E-15,0.707106781186548,0.707106781186548));
#2746=DIRECTION('center_axis',(0.,0.,1.));
#2747=DIRECTION('ref_axis',(-9.78301340496979E-17,1.,0.));
#2748=DIRECTION('center_axis',(2.53240719142544E-17,-0.707106781186548,
0.707106781186548));
#2749=DIRECTION('ref_axis',(1.,0.,-3.58136459556502E-17));
#2750=DIRECTION('',(1.57009245868377E-14,0.707106781186548,0.707106781186548));
#2751=DIRECTION('',(-1.,-3.58136459556502E-17,0.));
#2752=DIRECTION('',(1.,3.58136459556502E-17,0.));
#2753=DIRECTION('center_axis',(0.,0.,1.));
#2754=DIRECTION('ref_axis',(0.,-1.,0.));
#2755=DIRECTION('center_axis',(0.,0.,1.));
#2756=DIRECTION('ref_axis',(0.,-1.,0.));
#2757=DIRECTION('center_axis',(0.,0.,-1.));
#2758=DIRECTION('ref_axis',(0.,-1.,0.));
#2759=DIRECTION('center_axis',(0.,0.,1.));
#2760=DIRECTION('ref_axis',(1.,0.,0.));
#2761=DIRECTION('center_axis',(0.,0.,1.));
#2762=DIRECTION('ref_axis',(-9.50256225950877E-17,1.,0.));
#2763=DIRECTION('',(1.,-3.58136459556502E-17,0.));
#2764=DIRECTION('center_axis',(0.,0.,1.));
#2765=DIRECTION('ref_axis',(0.,-1.,0.));
#2766=DIRECTION('',(-1.,-3.58136459556502E-17,0.));
#2767=DIRECTION('center_axis',(2.53240719142545E-17,0.70710678118655,0.707106781186546));
#2768=DIRECTION('ref_axis',(1.,0.,-3.58136459556504E-17));
#2769=DIRECTION('',(6.98484366003212E-16,-0.707106781186545,0.70710678118655));
#2770=DIRECTION('',(1.,-3.58136459556502E-17,0.));
#2771=DIRECTION('',(0.,0.707106781186545,-0.70710678118655));
#2772=DIRECTION('',(-1.,3.58136459556502E-17,0.));
#2773=DIRECTION('center_axis',(0.,0.,1.));
#2774=DIRECTION('ref_axis',(-9.50256225950877E-17,1.,0.));
#2775=DIRECTION('',(-6.47526807826611E-15,0.707106781186548,0.707106781186548));
#2776=DIRECTION('center_axis',(0.,0.,1.));
#2777=DIRECTION('ref_axis',(-9.50256225950877E-17,1.,0.));
#2778=DIRECTION('center_axis',(0.,0.,-1.));
#2779=DIRECTION('ref_axis',(-9.50256225950877E-17,1.,0.));
#2780=DIRECTION('center_axis',(2.53240719142544E-17,-0.707106781186548,
0.707106781186548));
#2781=DIRECTION('ref_axis',(1.,0.,-3.58136459556502E-17));
#2782=DIRECTION('',(0.,0.707106781186548,0.707106781186548));
#2783=DIRECTION('',(-1.,-3.58136459556502E-17,0.));
#2784=DIRECTION('',(1.,3.58136459556502E-17,0.));
#2785=DIRECTION('center_axis',(0.,0.,1.));
#2786=DIRECTION('ref_axis',(0.,-1.,0.));
#2787=DIRECTION('center_axis',(0.,0.,1.));
#2788=DIRECTION('ref_axis',(0.,-1.,0.));
#2789=DIRECTION('center_axis',(0.,0.,-1.));
#2790=DIRECTION('ref_axis',(0.,-1.,0.));
#2791=DIRECTION('center_axis',(0.,0.,1.));
#2792=DIRECTION('ref_axis',(-9.50256225950877E-17,1.,0.));
#2793=DIRECTION('',(0.,0.,1.));
#2794=DIRECTION('',(0.,0.,1.));
#2795=DIRECTION('center_axis',(3.58136459556502E-17,1.,0.));
#2796=DIRECTION('ref_axis',(-1.,3.58136459556502E-17,0.));
#2797=DIRECTION('',(0.,0.,1.));
#2798=DIRECTION('center_axis',(0.,0.,1.));
#2799=DIRECTION('ref_axis',(1.,0.,0.));
#2800=DIRECTION('',(1.,0.,0.));
#2801=DIRECTION('',(-1.,0.,0.));
#2802=DIRECTION('center_axis',(0.,0.,1.));
#2803=DIRECTION('ref_axis',(0.544578806972041,0.838709677419373,0.));
#2804=DIRECTION('center_axis',(0.,0.,-1.));
#2805=DIRECTION('ref_axis',(-0.544578806972042,-0.838709677419373,0.));
#2806=DIRECTION('',(-1.,-2.14881875733901E-16,0.));
#2807=DIRECTION('center_axis',(0.,0.,-1.));
#2808=DIRECTION('ref_axis',(4.03717463500057E-16,-1.,0.));
#2809=DIRECTION('',(1.,1.43254583822601E-16,0.));
#2810=DIRECTION('center_axis',(0.,0.,-1.));
#2811=DIRECTION('ref_axis',(-1.35369639135663E-16,1.,0.));
#2812=DIRECTION('center_axis',(0.,0.,1.));
#2813=DIRECTION('ref_axis',(0.,-1.,0.));
#2814=DIRECTION('center_axis',(0.,-0.707106781186548,0.707106781186548));
#2815=DIRECTION('ref_axis',(1.,0.,0.));
#2816=DIRECTION('',(7.85046229341872E-15,0.707106781186561,0.707106781186534));
#2817=DIRECTION('center_axis',(0.,0.,1.));
#2818=DIRECTION('ref_axis',(0.544578806972042,0.838709677419373,0.));
#2819=DIRECTION('',(0.385075367300408,0.593057300350024,0.707106781186546));
#2820=DIRECTION('center_axis',(0.,0.,-1.));
#2821=DIRECTION('ref_axis',(-0.544578806972042,-0.838709677419373,0.));
#2822=DIRECTION('',(-1.96261557335471E-15,0.707106781186551,0.707106781186544));
#2823=DIRECTION('center_axis',(1.51944431485526E-16,-0.707106781186544,
0.707106781186551));
#2824=DIRECTION('ref_axis',(1.,0.,-2.14881875733899E-16));
#2825=DIRECTION('',(0.,0.707106781186551,0.707106781186544));
#2826=DIRECTION('center_axis',(0.,0.,-1.));
#2827=DIRECTION('ref_axis',(4.03717463500057E-16,-1.,0.));
#2828=DIRECTION('',(0.,-0.70710678118654,0.707106781186555));
#2829=DIRECTION('center_axis',(0.,0.,1.));
#2830=DIRECTION('ref_axis',(4.03717463500057E-16,-1.,0.));
#2831=DIRECTION('center_axis',(-1.01296287657018E-16,0.707106781186551,
0.707106781186544));
#2832=DIRECTION('ref_axis',(1.,0.,1.43254583822602E-16));
#2833=DIRECTION('',(-2.58581885444073E-15,-0.707106781186544,0.707106781186551));
#2834=DIRECTION('',(-1.,-1.43254583822601E-16,0.));
#2835=DIRECTION('center_axis',(0.,0.,-1.));
#2836=DIRECTION('ref_axis',(-1.35369639135662E-16,1.,0.));
#2837=DIRECTION('',(0.385075367300423,-0.593057300350008,0.707106781186551));
#2838=DIRECTION('center_axis',(0.,0.,1.));
#2839=DIRECTION('ref_axis',(-1.35369639135663E-16,1.,0.));
#2840=DIRECTION('center_axis',(0.,0.,1.));
#2841=DIRECTION('ref_axis',(0.,-1.,0.));
#2842=DIRECTION('',(0.,-0.707106781186548,0.707106781186548));
#2843=DIRECTION('center_axis',(0.,0.,-1.));
#2844=DIRECTION('ref_axis',(0.,-1.,0.));
#2845=DIRECTION('center_axis',(0.,0.707106781186548,0.707106781186548));
#2846=DIRECTION('ref_axis',(1.,0.,0.));
#2847=DIRECTION('',(-1.,0.,0.));
#2848=DIRECTION('center_axis',(0.,1.,0.));
#2849=DIRECTION('ref_axis',(-1.,0.,0.));
#2850=DIRECTION('',(0.,0.,1.));
#2851=DIRECTION('center_axis',(0.,0.,1.));
#2852=DIRECTION('ref_axis',(0.,-1.,0.));
#2853=DIRECTION('',(0.,0.,1.));
#2854=DIRECTION('center_axis',(0.,0.,1.));
#2855=DIRECTION('ref_axis',(-1.35369639135663E-16,1.,0.));
#2856=DIRECTION('',(0.,0.,1.));
#2857=DIRECTION('center_axis',(-1.43254583822601E-16,1.,0.));
#2858=DIRECTION('ref_axis',(-1.,-1.43254583822601E-16,0.));
#2859=DIRECTION('',(0.,0.,1.));
#2860=DIRECTION('center_axis',(0.,0.,1.));
#2861=DIRECTION('ref_axis',(4.03717463500057E-16,-1.,0.));
#2862=DIRECTION('center_axis',(0.,0.,1.));
#2863=DIRECTION('ref_axis',(-1.,1.34633332083958E-13,0.));
#2864=DIRECTION('center_axis',(0.,0.,1.));
#2865=DIRECTION('ref_axis',(1.,0.,0.));
#2866=DIRECTION('center_axis',(0.,0.,1.));
#2867=DIRECTION('ref_axis',(0.,-1.,0.));
#2868=DIRECTION('',(0.,0.,1.));
#2869=DIRECTION('center_axis',(3.58136459556502E-17,-1.,0.));
#2870=DIRECTION('ref_axis',(1.,3.58136459556502E-17,0.));
#2871=DIRECTION('center_axis',(0.,0.,1.));
#2872=DIRECTION('ref_axis',(0.,-1.,0.));
#2873=DIRECTION('',(0.,0.,1.));
#2874=DIRECTION('center_axis',(3.58136459556502E-17,-1.,0.));
#2875=DIRECTION('ref_axis',(1.,3.58136459556502E-17,0.));
#2876=DIRECTION('',(0.,0.,1.));
#2877=DIRECTION('',(1.,0.,0.));
#2878=CARTESIAN_POINT('',(0.,0.,0.));
#2879=CARTESIAN_POINT('',(0.,0.,0.));
#2880=CARTESIAN_POINT('Origin',(-10.0000001490116,0.,8.89578827641126));
#2881=CARTESIAN_POINT('',(-8.45447939573496,0.00012716476684882,24.6042117235887));
#2882=CARTESIAN_POINT('',(-8.45950874967875,0.000379147151094868,24.6457882764113));
#2883=CARTESIAN_POINT('',(-8.45700014901162,-2.07550268404438E-13,8.89578827641126));
#2884=CARTESIAN_POINT('',(-10.3985139908687,-1.49064942821855,25.));
#2885=CARTESIAN_POINT('Ctrl Pts',(-8.45950874967875,0.000379147151094838,
24.6457882764113));
#2886=CARTESIAN_POINT('Ctrl Pts',(-8.45909190124251,0.238555330173155,24.6580243514646));
#2887=CARTESIAN_POINT('Ctrl Pts',(-8.62309243814562,0.99114075662253,24.696719051387));
#2888=CARTESIAN_POINT('Ctrl Pts',(-9.79576194782427,1.81168373622835,24.7618723761785));
#2889=CARTESIAN_POINT('Ctrl Pts',(-11.4125224236946,1.15541675425598,24.8412482507857));
#2890=CARTESIAN_POINT('Ctrl Pts',(-11.7342748763383,-0.562237830645617,
24.9206241253929));
#2891=CARTESIAN_POINT('Ctrl Pts',(-10.8941383587495,-1.35814800486363,24.973541375131));
#2892=CARTESIAN_POINT('Ctrl Pts',(-10.3985139908687,-1.49064942821855,25.));
#2893=CARTESIAN_POINT('',(-9.60148630715427,-1.49064942821849,25.));
#2894=CARTESIAN_POINT('Origin',(-10.0000001490116,0.,25.));
#2895=CARTESIAN_POINT('Ctrl Pts',(-8.45447939573496,0.000127164766848606,
24.6042117235887));
#2896=CARTESIAN_POINT('Ctrl Pts',(-8.45447291187226,0.00623418080942024,
24.6045281249655));
#2897=CARTESIAN_POINT('Ctrl Pts',(-8.45727202053002,0.523025367375623,24.6313031512114));
#2898=CARTESIAN_POINT('Ctrl Pts',(-9.02912538920368,1.54367176563763,24.6845368023263));
#2899=CARTESIAN_POINT('Ctrl Pts',(-10.7702699365882,1.65320399686194,24.7639126769335));
#2900=CARTESIAN_POINT('Ctrl Pts',(-11.8065497620556,0.249198547699503,24.8432885515406));
#2901=CARTESIAN_POINT('Ctrl Pts',(-11.1948086145938,-1.36767400561086,24.9219843258961));
#2902=CARTESIAN_POINT('Ctrl Pts',(-10.0816529480533,-1.62104545743218,24.9742214753826));
#2903=CARTESIAN_POINT('Ctrl Pts',(-9.60062486960627,-1.49331454828213,25.));
#2904=CARTESIAN_POINT('Origin',(-10.0000001490116,0.,8.89578827641126));
#2905=CARTESIAN_POINT('',(-8.45814902880799,0.00128153044279308,24.1042117235887));
#2906=CARTESIAN_POINT('',(-8.45708493610692,-0.00141008650257588,24.1457882764113));
#2907=CARTESIAN_POINT('',(-8.45700014901162,-2.07550268404438E-13,8.89578827641126));
#2908=CARTESIAN_POINT('Ctrl Pts',(-8.45708493610692,-0.00141008650257592,
24.1457882764113));
#2909=CARTESIAN_POINT('Ctrl Pts',(-8.46065788218449,0.389256132912987,24.1659392689169));
#2910=CARTESIAN_POINT('Ctrl Pts',(-8.80964718921259,1.29855568953622,24.2125488862917));
#2911=CARTESIAN_POINT('Ctrl Pts',(-10.3378638564014,1.79210017012907,24.2856171285355));
#2912=CARTESIAN_POINT('Ctrl Pts',(-11.6888376214738,0.688276441247665,24.3649930031427));
#2913=CARTESIAN_POINT('Ctrl Pts',(-11.4942496659796,-1.04549124975396,24.4443688777498));
#2914=CARTESIAN_POINT('Ctrl Pts',(-9.93231044073682,-1.82234422652907,24.523744752357));
#2915=CARTESIAN_POINT('Ctrl Pts',(-8.6634015339455,-1.06907170378569,24.5908845519108));
#2916=CARTESIAN_POINT('Ctrl Pts',(-8.45999327168635,-0.276463926561068,
24.6315657265956));
#2917=CARTESIAN_POINT('Ctrl Pts',(-8.45950874967875,0.000379147151094838,
24.6457882764113));
#2918=CARTESIAN_POINT('Ctrl Pts',(-8.45814902880799,0.00128153044279319,
24.1042117235887));
#2919=CARTESIAN_POINT('Ctrl Pts',(-8.45689392549234,0.161141148109206,24.1124430424179));
#2920=CARTESIAN_POINT('Ctrl Pts',(-8.55331577442908,0.833374161098584,24.147132986116));
#2921=CARTESIAN_POINT('Ctrl Pts',(-9.52585304627824,1.76096527267795,24.2082815546833));
#2922=CARTESIAN_POINT('Ctrl Pts',(-11.2221948698431,1.35354004173357,24.2876574292905));
#2923=CARTESIAN_POINT('Ctrl Pts',(-11.8000637951678,-0.292570597428374,
24.3670333038976));
#2924=CARTESIAN_POINT('Ctrl Pts',(-10.7306293393509,-1.67091467750294,24.4464091785048));
#2925=CARTESIAN_POINT('Ctrl Pts',(-8.99950107412466,-1.52079385758763,24.5254686517352));
#2926=CARTESIAN_POINT('Ctrl Pts',(-8.45501511586816,-0.504456537955118,
24.5780695000964));
#2927=CARTESIAN_POINT('Ctrl Pts',(-8.45447939573496,0.000127164766848606,
24.6042117235887));
#2928=CARTESIAN_POINT('Origin',(-10.0000001490116,0.,8.89578827641126));
#2929=CARTESIAN_POINT('',(-8.45903269737777,-0.000866991279332083,23.6042117235887));
#2930=CARTESIAN_POINT('',(-8.45471844526713,0.000560534111726591,23.6457882764112));
#2931=CARTESIAN_POINT('',(-8.45700014901162,-2.07550268404438E-13,8.89578827641126));
#2932=CARTESIAN_POINT('Ctrl Pts',(-8.45471844526713,0.000560534111726609,
23.6457882764113));
#2933=CARTESIAN_POINT('Ctrl Pts',(-8.45457327028827,0.0315969566006503,
23.6473955615002));
#2934=CARTESIAN_POINT('Ctrl Pts',(-8.46948691238057,0.57340308422236,23.6754614714582));
#2935=CARTESIAN_POINT('Ctrl Pts',(-9.10536746758708,1.58916762576425,23.7299860062853));
#2936=CARTESIAN_POINT('Ctrl Pts',(-10.8497811466552,1.6135960950411,23.8093618808925));
#2937=CARTESIAN_POINT('Ctrl Pts',(-11.8165306626384,0.161366506583785,23.8887377554996));
#2938=CARTESIAN_POINT('Ctrl Pts',(-11.1209078499093,-1.43853688579706,23.9681136301068));
#2939=CARTESIAN_POINT('Ctrl Pts',(-9.39950456736546,-1.7219811988134,24.047489504714));
#2940=CARTESIAN_POINT('Ctrl Pts',(-8.52513331121161,-0.75768331654653,24.1067143868155));
#2941=CARTESIAN_POINT('Ctrl Pts',(-8.45596653807738,-0.123695819484023,
24.1394806440479));
#2942=CARTESIAN_POINT('Ctrl Pts',(-8.45708493610692,-0.00141008650257592,
24.1457882764113));
#2943=CARTESIAN_POINT('Ctrl Pts',(-8.45903269737777,-0.000866991279331979,
23.6042117235887));
#2944=CARTESIAN_POINT('Ctrl Pts',(-8.4606376842914,0.313159889170742,23.6203579598702));
#2945=CARTESIAN_POINT('Ctrl Pts',(-8.70661747852164,1.14408811940475,23.6629628210207));
#2946=CARTESIAN_POINT('Ctrl Pts',(-10.0644887415539,1.82254277494671,23.7320263070403));
#2947=CARTESIAN_POINT('Ctrl Pts',(-11.5660981751201,0.934429339908453,23.8114021816474));
#2948=CARTESIAN_POINT('Ctrl Pts',(-11.6345158913841,-0.808813724293977,
23.8907780562546));
#2949=CARTESIAN_POINT('Ctrl Pts',(-10.2071303718574,-1.81188221129675,23.9701539308618));
#2950=CARTESIAN_POINT('Ctrl Pts',(-8.75786997380277,-1.22476295678319,24.0412984866398));
#2951=CARTESIAN_POINT('Ctrl Pts',(-8.46092831032058,-0.352709152595406,
24.0859844175488));
#2952=CARTESIAN_POINT('Ctrl Pts',(-8.45814902880799,0.00128153044279319,
24.1042117235887));
#2953=CARTESIAN_POINT('Origin',(-10.0000001490116,0.,8.89578827641126));
#2954=CARTESIAN_POINT('',(-8.45499260641639,-0.000804225369182565,23.1042117235887));
#2955=CARTESIAN_POINT('',(-8.45874094009616,0.00105266341103376,23.1457882764113));
#2956=CARTESIAN_POINT('',(-8.45700014901162,-2.07550268404438E-13,8.89578827641126));
#2957=CARTESIAN_POINT('Ctrl Pts',(-8.45874094009616,0.00105266341103366,
23.1457882764113));
#2958=CARTESIAN_POINT('Ctrl Pts',(-8.45757820529409,0.186161304135772,23.1553104789526));
#2959=CARTESIAN_POINT('Ctrl Pts',(-8.57410967655813,0.884202399193793,23.1912913063629));
#2960=CARTESIAN_POINT('Ctrl Pts',(-9.61207823066048,1.78194772879519,23.2537307586423));
#2961=CARTESIAN_POINT('Ctrl Pts',(-11.2865921871605,1.29247902188894,23.3331066332495));
#2962=CARTESIAN_POINT('Ctrl Pts',(-11.7837002434935,-0.379782965471107,
23.4124825078566));
#2963=CARTESIAN_POINT('Ctrl Pts',(-10.6484811929187,-1.70449215243927,23.4918583824638));
#2964=CARTESIAN_POINT('Ctrl Pts',(-8.95481806806058,-1.47412137668008,23.569626971982));
#2965=CARTESIAN_POINT('Ctrl Pts',(-8.45696309542411,-0.479314931747267,
23.6209369366312));
#2966=CARTESIAN_POINT('Ctrl Pts',(-8.45471844526713,0.000560534111726609,
23.6457882764113));
#2967=CARTESIAN_POINT('Ctrl Pts',(-8.45499260641639,-0.000804225369182487,
23.1042117235887));
#2968=CARTESIAN_POINT('Ctrl Pts',(-8.45793894778152,0.464031269853663,23.1282728773225));
#2969=CARTESIAN_POINT('Ctrl Pts',(-8.9285067076535,1.44518899389899,23.1787926559253));
#2970=CARTESIAN_POINT('Ctrl Pts',(-10.5974253519026,1.72305084494332,23.2557710593973));
#2971=CARTESIAN_POINT('Ctrl Pts',(-11.7715970587754,0.432741817293077,23.3351469340044));
#2972=CARTESIAN_POINT('Ctrl Pts',(-11.324517731592,-1.25358456893856,23.4145228086116));
#2973=CARTESIAN_POINT('Ctrl Pts',(-9.66532548524356,-1.79271133739502,23.4938986832188));
#2974=CARTESIAN_POINT('Ctrl Pts',(-8.58760988995578,-0.915315232952247,
23.5571283215445));
#2975=CARTESIAN_POINT('Ctrl Pts',(-8.45800761336173,-0.201431826433487,
23.5938993350011));
#2976=CARTESIAN_POINT('Ctrl Pts',(-8.45903269737777,-0.000866991279331979,
23.6042117235887));
#2977=CARTESIAN_POINT('Origin',(-10.0000001490116,0.,8.89578827641126));
#2978=CARTESIAN_POINT('',(-8.4566201828348,0.00138085095168577,22.6042117235887));
#2979=CARTESIAN_POINT('',(-8.45852685073353,-0.00115329370153429,22.6457882764113));
#2980=CARTESIAN_POINT('',(-8.45700014901162,-2.07550268404438E-13,8.89578827641126));
#2981=CARTESIAN_POINT('Ctrl Pts',(-8.45852685073353,-0.00115329370153435,
22.6457882764113));
#2982=CARTESIAN_POINT('Ctrl Pts',(-8.46088056664703,0.33770050823685,22.6632253964049));
#2983=CARTESIAN_POINT('Ctrl Pts',(-8.7378368307163,1.19421994142391,22.7071211412675));
#2984=CARTESIAN_POINT('Ctrl Pts',(-10.1530717407328,1.81724797508321,22.7774755109993));
#2985=CARTESIAN_POINT('Ctrl Pts',(-11.6097002686227,0.857138634929714,22.8568513856065));
#2986=CARTESIAN_POINT('Ctrl Pts',(-11.5932352450456,-0.887368606457683,
22.9362272602136));
#2987=CARTESIAN_POINT('Ctrl Pts',(-10.1187443952026,-1.81981343005821,23.0156031348208));
#2988=CARTESIAN_POINT('Ctrl Pts',(-8.72550754428238,-1.17480747657548,23.0854568068867));
#2989=CARTESIAN_POINT('Ctrl Pts',(-8.46080900865253,-0.328186092248905,
23.1288518540835));
#2990=CARTESIAN_POINT('Ctrl Pts',(-8.45874094009616,0.00105266341103366,
23.1457882764113));
#2991=CARTESIAN_POINT('Ctrl Pts',(-8.4566201828348,0.00138085095168586,
22.6042117235887));
#2992=CARTESIAN_POINT('Ctrl Pts',(-8.45563410211559,0.10826448312119,22.6097291699058));
#2993=CARTESIAN_POINT('Ctrl Pts',(-8.51449893169002,0.726624068179234,22.6417052410919));
#2994=CARTESIAN_POINT('Ctrl Pts',(-9.34848089421356,1.70333312970173,22.700139937147));
#2995=CARTESIAN_POINT('Ctrl Pts',(-11.0775643960859,1.47128392346987,22.7795158117543));
#2996=CARTESIAN_POINT('Ctrl Pts',(-11.8205307171533,-0.107189274320696,
22.8588916863614));
#2997=CARTESIAN_POINT('Ctrl Pts',(-10.8974650811599,-1.58756977353677,22.9382675609686));
#2998=CARTESIAN_POINT('Ctrl Pts',(-9.1530975217084,-1.61510898380859,23.0176434355757));
#2999=CARTESIAN_POINT('Ctrl Pts',(-8.47759497968017,-0.604295125518372,
23.0729581564491));
#3000=CARTESIAN_POINT('Ctrl Pts',(-8.45469903078591,-0.0471207775500992,
23.1018142524535));
#3001=CARTESIAN_POINT('Ctrl Pts',(-8.45499260641639,-0.000804225369182487,
23.1042117235887));
#3002=CARTESIAN_POINT('Origin',(-10.0000001490116,0.,8.89578827641126));
#3003=CARTESIAN_POINT('',(-8.45952645561387,-6.48243373037316E-5,22.1042117235887));
#3004=CARTESIAN_POINT('',(-8.45459174464146,-0.000392622756536585,22.1457882764113));
#3005=CARTESIAN_POINT('',(-8.45700014901162,-2.07550268404438E-13,8.89578827641126));
#3006=CARTESIAN_POINT('Ctrl Pts',(-8.45459174464145,-0.000392622756536648,
22.1457882764113));
#3007=CARTESIAN_POINT('Ctrl Pts',(-8.45626125650736,0.489044205477766,22.1711403138572));
#3008=CARTESIAN_POINT('Ctrl Pts',(-8.97189752650905,1.49230922504495,22.2229509761722));
#3009=CARTESIAN_POINT('Ctrl Pts',(-10.680537520634,1.69194858100473,22.3012202633562));
#3010=CARTESIAN_POINT('Ctrl Pts',(-11.7905507864605,0.346048449873102,22.3805961379634));
#3011=CARTESIAN_POINT('Ctrl Pts',(-11.2619677908827,-1.31653286544615,22.4599720125706));
#3012=CARTESIAN_POINT('Ctrl Pts',(-9.57851354131469,-1.77430835947333,22.5393478871778));
#3013=CARTESIAN_POINT('Ctrl Pts',(-8.56586064015855,-0.864486355198943,
22.6012866417913));
#3014=CARTESIAN_POINT('Ctrl Pts',(-8.45730910034834,-0.176467292078027,
22.6367667715358));
#3015=CARTESIAN_POINT('Ctrl Pts',(-8.45852685073353,-0.00115329370153435,
22.6457882764113));
#3016=CARTESIAN_POINT('Ctrl Pts',(-8.45952645561387,-6.48243373037316E-5,
22.1042117235887));
#3017=CARTESIAN_POINT('Ctrl Pts',(-8.45962445471392,0.261389524233722,22.1176440873581));
#3018=CARTESIAN_POINT('Ctrl Pts',(-8.64688869531626,1.03797974114983,22.1575350759966));
#3019=CARTESIAN_POINT('Ctrl Pts',(-9.87801123212972,1.81959880035132,22.223884689504));
#3020=CARTESIAN_POINT('Ctrl Pts',(-11.4624734906399,1.08949199864305,22.3032605641112));
#3021=CARTESIAN_POINT('Ctrl Pts',(-11.7085746328086,-0.637647491485861,
22.3826364387184));
#3022=CARTESIAN_POINT('Ctrl Pts',(-10.3910987931632,-1.78125319385782,22.4620123133256));
#3023=CARTESIAN_POINT('Ctrl Pts',(-8.83217130533173,-1.32858660742813,22.5358707416157));
#3024=CARTESIAN_POINT('Ctrl Pts',(-8.46036280056428,-0.404290377534324,
22.5832705450367));
#3025=CARTESIAN_POINT('Ctrl Pts',(-8.4566201828348,0.00138085095168586,
22.6042117235887));
#3026=CARTESIAN_POINT('Origin',(-10.0000001490116,0.,8.89578827641126));
#3027=CARTESIAN_POINT('',(-8.45638231046869,-0.00134663131400013,21.6042117235887));
#3028=CARTESIAN_POINT('',(-8.45737526751597,0.00140325756096409,21.6457882764113));
#3029=CARTESIAN_POINT('',(-8.45700014901162,-2.07550268404438E-13,8.89578827641126));
#3030=CARTESIAN_POINT('Ctrl Pts',(-8.45737526751597,0.00140325756096403,
21.6457882764113));
#3031=CARTESIAN_POINT('Ctrl Pts',(-8.4561936464177,0.133458984768512,21.6525966064405));
#3032=CARTESIAN_POINT('Ctrl Pts',(-8.53215362662871,0.777372694442345,21.6858635613388));
#3033=CARTESIAN_POINT('Ctrl Pts',(-9.43211251596638,1.73301031478992,21.7455891411061));
#3034=CARTESIAN_POINT('Ctrl Pts',(-11.1478606781399,1.41712290243417,21.8249650157133));
#3035=CARTESIAN_POINT('Ctrl Pts',(-11.8131610438032,-0.195623834265391,
21.9043408903204));
#3036=CARTESIAN_POINT('Ctrl Pts',(-10.8191737013172,-1.62934827650102,21.9837167649276));
#3037=CARTESIAN_POINT('Ctrl Pts',(-9.07553164805163,-1.57199844327769,22.0630926395347));
#3038=CARTESIAN_POINT('Ctrl Pts',(-8.46459891320732,-0.553849204552471,
22.117116476696));
#3039=CARTESIAN_POINT('Ctrl Pts',(-8.454518872359,-0.0217559802259151,22.1446816889882));
#3040=CARTESIAN_POINT('Ctrl Pts',(-8.45459174464145,-0.000392622756536648,
22.1457882764113));
#3041=CARTESIAN_POINT('Ctrl Pts',(-8.45638231046869,-0.00134663131400018,
21.6042117235887));
#3042=CARTESIAN_POINT('Ctrl Pts',(-8.46016525352376,0.412027640498379,21.6255590048104));
#3043=CARTESIAN_POINT('Ctrl Pts',(-8.84403895077559,1.34395190745318,21.6733649109012));
#3044=CARTESIAN_POINT('Ctrl Pts',(-10.4183223642738,1.77505707353299,21.747629441861));
#3045=CARTESIAN_POINT('Ctrl Pts',(-11.7181362195122,0.611416006763158,21.8270053164682));
#3046=CARTESIAN_POINT('Ctrl Pts',(-11.44562294653,-1.11175348768349,21.9063811910754));
#3047=CARTESIAN_POINT('Ctrl Pts',(-9.85016908651384,-1.81751801718503,21.9857570656826));
#3048=CARTESIAN_POINT('Ctrl Pts',(-8.63861786656715,-1.02204197749903,22.0517005765203));
#3049=CARTESIAN_POINT('Ctrl Pts',(-8.45943141933532,-0.253614584349852,
22.091185462489));
#3050=CARTESIAN_POINT('Ctrl Pts',(-8.45952645561387,-6.48243373037316E-5,
22.1042117235887));
#3051=CARTESIAN_POINT('Origin',(-10.0000001490116,0.,8.89578827641126));
#3052=CARTESIAN_POINT('',(-8.4551634149844,0.000916795347640914,21.1042117235887));
#3053=CARTESIAN_POINT('',(-8.45939611112236,-0.00046833011515934,21.1457882764113));
#3054=CARTESIAN_POINT('',(-8.45700014901162,-2.07550268404438E-13,8.89578827641126));
#3055=CARTESIAN_POINT('Ctrl Pts',(-8.45939611112236,-0.000468330115159319,
21.1457882764113));
#3056=CARTESIAN_POINT('Ctrl Pts',(-8.46017585770064,0.286051929219394,21.1605115238928));
#3057=CARTESIAN_POINT('Ctrl Pts',(-8.67432032858422,1.08855045695955,21.2016933962434));
#3058=CARTESIAN_POINT('Ctrl Pts',(-9.96667179209834,1.82337882393086,21.269333893463));
#3059=CARTESIAN_POINT('Ctrl Pts',(-11.5137414383886,1.01705871205609,21.3487097680702));
#3060=CARTESIAN_POINT('Ctrl Pts',(-11.6755328548228,-0.72000782404863,21.4280856426774));
#3061=CARTESIAN_POINT('Ctrl Pts',(-10.3039849899273,-1.79816971708109,21.5074615172846));
#3062=CARTESIAN_POINT('Ctrl Pts',(-8.79575305219286,-1.27943121307394,21.5800290618625));
#3063=CARTESIAN_POINT('Ctrl Pts',(-8.46078567842003,-0.379737780518244,
21.6261379815714));
#3064=CARTESIAN_POINT('Ctrl Pts',(-8.45737526751597,0.00140325756096403,
21.6457882764113));
#3065=CARTESIAN_POINT('Ctrl Pts',(-8.4551634149844,0.000916795347640723,
21.1042117235887));
#3066=CARTESIAN_POINT('Ctrl Pts',(-8.45478220687768,0.055094586614876,21.1070152973937));
#3067=CARTESIAN_POINT('Ctrl Pts',(-8.48195226558581,0.620186704601927,21.1362774960677));
#3068=CARTESIAN_POINT('Ctrl Pts',(-9.17792265552739,1.62788503426624,21.1919983196109));
#3069=CARTESIAN_POINT('Ctrl Pts',(-10.9216641893761,1.57364433299915,21.271374194218));
#3070=CARTESIAN_POINT('Ctrl Pts',(-11.8219583393699,0.0793060065048015,
21.3507500688252));
#3071=CARTESIAN_POINT('Ctrl Pts',(-11.054914064678,-1.48760805342492,21.4301259434324));
#3072=CARTESIAN_POINT('Ctrl Pts',(-9.32248072912067,-1.69315933265358,21.5095018180395));
#3073=CARTESIAN_POINT('Ctrl Pts',(-8.50924036671603,-0.710672963847331,
21.567530411425));
#3074=CARTESIAN_POINT('Ctrl Pts',(-8.45547653133213,-0.100324010974557,
21.5991003799414));
#3075=CARTESIAN_POINT('Ctrl Pts',(-8.45638231046869,-0.00134663131400018,
21.6042117235887));
#3076=CARTESIAN_POINT('Origin',(-10.0000001490116,0.,8.89578827641126));
#3077=CARTESIAN_POINT('',(-8.45915863313246,0.000760516687591667,20.6042117235887));
#3078=CARTESIAN_POINT('',(-8.45565981557008,-0.00115326305823119,20.6457882764113));
#3079=CARTESIAN_POINT('',(-8.45700014901162,-2.07550268404438E-13,8.89578827641126));
#3080=CARTESIAN_POINT('Ctrl Pts',(-8.45565981557008,-0.00115326305823124,
20.6457882764113));
#3081=CARTESIAN_POINT('Ctrl Pts',(-8.45931210333692,0.436686983503566,20.6684264413451));
#3082=CARTESIAN_POINT('Ctrl Pts',(-8.88308863881529,1.39244010749361,20.717523231148));
#3083=CARTESIAN_POINT('Ctrl Pts',(-10.5041764682472,1.75260587527718,20.7930786458201));
#3084=CARTESIAN_POINT('Ctrl Pts',(-11.7458450181126,0.527111760414997,20.8724545204272));
#3085=CARTESIAN_POINT('Ctrl Pts',(-11.3898291374588,-1.18076098250494,20.9518303950344));
#3086=CARTESIAN_POINT('Ctrl Pts',(-9.76193155916605,-1.80807755958172,21.0312062696416));
#3087=CARTESIAN_POINT('Ctrl Pts',(-8.61344265806758,-0.971313430299834,
21.0958588967672));
#3088=CARTESIAN_POINT('Ctrl Pts',(-8.45877460283254,-0.228843447539281,
21.1340528990238));
#3089=CARTESIAN_POINT('Ctrl Pts',(-8.45939611112236,-0.000468330115159319,
21.1457882764113));
#3090=CARTESIAN_POINT('Ctrl Pts',(-8.45915863313246,0.00076051668759158,
20.6042117235887));
#3091=CARTESIAN_POINT('Ctrl Pts',(-8.45822856867737,0.209266270506225,20.614930214846));
#3092=CARTESIAN_POINT('Ctrl Pts',(-8.59478080930948,0.931301806288602,20.6521073309724));
#3093=CARTESIAN_POINT('Ctrl Pts',(-9.69280952510465,1.7976248247799,20.7157430719678));
#3094=CARTESIAN_POINT('Ctrl Pts',(-11.3435537758586,1.23316046882297,20.795118946575));
#3095=CARTESIAN_POINT('Ctrl Pts',(-11.764764550201,-0.459812677485283,20.8744948211822));
#3096=CARTESIAN_POINT('Ctrl Pts',(-10.5709769605898,-1.73199496844574,20.9538706957893));
#3097=CARTESIAN_POINT('Ctrl Pts',(-8.91528869195099,-1.43021650478567,21.0304429965915));
#3098=CARTESIAN_POINT('Ctrl Pts',(-8.45837984439118,-0.456206329674086,
21.0805566725247));
#3099=CARTESIAN_POINT('Ctrl Pts',(-8.4551634149844,0.000916795347640723,
21.1042117235887));
#3100=CARTESIAN_POINT('Origin',(-10.0000001490116,0.,8.89578827641126));
#3101=CARTESIAN_POINT('',(-8.45793860255798,-0.00133092182708891,20.1042117235887));
#3102=CARTESIAN_POINT('',(-8.45580665971671,0.00120476321115604,20.1457882764113));
#3103=CARTESIAN_POINT('',(-8.45700014901162,-2.07550268404438E-13,8.89578827641126));
#3104=CARTESIAN_POINT('Ctrl Pts',(-8.4558066597167,0.00120476321115613,
20.1457882764113));
#3105=CARTESIAN_POINT('Ctrl Pts',(-8.45512626304809,0.0804144442161572,
20.1498827339284));
#3106=CARTESIAN_POINT('Ctrl Pts',(-8.49667897410678,0.670766006902819,20.1804358163146));
#3107=CARTESIAN_POINT('Ctrl Pts',(-9.25808595796045,1.66594851302522,20.2374475235698));
#3108=CARTESIAN_POINT('Ctrl Pts',(-10.9971244642368,1.52694604191527,20.3168233981771));
#3109=CARTESIAN_POINT('Ctrl Pts',(-11.8236592183626,-0.00941879545532238,
20.3961992727842));
#3110=CARTESIAN_POINT('Ctrl Pts',(-10.9812990132372,-1.53716415974469,20.4755751473914));
#3111=CARTESIAN_POINT('Ctrl Pts',(-9.24091748628223,-1.65819619649717,20.5549510219985));
#3112=CARTESIAN_POINT('Ctrl Pts',(-8.49344035723113,-0.660022372639954,
20.6116887316718));
#3113=CARTESIAN_POINT('Ctrl Pts',(-8.45504344851357,-0.075044018995845,
20.6419678164761));
#3114=CARTESIAN_POINT('Ctrl Pts',(-8.45565981557008,-0.00115326305823124,
20.6457882764113));
#3115=CARTESIAN_POINT('Ctrl Pts',(-8.45793860255798,-0.00133092182708891,
20.1042117235887));
#3116=CARTESIAN_POINT('Ctrl Pts',(-8.46091917760023,0.360421685780234,20.1228451322984));
#3117=CARTESIAN_POINT('Ctrl Pts',(-8.76844263141812,1.24041056760988,20.1679371658771));
#3118=CARTESIAN_POINT('Ctrl Pts',(-10.2348444257479,1.80849917217717,20.2394878243248));
#3119=CARTESIAN_POINT('Ctrl Pts',(-11.6467065495549,0.783695808647183,20.318863698932));
#3120=CARTESIAN_POINT('Ctrl Pts',(-11.5516093642343,-0.958295326774312,
20.3982395735392));
#3121=CARTESIAN_POINT('Ctrl Pts',(-10.0365796698541,-1.82331649165367,20.4776154481463));
#3122=CARTESIAN_POINT('Ctrl Pts',(-8.69717653694236,-1.12826466253266,20.5462728314962));
#3123=CARTESIAN_POINT('Ctrl Pts',(-8.46052443531855,-0.305430750827098,
20.588471589977));
#3124=CARTESIAN_POINT('Ctrl Pts',(-8.45915863313246,0.00076051668759158,
20.6042117235887));
#3125=CARTESIAN_POINT('Origin',(-10.0000001490116,0.,8.89578827641126));
#3126=CARTESIAN_POINT('',(-8.45447016485133,3.23423038907823E-5,19.6042117235887));
#3127=CARTESIAN_POINT('',(-8.45944015046182,0.000384815607425101,19.6457882764113));
#3128=CARTESIAN_POINT('',(-8.45700014901162,-2.07550268404438E-13,8.89578827641126));
#3129=CARTESIAN_POINT('Ctrl Pts',(-8.45944015046182,0.000384815607424854,
19.6457882764113));
#3130=CARTESIAN_POINT('Ctrl Pts',(-8.45891839360589,0.234108715409069,19.6577976513807));
#3131=CARTESIAN_POINT('Ctrl Pts',(-8.61864593734457,0.982088016973093,19.6962656512193));
#3132=CARTESIAN_POINT('Ctrl Pts',(-9.78062040238455,1.8104401789907,19.7611922759268));
#3133=CARTESIAN_POINT('Ctrl Pts',(-11.401951405156,1.16634205545768,19.840568150534));
#3134=CARTESIAN_POINT('Ctrl Pts',(-11.7403071940746,-0.5451169634475,19.9199440251412));
#3135=CARTESIAN_POINT('Ctrl Pts',(-10.4860464112517,-1.7577201557405,19.9993198997484));
#3136=CARTESIAN_POINT('Ctrl Pts',(-8.87463029955401,-1.38219570466747,20.0746013168384));
#3137=CARTESIAN_POINT('Ctrl Pts',(-8.45952302626803,-0.431443164987895,
20.1234241090594));
#3138=CARTESIAN_POINT('Ctrl Pts',(-8.4558066597167,0.00120476321115613,
20.1457882764113));
#3139=CARTESIAN_POINT('Ctrl Pts',(-8.45447049070209,3.2338138345031E-5,
19.6042117235887));
#3140=CARTESIAN_POINT('Ctrl Pts',(-8.45446995650991,0.00176371260025582,
19.6043014248816));
#3141=CARTESIAN_POINT('Ctrl Pts',(-8.45525659507207,0.514187197162565,19.6308497510436));
#3142=CARTESIAN_POINT('Ctrl Pts',(-9.01596197292333,1.53541198317655,19.6838567020747));
#3143=CARTESIAN_POINT('Ctrl Pts',(-10.7561249178112,1.65954705389425,19.7632325766818));
#3144=CARTESIAN_POINT('Ctrl Pts',(-11.8043313251958,0.264971879132787,19.842608451289));
#3145=CARTESIAN_POINT('Ctrl Pts',(-11.2013304124395,-1.37208844039062,19.9219843258961));
#3146=CARTESIAN_POINT('Ctrl Pts',(-9.49894965685754,-1.7535020656941,20.0013602005033));
#3147=CARTESIAN_POINT('Ctrl Pts',(-8.54709091079799,-0.817387241044847,
20.0621026664008));
#3148=CARTESIAN_POINT('Ctrl Pts',(-8.4566868914863,-0.153251184773618,20.0963865074293));
#3149=CARTESIAN_POINT('Ctrl Pts',(-8.45793860255798,-0.00133092182708891,
20.1042117235887));
#3150=CARTESIAN_POINT('Origin',(-10.0000001490116,0.,8.89578827641126));
#3151=CARTESIAN_POINT('',(-8.45803278358816,0.00131037527337299,19.1042117235887));
#3152=CARTESIAN_POINT('',(-8.45721708987627,-0.00140940885290641,19.1457882764113));
#3153=CARTESIAN_POINT('',(-8.45700014901162,-2.07550268404438E-13,8.89578827641126));
#3154=CARTESIAN_POINT('Ctrl Pts',(-8.45721708987627,-0.00140940885290654,
19.1457882764113));
#3155=CARTESIAN_POINT('Ctrl Pts',(-8.46072075986489,0.384945162163127,19.1657125688331));
#3156=CARTESIAN_POINT('Ctrl Pts',(-8.80331825422316,1.28990226014536,19.2120954861239));
#3157=CARTESIAN_POINT('Ctrl Pts',(-10.3225425745359,1.79493384242175,19.2849370282838));
#3158=CARTESIAN_POINT('Ctrl Pts',(-11.6828806314549,0.70266236326252,19.364312902891));
#3159=CARTESIAN_POINT('Ctrl Pts',(-11.5031551965878,-1.03264031389454,19.4436887774981));
#3160=CARTESIAN_POINT('Ctrl Pts',(-9.94783937641609,-1.82293729149861,19.5230646521054));
#3161=CARTESIAN_POINT('Ctrl Pts',(-8.66835112823985,-1.07782961634773,19.590431151743));
#3162=CARTESIAN_POINT('Ctrl Pts',(-8.46006790962641,-0.280823410826284,
19.6313390265117));
#3163=CARTESIAN_POINT('Ctrl Pts',(-8.45944015046182,0.000384815607424854,
19.6457882764113));
#3164=CARTESIAN_POINT('Ctrl Pts',(-8.45803278358816,0.00131037527337299,
19.1042117235887));
#3165=CARTESIAN_POINT('Ctrl Pts',(-8.45677774675803,0.156737612224608,19.112216342334));
#3166=CARTESIAN_POINT('Ctrl Pts',(-8.54982240315735,0.824449225130464,19.1466795859483));
#3167=CARTESIAN_POINT('Ctrl Pts',(-9.51082051838828,1.75685069913881,19.2076014544316));
#3168=CARTESIAN_POINT('Ctrl Pts',(-11.2105827365387,1.36393214232146,19.2869773290388));
#3169=CARTESIAN_POINT('Ctrl Pts',(-11.8024979826121,-0.277168991676335,
19.366353203646));
#3170=CARTESIAN_POINT('Ctrl Pts',(-10.7448836652307,-1.66462297153034,19.4457290782531));
#3171=CARTESIAN_POINT('Ctrl Pts',(-9.00756561252235,-1.52887513384821,19.5250152515674));
#3172=CARTESIAN_POINT('Ctrl Pts',(-8.45462752381032,-0.508928897358609,
19.5778428000126));
#3173=CARTESIAN_POINT('Ctrl Pts',(-8.45447049070209,3.2338138345031E-5,
19.6042117235887));
#3174=CARTESIAN_POINT('Origin',(-10.0000001490116,0.,8.89578827641126));
#3175=CARTESIAN_POINT('',(-8.45910509973656,-0.000808388217051412,18.6042117235887));
#3176=CARTESIAN_POINT('',(-8.45465614934453,0.000485607812529215,18.6457882764113));
#3177=CARTESIAN_POINT('',(-8.45700014901162,-2.07550268404438E-13,8.89578827641126));
#3178=CARTESIAN_POINT('Ctrl Pts',(-8.45465614934453,0.000485607812529326,
18.6457882764113));
#3179=CARTESIAN_POINT('Ctrl Pts',(-8.45454619082141,0.0271416245482095,
18.6471688614163));
#3180=CARTESIAN_POINT('Ctrl Pts',(-8.46724999272832,0.56454769099471,18.6750080712905));
#3181=CARTESIAN_POINT('Ctrl Pts',(-9.09181858192536,1.58146367525112,18.7293059060336));
#3182=CARTESIAN_POINT('Ctrl Pts',(-10.835959997171,1.62079987882509,18.8086817806408));
#3183=CARTESIAN_POINT('Ctrl Pts',(-11.8150849681828,0.176884748207073,18.888057655248));
#3184=CARTESIAN_POINT('Ctrl Pts',(-11.133161579752,-1.42890387598903,18.9674335298551));
#3185=CARTESIAN_POINT('Ctrl Pts',(-9.4142420599919,-1.72705198997656,19.0468094044623));
#3186=CARTESIAN_POINT('Ctrl Pts',(-8.52828538669435,-0.766595925985048,
19.1062609866477));
#3187=CARTESIAN_POINT('Ctrl Pts',(-8.45606803303619,-0.128117507494229,
19.139253943964));
#3188=CARTESIAN_POINT('Ctrl Pts',(-8.45721708987627,-0.00140940885290654,
19.1457882764113));
#3189=CARTESIAN_POINT('Ctrl Pts',(-8.45910509973656,-0.000808388217051377,
18.6042117235887));
#3190=CARTESIAN_POINT('Ctrl Pts',(-8.46057644389692,0.308845851851786,18.6201312597863));
#3191=CARTESIAN_POINT('Ctrl Pts',(-8.70132500861727,1.13525773440026,18.6625094208529));
#3192=CARTESIAN_POINT('Ctrl Pts',(-10.048910408743,1.82302739325944,18.7313462067886));
#3193=CARTESIAN_POINT('Ctrl Pts',(-11.5580550839123,0.947779462698486,18.8107220813958));
#3194=CARTESIAN_POINT('Ctrl Pts',(-11.6413685438108,-0.794814999000148,
18.8900979560029));
#3195=CARTESIAN_POINT('Ctrl Pts',(-10.2226076925666,-1.81004612417301,18.9694738306101));
#3196=CARTESIAN_POINT('Ctrl Pts',(-8.76374863694458,-1.23350207797468,19.040845086472));
#3197=CARTESIAN_POINT('Ctrl Pts',(-8.46092617027975,-0.357014646041466,
19.0857577174649));
#3198=CARTESIAN_POINT('Ctrl Pts',(-8.45803278358816,0.00131037527337299,
19.1042117235887));
#3199=CARTESIAN_POINT('Origin',(-10.0000001490116,0.,8.89578827641126));
#3200=CARTESIAN_POINT('',(-8.45508572022479,-0.000868236074057765,18.1042117235887));
#3201=CARTESIAN_POINT('',(-8.4586466434976,0.00109998715544056,18.1457882764113));
#3202=CARTESIAN_POINT('',(-8.45700014901162,-2.07550268404438E-13,8.89578827641126));
#3203=CARTESIAN_POINT('Ctrl Pts',(-8.4586466434976,0.00109998715544074,
18.1457882764113));
#3204=CARTESIAN_POINT('Ctrl Pts',(-8.45745592969245,0.181773869944496,18.1550837788687));
#3205=CARTESIAN_POINT('Ctrl Pts',(-8.570345680348,0.875275587116718,18.1908379061951));
#3206=CARTESIAN_POINT('Ctrl Pts',(-9.59686335802138,1.77856735680269,18.2530506583906));
#3207=CARTESIAN_POINT('Ctrl Pts',(-11.2754993058221,1.30342741106276,18.3324265329978));
#3208=CARTESIAN_POINT('Ctrl Pts',(-11.7868808313981,-0.364525090834751,
18.411802407605));
#3209=CARTESIAN_POINT('Ctrl Pts',(-10.663024601334,-1.69888778044832,18.4911782822121));
#3210=CARTESIAN_POINT('Ctrl Pts',(-8.96251179598873,-1.482370675897,18.5691735718142));
#3211=CARTESIAN_POINT('Ctrl Pts',(-8.4566535230782,-0.48371539963037,18.6207102365473));
#3212=CARTESIAN_POINT('Ctrl Pts',(-8.45465614934453,0.000485607812529326,
18.6457882764113));
#3213=CARTESIAN_POINT('Ctrl Pts',(-8.45508572022479,-0.000868236074057765,
18.1042117235887));
#3214=CARTESIAN_POINT('Ctrl Pts',(-8.45819003385134,0.459660821106221,18.1280461772386));
#3215=CARTESIAN_POINT('Ctrl Pts',(-8.92110260178503,1.43683919662791,18.1783392557576));
#3216=CARTESIAN_POINT('Ctrl Pts',(-10.5826778453921,1.72809368733932,18.2550909591456));
#3217=CARTESIAN_POINT('Ctrl Pts',(-11.7678340237291,0.447866588933385,18.3344668337528));
#3218=CARTESIAN_POINT('Ctrl Pts',(-11.3351828542488,-1.24221907637779,18.4138427083599));
#3219=CARTESIAN_POINT('Ctrl Pts',(-9.68065873499468,-1.79550609895231,18.4932185829671));
#3220=CARTESIAN_POINT('Ctrl Pts',(-8.59159329157277,-0.924239861125973,
18.5566749213767));
#3221=CARTESIAN_POINT('Ctrl Pts',(-8.45813103702646,-0.205806414107124,
18.5936726349173));
#3222=CARTESIAN_POINT('Ctrl Pts',(-8.45910509973656,-0.000808388217051377,
18.6042117235887));
#3223=CARTESIAN_POINT('Origin',(-10.0000001490116,0.,8.89578827641126));
#3224=CARTESIAN_POINT('',(-8.45648709806308,0.00136335124262962,17.6042117235887));
#3225=CARTESIAN_POINT('',(-8.45862641135767,-0.00110949854984303,17.6457882764113));
#3226=CARTESIAN_POINT('',(-8.45700014901162,-2.07550268404438E-13,8.89578827641126));
#3227=CARTESIAN_POINT('Ctrl Pts',(-8.45862641135767,-0.00110949854984298,
17.6457882764113));
#3228=CARTESIAN_POINT('Ctrl Pts',(-8.46085193448457,0.333393212178997,17.662998696321));
#3229=CARTESIAN_POINT('Ctrl Pts',(-8.73221970925277,1.18543597572672,17.7066677410998));
#3230=CARTESIAN_POINT('Ctrl Pts',(-10.137535426339,1.81848980267268,17.7767954107476));
#3231=CARTESIAN_POINT('Ctrl Pts',(-11.6023161286976,0.870864292629546,17.8561712853548));
#3232=CARTESIAN_POINT('Ctrl Pts',(-11.6007607671683,-0.873719954157382,
17.9355471599619));
#3233=CARTESIAN_POINT('Ctrl Pts',(-10.1342927081356,-1.81873214726577,18.0149230345691));
#3234=CARTESIAN_POINT('Ctrl Pts',(-8.7310550562523,-1.18360219805827,18.0850034067189));
#3235=CARTESIAN_POINT('Ctrl Pts',(-8.46084516551281,-0.332494456083377,
18.1286251539996));
#3236=CARTESIAN_POINT('Ctrl Pts',(-8.4586466434976,0.00109998715544074,
18.1457882764113));
#3237=CARTESIAN_POINT('Ctrl Pts',(-8.45648709806307,0.00136335124262962,
17.6042117235887));
#3238=CARTESIAN_POINT('Ctrl Pts',(-8.4555449598923,0.103832641843816,17.6095024698219));
#3239=CARTESIAN_POINT('Ctrl Pts',(-8.51154621370741,0.717718711332073,17.6412518409241));
#3240=CARTESIAN_POINT('Ctrl Pts',(-9.33394751270845,1.69770285260846,17.6994598368954));
#3241=CARTESIAN_POINT('Ctrl Pts',(-11.0649510274262,1.480439366082,17.7788357115026));
#3242=CARTESIAN_POINT('Ctrl Pts',(-11.8213803014287,-0.0916265816361905,
17.8582115861097));
#3243=CARTESIAN_POINT('Ctrl Pts',(-10.9110001337241,-1.57984180155332,17.9375874607169));
#3244=CARTESIAN_POINT('Ctrl Pts',(-9.16693163692529,-1.62228787342185,18.0169633353241));
#3245=CARTESIAN_POINT('Ctrl Pts',(-8.48001129671693,-0.613165093244062,
18.0725047562814));
#3246=CARTESIAN_POINT('Ctrl Pts',(-8.45474393557162,-0.0515724441582774,
18.1015875523696));
#3247=CARTESIAN_POINT('Ctrl Pts',(-8.45508572022479,-0.000868236074057765,
18.1042117235887));
#3248=CARTESIAN_POINT('Origin',(-10.0000001490116,0.,8.89578827641126));
#3249=CARTESIAN_POINT('',(-8.45952889264644,7.55242710689941E-6,17.1042117235887));
#3250=CARTESIAN_POINT('',(-8.45464416002361,-0.000469733934268152,17.1457882764113));
#3251=CARTESIAN_POINT('',(-8.45700014901162,-2.07550268404438E-13,8.89578827641126));
#3252=CARTESIAN_POINT('Ctrl Pts',(-8.45464416002361,-0.000469733934268077,
17.1457882764113));
#3253=CARTESIAN_POINT('Ctrl Pts',(-8.45658723090388,0.484634445832141,17.1709136137733));
#3254=CARTESIAN_POINT('Ctrl Pts',(-8.9641251713664,1.48408877635815,17.2224975760044));
#3255=CARTESIAN_POINT('Ctrl Pts',(-10.6660527878037,1.69770285895153,17.3005401631046));
#3256=CARTESIAN_POINT('Ctrl Pts',(-11.7875279655846,0.361338373151452,17.3799160377118));
#3257=CARTESIAN_POINT('Ctrl Pts',(-11.2731731723274,-1.30569964679286,17.4592919123189));
#3258=CARTESIAN_POINT('Ctrl Pts',(-9.59369268393542,-1.7778457072416,17.5386677869261));
#3259=CARTESIAN_POINT('Ctrl Pts',(-8.56956646151872,-0.873413139511985,
17.6008332416235));
#3260=CARTESIAN_POINT('Ctrl Pts',(-8.45743050247647,-0.180858141784644,
17.6365400714519));
#3261=CARTESIAN_POINT('Ctrl Pts',(-8.45862641135767,-0.00110949854984298,
17.6457882764113));
#3262=CARTESIAN_POINT('Ctrl Pts',(-8.45952889264644,7.55242710672593E-6,
17.1042117235887));
#3263=CARTESIAN_POINT('Ctrl Pts',(-8.45951766884236,0.257050309749782,17.1174173872742));
#3264=CARTESIAN_POINT('Ctrl Pts',(-8.64225069901169,1.02908420337849,17.1570816758288));
#3265=CARTESIAN_POINT('Ctrl Pts',(-9.86246487219843,1.81848979587823,17.2232045892524));
#3266=CARTESIAN_POINT('Ctrl Pts',(-11.4531089686913,1.10195092824066,17.3025804638596));
#3267=CARTESIAN_POINT('Ctrl Pts',(-11.7139617543171,-0.623022235253273,
17.3819563384667));
#3268=CARTESIAN_POINT('Ctrl Pts',(-10.4063076125695,-1.77784570059905,17.4613322130739));
#3269=CARTESIAN_POINT('Ctrl Pts',(-8.83877178716879,-1.3371702240508,17.5354173414479));
#3270=CARTESIAN_POINT('Ctrl Pts',(-8.46025652218175,-0.408608590664578,
17.5830438449529));
#3271=CARTESIAN_POINT('Ctrl Pts',(-8.45648709806307,0.00136335124262962,
17.6042117235887));
#3272=CARTESIAN_POINT('Origin',(-10.0000001490116,0.,8.89578827641126));
#3273=CARTESIAN_POINT('',(-8.45651481251279,-0.00136733720080742,16.6042117235887));
#3274=CARTESIAN_POINT('',(-8.45724452932933,0.00140876181042538,16.6457882764113));
#3275=CARTESIAN_POINT('',(-8.45700014901162,-2.07550268404438E-13,8.89578827641126));
#3276=CARTESIAN_POINT('Ctrl Pts',(-8.45724452932933,0.00140876181042561,
16.6457882764113));
#3277=CARTESIAN_POINT('Ctrl Pts',(-8.45608947176322,0.129039802232691,16.6523699063566));
#3278=CARTESIAN_POINT('Ctrl Pts',(-8.52894842656592,0.768456036169104,16.685410161171));
#3279=CARTESIAN_POINT('Ctrl Pts',(-9.41732245045429,1.72809369379613,16.7449090408544));
#3280=CARTESIAN_POINT('Ctrl Pts',(-11.1357076179203,1.42688109525602,16.8242849154616));
#3281=CARTESIAN_POINT('Ctrl Pts',(-11.8147666844172,-0.180120895251477,
16.9036607900688));
#3282=CARTESIAN_POINT('Ctrl Pts',(-10.8330686642103,-1.62228787948338,16.9830366646759));
#3283=CARTESIAN_POINT('Ctrl Pts',(-9.08900016089513,-1.57984180745599,17.0624125392831));
#3284=CARTESIAN_POINT('Ctrl Pts',(-8.46678826560298,-0.562700567525108,
17.1166630765282));
#3285=CARTESIAN_POINT('Ctrl Pts',(-8.45454105007955,-0.0262120088800412,
17.1444549889043));
#3286=CARTESIAN_POINT('Ctrl Pts',(-8.45464416002361,-0.000469733934268077,
17.1457882764113));
#3287=CARTESIAN_POINT('Ctrl Pts',(-8.45651481251279,-0.00136733720080743,
16.6042117235887));
#3288=CARTESIAN_POINT('Ctrl Pts',(-8.46027952393846,0.407707462752147,16.6253323047266));
#3289=CARTESIAN_POINT('Ctrl Pts',(-8.83738960586789,1.33538066418078,16.6729115107334));
#3290=CARTESIAN_POINT('Ctrl Pts',(-10.4031369384959,1.77856735015732,16.7469493416094));
#3291=CARTESIAN_POINT('Ctrl Pts',(-11.7128481357202,0.626077363038894,16.8263252162166));
#3292=CARTESIAN_POINT('Ctrl Pts',(-11.4550715173635,-1.09935817779466,16.9057010908237));
#3293=CARTESIAN_POINT('Ctrl Pts',(-9.86570759038915,-1.81873214047037,16.9850769654309));
#3294=CARTESIAN_POINT('Ctrl Pts',(-8.6432139688228,-1.03094043149865,17.0512471763525));
#3295=CARTESIAN_POINT('Ctrl Pts',(-8.45954015664978,-0.257955831045435,
17.0909587624052));
#3296=CARTESIAN_POINT('Ctrl Pts',(-8.45952889264644,7.55242710672593E-6,
17.1042117235887));
#3297=CARTESIAN_POINT('Origin',(-10.0000001490116,0.,8.89578827641126));
#3298=CARTESIAN_POINT('',(-8.4550658143875,0.000855120684831595,16.1042117235887));
#3299=CARTESIAN_POINT('',(-8.45943316948891,-0.000399343455552084,16.1457882764113));
#3300=CARTESIAN_POINT('',(-8.45700014901162,-2.07550268404438E-13,8.89578827641126));
#3301=CARTESIAN_POINT('Ctrl Pts',(-8.45943316948891,-0.000399343455552131,
16.1457882764113));
#3302=CARTESIAN_POINT('Ctrl Pts',(-8.46008692792985,0.281726185486524,16.1602848238089));
#3303=CARTESIAN_POINT('Ctrl Pts',(-8.66937584356431,1.07968079826289,16.2012399960756));
#3304=CARTESIAN_POINT('Ctrl Pts',(-9.95108988909774,1.82302740007088,16.2686537932114));
#3305=CARTESIAN_POINT('Ctrl Pts',(-11.5049940798371,1.02995843756556,16.3480296678186));
#3306=CARTESIAN_POINT('Ctrl Pts',(-11.6816250581266,-0.705661944544275,
16.4274055424257));
#3307=CARTESIAN_POINT('Ctrl Pts',(-10.3193415642215,-1.79550610566097,16.5067814170329));
#3308=CARTESIAN_POINT('Ctrl Pts',(-8.80200604405286,-1.28809612448791,16.5795756616947));
#3309=CARTESIAN_POINT('Ctrl Pts',(-8.46073288609947,-0.38404614277398,16.6259112814875));
#3310=CARTESIAN_POINT('Ctrl Pts',(-8.45724452932933,0.00140876181042561,
16.6457882764113));
#3311=CARTESIAN_POINT('Ctrl Pts',(-8.4550658143875,0.000855120684831378,
16.1042117235887));
#3312=CARTESIAN_POINT('Ctrl Pts',(-8.45473424696958,0.0506437573139291,
16.1067885973098));
#3313=CARTESIAN_POINT('Ctrl Pts',(-8.47950382372632,0.611314249835412,16.1358240959));
#3314=CARTESIAN_POINT('Ctrl Pts',(-9.16404030397592,1.62079987276937,16.1913182193592));
#3315=CARTESIAN_POINT('Ctrl Pts',(-10.9081817127049,1.58146366934212,16.2706940939664));
#3316=CARTESIAN_POINT('Ctrl Pts',(-11.8212140291669,0.0948740892498562,
16.3500699685735));
#3317=CARTESIAN_POINT('Ctrl Pts',(-11.0675890655535,-1.47853812779998,16.4294458431807));
#3318=CARTESIAN_POINT('Ctrl Pts',(-9.33697569916627,-1.69888777410062,16.5088217177879));
#3319=CARTESIAN_POINT('Ctrl Pts',(-8.51215865520783,-0.719576488747822,
16.5670770112572));
#3320=CARTESIAN_POINT('Ctrl Pts',(-8.4555633143464,-0.104757445514716,16.5988736798575));
#3321=CARTESIAN_POINT('Ctrl Pts',(-8.45651481251279,-0.00136733720080743,
16.6042117235887));
#3322=CARTESIAN_POINT('Origin',(-10.0000001490116,0.,8.89578827641126));
#3323=CARTESIAN_POINT('',(-8.45909042850949,0.000820793660015612,15.6042117235887));
#3324=CARTESIAN_POINT('',(-8.45578099496259,-0.00119626371413617,15.6457882764113));
#3325=CARTESIAN_POINT('',(-8.45700014901162,-2.07550268404438E-13,8.89578827641126));
#3326=CARTESIAN_POINT('Ctrl Pts',(-8.45578099496259,-0.00119626371413612,
15.6457882764113));
#3327=CARTESIAN_POINT('Ctrl Pts',(-8.45948779892113,0.432347934792072,15.6681997412613));
#3328=CARTESIAN_POINT('Ctrl Pts',(-8.87608381104682,1.38396599633864,15.7170698309803));
#3329=CARTESIAN_POINT('Ctrl Pts',(-10.4891797814629,1.75685070570291,15.7923985455684));
#3330=CARTESIAN_POINT('Ctrl Pts',(-11.7412764107404,0.542013002864136,15.8717744201755));
#3331=CARTESIAN_POINT('Ctrl Pts',(-11.399869503802,-1.16883998239828,15.9511502947827));
#3332=CARTESIAN_POINT('Ctrl Pts',(-9.77739260462466,-1.8100461309359,16.0305261693899));
#3333=CARTESIAN_POINT('Ctrl Pts',(-8.61774239227248,-0.980228343913439,
16.0954054965994));
#3334=CARTESIAN_POINT('Ctrl Pts',(-8.45889370937446,-0.233200116032153,
16.1338261989399));
#3335=CARTESIAN_POINT('Ctrl Pts',(-8.45943316948891,-0.000399343455552131,
16.1457882764113));
#3336=CARTESIAN_POINT('Ctrl Pts',(-8.45909042850949,0.000820793660015785,
15.6042117235887));
#3337=CARTESIAN_POINT('Ctrl Pts',(-8.45810529824498,0.204893961158866,15.6147035147622));
#3338=CARTESIAN_POINT('Ctrl Pts',(-8.59075812472846,0.922377949024389,15.6516539308046));
#3339=CARTESIAN_POINT('Ctrl Pts',(-9.67745772469265,1.79493383571534,15.7150629717162));
#3340=CARTESIAN_POINT('Ctrl Pts',(-11.3329657647891,1.24459782951619,15.7944388463233));
#3341=CARTESIAN_POINT('Ctrl Pts',(-11.7686297921458,-0.444713700607929,
15.8738147209305));
#3342=CARTESIAN_POINT('Ctrl Pts',(-10.5857582358425,-1.72705198352381,15.9531905955377));
#3343=CARTESIAN_POINT('Ctrl Pts',(-8.92264205751729,-1.43858300856014,16.0299895964238));
#3344=CARTESIAN_POINT('Ctrl Pts',(-8.45813868928186,-0.460572158516384,
16.0803299724408));
#3345=CARTESIAN_POINT('Ctrl Pts',(-8.4550658143875,0.000855120684831378,
16.1042117235887));
#3346=CARTESIAN_POINT('Origin',(-10.0000001490116,0.,8.89578827641126));
#3347=CARTESIAN_POINT('',(-8.4580573004812,-0.00130458524331079,15.1042117235887));
#3348=CARTESIAN_POINT('',(-8.4556848359433,0.00116254100169774,15.1457882764113));
#3349=CARTESIAN_POINT('',(-8.45700014901162,-2.07550268404438E-13,8.89578827641126));
#3350=CARTESIAN_POINT('Ctrl Pts',(-8.45568483594329,0.00116254100169784,
15.1457882764113));
#3351=CARTESIAN_POINT('Ctrl Pts',(-8.4550573784962,0.0759712245570182,15.1496560338445));
#3352=CARTESIAN_POINT('Ctrl Pts',(-8.49399502800661,0.661876647168805,15.1799824161468));
#3353=CARTESIAN_POINT('Ctrl Pts',(-9.24387537738711,1.65954706009497,15.2367674233182));
#3354=CARTESIAN_POINT('Ctrl Pts',(-10.9840383287768,1.53541198891321,15.3161432979254));
#3355=CARTESIAN_POINT('Ctrl Pts',(-11.8236731137339,0.00616706373715824,
15.3955191725326));
#3356=CARTESIAN_POINT('Ctrl Pts',(-10.9944002232937,-1.52872155973607,15.4748950471397));
#3357=CARTESIAN_POINT('Ctrl Pts',(-9.25511663000922,-1.66462297774981,15.5542709217469));
#3358=CARTESIAN_POINT('Ctrl Pts',(-8.49611553725106,-0.668911148253697,
15.6112353315041));
#3359=CARTESIAN_POINT('Ctrl Pts',(-8.45511160414499,-0.0794875649941871,
15.6417411163922));
#3360=CARTESIAN_POINT('Ctrl Pts',(-8.45578099496259,-0.00119626371413612,
15.6457882764113));
#3361=CARTESIAN_POINT('Ctrl Pts',(-8.4580573004812,-0.00130458524331087,
15.1042117235887));
#3362=CARTESIAN_POINT('Ctrl Pts',(-8.46092722922159,0.356116421604519,15.1226184322145));
#3363=CARTESIAN_POINT('Ctrl Pts',(-8.76251727659982,1.23167958784457,15.1674837657093));
#3364=CARTESIAN_POINT('Ctrl Pts',(-10.2193798948192,1.81044017222627,15.2388077240732));
#3365=CARTESIAN_POINT('Ctrl Pts',(-11.6399487216223,0.797740414717435,15.3181835986804));
#3366=CARTESIAN_POINT('Ctrl Pts',(-11.5597425668191,-0.944999830779488,
15.3975594732875));
#3367=CARTESIAN_POINT('Ctrl Pts',(-10.052160921412,-1.82293728468752,15.4769353478947));
#3368=CARTESIAN_POINT('Ctrl Pts',(-8.70242455816007,-1.13710064970564,15.5458194313284));
#3369=CARTESIAN_POINT('Ctrl Pts',(-8.46058963973491,-0.309746036477274,
15.5882448898931));
#3370=CARTESIAN_POINT('Ctrl Pts',(-8.45909042850949,0.000820793660015785,
15.6042117235887));
#3371=CARTESIAN_POINT('Origin',(-10.0000001490116,0.,8.89578827641126));
#3372=CARTESIAN_POINT('',(-8.45447162855039,-4.93820779286843E-5,14.6042117235887));
#3373=CARTESIAN_POINT('',(-8.45940433233062,0.000454030305069893,14.6457882764113));
#3374=CARTESIAN_POINT('',(-8.45700014901162,-2.07550268404438E-13,8.89578827641126));
#3375=CARTESIAN_POINT('Ctrl Pts',(-8.45940433233062,0.000454030305069887,
14.6457882764113));
#3376=CARTESIAN_POINT('Ctrl Pts',(-8.45879955572989,0.229752631308055,14.6575709512969));
#3377=CARTESIAN_POINT('Ctrl Pts',(-8.61433550207624,0.973173572125474,14.6958122510515));
#3378=CARTESIAN_POINT('Ctrl Pts',(-9.76515587139811,1.80849917893435,14.7605121756752));
#3379=CARTESIAN_POINT('Ctrl Pts',(-11.3919323107838,1.1782809393172,14.8398880502824));
#3380=CARTESIAN_POINT('Ctrl Pts',(-11.7449023641831,-0.530223890845672,
14.9192639248895));
#3381=CARTESIAN_POINT('Ctrl Pts',(-10.5010506430375,-1.75350207224583,14.9986397994967));
#3382=CARTESIAN_POINT('Ctrl Pts',(-8.88162198560797,-1.39067363147213,15.0741479166706));
#3383=CARTESIAN_POINT('Ctrl Pts',(-8.45934970072701,-0.435781368333618,
15.1231974089755));
#3384=CARTESIAN_POINT('Ctrl Pts',(-8.45568483594329,0.00116254100169784,
15.1457882764113));
#3385=CARTESIAN_POINT('Ctrl Pts',(-8.45447162855039,-4.93820779287016E-5,
14.6042117235887));
#3386=CARTESIAN_POINT('Ctrl Pts',(-8.45470986285558,0.507999948981995,14.6305333496668));
#3387=CARTESIAN_POINT('Ctrl Pts',(-9.00587733101513,1.52718594752469,14.683313600614));
#3388=CARTESIAN_POINT('Ctrl Pts',(-10.741914337291,1.66594850680059,14.7625524764301));
#3389=CARTESIAN_POINT('Ctrl Pts',(-11.8020009047565,0.280382535790148,14.8419283510373));
#3390=CARTESIAN_POINT('Ctrl Pts',(-11.2130128023059,-1.36177141731981,14.9213042256445));
#3391=CARTESIAN_POINT('Ctrl Pts',(-9.51395388858729,-1.75772014917302,15.0006801002517));
#3392=CARTESIAN_POINT('Ctrl Pts',(-8.55054738825419,-0.826311136167893,
15.0616492662331));
#3393=CARTESIAN_POINT('Ctrl Pts',(-8.45680186550303,-0.157656493085628,
15.0961598073454));
#3394=CARTESIAN_POINT('Ctrl Pts',(-8.4580573004812,-0.00130458524331087,
15.1042117235887));
#3395=CARTESIAN_POINT('Origin',(-10.0000001490116,0.,8.89578827641126));
#3396=CARTESIAN_POINT('',(-8.45791347109942,0.00133596169759748,14.1042117235887));
#3397=CARTESIAN_POINT('',(-8.4573481064787,-0.00140473298713052,14.1457882764113));
#3398=CARTESIAN_POINT('',(-8.45700014901162,-2.07550268404438E-13,8.89578827641126));
#3399=CARTESIAN_POINT('Ctrl Pts',(-8.4573481064787,-0.00140473298713049,
14.1457882764113));
#3400=CARTESIAN_POINT('Ctrl Pts',(-8.46077538605985,0.380636564656546,14.1654858687492));
#3401=CARTESIAN_POINT('Ctrl Pts',(-8.797052660723,1.28124009342154,14.2116420859562));
#3402=CARTESIAN_POINT('Ctrl Pts',(-10.3071907740666,1.79762483149637,14.2842569280321));
#3403=CARTESIAN_POINT('Ctrl Pts',(-11.676814017582,0.717019082803155,14.3636328026394));
#3404=CARTESIAN_POINT('Ctrl Pts',(-11.5119255423826,-1.01975620606786,14.4430086772465));
#3405=CARTESIAN_POINT('Ctrl Pts',(-9.96342062803224,-1.82331649846618,14.5223845518537));
#3406=CARTESIAN_POINT('Ctrl Pts',(-8.67328422820297,-1.08670038092499,14.5899777515753));
#3407=CARTESIAN_POINT('Ctrl Pts',(-8.4601576138418,-0.28514960658384,14.6311123264278));
#3408=CARTESIAN_POINT('Ctrl Pts',(-8.45940433233062,0.000454030305069887,
14.6457882764113));
#3409=CARTESIAN_POINT('Ctrl Pts',(-8.45791347109942,0.00133596169759742,
14.1042117235887));
#3410=CARTESIAN_POINT('Ctrl Pts',(-8.45666311012755,0.15233175158791,14.1119896422501));
#3411=CARTESIAN_POINT('Ctrl Pts',(-8.54637562939698,0.815525530851602,14.1462261857805));
#3412=CARTESIAN_POINT('Ctrl Pts',(-9.49582383166002,1.75260586872893,14.20692135418));
#3413=CARTESIAN_POINT('Ctrl Pts',(-11.198881969241,1.37422831844082,14.2862972287871));
#3414=CARTESIAN_POINT('Ctrl Pts',(-11.8048009210252,-0.261754204207794,
14.3656731033943));
#3415=CARTESIAN_POINT('Ctrl Pts',(-10.7590828089046,-1.65819619030171,14.4450489780015));
#3416=CARTESIAN_POINT('Ctrl Pts',(-9.01870128845229,-1.53716415400121,14.5244248526087));
#3417=CARTESIAN_POINT('Ctrl Pts',(-8.45567394887437,-0.516030436174977,
14.5774791011377));
#3418=CARTESIAN_POINT('Ctrl Pts',(-8.45447038858856,-0.00269367707331981,
14.6040747247978));
#3419=CARTESIAN_POINT('Ctrl Pts',(-8.45447162855039,-4.93820779287016E-5,
14.6042117235887));
#3420=CARTESIAN_POINT('Origin',(-10.0000001490116,0.,8.89578827641126));
#3421=CARTESIAN_POINT('',(-8.45917218315721,-0.000747687348051571,13.6042117235887));
#3422=CARTESIAN_POINT('',(-8.45460197749037,0.000408843902299469,13.6457882764113));
#3423=CARTESIAN_POINT('',(-8.45700014901162,-2.07550268404438E-13,8.89578827641126));
#3424=CARTESIAN_POINT('Ctrl Pts',(-8.45460197749037,0.000408843902299674,
13.6457882764113));
#3425=CARTESIAN_POINT('Ctrl Pts',(-8.45452316240346,0.0226857032422456,
13.6469421613325));
#3426=CARTESIAN_POINT('Ctrl Pts',(-8.46505245144747,0.555695628641841,13.6745546711227));
#3427=CARTESIAN_POINT('Ctrl Pts',(-9.07833610520372,1.57364433887894,13.728625805782));
#3428=CARTESIAN_POINT('Ctrl Pts',(-10.8220776455677,1.62788504034843,13.8080016803892));
#3429=CARTESIAN_POINT('Ctrl Pts',(-11.813506972989,0.192390525550326,13.8873775549963));
#3430=CARTESIAN_POINT('Ctrl Pts',(-11.1453320202196,-1.4191673684697,13.9667534296035));
#3431=CARTESIAN_POINT('Ctrl Pts',(-9.42902333529984,-1.73199497491695,14.0461293042107));
#3432=CARTESIAN_POINT('Ctrl Pts',(-8.5314811871205,-0.775512233563769,14.1058075864799));
#3433=CARTESIAN_POINT('Ctrl Pts',(-8.45617172165237,-0.132537188025313,
14.1390272438801));
#3434=CARTESIAN_POINT('Ctrl Pts',(-8.4573481064787,-0.00140473298713049,
14.1457882764113));
#3435=CARTESIAN_POINT('Ctrl Pts',(-8.45917218315721,-0.000747687348051466,
13.6042117235887));
#3436=CARTESIAN_POINT('Ctrl Pts',(-8.46051021740942,0.304530223953623,13.6199045597024));
#3437=CARTESIAN_POINT('Ctrl Pts',(-8.6960886784675,1.12642029959837,13.6620560206852));
#3438=CARTESIAN_POINT('Ctrl Pts',(-10.0333285058006,1.82337881711812,13.7306661065369));
#3439=CARTESIAN_POINT('Ctrl Pts',(-11.5498981874203,0.961060435466071,13.8100419811441));
#3440=CARTESIAN_POINT('Ctrl Pts',(-11.6481013184466,-0.780758365557617,
13.8894178557513));
#3441=CARTESIAN_POINT('Ctrl Pts',(-10.2380687379674,-1.80807755282618,13.9687937303585));
#3442=CARTESIAN_POINT('Ctrl Pts',(-8.76968632030929,-1.24223075486517,14.0403916863043));
#3443=CARTESIAN_POINT('Ctrl Pts',(-8.46091654004189,-0.361319925095672,
14.085531017381));
#3444=CARTESIAN_POINT('Ctrl Pts',(-8.45791347109942,0.00133596169759742,
14.1042117235887));
#3445=CARTESIAN_POINT('Origin',(-10.0000001490116,0.,8.89578827641126));
#3446=CARTESIAN_POINT('',(-8.45518445717975,-0.000929277281996529,13.1042117235887));
#3447=CARTESIAN_POINT('',(-8.45854797012727,0.00114440509498428,13.1457882764113));
#3448=CARTESIAN_POINT('',(-8.45700014901162,-2.07550268404438E-13,8.89578827641126));
#3449=CARTESIAN_POINT('Ctrl Pts',(-8.45854797012727,0.00114440509498439,
13.1457882764113));
#3450=CARTESIAN_POINT('Ctrl Pts',(-8.45733436020229,0.177383607644445,13.1548570787848));
#3451=CARTESIAN_POINT('Ctrl Pts',(-8.56662984527111,0.866348780187783,13.1903845060273));
#3452=CARTESIAN_POINT('Ctrl Pts',(-9.58167793218675,1.77505708016525,13.252370558139));
#3453=CARTESIAN_POINT('Ctrl Pts',(-11.2643132586047,1.31428059250876,13.3317464327461));
#3454=CARTESIAN_POINT('Ctrl Pts',(-11.7899309105151,-0.349240581773919,
13.4111223073533));
#3455=CARTESIAN_POINT('Ctrl Pts',(-10.6775195714338,-1.69315933897988,13.4904981819605));
#3456=CARTESIAN_POINT('Ctrl Pts',(-8.97027056557883,-1.49059615232608,13.5687201716464));
#3457=CARTESIAN_POINT('Ctrl Pts',(-8.4563303953262,-0.488123523672178,13.6204835364634));
#3458=CARTESIAN_POINT('Ctrl Pts',(-8.45460197749037,0.000408843902299674,
13.6457882764113));
#3459=CARTESIAN_POINT('Ctrl Pts',(-8.45518445717975,-0.000929277281996469,
13.1042117235887));
#3460=CARTESIAN_POINT('Ctrl Pts',(-8.45842859080277,0.455296177359759,13.1278194771547));
#3461=CARTESIAN_POINT('Ctrl Pts',(-8.91376259468722,1.4284683388114,13.1778858555898));
#3462=CARTESIAN_POINT('Ctrl Pts',(-10.5678877799353,1.73301030831475,13.2544108588939));
#3463=CARTESIAN_POINT('Ctrl Pts',(-11.7639418653549,0.462958649800792,13.3337867335011));
#3464=CARTESIAN_POINT('Ctrl Pts',(-11.3457504548409,-1.23076285467253,13.4131626081083));
#3465=CARTESIAN_POINT('Ctrl Pts',(-9.69601530923149,-1.7981697103625,13.4925384827155));
#3466=CARTESIAN_POINT('Ctrl Pts',(-8.59562636130867,-0.933163492547991,
13.5562215212089));
#3467=CARTESIAN_POINT('Ctrl Pts',(-8.45825424875692,-0.210178123054197,
13.5934459348334));
#3468=CARTESIAN_POINT('Ctrl Pts',(-8.45917218315721,-0.000747687348051466,
13.6042117235887));
#3469=CARTESIAN_POINT('Origin',(-10.0000001490116,0.,8.89578827641126));
#3470=CARTESIAN_POINT('',(-8.4563547884993,0.0013418022338918,12.6042117235887));
#3471=CARTESIAN_POINT('',(-8.45872163790133,-0.00106277030866819,12.6457882764113));
#3472=CARTESIAN_POINT('',(-8.45700014901162,-2.07550268404438E-13,8.89578827641126));
#3473=CARTESIAN_POINT('Ctrl Pts',(-8.45872163790133,-0.00106277030866813,
12.6457882764113));
#3474=CARTESIAN_POINT('Ctrl Pts',(-8.46081705335818,0.329085047282674,12.6627719962371));
#3475=CARTESIAN_POINT('Ctrl Pts',(-8.72666020768437,1.17664307572795,12.706214340932));
#3476=CARTESIAN_POINT('Ctrl Pts',(-10.1219890663496,1.81959880714992,12.776115310496));
#3477=CARTESIAN_POINT('Ctrl Pts',(-11.594814954962,0.884526341979354,12.8554911851031));
#3478=CARTESIAN_POINT('Ctrl Pts',(-11.6081693692615,-0.860007484836513,
12.9348670597103));
#3479=CARTESIAN_POINT('Ctrl Pts',(-10.149831212069,-1.81751802397589,13.0142429343175));
#3480=CARTESIAN_POINT('Ctrl Pts',(-8.73666013514072,-1.19238805612855,13.0845500065511));
#3481=CARTESIAN_POINT('Ctrl Pts',(-8.46087511987705,-0.336801921538503,
13.1283984539157));
#3482=CARTESIAN_POINT('Ctrl Pts',(-8.45854797012727,0.00114440509498439,
13.1457882764113));
#3483=CARTESIAN_POINT('Ctrl Pts',(-8.4563547884993,0.00134180223389159,
12.6042117235887));
#3484=CARTESIAN_POINT('Ctrl Pts',(-8.4554588089412,0.0993987945249192,12.609275769738));
#3485=CARTESIAN_POINT('Ctrl Pts',(-8.50863697570789,0.708815679043802,12.6407984407564));
#3486=CARTESIAN_POINT('Ctrl Pts',(-9.31946277993217,1.69194857468315,12.6987797366438));
#3487=CARTESIAN_POINT('Ctrl Pts',(-11.0522598743633,1.48948667683979,12.7781556112509));
#3488=CARTESIAN_POINT('Ctrl Pts',(-11.8220968514246,-0.0760571964798118,
12.8575314858581));
#3489=CARTESIAN_POINT('Ctrl Pts',(-10.9244686465173,-1.57199843740431,12.9369073604653));
#3490=CARTESIAN_POINT('Ctrl Pts',(-9.18082659976647,-1.62934827041313,13.0162832350724));
#3491=CARTESIAN_POINT('Ctrl Pts',(-8.48246823210954,-0.622038198792156,
13.0720513561136));
#3492=CARTESIAN_POINT('Ctrl Pts',(-8.45479269574328,-0.0560230435193815,
13.1013608522857));
#3493=CARTESIAN_POINT('Ctrl Pts',(-8.45518445717975,-0.000929277281996469,
13.1042117235887));
#3494=CARTESIAN_POINT('Origin',(-10.0000001490116,0.,8.89578827641126));
#3495=CARTESIAN_POINT('',(-8.45952517085139,7.99099655289515E-5,12.1042117235887));
#3496=CARTESIAN_POINT('',(-8.45470480876853,-0.000545079475496614,12.1457882764113));
#3497=CARTESIAN_POINT('',(-8.45700014901162,-2.07550268404438E-13,8.89578827641126));
#3498=CARTESIAN_POINT('Ctrl Pts',(-8.45470480876853,-0.000545079475496629,
12.1457882764113));
#3499=CARTESIAN_POINT('Ctrl Pts',(-8.456899630272,0.480232387031423,12.1706869136894));
#3500=CARTESIAN_POINT('Ctrl Pts',(-8.95641787077109,1.47584443158016,12.2220441758367));
#3501=CARTESIAN_POINT('Ctrl Pts',(-10.6515194062442,1.70333313606584,12.2998600628529));
#3502=CARTESIAN_POINT('Ctrl Pts',(-11.7843745830168,0.376601904135211,12.3792359374601));
#3503=CARTESIAN_POINT('Ctrl Pts',(-11.2842855607478,-1.29477105934979,12.4586118120673));
#3504=CARTESIAN_POINT('Ctrl Pts',(-9.60890150339853,-1.78125320051312,12.5379876866744));
#3505=CARTESIAN_POINT('Ctrl Pts',(-8.57332038732583,-0.882339965088206,
12.6003798414558));
#3506=CARTESIAN_POINT('Ctrl Pts',(-8.45755264414241,-0.185246167937808,
12.6363133713681));
#3507=CARTESIAN_POINT('Ctrl Pts',(-8.45872163790133,-0.00106277030866813,
12.6457882764113));
#3508=CARTESIAN_POINT('Ctrl Pts',(-8.45952517085139,7.990996552883E-5,12.1042117235887));
#3509=CARTESIAN_POINT('Ctrl Pts',(-8.45940843817594,0.252708521905196,12.1171906871903));
#3510=CARTESIAN_POINT('Ctrl Pts',(-8.6376656130828,1.02018500697259,12.156628275661));
#3511=CARTESIAN_POINT('Ctrl Pts',(-9.8469285578626,1.81724796829342,12.2225244890008));
#3512=CARTESIAN_POINT('Ctrl Pts',(-11.4436383111557,1.11432937090831,12.3019003636079));
#3513=CARTESIAN_POINT('Ctrl Pts',(-11.7192236874296,-0.608351473231867,
12.3812762382151));
#3514=CARTESIAN_POINT('Ctrl Pts',(-10.4214867551335,-1.774308352844,12.4606521128223));
#3515=CARTESIAN_POINT('Ctrl Pts',(-8.84543403681958,-1.34573816038134,12.5349639412801));
#3516=CARTESIAN_POINT('Ctrl Pts',(-8.46014012232567,-0.41292931196,12.582817144869));
#3517=CARTESIAN_POINT('Ctrl Pts',(-8.4563547884993,0.00134180223389159,
12.6042117235887));
#3518=CARTESIAN_POINT('Origin',(-10.0000001490116,0.,8.89578827641126));
#3519=CARTESIAN_POINT('',(-8.45664801059488,-0.00138398696463662,11.6042117235887));
#3520=CARTESIAN_POINT('',(-8.45711258427364,0.00141027936634669,11.6457882764113));
#3521=CARTESIAN_POINT('',(-8.45700014901162,-2.07550268404438E-13,8.89578827641126));
#3522=CARTESIAN_POINT('Ctrl Pts',(-8.45711258427364,0.00141027936634675,
11.6457882764113));
#3523=CARTESIAN_POINT('Ctrl Pts',(-8.4559876738079,0.124618255038934,11.6521432062727));
#3524=CARTESIAN_POINT('Ctrl Pts',(-8.52578817593242,0.759541106259521,11.6849567610032));
#3525=CARTESIAN_POINT('Ctrl Pts',(-9.40257494388879,1.72305085138154,11.7442289406028));
#3526=CARTESIAN_POINT('Ctrl Pts',(-11.1234716052334,1.43653506858648,11.8236048152099));
#3527=CARTESIAN_POINT('Ctrl Pts',(-11.8162397738017,-0.16460480036587,11.9029806898171));
#3528=CARTESIAN_POINT('Ctrl Pts',(-10.8469027794789,-1.61510898984333,11.9823565644243));
#3529=CARTESIAN_POINT('Ctrl Pts',(-9.10253521350991,-1.5875697794683,12.0617324390314));
#3530=CARTESIAN_POINT('Ctrl Pts',(-8.46901695422772,-0.571555272623807,
12.1162096763604));
#3531=CARTESIAN_POINT('Ctrl Pts',(-8.45456729544717,-0.030667486310538,
12.1442282888204));
#3532=CARTESIAN_POINT('Ctrl Pts',(-8.45470480876853,-0.000545079475496629,
12.1457882764113));
#3533=CARTESIAN_POINT('Ctrl Pts',(-8.45664801059488,-0.0013839869646365,
11.6042117235887));
#3534=CARTESIAN_POINT('Ctrl Pts',(-8.46038371613117,0.403389744993431,11.6251056046427));
#3535=CARTESIAN_POINT('Ctrl Pts',(-8.83080198621445,1.32679382571749,11.6724581105657));
#3536=CARTESIAN_POINT('Ctrl Pts',(-10.3879220659133,1.78194772213799,11.7462692413577));
#3537=CARTESIAN_POINT('Ctrl Pts',(-11.7074349456889,0.640692989047275,11.8256451159649));
#3538=CARTESIAN_POINT('Ctrl Pts',(-11.4644138088245,-1.08688256967471,11.9050209905721));
#3539=CARTESIAN_POINT('Ctrl Pts',(-9.88125590326411,-1.81981342325891,11.9843968651792));
#3540=CARTESIAN_POINT('Ctrl Pts',(-8.64786303856497,-1.03983517362953,12.0507937761848));
#3541=CARTESIAN_POINT('Ctrl Pts',(-8.4596464067969,-0.262294515291905,12.0907320623213));
#3542=CARTESIAN_POINT('Ctrl Pts',(-8.45952517085139,7.990996552883E-5,12.1042117235887));
#3543=CARTESIAN_POINT('Origin',(-10.0000001490116,0.,8.89578827641126));
#3544=CARTESIAN_POINT('',(-8.45497387996427,0.000790595818837975,11.1042117235887));
#3545=CARTESIAN_POINT('',(-8.45946425453879,-0.000329366650587863,11.1457882764113));
#3546=CARTESIAN_POINT('',(-8.45700014901162,-2.07550268404438E-13,8.89578827641126));
#3547=CARTESIAN_POINT('Ctrl Pts',(-8.45946425453879,-0.00032936665058771,
11.1457882764113));
#3548=CARTESIAN_POINT('Ctrl Pts',(-8.45999436938093,0.277398227915271,11.160058123725));
#3549=CARTESIAN_POINT('Ctrl Pts',(-8.66448582424761,1.07080600944031,11.2007865959079));
#3550=CARTESIAN_POINT('Ctrl Pts',(-9.93551155623065,1.82254278176576,11.2679736929597));
#3551=CARTESIAN_POINT('Ctrl Pts',(-11.496136797173,1.04278295539496,11.3473495675669));
#3552=CARTESIAN_POINT('Ctrl Pts',(-11.6875944342998,-0.691264534154177,
11.4267254421741));
#3553=CARTESIAN_POINT('Ctrl Pts',(-10.3346748140296,-1.7927113440948,11.5061013167813));
#3554=CARTESIAN_POINT('Ctrl Pts',(-8.8083195279254,-1.29674772400847,11.579122261527));
#3555=CARTESIAN_POINT('Ctrl Pts',(-8.46067121629746,-0.388355716393566,
11.6256845814037));
#3556=CARTESIAN_POINT('Ctrl Pts',(-8.45711258427364,0.00141027936634675,
11.6457882764113));
#3557=CARTESIAN_POINT('Ctrl Pts',(-8.45497387996428,0.000790595818838001,
11.1042117235887));
#3558=CARTESIAN_POINT('Ctrl Pts',(-8.45469009400391,0.0461919766907955,
11.106561897226));
#3559=CARTESIAN_POINT('Ctrl Pts',(-8.47709580486049,0.602445187094484,11.1353706957322));
#3560=CARTESIAN_POINT('Ctrl Pts',(-9.15021915456358,1.61359608895927,11.1906381191075));
#3561=CARTESIAN_POINT('Ctrl Pts',(-10.8946328270822,1.58916761985579,11.2700139937147));
#3562=CARTESIAN_POINT('Ctrl Pts',(-11.8203367361147,0.110435176987733,11.3493898683219));
#3563=CARTESIAN_POINT('Ctrl Pts',(-11.0801860687746,-1.46936017498242,11.4287657429291));
#3564=CARTESIAN_POINT('Ctrl Pts',(-9.35151910752928,-1.70449214607551,11.5081416175362));
#3565=CARTESIAN_POINT('Ctrl Pts',(-8.51512047535168,-0.728482316557798,
11.5666236110894));
#3566=CARTESIAN_POINT('Ctrl Pts',(-8.45565306646629,-0.109188856515601,
11.5986469797736));
#3567=CARTESIAN_POINT('Ctrl Pts',(-8.45664801059488,-0.0013839869646365,
11.6042117235887));
#3568=CARTESIAN_POINT('Origin',(-10.0000001490116,0.,8.89578827641126));
#3569=CARTESIAN_POINT('',(-8.45901980649322,0.000874163023824592,10.6042117235887));
#3570=CARTESIAN_POINT('',(-8.45590497016434,-0.00123775842638885,10.6457882764113));
#3571=CARTESIAN_POINT('',(-8.45700014901162,-2.07550268404438E-13,8.89578827641126));
#3572=CARTESIAN_POINT('Ctrl Pts',(-8.45590497016434,-0.00123775842638885,
10.6457882764113));
#3573=CARTESIAN_POINT('Ctrl Pts',(-8.45965207897402,0.428010439572248,10.6679730411774));
#3574=CARTESIAN_POINT('Ctrl Pts',(-8.86914208846005,1.37547717081779,10.7166164308125));
#3575=CARTESIAN_POINT('Ctrl Pts',(-10.474147253604,1.76096527956972,10.7917184453167));
#3576=CARTESIAN_POINT('Ctrl Pts',(-11.7365806781322,0.556875669794861,10.8710943199239));
#3577=CARTESIAN_POINT('Ctrl Pts',(-11.4098075926898,-1.15683414028718,10.9504701945311));
#3578=CARTESIAN_POINT('Ctrl Pts',(-9.79286992537856,-1.81188221812175,11.0298460691382));
#3579=CARTESIAN_POINT('Ctrl Pts',(-8.62209352261967,-0.989140990201188,
11.0949520964316));
#3580=CARTESIAN_POINT('Ctrl Pts',(-8.45901144998191,-0.237554040236539,
11.133599498856));
#3581=CARTESIAN_POINT('Ctrl Pts',(-8.45946425453879,-0.00032936665058771,
11.1457882764113));
#3582=CARTESIAN_POINT('Ctrl Pts',(-8.45901980649322,0.000874163023824748,
10.6042117235887));
#3583=CARTESIAN_POINT('Ctrl Pts',(-8.45798224429107,0.20051812110392,10.6144768146783));
#3584=CARTESIAN_POINT('Ctrl Pts',(-8.58677588761007,0.913468375428206,10.6512005306369));
#3585=CARTESIAN_POINT('Ctrl Pts',(-9.66213644334729,1.79210016172797,10.7143828714645));
#3586=CARTESIAN_POINT('Ctrl Pts',(-11.3222767493716,1.25595034807637,10.7937587460717));
#3587=CARTESIAN_POINT('Ctrl Pts',(-11.7723677605218,-0.429585416272679,
10.8731346206788));
#3588=CARTESIAN_POINT('Ctrl Pts',(-10.60049572831,-1.72198119207248,10.9525104952861));
#3589=CARTESIAN_POINT('Ctrl Pts',(-8.93006003688603,-1.44692914526801,11.029536196256));
#3590=CARTESIAN_POINT('Ctrl Pts',(-8.45788500103101,-0.464943918124154,
11.0801032723569));
#3591=CARTESIAN_POINT('Ctrl Pts',(-8.45497387996428,0.000790595818838001,
11.1042117235887));
#3592=CARTESIAN_POINT('Origin',(-10.0000001490116,0.,8.89578827641126));
#3593=CARTESIAN_POINT('',(-8.45854072791581,-0.00190157964992173,10.1042117235887));
#3594=CARTESIAN_POINT('',(-8.45556384322566,0.00107276054464607,10.1457882764113));
#3595=CARTESIAN_POINT('',(-8.45700014901162,-2.07550268404438E-13,8.89578827641126));
#3596=CARTESIAN_POINT('',(-9.6014863071543,-1.49064942821849,10.));
#3597=CARTESIAN_POINT('Ctrl Pts',(-9.6014863071543,-1.49064942821849,10.));
#3598=CARTESIAN_POINT('Ctrl Pts',(-9.10586193927357,-1.3581480048635,10.0264586248691));
#3599=CARTESIAN_POINT('Ctrl Pts',(-8.55435887307514,-0.835677166010713,
10.0611958660653));
#3600=CARTESIAN_POINT('Ctrl Pts',(-8.4573199407703,-0.162732217042848,10.0959331072615));
#3601=CARTESIAN_POINT('Ctrl Pts',(-8.45854072791581,-0.00190157964992159,
10.1042117235887));
#3602=CARTESIAN_POINT('',(-10.399374876223,-1.49331278181735,10.));
#3603=CARTESIAN_POINT('Origin',(-10.0000001490116,0.,10.));
#3604=CARTESIAN_POINT('Ctrl Pts',(-10.399375444054,-1.49331453853759,10.));
#3605=CARTESIAN_POINT('Ctrl Pts',(-9.91834737163418,-1.62104544238942,10.0257785246174));
#3606=CARTESIAN_POINT('Ctrl Pts',(-8.88278133575072,-1.38533465047752,10.0743746167545));
#3607=CARTESIAN_POINT('Ctrl Pts',(-8.45916932252414,-0.440050689235992,
10.1229707088916));
#3608=CARTESIAN_POINT('Ctrl Pts',(-8.45556384322566,0.00107276054464609,
10.1457882764113));
#3609=CARTESIAN_POINT('Origin',(-10.0000001490116,0.,2.));
#3610=CARTESIAN_POINT('',(-8.73715527337033,0.000716383113289934,10.4434196736194));
#3611=CARTESIAN_POINT('',(-8.73432308571522,0.000879135261629692,10.3065803263806));
#3612=CARTESIAN_POINT('',(-8.73550014901162,1.54856587752183E-16,2.));
#3613=CARTESIAN_POINT('',(-10.9581163017341,0.825211298936431,10.));
#3614=CARTESIAN_POINT('Ctrl Pts',(-8.73432308571522,0.000879135261629692,
10.3065803263806));
#3615=CARTESIAN_POINT('Ctrl Pts',(-8.73727780287201,-0.360624819532676,
10.2837627588609));
#3616=CARTESIAN_POINT('Ctrl Pts',(-8.9002783915725,-0.724358229730089,10.2609451913412));
#3617=CARTESIAN_POINT('Ctrl Pts',(-9.17384144116069,-0.959892211741125,
10.2381276238215));
#3618=CARTESIAN_POINT('Ctrl Pts',(-9.49105764314378,-1.23301095100057,10.2116689989525));
#3619=CARTESIAN_POINT('Ctrl Pts',(-9.95693706872503,-1.33375165069206,10.1852103740834));
#3620=CARTESIAN_POINT('Ctrl Pts',(-10.3583710286621,-1.21506419939665,10.1587517492144));
#3621=CARTESIAN_POINT('Ctrl Pts',(-10.7598049885992,-1.09637674810123,10.1322931243453));
#3622=CARTESIAN_POINT('Ctrl Pts',(-11.0967934828922,-0.758261145818917,
10.1058344994762));
#3623=CARTESIAN_POINT('Ctrl Pts',(-11.2149647075609,-0.357504877141005,
10.0793758746072));
#3624=CARTESIAN_POINT('Ctrl Pts',(-11.3331359322296,0.0432513915369073,
10.0529172497381));
#3625=CARTESIAN_POINT('Ctrl Pts',(-11.232489887274,0.506648326610414,10.0264586248691));
#3626=CARTESIAN_POINT('Ctrl Pts',(-10.9581163017341,0.825211298936436,10.));
#3627=CARTESIAN_POINT('',(-8.73550014901162,1.54856587752183E-16,10.));
#3628=CARTESIAN_POINT('Origin',(-10.0000001490116,0.,10.));
#3629=CARTESIAN_POINT('',(-8.73550014901162,0.,2.));
#3630=CARTESIAN_POINT('',(-8.73550014901162,1.54856587752183E-16,2.));
#3631=CARTESIAN_POINT('',(-11.2645,2.86955791073311E-16,2.));
#3632=CARTESIAN_POINT('Origin',(-10.,4.41812378825494E-16,2.));
#3633=CARTESIAN_POINT('Origin',(-10.,4.41812378825494E-16,2.));
#3634=CARTESIAN_POINT('',(-9.04007134699505,0.826616988528681,10.));
#3635=CARTESIAN_POINT('Origin',(-10.0000001490116,0.,10.));
#3636=CARTESIAN_POINT('Ctrl Pts',(-9.04007015168752,0.826617915476521,10.));
#3637=CARTESIAN_POINT('Ctrl Pts',(-9.30676429177191,1.13521123477297,10.0257785246174));
#3638=CARTESIAN_POINT('Ctrl Pts',(-9.73641767051823,1.30421082568849,10.0515570492348));
#3639=CARTESIAN_POINT('Ctrl Pts',(-10.1416826637551,1.25851392404726,10.0773355738522));
#3640=CARTESIAN_POINT('Ctrl Pts',(-10.5576395343581,1.21161142686604,10.1037941987213));
#3641=CARTESIAN_POINT('Ctrl Pts',(-10.9479041943397,0.938534568765166,10.1302528235903));
#3642=CARTESIAN_POINT('Ctrl Pts',(-11.1341531289239,0.563818445324329,10.1567114484594));
#3643=CARTESIAN_POINT('Ctrl Pts',(-11.3204020635081,0.189102321883491,10.1831700733284));
#3644=CARTESIAN_POINT('Ctrl Pts',(-11.302635272695,-0.287253066897314,10.2096286981975));
#3645=CARTESIAN_POINT('Ctrl Pts',(-11.0888525249876,-0.647066795801517,
10.2360873230665));
#3646=CARTESIAN_POINT('Ctrl Pts',(-10.8750697772803,-1.00688052470572,10.2625459479356));
#3647=CARTESIAN_POINT('Ctrl Pts',(-10.4652710726786,-1.25015259373332,10.2890045728047));
#3648=CARTESIAN_POINT('Ctrl Pts',(-10.0470349154703,-1.26568249649766,10.3154631976737));
#3649=CARTESIAN_POINT('Ctrl Pts',(-9.62879875826203,-1.281212399262,10.3419218225428));
#3650=CARTESIAN_POINT('Ctrl Pts',(-9.20212514844717,-1.06900013576308,10.3683804474118));
#3651=CARTESIAN_POINT('Ctrl Pts',(-8.96221063009824,-0.726088079691059,
10.3948390722809));
#3652=CARTESIAN_POINT('Ctrl Pts',(-8.81537518886474,-0.51621481564627,10.4110326060604));
#3653=CARTESIAN_POINT('Ctrl Pts',(-8.73849663498425,-0.257383556601989,
10.4272261398399));
#3654=CARTESIAN_POINT('Ctrl Pts',(-8.73715527337033,0.000716383113289934,
10.4434196736194));
#3655=CARTESIAN_POINT('Origin',(-10.0000001490116,0.,2.));
#3656=CARTESIAN_POINT('',(-8.73383960642551,0.00064789916592174,10.9434196736194));
#3657=CARTESIAN_POINT('',(-8.73460264178389,-0.00101435225546488,10.8065803263806));
#3658=CARTESIAN_POINT('',(-8.73550014901162,1.54856587752183E-16,2.));
#3659=CARTESIAN_POINT('Ctrl Pts',(-8.73460264178389,-0.00101435225546488,
10.8065803263806));
#3660=CARTESIAN_POINT('Ctrl Pts',(-8.73401106014498,-0.068782694561065,
10.8023064662776));
#3661=CARTESIAN_POINT('Ctrl Pts',(-8.738985639776,-0.136463976282076,10.7980326061747));
#3662=CARTESIAN_POINT('Ctrl Pts',(-8.74983080352024,-0.20319100385489,10.7937587460717));
#3663=CARTESIAN_POINT('Ctrl Pts',(-8.81697107302824,-0.616284869503995,
10.7673001212026));
#3664=CARTESIAN_POINT('Ctrl Pts',(-9.10910757622805,-0.992805953775951,
10.7408414963336));
#3665=CARTESIAN_POINT('Ctrl Pts',(-9.49256751880113,-1.16048024759967,10.7143828714645));
#3666=CARTESIAN_POINT('Ctrl Pts',(-9.87602746137422,-1.3281545414234,10.6879242465955));
#3667=CARTESIAN_POINT('Ctrl Pts',(-10.3508108433206,-1.28698204479889,10.6614656217264));
#3668=CARTESIAN_POINT('Ctrl Pts',(-10.6996732101689,-1.05578309755653,10.6350069968574));
#3669=CARTESIAN_POINT('Ctrl Pts',(-11.0485355770173,-0.824584150314171,
10.6085483719883));
#3670=CARTESIAN_POINT('Ctrl Pts',(-11.2714769287677,-0.403358752453965,
10.5820897471192));
#3671=CARTESIAN_POINT('Ctrl Pts',(-11.2664844340112,0.0151179269611385,
10.5556311222502));
#3672=CARTESIAN_POINT('Ctrl Pts',(-11.2614919392546,0.433594606376242,10.5291724973811));
#3673=CARTESIAN_POINT('Ctrl Pts',(-11.0285655979911,0.849322567346245,10.5027138725121));
#3674=CARTESIAN_POINT('Ctrl Pts',(-10.6742889360738,1.07214695827619,10.476255247643));
#3675=CARTESIAN_POINT('Ctrl Pts',(-10.3200122741564,1.29497134920613,10.449796622774));
#3676=CARTESIAN_POINT('Ctrl Pts',(-9.84438529158519,1.32489217009601,10.4233379979049));
#3677=CARTESIAN_POINT('Ctrl Pts',(-9.46503196253188,1.14808709623882,10.3968793730358));
#3678=CARTESIAN_POINT('Ctrl Pts',(-9.08567863347857,0.971282022381633,10.3704207481668));
#3679=CARTESIAN_POINT('Ctrl Pts',(-8.80259895794317,0.587751053777374,10.3439621232977));
#3680=CARTESIAN_POINT('Ctrl Pts',(-8.74533560936793,0.173237180061545,10.3175034984287));
#3681=CARTESIAN_POINT('Ctrl Pts',(-8.73745541388494,0.116194578876618,10.3138624410793));
#3682=CARTESIAN_POINT('Ctrl Pts',(-8.73385159397493,0.0585652418237259,
10.31022138373));
#3683=CARTESIAN_POINT('Ctrl Pts',(-8.73432308571522,0.000879135261629692,
10.3065803263806));
#3684=CARTESIAN_POINT('Ctrl Pts',(-8.73715527337033,0.000716383113289934,
10.4434196736194));
#3685=CARTESIAN_POINT('Ctrl Pts',(-8.73630498341271,0.164326094709026,10.453684764709));
#3686=CARTESIAN_POINT('Ctrl Pts',(-8.7658078030456,0.327641940262447,10.4639498557985));
#3687=CARTESIAN_POINT('Ctrl Pts',(-8.82708514911376,0.478007043583957,10.4742149468881));
#3688=CARTESIAN_POINT('Ctrl Pts',(-8.98502961336119,0.865578262141812,10.5006735717571));
#3689=CARTESIAN_POINT('Ctrl Pts',(-9.35407396873905,1.16710885061239,10.5271321966262));
#3690=CARTESIAN_POINT('Ctrl Pts',(-9.76534570540051,1.24464435014445,10.5535908214952));
#3691=CARTESIAN_POINT('Ctrl Pts',(-10.176617442062,1.32217984967652,10.5800494463643));
#3692=CARTESIAN_POINT('Ctrl Pts',(-10.630116560007,1.17572026027007,10.6065080712333));
#3693=CARTESIAN_POINT('Ctrl Pts',(-10.9183416086749,0.872272278699343,10.6329666961024));
#3694=CARTESIAN_POINT('Ctrl Pts',(-11.2065666573428,0.568824297128614,10.6594253209714));
#3695=CARTESIAN_POINT('Ctrl Pts',(-11.3295176367335,0.108387923393599,10.6858839458405));
#3696=CARTESIAN_POINT('Ctrl Pts',(-11.2309334823662,-0.298351591892448,
10.7123425707096));
#3697=CARTESIAN_POINT('Ctrl Pts',(-11.1323493279989,-0.705091107178495,
10.7388011955786));
#3698=CARTESIAN_POINT('Ctrl Pts',(-10.8122300398736,-1.05813376401558,10.7652598204477));
#3699=CARTESIAN_POINT('Ctrl Pts',(-10.4170532600975,-1.19594097147226,10.7917184453167));
#3700=CARTESIAN_POINT('Ctrl Pts',(-10.0218764803214,-1.33374817892894,10.8181770701858));
#3701=CARTESIAN_POINT('Ctrl Pts',(-9.55164220889451,-1.25631993700522,10.8446356950548));
#3702=CARTESIAN_POINT('Ctrl Pts',(-9.22151372693663,-0.999083691130341,
10.8710943199239));
#3703=CARTESIAN_POINT('Ctrl Pts',(-8.92070873624219,-0.764696321437907,
10.8952027711557));
#3704=CARTESIAN_POINT('Ctrl Pts',(-8.73622529183631,-0.381025006136052,
10.9193112223876));
#3705=CARTESIAN_POINT('Ctrl Pts',(-8.73383960642551,0.00064789916592174,
10.9434196736194));
#3706=CARTESIAN_POINT('Origin',(-10.0000001490116,0.,2.));
#3707=CARTESIAN_POINT('',(-8.73521156895461,-0.0011341876322854,11.4434196736194));
#3708=CARTESIAN_POINT('',(-8.73751950185615,-0.000269918424939744,11.3065803263806));
#3709=CARTESIAN_POINT('',(-8.73550014901162,1.54856587752183E-16,2.));
#3710=CARTESIAN_POINT('Ctrl Pts',(-8.73751950185615,-0.000269918424939744,
11.3065803263806));
#3711=CARTESIAN_POINT('Ctrl Pts',(-8.73714842514703,-0.194677306467344,
11.2943915488253));
#3712=CARTESIAN_POINT('Ctrl Pts',(-8.77929856033305,-0.388932205443396,
11.28220277127));
#3713=CARTESIAN_POINT('Ctrl Pts',(-8.86480596182466,-0.56173244682596,11.2700139937147));
#3714=CARTESIAN_POINT('Ctrl Pts',(-9.05042000304671,-0.936836245651051,
11.2435553688456));
#3715=CARTESIAN_POINT('Ctrl Pts',(-9.44033769502333,-1.21084361369233,11.2170967439766));
#3716=CARTESIAN_POINT('Ctrl Pts',(-9.85614528591497,-1.25837783406835,11.1906381191075));
#3717=CARTESIAN_POINT('Ctrl Pts',(-10.2719528768066,-1.30591205444438,11.1641794942385));
#3718=CARTESIAN_POINT('Ctrl Pts',(-10.7136503666133,-1.12697312715515,11.1377208693694));
#3719=CARTESIAN_POINT('Ctrl Pts',(-10.9791312746773,-0.803437336566413,
11.1112622445004));
#3720=CARTESIAN_POINT('Ctrl Pts',(-11.2446121827414,-0.479901545977673,
11.0848036196313));
#3721=CARTESIAN_POINT('Ctrl Pts',(-11.3338765090628,-0.0117688920894214,
11.0583449947623));
#3722=CARTESIAN_POINT('Ctrl Pts',(-11.2060797388345,0.386757503072496,11.0318863698932));
#3723=CARTESIAN_POINT('Ctrl Pts',(-11.0782829686062,0.785283898234415,11.0054277450241));
#3724=CARTESIAN_POINT('Ctrl Pts',(-10.733425101828,1.11420403467,10.9789691201551));
#3725=CARTESIAN_POINT('Ctrl Pts',(-10.3293020396606,1.22301610034464,10.952510495286));
#3726=CARTESIAN_POINT('Ctrl Pts',(-9.92517897749322,1.33182816601929,10.926051870417));
#3727=CARTESIAN_POINT('Ctrl Pts',(-9.46179071993655,1.22053216093301,10.8995932455479));
#3728=CARTESIAN_POINT('Ctrl Pts',(-9.1511686090663,0.94005083487674,10.8731346206789));
#3729=CARTESIAN_POINT('Ctrl Pts',(-8.89072126930817,0.704875640752513,10.8509498559128));
#3730=CARTESIAN_POINT('Ctrl Pts',(-8.73767342538068,0.350757745197082,10.8287650911467));
#3731=CARTESIAN_POINT('Ctrl Pts',(-8.73460264178389,-0.00101435225546488,
10.8065803263806));
#3732=CARTESIAN_POINT('Ctrl Pts',(-8.73383960642551,0.00064789916592174,
10.9434196736194));
#3733=CARTESIAN_POINT('Ctrl Pts',(-8.73360704171593,0.0378546691675795,
10.9457698472566));
#3734=CARTESIAN_POINT('Ctrl Pts',(-8.73510495419544,0.0750424482550255,
10.9481200208938));
#3735=CARTESIAN_POINT('Ctrl Pts',(-8.73839427801729,0.112071090593461,10.9504701945311));
#3736=CARTESIAN_POINT('Ctrl Pts',(-8.77542600354471,0.528945376616336,10.9769288194001));
#3737=CARTESIAN_POINT('Ctrl Pts',(-9.03951214708842,0.925649698836035,11.0033874442692));
#3738=CARTESIAN_POINT('Ctrl Pts',(-9.40981521982159,1.12066530786321,11.0298460691382));
#3739=CARTESIAN_POINT('Ctrl Pts',(-9.78011829255476,1.31568091689039,11.0563046940073));
#3740=CARTESIAN_POINT('Ctrl Pts',(-10.2566382944774,1.30900781272506,11.0827633188763));
#3741=CARTESIAN_POINT('Ctrl Pts',(-10.6213351708947,1.10369921765182,11.1092219437454));
#3742=CARTESIAN_POINT('Ctrl Pts',(-10.986032047312,0.898390622578589,11.1356805686144));
#3743=CARTESIAN_POINT('Ctrl Pts',(-11.238905798224,0.494446536597455,11.1621391934835));
#3744=CARTESIAN_POINT('Ctrl Pts',(-11.2642495089736,0.0766988160775906,
11.1885978183526));
#3745=CARTESIAN_POINT('Ctrl Pts',(-11.2895932197232,-0.341048904442274,
11.2150564432216));
#3746=CARTESIAN_POINT('Ctrl Pts',(-11.0874068903105,-0.772600259500872,
11.2415150680907));
#3747=CARTESIAN_POINT('Ctrl Pts',(-10.7502044825176,-1.02049133748893,11.2679736929597));
#3748=CARTESIAN_POINT('Ctrl Pts',(-10.4130020747248,-1.26838241547699,11.2944323178288));
#3749=CARTESIAN_POINT('Ctrl Pts',(-9.9407835885518,-1.33261321639452,11.3208909426979));
#3750=CARTESIAN_POINT('Ctrl Pts',(-9.54962093391938,-1.18379377556226,11.3473495675669));
#3751=CARTESIAN_POINT('Ctrl Pts',(-9.15845827928696,-1.03497433473,11.373808192436));
#3752=CARTESIAN_POINT('Ctrl Pts',(-8.84835145619509,-0.673104652147949,
11.400266817305));
#3753=CARTESIAN_POINT('Ctrl Pts',(-8.76119533724875,-0.263764618038746,
11.4267254421741));
#3754=CARTESIAN_POINT('Ctrl Pts',(-8.74286477486101,-0.177672750666147,
11.4322901859892));
#3755=CARTESIAN_POINT('Ctrl Pts',(-8.73439620482589,-0.0894810817004964,
11.4378549298043));
#3756=CARTESIAN_POINT('Ctrl Pts',(-8.73521156895461,-0.0011341876322854,
11.4434196736194));
#3757=CARTESIAN_POINT('Origin',(-10.0000001490116,0.,2.));
#3758=CARTESIAN_POINT('',(-8.73756942322834,6.54868124023679E-5,11.9434196736194));
#3759=CARTESIAN_POINT('',(-8.73559229054682,0.0011557344515524,11.8065803263806));
#3760=CARTESIAN_POINT('',(-8.73550014901162,1.54856587752183E-16,2.));
#3761=CARTESIAN_POINT('Ctrl Pts',(-8.73559229054682,0.0011557344515524,
11.8065803263806));
#3762=CARTESIAN_POINT('Ctrl Pts',(-8.73850861601288,-0.318260404004966,
11.786476631373));
#3763=CARTESIAN_POINT('Ctrl Pts',(-8.86151688558855,-0.639676401769553,
11.7663729363653));
#3764=CARTESIAN_POINT('Ctrl Pts',(-9.08010404352727,-0.870632127670451,
11.7462692413577));
#3765=CARTESIAN_POINT('Ctrl Pts',(-9.36778825336543,-1.17459470323961,11.7198106164887));
#3766=CARTESIAN_POINT('Ctrl Pts',(-9.82102839234705,-1.32186750541367,11.6933519916196));
#3767=CARTESIAN_POINT('Ctrl Pts',(-10.2324364138612,-1.24506326152663,11.6668933667506));
#3768=CARTESIAN_POINT('Ctrl Pts',(-10.6438444353753,-1.1682590176396,11.6404347418815));
#3769=CARTESIAN_POINT('Ctrl Pts',(-11.0134203394219,-0.867377727691465,
11.6139761170124));
#3770=CARTESIAN_POINT('Ctrl Pts',(-11.1720581313515,-0.480092942456553,
11.5875174921434));
#3771=CARTESIAN_POINT('Ctrl Pts',(-11.3306959232812,-0.0928081572216422,
11.5610588672743));
#3772=CARTESIAN_POINT('Ctrl Pts',(-11.2783956030939,0.380880123300045,11.5346002424053));
#3773=CARTESIAN_POINT('Ctrl Pts',(-11.0390881069481,0.724227428439466,11.5081416175362));
#3774=CARTESIAN_POINT('Ctrl Pts',(-10.7997806108022,1.06757473357889,11.4816829926672));
#3775=CARTESIAN_POINT('Ctrl Pts',(-10.3734659386977,1.28058106333604,11.4552243677981));
#3776=CARTESIAN_POINT('Ctrl Pts',(-9.95521191482455,1.26578163123525,11.428765742929));
#3777=CARTESIAN_POINT('Ctrl Pts',(-9.53695789095138,1.25098219913445,11.40230711806));
#3778=CARTESIAN_POINT('Ctrl Pts',(-9.12676451530949,1.00837700517569,11.3758484931909));
#3779=CARTESIAN_POINT('Ctrl Pts',(-8.91232302272229,0.648974293391866,11.3493898683219));
#3780=CARTESIAN_POINT('Ctrl Pts',(-8.79666896390029,0.45513875406622,11.3351200210081));
#3781=CARTESIAN_POINT('Ctrl Pts',(-8.73795393492023,0.227329915229326,11.3208501736943));
#3782=CARTESIAN_POINT('Ctrl Pts',(-8.73751950185615,-0.000269918424939744,
11.3065803263806));
#3783=CARTESIAN_POINT('Ctrl Pts',(-8.73521156895461,-0.0011341876322854,
11.4434196736194));
#3784=CARTESIAN_POINT('Ctrl Pts',(-8.73827300748389,0.330580902491449,11.4643135546734));
#3785=CARTESIAN_POINT('Ctrl Pts',(-8.87221645032637,0.664484307631671,11.4852074357273));
#3786=CARTESIAN_POINT('Ctrl Pts',(-9.10644387316771,0.897644869829917,11.5061013167812));
#3787=CARTESIAN_POINT('Ctrl Pts',(-9.40305394283381,1.19290393795302,11.5325599416503));
#3788=CARTESIAN_POINT('Ctrl Pts',(-9.86047949696683,1.32661168856286,11.5590185665194));
#3789=CARTESIAN_POINT('Ctrl Pts',(-10.2694173805873,1.23758777060863,11.5854771913884));
#3790=CARTESIAN_POINT('Ctrl Pts',(-10.6783552642077,1.14856385265441,11.6119358162575));
#3791=CARTESIAN_POINT('Ctrl Pts',(-11.0388054773156,0.836808266136108,11.6383944411265));
#3792=CARTESIAN_POINT('Ctrl Pts',(-11.1858376450528,0.444970298540822,11.6648530659956));
#3793=CARTESIAN_POINT('Ctrl Pts',(-11.33286981279,0.0531323309455366,11.6913116908646));
#3794=CARTESIAN_POINT('Ctrl Pts',(-11.2664839351566,-0.418788017726736,
11.7177703157337));
#3795=CARTESIAN_POINT('Ctrl Pts',(-11.0170560458559,-0.754855241572184,
11.7442289406028));
#3796=CARTESIAN_POINT('Ctrl Pts',(-10.7676281565551,-1.09092246541763,11.7706875654718));
#3797=CARTESIAN_POINT('Ctrl Pts',(-10.3351582555871,-1.29113656443626,11.7971461903409));
#3798=CARTESIAN_POINT('Ctrl Pts',(-9.91753059904777,-1.2638860340106,11.8236048152099));
#3799=CARTESIAN_POINT('Ctrl Pts',(-9.49990294250844,-1.23663550358494,11.850063440079));
#3800=CARTESIAN_POINT('Ctrl Pts',(-9.0971175303978,-0.981920343714991,11.876522064948));
#3801=CARTESIAN_POINT('Ctrl Pts',(-8.89347595609501,-0.616289983644769,
11.9029806898171));
#3802=CARTESIAN_POINT('Ctrl Pts',(-8.78972833296057,-0.430015246116588,
11.9164603510845));
#3803=CARTESIAN_POINT('Ctrl Pts',(-8.73766877698924,-0.214952310166255,
11.929940012352));
#3804=CARTESIAN_POINT('Ctrl Pts',(-8.73756942322834,6.54868124023679E-5,
11.9434196736194));
#3805=CARTESIAN_POINT('Origin',(-10.0000001490116,0.,2.));
#3806=CARTESIAN_POINT('',(-8.73497127126189,0.00109961693126092,12.4434196736194));
#3807=CARTESIAN_POINT('',(-8.73361910057521,-0.000446696692690141,12.3065803263806));
#3808=CARTESIAN_POINT('',(-8.73550014901162,1.54856587752183E-16,2.));
#3809=CARTESIAN_POINT('Ctrl Pts',(-8.73361910057521,-0.000446696692690141,
12.3065803263806));
#3810=CARTESIAN_POINT('Ctrl Pts',(-8.73350640738346,-0.0251322335967026,
12.3050203387897));
#3811=CARTESIAN_POINT('Ctrl Pts',(-8.73416571033298,-0.0498116338713041,
12.3034603511988));
#3812=CARTESIAN_POINT('Ctrl Pts',(-8.73561604288461,-0.0744444598722284,
12.3019003636079));
#3813=CARTESIAN_POINT('Ctrl Pts',(-8.76021483145389,-0.492236695162434,
12.2754417387389));
#3814=CARTESIAN_POINT('Ctrl Pts',(-9.01236788850174,-0.896630980807939,
12.2489831138698));
#3815=CARTESIAN_POINT('Ctrl Pts',(-9.37669812054347,-1.10258955498943,12.2225244890008));
#3816=CARTESIAN_POINT('Ctrl Pts',(-9.74102835258519,-1.30854812917093,12.1960658641317));
#3817=CARTESIAN_POINT('Ctrl Pts',(-10.2175357596208,-1.31607099188841,12.1696072392626));
#3818=CARTESIAN_POINT('Ctrl Pts',(-10.5881859450268,-1.12171592426311,12.1431486143936));
#3819=CARTESIAN_POINT('Ctrl Pts',(-10.9588361304328,-0.927360856637812,
12.1166899895245));
#3820=CARTESIAN_POINT('Ctrl Pts',(-11.2236290942093,-0.53112785866973,12.0902313646555));
#3821=CARTESIAN_POINT('Ctrl Pts',(-11.2614041298721,-0.114320350365075,
12.0637727397864));
#3822=CARTESIAN_POINT('Ctrl Pts',(-11.299179165535,0.302487157939579,12.0373141149173));
#3823=CARTESIAN_POINT('Ctrl Pts',(-11.1099362730842,0.739869176580806,12.0108554900483));
#3824=CARTESIAN_POINT('Ctrl Pts',(-10.7802668868857,0.997693822469184,11.9843968651792));
#3825=CARTESIAN_POINT('Ctrl Pts',(-10.4505975006873,1.25551846835756,11.9579382403102));
#3826=CARTESIAN_POINT('Ctrl Pts',(-9.98050162074131,1.33378574149309,11.9314796154411));
#3827=CARTESIAN_POINT('Ctrl Pts',(-9.58507993601904,1.19668306659395,11.9050209905721));
#3828=CARTESIAN_POINT('Ctrl Pts',(-9.18965825129678,1.05958039169481,11.878562365703));
#3829=CARTESIAN_POINT('Ctrl Pts',(-8.86891076179826,0.707107768761011,11.852103740834));
#3830=CARTESIAN_POINT('Ctrl Pts',(-8.76960115739634,0.30054528281199,11.8256451159649));
#3831=CARTESIAN_POINT('Ctrl Pts',(-8.74574861125441,0.202895609207084,11.8192901861035));
#3832=CARTESIAN_POINT('Ctrl Pts',(-8.73467041803617,0.10212558878596,11.812935256242));
#3833=CARTESIAN_POINT('Ctrl Pts',(-8.73559229054682,0.0011557344515524,
11.8065803263806));
#3834=CARTESIAN_POINT('Ctrl Pts',(-8.73756942322834,6.54868124023679E-5,
11.9434196736194));
#3835=CARTESIAN_POINT('Ctrl Pts',(-8.73747375993081,0.207096517141415,11.956398637221));
#3836=CARTESIAN_POINT('Ctrl Pts',(-8.78554989986852,0.41408569956435,11.9693776008227));
#3837=CARTESIAN_POINT('Ctrl Pts',(-8.88204076545283,0.595294843001846,11.9823565644243));
#3838=CARTESIAN_POINT('Ctrl Pts',(-9.07874488560836,0.964703749307737,12.0088151892933));
#3839=CARTESIAN_POINT('Ctrl Pts',(-9.47665086241434,1.22697600164902,12.0352738141624));
#3840=CARTESIAN_POINT('Ctrl Pts',(-9.89368977467121,1.26210428958316,12.0617324390314));
#3841=CARTESIAN_POINT('Ctrl Pts',(-10.3107286869281,1.29723257751731,12.0881910639005));
#3842=CARTESIAN_POINT('Ctrl Pts',(-10.7469005346358,1.10521690104432,12.1146496887696));
#3843=CARTESIAN_POINT('Ctrl Pts',(-11.0026271701227,0.773917430985049,12.1411083136386));
#3844=CARTESIAN_POINT('Ctrl Pts',(-11.2583538056096,0.442617960925778,12.1675669385077));
#3845=CARTESIAN_POINT('Ctrl Pts',(-11.3336352288756,-0.0279653027197725,
12.1940255633767));
#3846=CARTESIAN_POINT('Ctrl Pts',(-11.1940250924973,-0.42250865999832,12.2204841882458));
#3847=CARTESIAN_POINT('Ctrl Pts',(-11.054414956119,-0.817052017276869,12.2469428131148));
#3848=CARTESIAN_POINT('Ctrl Pts',(-10.6999132600964,-1.13555546818841,12.2734014379839));
#3849=CARTESIAN_POINT('Ctrl Pts',(-10.2927285288896,-1.23228212235072,12.2998600628529));
#3850=CARTESIAN_POINT('Ctrl Pts',(-9.88554379768266,-1.32900877651303,12.326318687722));
#3851=CARTESIAN_POINT('Ctrl Pts',(-9.42567603129141,-1.2039586339261,12.3527773125911));
#3852=CARTESIAN_POINT('Ctrl Pts',(-9.12354586429687,-0.914350600290207,
12.3792359374601));
#3853=CARTESIAN_POINT('Ctrl Pts',(-8.8792418736937,-0.68017207044726,12.4006305161799));
#3854=CARTESIAN_POINT('Ctrl Pts',(-8.73807338054471,-0.338398648718926,
12.4220250948996));
#3855=CARTESIAN_POINT('Ctrl Pts',(-8.73497127126189,0.00109961693126092,
12.4434196736194));
#3856=CARTESIAN_POINT('Origin',(-10.0000001490116,0.,2.));
#3857=CARTESIAN_POINT('',(-8.73401217602303,-0.000761549658467558,12.9434196736194));
#3858=CARTESIAN_POINT('',(-8.73691092198702,-0.000870948188804176,12.8065803263806));
#3859=CARTESIAN_POINT('',(-8.73550014901162,1.54856587752183E-16,2.));
#3860=CARTESIAN_POINT('Ctrl Pts',(-8.73691092198702,-0.000870948188804176,
12.8065803263806));
#3861=CARTESIAN_POINT('Ctrl Pts',(-8.73595292288906,-0.15181061526725,12.7971054213374));
#3862=CARTESIAN_POINT('Ctrl Pts',(-8.76096878410811,-0.302443263072691,
12.7876305162941));
#3863=CARTESIAN_POINT('Ctrl Pts',(-8.81337111940361,-0.44285515863056,12.7781556112509));
#3864=CARTESIAN_POINT('Ctrl Pts',(-8.95970437820903,-0.834954673588503,
12.7516969863819));
#3865=CARTESIAN_POINT('Ctrl Pts',(-9.3195981361386,-1.14735247355667,12.7252383615128));
#3866=CARTESIAN_POINT('Ctrl Pts',(-9.7283766353797,-1.23710541680053,12.6987797366438));
#3867=CARTESIAN_POINT('Ctrl Pts',(-10.1371551346208,-1.32685836004439,12.6723211117747));
#3868=CARTESIAN_POINT('Ctrl Pts',(-10.5948183751734,-1.19396644656393,12.6458624869056));
#3869=CARTESIAN_POINT('Ctrl Pts',(-10.8919544422697,-0.899236723100139,
12.6194038620366));
#3870=CARTESIAN_POINT('Ctrl Pts',(-11.189090509366,-0.604506999636344,12.5929452371675));
#3871=CARTESIAN_POINT('Ctrl Pts',(-11.3256994030059,-0.147939466189211,
12.5664866122985));
#3872=CARTESIAN_POINT('Ctrl Pts',(-11.2392733064008,0.261555322653202,12.5400279874294));
#3873=CARTESIAN_POINT('Ctrl Pts',(-11.1528472097958,0.671050111495616,12.5135693625604));
#3874=CARTESIAN_POINT('Ctrl Pts',(-10.8433861229457,1.03347215573331,12.4871107376913));
#3875=CARTESIAN_POINT('Ctrl Pts',(-10.452489442527,1.18298883540495,12.4606521128222));
#3876=CARTESIAN_POINT('Ctrl Pts',(-10.0615927621084,1.3325055150766,12.4341934879532));
#3877=CARTESIAN_POINT('Ctrl Pts',(-9.58926048812119,1.26911683018219,12.4077348630841));
#3878=CARTESIAN_POINT('Ctrl Pts',(-9.25161661117292,1.02182739526754,12.3812762382151));
#3879=CARTESIAN_POINT('Ctrl Pts',(-8.93388005218945,0.789118024575206,12.3563776009369));
#3880=CARTESIAN_POINT('Ctrl Pts',(-8.73541777315532,0.393554020350743,12.3314789636587));
#3881=CARTESIAN_POINT('Ctrl Pts',(-8.73361910057521,-0.000446696692690141,
12.3065803263806));
#3882=CARTESIAN_POINT('Ctrl Pts',(-8.73497127126189,0.00109961693126092,
12.4434196736194));
#3883=CARTESIAN_POINT('Ctrl Pts',(-8.73423700933628,0.0814580529338168,
12.4484837197687));
#3884=CARTESIAN_POINT('Ctrl Pts',(-8.74123802282666,0.161689021566069,12.453547765918));
#3885=CARTESIAN_POINT('Ctrl Pts',(-8.75643753605389,0.240335517765188,12.4586118120673));
#3886=CARTESIAN_POINT('Ctrl Pts',(-8.83585194240333,0.651247677499818,12.4850704369363));
#3887=CARTESIAN_POINT('Ctrl Pts',(-9.13907332270004,1.0189060722842,12.5115290618054));
#3888=CARTESIAN_POINT('Ctrl Pts',(-9.52735736842283,1.17508209730408,12.5379876866745));
#3889=CARTESIAN_POINT('Ctrl Pts',(-9.91564141414561,1.33125812232395,12.5644463115435));
#3890=CARTESIAN_POINT('Ctrl Pts',(-10.3889881252945,1.27595177757931,12.5909049364126));
#3891=CARTESIAN_POINT('Ctrl Pts',(-10.7308093375868,1.03446945983946,12.6173635612816));
#3892=CARTESIAN_POINT('Ctrl Pts',(-11.0726305498791,0.79298714209961,12.6438221861507));
#3893=CARTESIAN_POINT('Ctrl Pts',(-11.2829262633148,0.365328851364549,12.6702808110197));
#3894=CARTESIAN_POINT('Ctrl Pts',(-11.2654719527066,-0.0528227933709924,
12.6967394358888));
#3895=CARTESIAN_POINT('Ctrl Pts',(-11.2480176420983,-0.470974438106534,
12.7231980607578));
#3896=CARTESIAN_POINT('Ctrl Pts',(-11.0028133074461,-0.879619436842557,
12.7496566856269));
#3897=CARTESIAN_POINT('Ctrl Pts',(-10.6420565313366,-1.0917750388072,12.776115310496));
#3898=CARTESIAN_POINT('Ctrl Pts',(-10.2812997552271,-1.30393064077185,12.802573935365));
#3899=CARTESIAN_POINT('Ctrl Pts',(-9.80499053766035,-1.31959684596512,12.8290325602341));
#3900=CARTESIAN_POINT('Ctrl Pts',(-9.4310725901562,-1.13160530496342,12.8554911851031));
#3901=CARTESIAN_POINT('Ctrl Pts',(-9.05715464265205,-0.94361376396172,12.8819498099722));
#3902=CARTESIAN_POINT('Ctrl Pts',(-8.78562796521048,-0.551964476765064,
12.9084084348412));
#3903=CARTESIAN_POINT('Ctrl Pts',(-8.74073439417582,-0.135863505564994,
12.9348670597103));
#3904=CARTESIAN_POINT('Ctrl Pts',(-8.73589718914392,-0.091029341891195,
12.9377179310133));
#3905=CARTESIAN_POINT('Ctrl Pts',(-8.73369112460603,-0.0459113017046119,
12.9405688023164));
#3906=CARTESIAN_POINT('Ctrl Pts',(-8.73401217602303,-0.000761549658467558,
12.9434196736194));
#3907=CARTESIAN_POINT('Origin',(-10.0000001490116,0.,2.));
#3908=CARTESIAN_POINT('',(-8.73728014718213,-0.000612735354116846,13.4434196736194));
#3909=CARTESIAN_POINT('',(-8.73676859995183,0.000937848504570515,13.3065803263806));
#3910=CARTESIAN_POINT('',(-8.73550014901162,1.54856587752183E-16,2.));
#3911=CARTESIAN_POINT('Ctrl Pts',(-8.73676859995183,0.000937848504570515,
13.3065803263806));
#3912=CARTESIAN_POINT('Ctrl Pts',(-8.73867571651606,-0.276011684890132,
13.289190503885));
#3913=CARTESIAN_POINT('Ctrl Pts',(-8.82830800848259,-0.554083885965937,
13.2718006813895));
#3914=CARTESIAN_POINT('Ctrl Pts',(-8.99599476694227,-0.772128446704342,
13.2544108588939));
#3915=CARTESIAN_POINT('Ctrl Pts',(-9.25113026580826,-1.1038833705279,13.2279522340249));
#3916=CARTESIAN_POINT('Ctrl Pts',(-9.68695904384416,-1.29667646858136,13.2014936091558));
#3917=CARTESIAN_POINT('Ctrl Pts',(-10.104059931001,-1.26229184708078,13.1750349842868));
#3918=CARTESIAN_POINT('Ctrl Pts',(-10.5211608181579,-1.22790722558021,13.1485763594177));
#3919=CARTESIAN_POINT('Ctrl Pts',(-10.9195338144357,-0.966344884525611,
13.1221177345487));
#3920=CARTESIAN_POINT('Ctrl Pts',(-11.1168963055664,-0.597287301813318,
13.0956591096796));
#3921=CARTESIAN_POINT('Ctrl Pts',(-11.3142587966971,-0.228229719101025,
13.0692004848106));
#3922=CARTESIAN_POINT('Ctrl Pts',(-11.3106107826808,0.24832310526896,13.0427418599415));
#3923=CARTESIAN_POINT('Ctrl Pts',(-11.1076214768877,0.614315993173134,13.0162832350724));
#3924=CARTESIAN_POINT('Ctrl Pts',(-10.9046321710946,0.980308881077305,12.9898246102034));
#3925=CARTESIAN_POINT('Ctrl Pts',(-10.5023015735249,1.23574183251567,12.9633659853343));
#3926=CARTESIAN_POINT('Ctrl Pts',(-10.0847231689534,1.26373698027965,12.9369073604653));
#3927=CARTESIAN_POINT('Ctrl Pts',(-9.66714476438197,1.29173212804363,12.9104487355962));
#3928=CARTESIAN_POINT('Ctrl Pts',(-9.2343185528088,1.09228947213322,12.8839901107272));
#3929=CARTESIAN_POINT('Ctrl Pts',(-8.98429182686286,0.756667529204153,12.8575314858581));
#3930=CARTESIAN_POINT('Ctrl Pts',(-8.82380034692191,0.541232710716038,12.8405477660323));
#3931=CARTESIAN_POINT('Ctrl Pts',(-8.73862813057107,0.269687648923478,12.8235640462064));
#3932=CARTESIAN_POINT('Ctrl Pts',(-8.73691092198702,-0.000870948188804176,
12.8065803263806));
#3933=CARTESIAN_POINT('Ctrl Pts',(-8.73401217602303,-0.000761549658467558,
12.9434196736194));
#3934=CARTESIAN_POINT('Ctrl Pts',(-8.73667076770567,0.37311861067496,12.9670274271854));
#3935=CARTESIAN_POINT('Ctrl Pts',(-8.91262166143152,0.749173353118426,12.9906351807515));
#3936=CARTESIAN_POINT('Ctrl Pts',(-9.20279485972325,0.984211796402196,13.0142429343175));
#3937=CARTESIAN_POINT('Ctrl Pts',(-9.52800936093307,1.24763347196582,13.0407015591865));
#3938=CARTESIAN_POINT('Ctrl Pts',(-9.99669882798043,1.33392416788959,13.0671601840556));
#3939=CARTESIAN_POINT('Ctrl Pts',(-10.3944061010389,1.20360004920739,13.0936188089246));
#3940=CARTESIAN_POINT('Ctrl Pts',(-10.7921133740974,1.0732759305252,13.1200774337937));
#3941=CARTESIAN_POINT('Ctrl Pts',(-11.1188384531669,0.72633699723703,13.1465360586627));
#3942=CARTESIAN_POINT('Ctrl Pts',(-11.225082496418,0.321531297885395,13.1729946835318));
#3943=CARTESIAN_POINT('Ctrl Pts',(-11.331326539669,-0.0832744014662397,
13.1994533084009));
#3944=CARTESIAN_POINT('Ctrl Pts',(-11.2170895471016,-0.545946866881341,
13.2259119332699));
#3945=CARTESIAN_POINT('Ctrl Pts',(-10.9346426762636,-0.854782124110385,
13.252370558139));
#3946=CARTESIAN_POINT('Ctrl Pts',(-10.6521958054256,-1.16361738133943,13.278829183008));
#3947=CARTESIAN_POINT('Ctrl Pts',(-10.2015390563171,-1.31861543038241,13.3052878078771));
#3948=CARTESIAN_POINT('Ctrl Pts',(-9.78887839955505,-1.24885417097153,13.3317464327461));
#3949=CARTESIAN_POINT('Ctrl Pts',(-9.37621774279297,-1.17909291156064,13.3582050576152));
#3950=CARTESIAN_POINT('Ctrl Pts',(-9.00155317837731,-0.884572343695895,
13.3846636824843));
#3951=CARTESIAN_POINT('Ctrl Pts',(-8.83631910802051,-0.500055565196935,
13.4111223073533));
#3952=CARTESIAN_POINT('Ctrl Pts',(-8.76908677431249,-0.343598968124965,
13.4218880961087));
#3953=CARTESIAN_POINT('Ctrl Pts',(-8.73652789309971,-0.172242538303236,
13.4326538848641));
#3954=CARTESIAN_POINT('Ctrl Pts',(-8.73728014718213,-0.000612735354116846,
13.4434196736194));
#3955=CARTESIAN_POINT('Origin',(-10.0000001490116,0.,2.));
#3956=CARTESIAN_POINT('',(-8.73624862326957,0.00109483056817567,13.9434196736194));
#3957=CARTESIAN_POINT('',(-8.73353482957635,0.000335050625044492,13.8065803263806));
#3958=CARTESIAN_POINT('',(-8.73550014901162,1.54856587752183E-16,2.));
#3959=CARTESIAN_POINT('Ctrl Pts',(-8.73353482957635,0.000335050625044492,
13.8065803263806));
#3960=CARTESIAN_POINT('Ctrl Pts',(-8.73495128087473,-0.400020865640621,
13.7812755864327));
#3961=CARTESIAN_POINT('Ctrl Pts',(-8.94084583074831,-0.801631135831809,
13.7559708464848));
#3962=CARTESIAN_POINT('Ctrl Pts',(-9.2673475851705,-1.03316473329828,13.730666106537));
#3963=CARTESIAN_POINT('Ctrl Pts',(-9.60873767481933,-1.2752561601443,13.7042074816679));
#3964=CARTESIAN_POINT('Ctrl Pts',(-10.0819850200337,-1.33140642878895,13.6777488567988));
#3965=CARTESIAN_POINT('Ctrl Pts',(-10.4705469231732,-1.17592299014877,13.6512902319298));
#3966=CARTESIAN_POINT('Ctrl Pts',(-10.8591088263127,-1.02043955150858,13.6248316070607));
#3967=CARTESIAN_POINT('Ctrl Pts',(-11.1629852873773,-0.65332240558356,13.5983729821917));
#3968=CARTESIAN_POINT('Ctrl Pts',(-11.243132254047,-0.242552499192614,13.5719143573226));
#3969=CARTESIAN_POINT('Ctrl Pts',(-11.3232792207166,0.168217407198335,13.5454557324536));
#3970=CARTESIAN_POINT('Ctrl Pts',(-11.1796966929913,0.622640074055207,13.5189971075845));
#3971=CARTESIAN_POINT('Ctrl Pts',(-10.8780833973447,0.912786368451629,13.4925384827154));
#3972=CARTESIAN_POINT('Ctrl Pts',(-10.5764701016981,1.20293266284805,13.4660798578464));
#3973=CARTESIAN_POINT('Ctrl Pts',(-10.1168260381303,1.32880258478402,13.4396212329773));
#3974=CARTESIAN_POINT('Ctrl Pts',(-9.70946948203332,1.23280212401643,13.4131626081083));
#3975=CARTESIAN_POINT('Ctrl Pts',(-9.30211292593635,1.13680166324885,13.3867039832392));
#3976=CARTESIAN_POINT('Ctrl Pts',(-8.94704387731024,0.8189308197777,13.3602453583702));
#3977=CARTESIAN_POINT('Ctrl Pts',(-8.80673046284522,0.424637023245293,13.3337867335011));
#3978=CARTESIAN_POINT('Ctrl Pts',(-8.75863746358948,0.289491204611506,13.3247179311276));
#3979=CARTESIAN_POINT('Ctrl Pts',(-8.73577403757325,0.145367188507041,13.3156491287541));
#3980=CARTESIAN_POINT('Ctrl Pts',(-8.73676859995183,0.000937848504570515,
13.3065803263806));
#3981=CARTESIAN_POINT('Ctrl Pts',(-8.73728014718213,-0.000612735354116846,
13.4434196736194));
#3982=CARTESIAN_POINT('Ctrl Pts',(-8.73837667622423,0.24956478819799,13.4591125097331));
#3983=CARTESIAN_POINT('Ctrl Pts',(-8.81025158314187,0.500323165760025,13.4748053458468));
#3984=CARTESIAN_POINT('Ctrl Pts',(-8.94868552333832,0.706361586789639,13.4904981819605));
#3985=CARTESIAN_POINT('Ctrl Pts',(-9.18208958531086,1.05374897114407,13.5169568068295));
#3986=CARTESIAN_POINT('Ctrl Pts',(-9.60470128555389,1.27401075071975,13.5434154316986));
#3987=CARTESIAN_POINT('Ctrl Pts',(-10.023147161859,1.26636225040184,13.5698740565677));
#3988=CARTESIAN_POINT('Ctrl Pts',(-10.4415930381642,1.25871375008394,13.5963326814367));
#3989=CARTESIAN_POINT('Ctrl Pts',(-10.8558730905314,1.02315496987244,13.6227913063058));
#3990=CARTESIAN_POINT('Ctrl Pts',(-11.0764261496793,0.667469998227007,13.6492499311748));
#3991=CARTESIAN_POINT('Ctrl Pts',(-11.2969792088272,0.311785026581566,13.6757085560439));
#3992=CARTESIAN_POINT('Ctrl Pts',(-11.3238052747556,-0.164026136497818,
13.7021671809129));
#3993=CARTESIAN_POINT('Ctrl Pts',(-11.1446296062707,-0.542247673135922,
13.728625805782));
#3994=CARTESIAN_POINT('Ctrl Pts',(-10.9654539377858,-0.920469209774013,
13.755084430651));
#3995=CARTESIAN_POINT('Ctrl Pts',(-10.5802765348876,-1.20110111997084,13.7815430555201));
#3996=CARTESIAN_POINT('Ctrl Pts',(-10.165342134577,-1.25573530700379,13.8080016803892));
#3997=CARTESIAN_POINT('Ctrl Pts',(-9.75040773426632,-1.31036949403674,13.8344603052582));
#3998=CARTESIAN_POINT('Ctrl Pts',(-9.30571633654329,-1.13900595790581,13.8609189301273));
#3999=CARTESIAN_POINT('Ctrl Pts',(-9.03474435993232,-0.820055117108286,
13.8873775549963));
#4000=CARTESIAN_POINT('Ctrl Pts',(-8.84342875261558,-0.594864768738913,
13.906058261204));
#4001=CARTESIAN_POINT('Ctrl Pts',(-8.73870966064983,-0.296104371538187,
13.9247389674117));
#4002=CARTESIAN_POINT('Ctrl Pts',(-8.73624862326957,0.00109483056817567,
13.9434196736194));
#4003=CARTESIAN_POINT('Origin',(-10.0000001490116,0.,2.));
#4004=CARTESIAN_POINT('',(-8.73342800764855,-4.04689807830303E-5,14.4434196736194));
#4005=CARTESIAN_POINT('',(-8.73578530274922,-0.00115118915248347,14.3065803263806));
#4006=CARTESIAN_POINT('',(-8.73550014901162,1.54856587752183E-16,2.));
#4007=CARTESIAN_POINT('Ctrl Pts',(-8.73578530274922,-0.00115118915248347,
14.3065803263806));
#4008=CARTESIAN_POINT('Ctrl Pts',(-8.73482124661644,-0.108615213388234,
14.2998192938494));
#4009=CARTESIAN_POINT('Ctrl Pts',(-8.74738213478619,-0.215857212687347,
14.2930582613183));
#4010=CARTESIAN_POINT('Ctrl Pts',(-8.77434643082183,-0.319346377029423,
14.2862972287871));
#4011=CARTESIAN_POINT('Ctrl Pts',(-8.87986850757242,-0.72434087524022,14.2598386039181));
#4012=CARTESIAN_POINT('Ctrl Pts',(-9.20597445112464,-1.07186183288339,14.233379979049));
#4013=CARTESIAN_POINT('Ctrl Pts',(-9.60344871606137,-1.20289488587299,14.20692135418));
#4014=CARTESIAN_POINT('Ctrl Pts',(-10.0009229809981,-1.33392793886258,14.1804627293109));
#4015=CARTESIAN_POINT('Ctrl Pts',(-10.4697655673194,-1.24847308719861,14.1540041044419));
#4016=CARTESIAN_POINT('Ctrl Pts',(-10.7954492527652,-0.985631710514562,
14.1275454795728));
#4017=CARTESIAN_POINT('Ctrl Pts',(-11.1211329382111,-0.722790333830518,
14.1010868547038));
#4018=CARTESIAN_POINT('Ctrl Pts',(-11.3036577227816,-0.28256243212641,14.0746282298347));
#4019=CARTESIAN_POINT('Ctrl Pts',(-11.2595061612405,0.133617927665177,14.0481696049656));
#4020=CARTESIAN_POINT('Ctrl Pts',(-11.2153545996994,0.549798287456763,14.0217109800966));
#4021=CARTESIAN_POINT('Ctrl Pts',(-10.9445266920467,0.941931105335828,13.9952523552275));
#4022=CARTESIAN_POINT('Ctrl Pts',(-10.5709445401441,1.13058907109021,13.9687937303585));
#4023=CARTESIAN_POINT('Ctrl Pts',(-10.1973623882415,1.31924703684459,13.9423351054894));
#4024=CARTESIAN_POINT('Ctrl Pts',(-9.72102599208895,1.30443015047428,13.9158764806204));
#4025=CARTESIAN_POINT('Ctrl Pts',(-9.35989149924912,1.09291814054554,13.8894178557513));
#4026=CARTESIAN_POINT('Ctrl Pts',(-8.9987570064093,0.881406130616801,13.8629592308822));
#4027=CARTESIAN_POINT('Ctrl Pts',(-8.7528244168822,0.473198997129638,13.8365006060132));
#4028=CARTESIAN_POINT('Ctrl Pts',(-8.73462453916029,0.0550791378623705,
13.8100419811441));
#4029=CARTESIAN_POINT('Ctrl Pts',(-8.73383082578423,0.0368445469400398,
13.8088880962229));
#4030=CARTESIAN_POINT('Ctrl Pts',(-8.73347024002521,0.018591102883869,13.8077342113018));
#4031=CARTESIAN_POINT('Ctrl Pts',(-8.73353482957635,0.000335050625044492,
13.8065803263806));
#4032=CARTESIAN_POINT('Ctrl Pts',(-8.73624862326957,0.00109483056817578,
13.9434196736194));
#4033=CARTESIAN_POINT('Ctrl Pts',(-8.73522394313418,0.124837005756946,13.9511975922808));
#4034=CARTESIAN_POINT('Ctrl Pts',(-8.75192636484548,0.248308537576323,13.9589755109421));
#4035=CARTESIAN_POINT('Ctrl Pts',(-8.78748632123724,0.366086534718919,13.9667534296035));
#4036=CARTESIAN_POINT('Ctrl Pts',(-8.90845281465204,0.766739200284531,13.9932120544726));
#4037=CARTESIAN_POINT('Ctrl Pts',(-9.24763835698054,1.10150638595165,14.0196706793416));
#4038=CARTESIAN_POINT('Ctrl Pts',(-9.64984260092198,1.21720944169951,14.0461293042107));
#4039=CARTESIAN_POINT('Ctrl Pts',(-10.0520468448634,1.33291249744737,14.0725879290797));
#4040=CARTESIAN_POINT('Ctrl Pts',(-10.5172697904178,1.22955142327599,14.0990465539488));
#4041=CARTESIAN_POINT('Ctrl Pts',(-10.8326404460132,0.954420907805215,14.1255051788178));
#4042=CARTESIAN_POINT('Ctrl Pts',(-11.1480111016086,0.679290392334434,14.1519638036869));
#4043=CARTESIAN_POINT('Ctrl Pts',(-11.313529467245,0.232390435564251,14.1784224285559));
#4044=CARTESIAN_POINT('Ctrl Pts',(-11.2534596856242,-0.181791978705023,
14.204881053425));
#4045=CARTESIAN_POINT('Ctrl Pts',(-11.1933899040034,-0.595974392974297,
14.2313396782941));
#4046=CARTESIAN_POINT('Ctrl Pts',(-10.9077319751254,-0.977439264742662,
14.2577983031631));
#4047=CARTESIAN_POINT('Ctrl Pts',(-10.5271937395034,-1.15164059132656,14.2842569280322));
#4048=CARTESIAN_POINT('Ctrl Pts',(-10.1466555038814,-1.32584191791047,14.3107155529012));
#4049=CARTESIAN_POINT('Ctrl Pts',(-9.67123696151543,-1.29277969930991,14.3371741777703));
#4050=CARTESIAN_POINT('Ctrl Pts',(-9.3184742797253,-1.06758213873224,14.3636328026393));
#4051=CARTESIAN_POINT('Ctrl Pts',(-8.96571159793517,-0.84238457815457,14.3900914275084));
#4052=CARTESIAN_POINT('Ctrl Pts',(-8.73560477672086,-0.425051675599791,
14.4165500523775));
#4053=CARTESIAN_POINT('Ctrl Pts',(-8.73344326422208,-0.00654148597758693,
14.4430086772465));
#4054=CARTESIAN_POINT('Ctrl Pts',(-8.73343207223457,-0.0043745029891606,
14.4431456760375));
#4055=CARTESIAN_POINT('Ctrl Pts',(-8.73342699149059,-0.00220748843751441,
14.4432826748285));
#4056=CARTESIAN_POINT('Ctrl Pts',(-8.73342800764855,-4.04689807830646E-5,
14.4434196736194));
#4057=CARTESIAN_POINT('Origin',(-10.0000001490116,0.,2.));
#4058=CARTESIAN_POINT('',(-8.7363664925199,-0.00106911732991287,14.9434196736194));
#4059=CARTESIAN_POINT('',(-8.73747039515995,0.00037208121886248,14.8065803263806));
#4060=CARTESIAN_POINT('',(-8.73550014901162,1.54856587752183E-16,2.));
#4061=CARTESIAN_POINT('Ctrl Pts',(-8.73747039515995,0.00037208121886248,
14.8065803263806));
#4062=CARTESIAN_POINT('Ctrl Pts',(-8.73808771497258,-0.23368222781938,14.7919043763971));
#4063=CARTESIAN_POINT('Ctrl Pts',(-8.80040231382,-0.468042047725579,14.7772284264136));
#4064=CARTESIAN_POINT('Ctrl Pts',(-8.92238570793742,-0.665549593811483,
14.7625524764302));
#4065=CARTESIAN_POINT('Ctrl Pts',(-9.14230420512778,-1.02162726350772,14.7360938515611));
#4066=CARTESIAN_POINT('Ctrl Pts',(-9.55616358203457,-1.25792436160172,14.709635226692));
#4067=CARTESIAN_POINT('Ctrl Pts',(-9.97459515687769,-1.26631896922101,14.683176601823));
#4068=CARTESIAN_POINT('Ctrl Pts',(-10.3930267317208,-1.2747135768403,14.6567179769539));
#4069=CARTESIAN_POINT('Ctrl Pts',(-10.8160305045003,-1.0552056939849,14.6302593520849));
#4070=CARTESIAN_POINT('Ctrl Pts',(-11.0500536132803,-0.708235036983921,
14.6038007272158));
#4071=CARTESIAN_POINT('Ctrl Pts',(-11.2840767220604,-0.361264379982942,
14.5773421023468));
#4072=CARTESIAN_POINT('Ctrl Pts',(-11.329119166841,0.113169051163613,14.5508834774777));
#4073=CARTESIAN_POINT('Ctrl Pts',(-11.1645709799178,0.497979844207464,14.5244248526086));
#4074=CARTESIAN_POINT('Ctrl Pts',(-11.0000227929945,0.882790637251315,14.4979662277396));
#4075=CARTESIAN_POINT('Ctrl Pts',(-10.6258839743673,1.17797879219246,14.4715076028705));
#4076=CARTESIAN_POINT('Ctrl Pts',(-10.2133483614592,1.24847574493047,14.4450489780015));
#4077=CARTESIAN_POINT('Ctrl Pts',(-9.80081274855117,1.31897269766848,14.4185903531324));
#4078=CARTESIAN_POINT('Ctrl Pts',(-9.34988034136225,1.16477844820335,14.3921317282634));
#4079=CARTESIAN_POINT('Ctrl Pts',(-9.06688324274227,0.856447304081573,14.3656731033943));
#4080=CARTESIAN_POINT('Ctrl Pts',(-8.85620103574871,0.626904717796428,14.3459755110564));
#4081=CARTESIAN_POINT('Ctrl Pts',(-8.73859398390953,0.311934501625511,14.3262779187185));
#4082=CARTESIAN_POINT('Ctrl Pts',(-8.73578530274922,-0.00115118915248347,
14.3065803263806));
#4083=CARTESIAN_POINT('Ctrl Pts',(-8.73342800764855,-4.04689807830303E-5,
14.4434196736194));
#4084=CARTESIAN_POINT('Ctrl Pts',(-8.73362324243726,0.416309744321362,14.4697412996975));
#4085=CARTESIAN_POINT('Ctrl Pts',(-8.95887995840343,0.832841024291514,14.4960629257756));
#4086=CARTESIAN_POINT('Ctrl Pts',(-9.3074832813228,1.06048551211841,14.5223845518537));
#4087=CARTESIAN_POINT('Ctrl Pts',(-9.65790101470555,1.28931484390257,14.5488431767227));
#4088=CARTESIAN_POINT('Ctrl Pts',(-10.1329526852543,1.32728603078127,14.5753018015918));
#4089=CARTESIAN_POINT('Ctrl Pts',(-10.5152699943416,1.15702468423977,14.6017604264608));
#4090=CARTESIAN_POINT('Ctrl Pts',(-10.897587303429,0.986763337698273,14.6282190513299));
#4091=CARTESIAN_POINT('Ctrl Pts',(-11.1871702510549,0.608269457736569,14.654677676199));
#4092=CARTESIAN_POINT('Ctrl Pts',(-11.2515150349187,0.194729617160818,14.681136301068));
#4093=CARTESIAN_POINT('Ctrl Pts',(-11.3158598187825,-0.21881022341492,14.7075949259371));
#4094=CARTESIAN_POINT('Ctrl Pts',(-11.1549664388843,-0.667396024604704,
14.7340535508061));
#4095=CARTESIAN_POINT('Ctrl Pts',(-10.8424545084516,-0.945769414660427,
14.7605121756752));
#4096=CARTESIAN_POINT('Ctrl Pts',(-10.5299425780189,-1.22414280471616,14.7869708005442));
#4097=CARTESIAN_POINT('Ctrl Pts',(-10.0658120970517,-1.33230378363782,14.8134294254133));
#4098=CARTESIAN_POINT('Ctrl Pts',(-9.66243418061719,-1.22076138144541,14.8398880502824));
#4099=CARTESIAN_POINT('Ctrl Pts',(-9.25905626418268,-1.109218979253,14.8663466751514));
#4100=CARTESIAN_POINT('Ctrl Pts',(-8.91643091228089,-0.777973195946528,
14.8928053000205));
#4101=CARTESIAN_POINT('Ctrl Pts',(-8.79133241795553,-0.378591401580002,
14.9192639248895));
#4102=CARTESIAN_POINT('Ctrl Pts',(-8.75326231403078,-0.257051118468027,
14.9273158411328));
#4103=CARTESIAN_POINT('Ctrl Pts',(-8.73533765419851,-0.129200671099612,
14.9353677573761));
#4104=CARTESIAN_POINT('Ctrl Pts',(-8.7363664925199,-0.00106911732991287,
14.9434196736194));
#4105=CARTESIAN_POINT('Origin',(-10.0000001490116,0.,2.));
#4106=CARTESIAN_POINT('',(-8.73721314863901,0.000672646521895751,15.4434196736194));
#4107=CARTESIAN_POINT('',(-8.73442224014908,0.000952711015289319,15.3065803263806));
#4108=CARTESIAN_POINT('',(-8.73550014901162,1.54856587752183E-16,2.));
#4109=CARTESIAN_POINT('Ctrl Pts',(-8.73442224014908,0.000952711015289319,
15.3065803263806));
#4110=CARTESIAN_POINT('Ctrl Pts',(-8.73742562415363,-0.357126079233893,
15.2839894589448));
#4111=CARTESIAN_POINT('Ctrl Pts',(-8.89680931384908,-0.717543415653565,
15.261398591509));
#4112=CARTESIAN_POINT('Ctrl Pts',(-9.16565937063225,-0.952934735943434,
15.2388077240732));
#4113=CARTESIAN_POINT('Ctrl Pts',(-9.48053894834939,-1.22862714389013,15.2123490992041));
#4114=CARTESIAN_POINT('Ctrl Pts',(-9.9455768557757,-1.3328175804852,15.1858904743351));
#4115=CARTESIAN_POINT('Ctrl Pts',(-10.3479867688093,-1.21783186765501,15.159431849466));
#4116=CARTESIAN_POINT('Ctrl Pts',(-10.7503966818429,-1.10284615482481,15.1329732245969));
#4117=CARTESIAN_POINT('Ctrl Pts',(-11.0901786004838,-0.768684292569358,
15.1065145997279));
#4118=CARTESIAN_POINT('Ctrl Pts',(-11.2118592948956,-0.36824795447026,15.0800559748588));
#4119=CARTESIAN_POINT('Ctrl Pts',(-11.3335399893075,0.0321883836288367,
15.0535973499898));
#4120=CARTESIAN_POINT('Ctrl Pts',(-11.2371194594904,0.498899197571582,15.0271387251207));
#4121=CARTESIAN_POINT('Ctrl Pts',(-10.9667166251712,0.818332695274846,15.0006801002517));
#4122=CARTESIAN_POINT('Ctrl Pts',(-10.6963137908521,1.13776619297811,14.9742214753826));
#4123=CARTESIAN_POINT('Ctrl Pts',(-10.2519286520309,1.3099223744419,14.9477628505135));
#4124=CARTESIAN_POINT('Ctrl Pts',(-9.8368974930519,1.2560281322698,14.9213042256445));
#4125=CARTESIAN_POINT('Ctrl Pts',(-9.42186633407288,1.2021338900977,14.8948456007754));
#4126=CARTESIAN_POINT('Ctrl Pts',(-9.03618915493603,0.922189224289717,14.8683869759064));
#4127=CARTESIAN_POINT('Ctrl Pts',(-8.85633937410457,0.544287770736479,14.8419283510373));
#4128=CARTESIAN_POINT('Ctrl Pts',(-8.77624785361674,0.375998980671149,14.8301456761518));
#4129=CARTESIAN_POINT('Ctrl Pts',(-8.73697477622824,0.188283993706415,14.8183630012662));
#4130=CARTESIAN_POINT('Ctrl Pts',(-8.73747039515995,0.00037208121886248,
14.8065803263806));
#4131=CARTESIAN_POINT('Ctrl Pts',(-8.7363664925199,-0.00106911732991287,
14.9434196736194));
#4132=CARTESIAN_POINT('Ctrl Pts',(-8.73871842051228,0.291840061645488,14.9618263822452));
#4133=CARTESIAN_POINT('Ctrl Pts',(-8.84011776568765,0.586218249812502,14.9802330908709));
#4134=CARTESIAN_POINT('Ctrl Pts',(-9.02632527444161,0.810040969382201,14.9986397994967));
#4135=CARTESIAN_POINT('Ctrl Pts',(-9.29398826200196,1.13177374055133,15.0250984243658));
#4136=CARTESIAN_POINT('Ctrl Pts',(-9.7368858738716,1.307721477463,15.0515570492348));
#4137=CARTESIAN_POINT('Ctrl Pts',(-10.1523624699871,1.25737617942824,15.0780156741039));
#4138=CARTESIAN_POINT('Ctrl Pts',(-10.5678390661025,1.20703088139348,15.1044742989729));
#4139=CARTESIAN_POINT('Ctrl Pts',(-10.9558946464638,0.930392548412303,15.130932923842));
#4140=CARTESIAN_POINT('Ctrl Pts',(-11.138967513038,0.554041945279792,15.157391548711));
#4141=CARTESIAN_POINT('Ctrl Pts',(-11.3220403796122,0.177691342147276,15.1838501735801));
#4142=CARTESIAN_POINT('Ctrl Pts',(-11.3001305323993,-0.298371531136563,
15.2103087984492));
#4143=CARTESIAN_POINT('Ctrl Pts',(-11.0832632097199,-0.656315682238054,
15.2367674233182));
#4144=CARTESIAN_POINT('Ctrl Pts',(-10.8663958870405,-1.01425983333953,15.2632260481873));
#4145=CARTESIAN_POINT('Ctrl Pts',(-10.4545710888946,-1.25408526225867,15.2896846730563));
#4146=CARTESIAN_POINT('Ctrl Pts',(-10.0362265395453,-1.26605559991475,15.3161432979254));
#4147=CARTESIAN_POINT('Ctrl Pts',(-9.61788199019592,-1.27802593757082,15.3426019227944));
#4148=CARTESIAN_POINT('Ctrl Pts',(-9.19301768964313,-1.06214118396382,15.3690605476635));
#4149=CARTESIAN_POINT('Ctrl Pts',(-8.95603781723022,-0.717183228518434,
15.3955191725325));
#4150=CARTESIAN_POINT('Ctrl Pts',(-8.8130289408901,-0.509013441394593,15.4114860062282));
#4151=CARTESIAN_POINT('Ctrl Pts',(-8.73844176341185,-0.253839185434467,
15.4274528399238));
#4152=CARTESIAN_POINT('Ctrl Pts',(-8.73721314863901,0.000672646521895751,
15.4434196736194));
#4153=CARTESIAN_POINT('Origin',(-10.0000001490116,0.,2.));
#4154=CARTESIAN_POINT('',(-8.73391494737053,0.000700777774517699,15.9434196736194));
#4155=CARTESIAN_POINT('',(-8.73450104318207,-0.000980347029504689,15.8065803263806));
#4156=CARTESIAN_POINT('',(-8.73550014901162,1.54856587752183E-16,2.));
#4157=CARTESIAN_POINT('Ctrl Pts',(-8.73450104318207,-0.000980347029504689,
15.8065803263806));
#4158=CARTESIAN_POINT('Ctrl Pts',(-8.73395247241807,-0.0651406519346404,
15.8025331663615));
#4159=CARTESIAN_POINT('Ctrl Pts',(-8.73841053947356,-0.129224500951283,
15.7984860063424));
#4160=CARTESIAN_POINT('Ctrl Pts',(-8.74814003086068,-0.192497766265987,
15.7944388463234));
#4161=CARTESIAN_POINT('Ctrl Pts',(-8.81174734106469,-0.606151682422216,
15.7679802214543));
#4162=CARTESIAN_POINT('Ctrl Pts',(-9.10065494731342,-0.985161309572946,
15.7415215965852));
#4163=CARTESIAN_POINT('Ctrl Pts',(-9.4826680617046,-1.15610408565875,15.7150629717162));
#4164=CARTESIAN_POINT('Ctrl Pts',(-9.86468117609579,-1.32704686174455,15.6886043468471));
#4165=CARTESIAN_POINT('Ctrl Pts',(-10.3397997986294,-1.28992278676542,15.6621457219781));
#4166=CARTESIAN_POINT('Ctrl Pts',(-10.6906249956126,-1.06171863819551,15.635687097109));
#4167=CARTESIAN_POINT('Ctrl Pts',(-11.0414501925957,-0.833514489625595,
15.60922847224));
#4168=CARTESIAN_POINT('Ctrl Pts',(-11.2679819640283,-0.414230267464891,
15.5827698473709));
#4169=CARTESIAN_POINT('Ctrl Pts',(-11.2665666890643,0.00428311255962907,
15.5563112225019));
#4170=CARTESIAN_POINT('Ctrl Pts',(-11.2651514141003,0.42279649258415,15.5298525976328));
#4171=CARTESIAN_POINT('Ctrl Pts',(-11.0357890927397,0.840539030472487,15.5033939727637));
#4172=CARTESIAN_POINT('Ctrl Pts',(-10.6834285140391,1.06636523541896,15.4769353478947));
#4173=CARTESIAN_POINT('Ctrl Pts',(-10.3310679353385,1.29219144036543,15.4504767230256));
#4174=CARTESIAN_POINT('Ctrl Pts',(-9.85570909929781,1.32610131237004,15.4240180981566));
#4175=CARTESIAN_POINT('Ctrl Pts',(-9.47486085355114,1.15257878940988,15.3975594732875));
#4176=CARTESIAN_POINT('Ctrl Pts',(-9.09401260780447,0.979056266449728,15.3711008484185));
#4177=CARTESIAN_POINT('Ctrl Pts',(-8.80767495235181,0.598101348524808,15.3446422235494));
#4178=CARTESIAN_POINT('Ctrl Pts',(-8.74686674862946,0.18402669991319,15.3181835986803));
#4179=CARTESIAN_POINT('Ctrl Pts',(-8.73797772347741,0.123496709862133,15.3143158412471));
#4180=CARTESIAN_POINT('Ctrl Pts',(-8.73390803409473,0.0622589847390229,
15.3104480838138));
#4181=CARTESIAN_POINT('Ctrl Pts',(-8.73442224014908,0.000952711015289319,
15.3065803263806));
#4182=CARTESIAN_POINT('Ctrl Pts',(-8.73721314863901,0.000672646521895751,
15.4434196736194));
#4183=CARTESIAN_POINT('Ctrl Pts',(-8.73640582704507,0.167912128247256,15.4539114647929));
#4184=CARTESIAN_POINT('Ctrl Pts',(-8.76727320366581,0.33486558909604,15.4644032559663));
#4185=CARTESIAN_POINT('Ctrl Pts',(-8.8312159737574,0.488008898609337,15.4748950471397));
#4186=CARTESIAN_POINT('Ctrl Pts',(-8.99246944697054,0.874211913007984,15.5013536720088));
#4187=CARTESIAN_POINT('Ctrl Pts',(-9.36407183766985,1.17258678452151,15.5278122968778));
#4188=CARTESIAN_POINT('Ctrl Pts',(-9.77598989591667,1.24660681048794,15.5542709217469));
#4189=CARTESIAN_POINT('Ctrl Pts',(-10.1879079541635,1.32062683645437,15.5807295466159));
#4190=CARTESIAN_POINT('Ctrl Pts',(-10.6401416799578,1.17029201687373,15.607188171485));
#4191=CARTESIAN_POINT('Ctrl Pts',(-10.9257635290931,0.864390708850319,15.633646796354));
#4192=CARTESIAN_POINT('Ctrl Pts',(-11.2113853782284,0.558489400826899,15.6601054212231));
#4193=CARTESIAN_POINT('Ctrl Pts',(-11.3303953507046,0.0970216043607189,
15.6865640460922));
#4194=CARTESIAN_POINT('Ctrl Pts',(-11.2283383275514,-0.308859923894754,
15.7130226709612));
#4195=CARTESIAN_POINT('Ctrl Pts',(-11.1262813043981,-0.714741452150209,
15.7394812958303));
#4196=CARTESIAN_POINT('Ctrl Pts',(-10.8031572856153,-1.06503671219495,15.7659399206993));
#4197=CARTESIAN_POINT('Ctrl Pts',(-10.4068173841721,-1.19946190878365,15.7923985455684));
#4198=CARTESIAN_POINT('Ctrl Pts',(-10.010477482729,-1.33388710537236,15.8188571704374));
#4199=CARTESIAN_POINT('Ctrl Pts',(-9.54092169862539,-1.25244223850502,15.8453157953065));
#4200=CARTESIAN_POINT('Ctrl Pts',(-9.21300359038775,-0.992393848308608,
15.8717744201755));
#4201=CARTESIAN_POINT('Ctrl Pts',(-8.91702227251514,-0.757672241579878,
15.8956561713235));
#4202=CARTESIAN_POINT('Ctrl Pts',(-8.73643319124862,-0.377442316554692,
15.9195379224715));
#4203=CARTESIAN_POINT('Ctrl Pts',(-8.73391494737053,0.000700777774517699,
15.9434196736194));
#4204=CARTESIAN_POINT('Origin',(-10.0000001490116,0.,2.));
#4205=CARTESIAN_POINT('',(-8.73510241213361,-0.00112054302679061,16.4434196736194));
#4206=CARTESIAN_POINT('',(-8.73749402742609,-0.000327264938137089,16.3065803263806));
#4207=CARTESIAN_POINT('',(-8.73550014901162,1.54856587752183E-16,2.));
#4208=CARTESIAN_POINT('Ctrl Pts',(-8.73749402742609,-0.000327264938137089,
16.3065803263806));
#4209=CARTESIAN_POINT('Ctrl Pts',(-8.7370519358417,-0.191109233131981,16.2946182489092));
#4210=CARTESIAN_POINT('Ctrl Pts',(-8.77758205093075,-0.381712891270207,
16.2826561714378));
#4211=CARTESIAN_POINT('Ctrl Pts',(-8.86004669423365,-0.552010204954648,
16.2706940939664));
#4212=CARTESIAN_POINT('Ctrl Pts',(-9.04244820996767,-0.928686643454205,
16.2442354690973));
#4213=CARTESIAN_POINT('Ctrl Pts',(-9.43000990862856,-1.20601646902732,16.2177768442283));
#4214=CARTESIAN_POINT('Ctrl Pts',(-9.84539607649537,-1.25710251220641,16.1913182193592));
#4215=CARTESIAN_POINT('Ctrl Pts',(-10.2607822443622,-1.30818855538551,16.1648595944901));
#4216=CARTESIAN_POINT('Ctrl Pts',(-10.7039928814349,-1.13303081617059,16.1384009696211));
#4217=CARTESIAN_POINT('Ctrl Pts',(-10.972229117429,-0.811775817824275,16.111942344752));
#4218=CARTESIAN_POINT('Ctrl Pts',(-11.2404653534231,-0.49052081947796,16.085483719883));
#4219=CARTESIAN_POINT('Ctrl Pts',(-11.3337271883386,-0.0231685620002627,
16.0590250950139));
#4220=CARTESIAN_POINT('Ctrl Pts',(-11.2093410191986,0.376435658684976,16.0325664701449));
#4221=CARTESIAN_POINT('Ctrl Pts',(-11.0849548500587,0.776039879370209,16.0061078452758));
#4222=CARTESIAN_POINT('Ctrl Pts',(-10.7429206768633,1.10789606326298,15.9796492204067));
#4223=CARTESIAN_POINT('Ctrl Pts',(-10.3397422883773,1.22015754071902,15.9531905955377));
#4224=CARTESIAN_POINT('Ctrl Pts',(-9.93656389989135,1.33241901817507,15.9267319706686));
#4225=CARTESIAN_POINT('Ctrl Pts',(-9.47224129611473,1.22508578919438,15.9002733457996));
#4226=CARTESIAN_POINT('Ctrl Pts',(-9.15923350130606,0.947270072123172,15.8738147209305));
#4227=CARTESIAN_POINT('Ctrl Pts',(-8.89410395561572,0.711949559106077,15.8514032560806));
#4228=CARTESIAN_POINT('Ctrl Pts',(-8.73753879665295,0.354312354857144,15.8289917912306));
#4229=CARTESIAN_POINT('Ctrl Pts',(-8.73450104318207,-0.000980347029504689,
15.8065803263806));
#4230=CARTESIAN_POINT('Ctrl Pts',(-8.73391494737053,0.000700777774517699,
15.9434196736194));
#4231=CARTESIAN_POINT('Ctrl Pts',(-8.73364322540037,0.0415029365674197,
15.9459965473405));
#4232=CARTESIAN_POINT('Ctrl Pts',(-8.73544472986167,0.0822807990037689,
15.9485734210616));
#4233=CARTESIAN_POINT('Ctrl Pts',(-8.73939820162222,0.122848946615853,15.9511502947827));
#4234=CARTESIAN_POINT('Ctrl Pts',(-8.77999135346603,0.539391437818479,15.9776089196518));
#4235=CARTESIAN_POINT('Ctrl Pts',(-9.0474580895254,0.933824506698251,16.0040675445208));
#4236=CARTESIAN_POINT('Ctrl Pts',(-9.41941427148226,1.12566832249115,16.0305261693899));
#4237=CARTESIAN_POINT('Ctrl Pts',(-9.7913704534391,1.31751213828404,16.0569847942589));
#4238=CARTESIAN_POINT('Ctrl Pts',(-10.2678160812934,1.30676670099008,16.083443419128));
#4239=CARTESIAN_POINT('Ctrl Pts',(-10.6307450265844,1.09834877560011,16.1099020439971));
#4240=CARTESIAN_POINT('Ctrl Pts',(-10.9936739718754,0.889930850210126,16.1363606688661));
#4241=CARTESIAN_POINT('Ctrl Pts',(-11.2430862346031,0.483840436724124,16.1628192937352));
#4242=CARTESIAN_POINT('Ctrl Pts',(-11.2648588202238,0.0658913902252869,
16.1892779186042));
#4243=CARTESIAN_POINT('Ctrl Pts',(-11.2866314058446,-0.352057656273538,
16.2157365434733));
#4244=CARTESIAN_POINT('Ctrl Pts',(-11.0807643143585,-0.781865335785198,
16.2421951683423));
#4245=CARTESIAN_POINT('Ctrl Pts',(-10.7414556766089,-1.02686553844308,16.2686537932114));
#4246=CARTESIAN_POINT('Ctrl Pts',(-10.4021470388593,-1.27186574110097,16.2951124180805));
#4247=CARTESIAN_POINT('Ctrl Pts',(-9.9293968548462,-1.33205846690507,16.3215710429495));
#4248=CARTESIAN_POINT('Ctrl Pts',(-9.53952033730432,-1.17990146896111,16.3480296678186));
#4249=CARTESIAN_POINT('Ctrl Pts',(-9.14964381976244,-1.02774447101716,16.3744882926876));
#4250=CARTESIAN_POINT('Ctrl Pts',(-8.8426409686918,-0.663237749325171,16.4009469175567));
#4251=CARTESIAN_POINT('Ctrl Pts',(-8.75898637148604,-0.253167804900768,
16.4274055424257));
#4252=CARTESIAN_POINT('Ctrl Pts',(-8.74210900539416,-0.17043594309639,16.432743586157));
#4253=CARTESIAN_POINT('Ctrl Pts',(-8.73432265229473,-0.0858495073579407,
16.4380816298882));
#4254=CARTESIAN_POINT('Ctrl Pts',(-8.73510241213361,-0.00112054302679061,
16.4434196736194));
#4255=CARTESIAN_POINT('Origin',(-10.0000001490116,0.,2.));
#4256=CARTESIAN_POINT('',(-8.73757247326713,6.18927041075844E-6,16.9434196736194));
#4257=CARTESIAN_POINT('',(-8.73570042050336,0.00115449080316451,16.8065803263806));
#4258=CARTESIAN_POINT('',(-8.73550014901162,1.54856587752183E-16,2.));
#4259=CARTESIAN_POINT('Ctrl Pts',(-8.73570042050336,0.00115449080316451,
16.8065803263806));
#4260=CARTESIAN_POINT('Ctrl Pts',(-8.73855915487525,-0.314728676304405,
16.7867033314569));
#4261=CARTESIAN_POINT('Ctrl Pts',(-8.85853416328158,-0.632548585746809,
16.7668263365331));
#4262=CARTESIAN_POINT('Ctrl Pts',(-9.07269696563262,-0.862738634540869,
16.7469493416094));
#4263=CARTESIAN_POINT('Ctrl Pts',(-9.35777291750832,-1.16914874195402,16.7204907167403));
#4264=CARTESIAN_POINT('Ctrl Pts',(-9.80973786817015,-1.32028968873731,16.6940320918713));
#4265=CARTESIAN_POINT('Ctrl Pts',(-10.2217872562299,-1.24700426001921,16.6675734670022));
#4266=CARTESIAN_POINT('Ctrl Pts',(-10.6338366442896,-1.17371883130111,16.6411148421332));
#4267=CARTESIAN_POINT('Ctrl Pts',(-11.0059704697471,-0.876007027081617,
16.6146562172641));
#4268=CARTESIAN_POINT('Ctrl Pts',(-11.1679123152857,-0.490092151848319,
16.588197592395));
#4269=CARTESIAN_POINT('Ctrl Pts',(-11.3298541608243,-0.104177276615014,
16.561738967526));
#4270=CARTESIAN_POINT('Ctrl Pts',(-11.2816040264438,0.369940669632114,16.5352803426569));
#4271=CARTESIAN_POINT('Ctrl Pts',(-11.0452396149902,0.715320630343485,16.5088217177879));
#4272=CARTESIAN_POINT('Ctrl Pts',(-10.8088752035367,1.06070059105486,16.4823630929188));
#4273=CARTESIAN_POINT('Ctrl Pts',(-10.38439651501,1.27734256623048,16.4559044680498));
#4274=CARTESIAN_POINT('Ctrl Pts',(-9.96603128514703,1.26611818631676,16.4294458431807));
#4275=CARTESIAN_POINT('Ctrl Pts',(-9.54766605528402,1.25489380640303,16.4029872183117));
#4276=CARTESIAN_POINT('Ctrl Pts',(-9.13541428408467,1.01580307139995,16.3765285934426));
#4277=CARTESIAN_POINT('Ctrl Pts',(-8.91790906488857,0.658246178185403,16.3500699685735));
#4278=CARTESIAN_POINT('Ctrl Pts',(-8.79873905000998,0.462342556001955,16.3355734211759));
#4279=CARTESIAN_POINT('Ctrl Pts',(-8.73802978734092,0.230876708715296,16.3210768737782));
#4280=CARTESIAN_POINT('Ctrl Pts',(-8.73749402742609,-0.000327264938137089,
16.3065803263806));
#4281=CARTESIAN_POINT('Ctrl Pts',(-8.73510241213361,-0.00112054302679061,
16.4434196736194));
#4282=CARTESIAN_POINT('Ctrl Pts',(-8.73818762120541,0.33411930437469,16.4645402547573));
#4283=CARTESIAN_POINT('Ctrl Pts',(-8.87537359940249,0.671590408127925,16.4856608358951));
#4284=CARTESIAN_POINT('Ctrl Pts',(-9.11414803676554,0.905248677809436,16.5067814170329));
#4285=CARTESIAN_POINT('Ctrl Pts',(-9.41327064259167,1.19796204893839,16.533240041902));
#4286=CARTESIAN_POINT('Ctrl Pts',(-9.8718221975848,1.32775562403949,16.559698666771));
#4287=CARTESIAN_POINT('Ctrl Pts',(-10.2799843229848,1.23524005592886,16.5861572916401));
#4288=CARTESIAN_POINT('Ctrl Pts',(-10.6881464483848,1.14272448781822,16.6126159165091));
#4289=CARTESIAN_POINT('Ctrl Pts',(-11.0459191441917,0.82789977649585,16.6390745413782));
#4290=CARTESIAN_POINT('Ctrl Pts',(-11.1895971821025,0.434819539933379,16.6655331662473));
#4291=CARTESIAN_POINT('Ctrl Pts',(-11.3332752200133,0.0417393033709244,
16.6919917911163));
#4292=CARTESIAN_POINT('Ctrl Pts',(-11.262858600028,-0.42959645843163,16.7184504159854));
#4293=CARTESIAN_POINT('Ctrl Pts',(-11.0105676927509,-0.763519726652347,
16.7449090408544));
#4294=CARTESIAN_POINT('Ctrl Pts',(-10.7582767854739,-1.09744299487308,16.7713676657235));
#4295=CARTESIAN_POINT('Ctrl Pts',(-10.324111590905,-1.29395376951198,16.7978262905925));
#4296=CARTESIAN_POINT('Ctrl Pts',(-9.90673207703839,-1.26313506807347,16.8242849154616));
#4297=CARTESIAN_POINT('Ctrl Pts',(-9.48935256317178,-1.23231636663497,16.8507435403306));
#4298=CARTESIAN_POINT('Ctrl Pts',(-9.08875873000736,-0.97416818911909,16.8772021651997));
#4299=CARTESIAN_POINT('Ctrl Pts',(-8.88824937503174,-0.606810802476126,
16.9036607900687));
#4300=CARTESIAN_POINT('Ctrl Pts',(-8.78781548205417,-0.422803764704218,
16.9169137512523));
#4301=CARTESIAN_POINT('Ctrl Pts',(-8.73758170420179,-0.211396726089981,
16.9301667124359));
#4302=CARTESIAN_POINT('Ctrl Pts',(-8.73757247326713,6.18927041075844E-6,
16.9434196736194));
#4303=CARTESIAN_POINT('Origin',(-10.0000001490116,0.,2.));
#4304=CARTESIAN_POINT('',(-8.73507969993551,0.00111727650448157,17.4434196736194));
#4305=CARTESIAN_POINT('',(-8.73356939847673,-0.000384950460066285,17.3065803263806));
#4306=CARTESIAN_POINT('',(-8.73550014901162,1.54856587752183E-16,2.));
#4307=CARTESIAN_POINT('Ctrl Pts',(-8.73356939847673,-0.000384950460066285,
17.3065803263806));
#4308=CARTESIAN_POINT('Ctrl Pts',(-8.7334848991091,-0.0214809366356528,
17.3052470388736));
#4309=CARTESIAN_POINT('Ctrl Pts',(-8.73396639839354,-0.0425729845878174,
17.3039137513666));
#4310=CARTESIAN_POINT('Ctrl Pts',(-8.73502599464711,-0.0636359507203163,
17.3025804638596));
#4311=CARTESIAN_POINT('Ctrl Pts',(-8.75605331219012,-0.481623156481112,
17.2761218389905));
#4312=CARTESIAN_POINT('Ctrl Pts',(-9.00474109062248,-0.888157646136892,
17.2496632141215));
#4313=CARTESIAN_POINT('Ctrl Pts',(-9.36729783601084,-1.09722236969438,17.2232045892524));
#4314=CARTESIAN_POINT('Ctrl Pts',(-9.72985458139921,-1.30628709325187,17.1967459643833));
#4315=CARTESIAN_POINT('Ctrl Pts',(-10.2062802937436,-1.31788205071107,17.1702873395143));
#4316=CARTESIAN_POINT('Ctrl Pts',(-10.5785779572771,-1.12670176409597,17.1438287146452));
#4317=CARTESIAN_POINT('Ctrl Pts',(-10.9508756208107,-0.935521477480873,
17.1173700897762));
#4318=CARTESIAN_POINT('Ctrl Pts',(-11.2190452355334,-0.541565946791471,
17.0909114649071));
#4319=CARTESIAN_POINT('Ctrl Pts',(-11.2603810485563,-0.125096496742004,
17.0644528400381));
#4320=CARTESIAN_POINT('Ctrl Pts',(-11.3017168615793,0.291372953307463,17.037994215169));
#4321=CARTESIAN_POINT('Ctrl Pts',(-11.1162188729024,0.730356322716995,17.0115355902999));
#4322=CARTESIAN_POINT('Ctrl Pts',(-10.7887649699162,0.990989002329298,16.9850769654309));
#4323=CARTESIAN_POINT('Ctrl Pts',(-10.46131106693,1.2516216819416,16.9586183405618));
#4324=CARTESIAN_POINT('Ctrl Pts',(-9.99190124963456,1.33390367175668,16.9321597156928));
#4325=CARTESIAN_POINT('Ctrl Pts',(-9.59532228685993,1.20018539122863,16.9057010908237));
#4326=CARTESIAN_POINT('Ctrl Pts',(-9.19874332408531,1.06646711070059,16.8792424659547));
#4327=CARTESIAN_POINT('Ctrl Pts',(-8.87499521583154,0.716748559829423,16.8527838410856));
#4328=CARTESIAN_POINT('Ctrl Pts',(-8.77221463824945,0.311049650372351,16.8263252162166));
#4329=CARTESIAN_POINT('Ctrl Pts',(-8.74664778696524,0.210131325838023,16.8197435862712));
#4330=CARTESIAN_POINT('Ctrl Pts',(-8.73475384221926,0.105749079665092,16.8131619563259));
#4331=CARTESIAN_POINT('Ctrl Pts',(-8.73570042050336,0.00115449080316451,
16.8065803263806));
#4332=CARTESIAN_POINT('Ctrl Pts',(-8.73757247326713,6.18927041075844E-6,
16.9434196736194));
#4333=CARTESIAN_POINT('Ctrl Pts',(-8.73756327527605,0.210654644639481,16.9566253373049));
#4334=CARTESIAN_POINT('Ctrl Pts',(-8.78742077865948,0.421299006132533,16.9698310009904));
#4335=CARTESIAN_POINT('Ctrl Pts',(-8.88716915456399,0.604827505362714,16.9830366646759));
#4336=CARTESIAN_POINT('Ctrl Pts',(-9.08702316585866,0.972541830788471,17.009495289545));
#4337=CARTESIAN_POINT('Ctrl Pts',(-9.48715606523479,1.23140388586993,17.035953914414));
#4338=CARTESIAN_POINT('Ctrl Pts',(-9.90447996361752,1.26296675634351,17.0624125392831));
#4339=CARTESIAN_POINT('Ctrl Pts',(-10.3218038620003,1.29452962681709,17.0888711641521));
#4340=CARTESIAN_POINT('Ctrl Pts',(-10.7563187593896,1.09879331268278,17.1153297890212));
#4341=CARTESIAN_POINT('Ctrl Pts',(-11.0092046750775,0.765320428327008,17.1417884138903));
#4342=CARTESIAN_POINT('Ctrl Pts',(-11.2620905907655,0.431847543971232,17.1682470387593));
#4343=CARTESIAN_POINT('Ctrl Pts',(-11.3333475247521,-0.0393619106059998,
17.1947056636284));
#4344=CARTESIAN_POINT('Ctrl Pts',(-11.190370605891,-0.432697710688933,17.2211642884974));
#4345=CARTESIAN_POINT('Ctrl Pts',(-11.0473936870299,-0.826033510771872,
17.2476229133665));
#4346=CARTESIAN_POINT('Ctrl Pts',(-10.6901829153211,-1.1414956563605,17.2740815382355));
#4347=CARTESIAN_POINT('Ctrl Pts',(-10.2821864007524,-1.23473886015427,17.3005401631046));
#4348=CARTESIAN_POINT('Ctrl Pts',(-9.87418988618378,-1.32798206394803,17.3269987879737));
#4349=CARTESIAN_POINT('Ctrl Pts',(-9.41540762875525,-1.19900632594694,17.3534574128427));
#4350=CARTESIAN_POINT('Ctrl Pts',(-9.11576356920891,-0.906826777496882,
17.3799160377118));
#4351=CARTESIAN_POINT('Ctrl Pts',(-8.87603723732914,-0.673072330616594,
17.4010839163477));
#4352=CARTESIAN_POINT('Ctrl Pts',(-8.73816877109432,-0.33485778541496,17.4222517949835));
#4353=CARTESIAN_POINT('Ctrl Pts',(-8.73507969993551,0.00111727650448157,
17.4434196736194));
#4354=CARTESIAN_POINT('Origin',(-10.0000001490116,0.,2.));
#4355=CARTESIAN_POINT('',(-8.73393126035255,-0.000711525933558439,17.9434196736194));
#4356=CARTESIAN_POINT('',(-8.73683288312476,-0.000909242330757939,17.8065803263806));
#4357=CARTESIAN_POINT('',(-8.73550014901162,1.54856587752183E-16,2.));
#4358=CARTESIAN_POINT('Ctrl Pts',(-8.73683288312476,-0.000909242330757939,
17.8065803263806));
#4359=CARTESIAN_POINT('Ctrl Pts',(-8.7358528268835,-0.148214595130743,17.7973321214213));
#4360=CARTESIAN_POINT('Ctrl Pts',(-8.75965430681862,-0.29521323876973,17.7880839164619));
#4361=CARTESIAN_POINT('Ctrl Pts',(-8.80962968768461,-0.432697712305486,
17.7788357115026));
#4362=CARTESIAN_POINT('Ctrl Pts',(-8.95260660707987,-0.826033513858069,
17.7523770866335));
#4363=CARTESIAN_POINT('Ctrl Pts',(-9.30981738012324,-1.1414956606254,17.7259184617645));
#4364=CARTESIAN_POINT('Ctrl Pts',(-9.71781389621629,-1.23473886476761,17.6994598368954));
#4365=CARTESIAN_POINT('Ctrl Pts',(-10.1258104123093,-1.32798206890982,17.6730012120264));
#4366=CARTESIAN_POINT('Ctrl Pts',(-10.5845926714521,-1.1990063304269,17.6465425871573));
#4367=CARTESIAN_POINT('Ctrl Pts',(-10.884236732118,-0.906826780885206,17.6200839622882));
#4368=CARTESIAN_POINT('Ctrl Pts',(-11.183880792784,-0.614647231343513,17.5936253374192));
#4369=CARTESIAN_POINT('Ctrl Pts',(-11.3243866549731,-0.159263870743063,
17.5671667125501));
#4370=CARTESIAN_POINT('Ctrl Pts',(-11.2414633749742,0.250954585566479,17.5407080876811));
#4371=CARTESIAN_POINT('Ctrl Pts',(-11.1585400949753,0.661173041876033,17.514249462812));
#4372=CARTESIAN_POINT('Ctrl Pts',(-10.8521876727882,1.02622659389467,17.487790837943));
#4373=CARTESIAN_POINT('Ctrl Pts',(-10.4625830805606,1.17907852871378,17.4613322130739));
#4374=CARTESIAN_POINT('Ctrl Pts',(-10.072978488333,1.33193046353289,17.4348735882049));
#4375=CARTESIAN_POINT('Ctrl Pts',(-9.6001217260649,1.2725807811525,17.4084149633358));
#4376=CARTESIAN_POINT('Ctrl Pts',(-9.26037677325768,1.0281859790294,17.3819563384667));
#4377=CARTESIAN_POINT('Ctrl Pts',(-8.93775204885947,0.796106576442764,17.3568310011047));
#4378=CARTESIAN_POINT('Ctrl Pts',(-8.73516175954485,0.397161540346558,17.3317056637426));
#4379=CARTESIAN_POINT('Ctrl Pts',(-8.73356939847673,-0.000384950460066285,
17.3065803263806));
#4380=CARTESIAN_POINT('Ctrl Pts',(-8.73507969993551,0.00111727650448157,
17.4434196736194));
#4381=CARTESIAN_POINT('Ctrl Pts',(-8.7343076106828,0.0850916238571411,17.4487104198526));
#4382=CARTESIAN_POINT('Ctrl Pts',(-8.74195533919503,0.168926068214146,17.4540011660858));
#4383=CARTESIAN_POINT('Ctrl Pts',(-8.75853692768758,0.250954584629037,17.4592919123189));
#4384=CARTESIAN_POINT('Ctrl Pts',(-8.84146020737676,0.661173039405862,17.485750537188));
#4385=CARTESIAN_POINT('Ctrl Pts',(-9.14781262841928,1.02622659006048,17.512209162057));
#4386=CARTESIAN_POINT('Ctrl Pts',(-9.5374172191912,1.17907852430843,17.5386677869261));
#4387=CARTESIAN_POINT('Ctrl Pts',(-9.92702180996313,1.33193045855638,17.5651264117952));
#4388=CARTESIAN_POINT('Ctrl Pts',(-10.3998785704645,1.27258077639766,17.5915850366642));
#4389=CARTESIAN_POINT('Ctrl Pts',(-10.7396235220022,1.02818597518763,17.6180436615333));
#4390=CARTESIAN_POINT('Ctrl Pts',(-11.07936847354,0.783791173977615,17.6445022864023));
#4391=CARTESIAN_POINT('Ctrl Pts',(-11.2860016161143,0.354351253716305,17.6709609112714));
#4392=CARTESIAN_POINT('Ctrl Pts',(-11.2649742986498,-0.0636359504827443,
17.6974195361404));
#4393=CARTESIAN_POINT('Ctrl Pts',(-11.2439469811853,-0.481623154681805,
17.7238781610095));
#4394=CARTESIAN_POINT('Ctrl Pts',(-10.995259203682,-0.888157642818606,17.7503367858786));
#4395=CARTESIAN_POINT('Ctrl Pts',(-10.6327024596482,-1.0972223655949,17.7767954107476));
#4396=CARTESIAN_POINT('Ctrl Pts',(-10.2701457156145,-1.3062870883712,17.8032540356167));
#4397=CARTESIAN_POINT('Ctrl Pts',(-9.7937200050502,-1.317882045787,17.8297126604857));
#4398=CARTESIAN_POINT('Ctrl Pts',(-9.42142234290771,-1.12670175988616,17.8561712853548));
#4399=CARTESIAN_POINT('Ctrl Pts',(-9.04912468076521,-0.93552147398531,17.8826299102238));
#4400=CARTESIAN_POINT('Ctrl Pts',(-8.78095506704449,-0.541565944767807,
17.9090885350929));
#4401=CARTESIAN_POINT('Ctrl Pts',(-8.73961925417607,-0.125096496274393,
17.935547159962));
#4402=CARTESIAN_POINT('Ctrl Pts',(-8.73551956074957,-0.0837909807457382,
17.9381713311811));
#4403=CARTESIAN_POINT('Ctrl Pts',(-8.73365116528195,-0.0422640023577652,
17.9407955024003));
#4404=CARTESIAN_POINT('Ctrl Pts',(-8.73393126035255,-0.000711525933558439,
17.9434196736194));
#4405=CARTESIAN_POINT('Origin',(-10.0000001490116,0.,2.));
#4406=CARTESIAN_POINT('',(-8.73722517181894,-0.000662480168747859,18.4434196736194));
#4407=CARTESIAN_POINT('',(-8.73684946351423,0.000901447672102678,18.3065803263806));
#4408=CARTESIAN_POINT('',(-8.73550014901162,1.54856587752183E-16,2.));
#4409=CARTESIAN_POINT('Ctrl Pts',(-8.73684946351423,0.000901447672102678,
18.3065803263806));
#4410=CARTESIAN_POINT('Ctrl Pts',(-8.7386511686913,-0.272481684846034,18.2894172039689));
#4411=CARTESIAN_POINT('Ctrl Pts',(-8.82577709171259,-0.546911119709386,
18.2722540815573));
#4412=CARTESIAN_POINT('Ctrl Pts',(-8.98943260149639,-0.763519729504968,
18.2550909591456));
#4413=CARTESIAN_POINT('Ctrl Pts',(-9.24172350971605,-1.09744299897338,18.2286323342765));
#4414=CARTESIAN_POINT('Ctrl Pts',(-9.67588870590702,-1.29395377434656,18.2021737094075));
#4415=CARTESIAN_POINT('Ctrl Pts',(-10.0932682213331,-1.26313507279298,18.1757150845384));
#4416=CARTESIAN_POINT('Ctrl Pts',(-10.5106477367592,-1.23231637123939,18.1492564596694));
#4417=CARTESIAN_POINT('Ctrl Pts',(-10.9112415714204,-0.974168192759037,
18.1227978348003));
#4418=CARTESIAN_POINT('Ctrl Pts',(-11.1117509271453,-0.606810804743524,
18.0963392099313));
#4419=CARTESIAN_POINT('Ctrl Pts',(-11.3122602828701,-0.23945341672801,18.0698805850622));
#4420=CARTESIAN_POINT('Ctrl Pts',(-11.3126851596586,0.237113180822664,18.0434219601931));
#4421=CARTESIAN_POINT('Ctrl Pts',(-11.1128311476173,0.604827507622363,18.0169633353241));
#4422=CARTESIAN_POINT('Ctrl Pts',(-10.9129771355759,0.972541834422062,17.990504710455));
#4423=CARTESIAN_POINT('Ctrl Pts',(-10.5128442347048,1.23140389047079,17.964046085586));
#4424=CARTESIAN_POINT('Ctrl Pts',(-10.0955203347628,1.26296676106236,17.9375874607169));
#4425=CARTESIAN_POINT('Ctrl Pts',(-9.67819643482082,1.29452963165393,17.9111288358479));
#4426=CARTESIAN_POINT('Ctrl Pts',(-9.24368153580797,1.09879331678836,17.8846702109788));
#4427=CARTESIAN_POINT('Ctrl Pts',(-8.9907956191751,0.765320431186664,17.8582115861098));
#4428=CARTESIAN_POINT('Ctrl Pts',(-8.82630208120606,0.548407858514598,17.8410011662));
#4429=CARTESIAN_POINT('Ctrl Pts',(-8.7386567159141,0.273218222164805,17.8237907462903));
#4430=CARTESIAN_POINT('Ctrl Pts',(-8.73683288312476,-0.000909242330757939,
17.8065803263806));
#4431=CARTESIAN_POINT('Ctrl Pts',(-8.73393126035255,-0.000711525933558439,
17.9434196736194));
#4432=CARTESIAN_POINT('Ctrl Pts',(-8.73647526850604,0.376695468754975,17.9672541272693));
#4433=CARTESIAN_POINT('Ctrl Pts',(-8.91625836673101,0.756205916384213,17.9910885809192));
#4434=CARTESIAN_POINT('Ctrl Pts',(-9.21123533105426,0.990988998626759,18.0149230345691));
#4435=CARTESIAN_POINT('Ctrl Pts',(-9.538689232817,1.25162167726521,18.0413816594382));
#4436=CARTESIAN_POINT('Ctrl Pts',(-10.0080990483586,1.33390366677277,18.0678402843072));
#4437=CARTESIAN_POINT('Ctrl Pts',(-10.4046780096515,1.20018538674428,18.0942989091763));
#4438=CARTESIAN_POINT('Ctrl Pts',(-10.8012569709443,1.06646710671579,18.1207575340453));
#4439=CARTESIAN_POINT('Ctrl Pts',(-11.1250050779884,0.716748557151244,18.1472161589144));
#4440=CARTESIAN_POINT('Ctrl Pts',(-11.2277856551864,0.31104964920998,18.1736747837835));
#4441=CARTESIAN_POINT('Ctrl Pts',(-11.3305662323844,-0.094649258731295,
18.2001334086525));
#4442=CARTESIAN_POINT('Ctrl Pts',(-11.2123792797364,-0.556328525049295,
18.2265920335216));
#4443=CARTESIAN_POINT('Ctrl Pts',(-10.9273033289258,-0.862738631317549,
18.2530506583906));
#4444=CARTESIAN_POINT('Ctrl Pts',(-10.6422273781152,-1.16914873758579,18.2795092832597));
#4445=CARTESIAN_POINT('Ctrl Pts',(-10.190262429142,-1.3202896838043,18.3059679081287));
#4446=CARTESIAN_POINT('Ctrl Pts',(-9.77821304262186,-1.24700425535996,18.3324265329978));
#4447=CARTESIAN_POINT('Ctrl Pts',(-9.36616365610174,-1.17371882691561,18.3588851578669));
#4448=CARTESIAN_POINT('Ctrl Pts',(-8.99402983203463,-0.876007023808422,
18.3853437827359));
#4449=CARTESIAN_POINT('Ctrl Pts',(-8.83208798710119,-0.490092150017012,
18.411802407605));
#4450=CARTESIAN_POINT('Ctrl Pts',(-8.76758276538901,-0.336373236254012,
18.4223414962764));
#4451=CARTESIAN_POINT('Ctrl Pts',(-8.7364269201683,-0.168659890238763,18.4328805849479));
#4452=CARTESIAN_POINT('Ctrl Pts',(-8.73722517181894,-0.000662480168747859,
18.4434196736194));
#4453=CARTESIAN_POINT('Origin',(-10.0000001490116,0.,2.));
#4454=CARTESIAN_POINT('',(-8.73634640074333,0.00107386230291811,18.9434196736194));
#4455=CARTESIAN_POINT('',(-8.73357922381458,0.00039795922153793,18.8065803263806));
#4456=CARTESIAN_POINT('',(-8.73550014901162,1.54856587752183E-16,2.));
#4457=CARTESIAN_POINT('Ctrl Pts',(-8.73357922381458,0.00039795922153793,
18.8065803263806));
#4458=CARTESIAN_POINT('Ctrl Pts',(-8.73521608647579,-0.396408375134598,
18.7815022865166));
#4459=CARTESIAN_POINT('Ctrl Pts',(-8.9369407704626,-0.794649208199405,18.7564242466526));
#4460=CARTESIAN_POINT('Ctrl Pts',(-9.25854461864388,-1.02686554227969,18.7313462067886));
#4461=CARTESIAN_POINT('Ctrl Pts',(-9.59785325766122,-1.27186574585302,18.7048875819196));
#4462=CARTESIAN_POINT('Ctrl Pts',(-10.0706034434406,-1.33205847188208,18.6784289570505));
#4463=CARTESIAN_POINT('Ctrl Pts',(-10.4604799624392,-1.17990147336968,18.6519703321814));
#4464=CARTESIAN_POINT('Ctrl Pts',(-10.8503564814378,-1.02774447485728,18.6255117073124));
#4465=CARTESIAN_POINT('Ctrl Pts',(-11.1573593336556,-0.66323775180341,18.5990530824433));
#4466=CARTESIAN_POINT('Ctrl Pts',(-11.241013931174,-0.253167805846858,18.5725944575743));
#4467=CARTESIAN_POINT('Ctrl Pts',(-11.3246685286924,0.156902140109694,18.5461358327052));
#4468=CARTESIAN_POINT('Ctrl Pts',(-11.1849748715114,0.612535308968931,18.5196772078362));
#4469=CARTESIAN_POINT('Ctrl Pts',(-10.8858522645677,0.905248681191608,18.4932185829671));
#4470=CARTESIAN_POINT('Ctrl Pts',(-10.586729657624,1.19796205341429,18.4667599580981));
#4471=CARTESIAN_POINT('Ctrl Pts',(-10.1281781009175,1.3277556290004,18.440301333229));
#4472=CARTESIAN_POINT('Ctrl Pts',(-9.72001597399248,1.23524006054416,18.4138427083599));
#4473=CARTESIAN_POINT('Ctrl Pts',(-9.31185384706742,1.14272449208792,18.3873840834909));
#4474=CARTESIAN_POINT('Ctrl Pts',(-8.95408114992372,0.827899779589307,18.3609254586218));
#4475=CARTESIAN_POINT('Ctrl Pts',(-8.81040311147605,0.434819541558188,18.3344668337528));
#4476=CARTESIAN_POINT('Ctrl Pts',(-8.75992582605122,0.296721725188142,18.3251713312954));
#4477=CARTESIAN_POINT('Ctrl Pts',(-8.7358736646765,0.148965041182641,18.315875828838));
#4478=CARTESIAN_POINT('Ctrl Pts',(-8.73684946351423,0.000901447672102678,
18.3065803263806));
#4479=CARTESIAN_POINT('Ctrl Pts',(-8.73722517181894,-0.000662480168747859,
18.4434196736194));
#4480=CARTESIAN_POINT('Ctrl Pts',(-8.73843094932431,0.253101477424913,18.459339209817));
#4481=CARTESIAN_POINT('Ctrl Pts',(-8.81254574536399,0.507513578244685,18.4752587460146));
#4482=CARTESIAN_POINT('Ctrl Pts',(-8.95476068693846,0.715320627670972,18.4911782822121));
#4483=CARTESIAN_POINT('Ctrl Pts',(-9.19112509750893,1.06070058709185,18.5176369070812));
#4484=CARTESIAN_POINT('Ctrl Pts',(-9.61560378444962,1.27734256145796,18.5440955319502));
#4485=CARTESIAN_POINT('Ctrl Pts',(-10.0339690127495,1.26611818158612,18.5705541568193));
#4486=CARTESIAN_POINT('Ctrl Pts',(-10.4523342410493,1.25489380171427,18.5970127816884));
#4487=CARTESIAN_POINT('Ctrl Pts',(-10.8645860107083,1.01580306760446,18.6234714065574));
#4488=CARTESIAN_POINT('Ctrl Pts',(-11.0820912290917,0.65824617572583,18.6499300314265));
#4489=CARTESIAN_POINT('Ctrl Pts',(-11.2995964474751,0.300689283847218,18.6763886562955));
#4490=CARTESIAN_POINT('Ctrl Pts',(-11.3223551145828,-0.175333765800201,
18.7028472811646));
#4491=CARTESIAN_POINT('Ctrl Pts',(-11.1399535995303,-0.55201020289233,18.7293059060336));
#4492=CARTESIAN_POINT('Ctrl Pts',(-10.9575520844777,-0.928686639984477,
18.7557645309027));
#4493=CARTESIAN_POINT('Ctrl Pts',(-10.5699903872648,-1.20601646452133,18.7822231557718));
#4494=CARTESIAN_POINT('Ctrl Pts',(-10.15460422095,-1.25710250750949,18.8086817806408));
#4495=CARTESIAN_POINT('Ctrl Pts',(-9.73921805463524,-1.30818855049765,18.8351404055099));
#4496=CARTESIAN_POINT('Ctrl Pts',(-9.29600741921849,-1.13303081193712,18.8615990303789));
#4497=CARTESIAN_POINT('Ctrl Pts',(-9.02777118422666,-0.811775814791093,
18.888057655248));
#4498=CARTESIAN_POINT('Ctrl Pts',(-8.84068537959142,-0.587711196392365,
18.9065116613718));
#4499=CARTESIAN_POINT('Ctrl Pts',(-8.73871755270151,-0.292576163265903,
18.9249656674956));
#4500=CARTESIAN_POINT('Ctrl Pts',(-8.73634640074333,0.00107386230291811,
18.9434196736194));
#4501=CARTESIAN_POINT('Origin',(-10.0000001490116,0.,2.));
#4502=CARTESIAN_POINT('',(-8.73342680813625,2.65047592284041E-5,19.4434196736194));
#4503=CARTESIAN_POINT('',(-8.73567793366707,-0.00115502105933623,19.3065803263806));
#4504=CARTESIAN_POINT('',(-8.73550014901162,1.54856587752183E-16,2.));
#4505=CARTESIAN_POINT('Ctrl Pts',(-8.73567793366707,-0.00115502105933623,
19.3065803263806));
#4506=CARTESIAN_POINT('Ctrl Pts',(-8.73473627302268,-0.104993252253071,
19.3000459939333));
#4507=CARTESIAN_POINT('Ctrl Pts',(-8.74645753732067,-0.208621728133213,
19.2935116614861));
#4508=CARTESIAN_POINT('Ctrl Pts',(-8.77166196588237,-0.30885992504857,19.2869773290388));
#4509=CARTESIAN_POINT('Ctrl Pts',(-8.87371898941689,-0.714741454820554,
19.2605187041697));
#4510=CARTESIAN_POINT('Ctrl Pts',(-9.19684300940692,-1.06503671617417,19.2340600793007));
#4511=CARTESIAN_POINT('Ctrl Pts',(-9.59318291233093,-1.19946191326518,19.2076014544317));
#4512=CARTESIAN_POINT('Ctrl Pts',(-9.98952281525494,-1.3338871103562,19.1811428295626));
#4513=CARTESIAN_POINT('Ctrl Pts',(-10.4590786011129,-1.25244224318463,19.1546842046935));
#4514=CARTESIAN_POINT('Ctrl Pts',(-10.7869967105758,-0.992393852016648,
19.1282255798244));
#4515=CARTESIAN_POINT('Ctrl Pts',(-11.1149148200387,-0.732345460848671,
19.1017669549554));
#4516=CARTESIAN_POINT('Ctrl Pts',(-11.3011952531065,-0.293693545684273,
19.0753083300864));
#4517=CARTESIAN_POINT('Ctrl Pts',(-11.2606021011111,0.122848947074682,19.0488497052173));
#4518=CARTESIAN_POINT('Ctrl Pts',(-11.2200089491156,0.539391439833648,19.0223910803483));
#4519=CARTESIAN_POINT('Ctrl Pts',(-10.952542212057,0.933824510187185,18.9959324554792));
#4520=CARTESIAN_POINT('Ctrl Pts',(-10.5805860287104,1.12566832669693,18.9694738306101));
#4521=CARTESIAN_POINT('Ctrl Pts',(-10.2086298453638,1.31751214320668,18.9430152057411));
#4522=CARTESIAN_POINT('Ctrl Pts',(-9.73218421572934,1.30676670587263,18.916556580872));
#4523=CARTESIAN_POINT('Ctrl Pts',(-9.36925526908229,1.09834877970397,18.890097956003));
#4524=CARTESIAN_POINT('Ctrl Pts',(-9.00632632243525,0.889930853535327,18.8636393311339));
#4525=CARTESIAN_POINT('Ctrl Pts',(-8.75691405877565,0.483840438532088,18.8371807062648));
#4526=CARTESIAN_POINT('Ctrl Pts',(-8.73514147307347,0.0658913904716714,
18.8107220813958));
#4527=CARTESIAN_POINT('Ctrl Pts',(-8.73400540098013,0.0440832204896963,
18.8093414963907));
#4528=CARTESIAN_POINT('Ctrl Pts',(-8.73348911198535,0.0222427636041072,
18.8079609113856));
#4529=CARTESIAN_POINT('Ctrl Pts',(-8.73357922381458,0.00039795922153793,
18.8065803263806));
#4530=CARTESIAN_POINT('Ctrl Pts',(-8.73634640074333,0.00107386230291811,
18.9434196736194));
#4531=CARTESIAN_POINT('Ctrl Pts',(-8.73531788870725,0.128447641385718,18.9514242923647));
#4532=CARTESIAN_POINT('Ctrl Pts',(-8.75302830809958,0.255542019024523,18.9594289111099));
#4533=CARTESIAN_POINT('Ctrl Pts',(-8.79065928334315,0.376435657278673,18.9674335298552));
#4534=CARTESIAN_POINT('Ctrl Pts',(-8.91504545201842,0.776039876470838,18.9938921547242));
#4535=CARTESIAN_POINT('Ctrl Pts',(-9.25707962393588,1.10789605912363,19.0203507795933));
#4536=CARTESIAN_POINT('Ctrl Pts',(-9.66025801091547,1.22015753616016,19.0468094044623));
#4537=CARTESIAN_POINT('Ctrl Pts',(-10.0634363978951,1.3324190131967,19.0732680293314));
#4538=CARTESIAN_POINT('Ctrl Pts',(-10.5277589999368,1.22508578461698,19.0997266542004));
#4539=CARTESIAN_POINT('Ctrl Pts',(-10.840766793576,0.947270068583732,19.1261852790695));
#4540=CARTESIAN_POINT('Ctrl Pts',(-11.1537745872151,0.669454352550492,19.1526439039386));
#4541=CARTESIAN_POINT('Ctrl Pts',(-11.3154675724516,0.221156149063743,19.1791025288076));
#4542=CARTESIAN_POINT('Ctrl Pts',(-11.2518602624852,-0.192497765546926,
19.2055611536767));
#4543=CARTESIAN_POINT('Ctrl Pts',(-11.1882529525188,-0.606151680157594,
19.2320197785457));
#4544=CARTESIAN_POINT('Ctrl Pts',(-10.8993453473494,-0.985161305892172,
19.2584784034148));
#4545=CARTESIAN_POINT('Ctrl Pts',(-10.5173322343856,-1.15610408133923,19.2849370282838));
#4546=CARTESIAN_POINT('Ctrl Pts',(-10.1353191214217,-1.32704685678629,19.3113956531529));
#4547=CARTESIAN_POINT('Ctrl Pts',(-9.66020050066325,-1.2899227819458,19.3378542780219));
#4548=CARTESIAN_POINT('Ctrl Pts',(-9.30937530499095,-1.06171863422848,19.364312902891));
#4549=CARTESIAN_POINT('Ctrl Pts',(-8.95973949364204,-0.834288155105032,
19.3906818264671));
#4550=CARTESIAN_POINT('Ctrl Pts',(-8.7335557649759,-0.417071024439286,19.4170507500433));
#4551=CARTESIAN_POINT('Ctrl Pts',(-8.73342707517338,2.65013455327436E-5,
19.4434196736194));
#4552=CARTESIAN_POINT('Origin',(-10.0000001490116,0.,2.));
#4553=CARTESIAN_POINT('',(-8.73626921868716,-0.00109070035656987,19.9434196736194));
#4554=CARTESIAN_POINT('',(-8.73749974838542,0.000315359258356851,19.8065803263806));
#4555=CARTESIAN_POINT('',(-8.73550014901162,1.54856587752183E-16,2.));
#4556=CARTESIAN_POINT('Ctrl Pts',(-8.73749974838542,0.000315359258356851,
19.8065803263806));
#4557=CARTESIAN_POINT('Ctrl Pts',(-8.7380142016995,-0.230136878152818,19.792131076481));
#4558=CARTESIAN_POINT('Ctrl Pts',(-8.79830424174551,-0.460839746908617,
19.7776818265814));
#4559=CARTESIAN_POINT('Ctrl Pts',(-8.91673708425586,-0.6563156846901,19.7632325766818));
#4560=CARTESIAN_POINT('Ctrl Pts',(-9.1336044077455,-1.01425983712902,19.7367739518128));
#4561=CARTESIAN_POINT('Ctrl Pts',(-9.54542920743007,-1.25408526694429,19.7103153269437));
#4562=CARTESIAN_POINT('Ctrl Pts',(-9.96377375834248,-1.26605560464514,19.6838567020746));
#4563=CARTESIAN_POINT('Ctrl Pts',(-10.3821183092549,-1.27802594234599,19.6573980772056));
#4564=CARTESIAN_POINT('Ctrl Pts',(-10.8069826113951,-1.06214118793244,19.6309394523365));
#4565=CARTESIAN_POINT('Ctrl Pts',(-11.0439624846935,-0.717183231198223,
19.6044808274675));
#4566=CARTESIAN_POINT('Ctrl Pts',(-11.2809423579919,-0.372225274463996,
19.5780222025984));
#4567=CARTESIAN_POINT('Ctrl Pts',(-11.3300378024484,0.101805884590903,19.5515635777294));
#4568=CARTESIAN_POINT('Ctrl Pts',(-11.1687843286329,0.488008900432552,19.5251049528603));
#4569=CARTESIAN_POINT('Ctrl Pts',(-11.0075308548173,0.87421191627419,19.4986463279912));
#4570=CARTESIAN_POINT('Ctrl Pts',(-10.6359284627296,1.17258678890258,19.4721877031222));
#4571=CARTESIAN_POINT('Ctrl Pts',(-10.2240104029437,1.24660681514564,19.4457290782531));
#4572=CARTESIAN_POINT('Ctrl Pts',(-9.81209234315787,1.3206268413887,19.4192704533841));
#4573=CARTESIAN_POINT('Ctrl Pts',(-9.35985861567383,1.17029202124641,19.392811828515));
#4574=CARTESIAN_POINT('Ctrl Pts',(-9.07423676547133,0.864390712080081,19.366353203646));
#4575=CARTESIAN_POINT('Ctrl Pts',(-8.85915327970244,0.634036067188199,19.3464289112242));
#4576=CARTESIAN_POINT('Ctrl Pts',(-8.73854921733563,0.31546542939419,19.3265046188024));
#4577=CARTESIAN_POINT('Ctrl Pts',(-8.73567793366707,-0.00115502105933623,
19.3065803263806));
#4578=CARTESIAN_POINT('Ctrl Pts',(-8.73342707517338,2.65013455329162E-5,
19.4434196736194));
#4579=CARTESIAN_POINT('Ctrl Pts',(-8.7334266373989,0.00144537562097853,
19.4435093749123));
#4580=CARTESIAN_POINT('Ctrl Pts',(-8.7334288155585,0.0028642485123431,19.4435990762053));
#4581=CARTESIAN_POINT('Ctrl Pts',(-8.73343361369122,0.00428311254381808,
19.4436887774982));
#4582=CARTESIAN_POINT('Ctrl Pts',(-8.73484888864998,0.422796491004629,19.4701474023672));
#4583=CARTESIAN_POINT('Ctrl Pts',(-8.96421120915366,0.840539027332104,19.4966060272363));
#4584=CARTESIAN_POINT('Ctrl Pts',(-9.31657178653779,1.06636523143476,19.5230646521053));
#4585=CARTESIAN_POINT('Ctrl Pts',(-9.66893236392193,1.29219143553744,19.5495232769744));
#4586=CARTESIAN_POINT('Ctrl Pts',(-10.1442911981865,1.32610130741527,19.5759819018435));
#4587=CARTESIAN_POINT('Ctrl Pts',(-10.5251394425102,1.15257878510338,19.6024405267125));
#4588=CARTESIAN_POINT('Ctrl Pts',(-10.9059876868339,0.979056262791495,19.6288991515816));
#4589=CARTESIAN_POINT('Ctrl Pts',(-11.1923253412166,0.598101346289923,19.6553577764506));
#4590=CARTESIAN_POINT('Ctrl Pts',(-11.2531335447117,0.184026699225434,19.6818164013197));
#4591=CARTESIAN_POINT('Ctrl Pts',(-11.3139417482068,-0.230047947839079,
19.7082750261887));
#4592=CARTESIAN_POINT('Ctrl Pts',(-11.1492205008142,-0.677242325466512,
19.7347336510578));
#4593=CARTESIAN_POINT('Ctrl Pts',(-10.8343409242735,-0.952934732383084,
19.7611922759269));
#4594=CARTESIAN_POINT('Ctrl Pts',(-10.5194613477328,-1.22862713929965,19.7876509007959));
#4595=CARTESIAN_POINT('Ctrl Pts',(-10.054423442044,-1.33281757550536,19.8141095256649));
#4596=CARTESIAN_POINT('Ctrl Pts',(-9.65201353051398,-1.21783186310474,19.840568150534));
#4597=CARTESIAN_POINT('Ctrl Pts',(-9.24960361898393,-1.10284615070411,19.8670267754031));
#4598=CARTESIAN_POINT('Ctrl Pts',(-8.90982170161262,-0.768684289697141,
19.8934854002721));
#4599=CARTESIAN_POINT('Ctrl Pts',(-8.78814100765544,-0.36824795309418,19.9199440251412));
#4600=CARTESIAN_POINT('Ctrl Pts',(-8.75215358437267,-0.249817728261614,
19.9277692413006));
#4601=CARTESIAN_POINT('Ctrl Pts',(-8.73524343213489,-0.125590488105074,
19.93559445746));
#4602=CARTESIAN_POINT('Ctrl Pts',(-8.73626921868716,-0.0010907003565698,
19.9434196736194));
#4603=CARTESIAN_POINT('Origin',(-10.0000001490116,0.,2.));
#4604=CARTESIAN_POINT('',(-8.73726904283586,0.000623249093803324,20.4434196736194));
#4605=CARTESIAN_POINT('',(-8.73452207563934,0.000987312430694997,20.3065803263806));
#4606=CARTESIAN_POINT('',(-8.73550014901162,1.54856587752183E-16,2.));
#4607=CARTESIAN_POINT('Ctrl Pts',(-8.73452207563934,0.000987312430694997,
20.3065803263806));
#4608=CARTESIAN_POINT('Ctrl Pts',(-8.73756766572628,-0.353570889259336,
20.2842161590287));
#4609=CARTESIAN_POINT('Ctrl Pts',(-8.89339490283216,-0.710474154906534,
20.2618519916767));
#4610=CARTESIAN_POINT('Ctrl Pts',(-9.15754578642382,-0.945769418194027,
20.2394878243248));
#4611=CARTESIAN_POINT('Ctrl Pts',(-9.47005771802413,-1.22414280928988,20.2130291994558));
#4612=CARTESIAN_POINT('Ctrl Pts',(-9.93418820072545,-1.33230378861573,20.1865705745867));
#4613=CARTESIAN_POINT('Ctrl Pts',(-10.3375661186671,-1.22076138600663,20.1601119497177));
#4614=CARTESIAN_POINT('Ctrl Pts',(-10.7409440366088,-1.10921898339753,20.1336533248486));
#4615=CARTESIAN_POINT('Ctrl Pts',(-11.0835693897908,-0.77797319885346,20.1071946999796));
#4616=CARTESIAN_POINT('Ctrl Pts',(-11.2086678845836,-0.378591402994727,
20.0807360751105));
#4617=CARTESIAN_POINT('Ctrl Pts',(-11.3337663793765,0.0207903928640062,
20.0542774502414));
#4618=CARTESIAN_POINT('Ctrl Pts',(-11.2413380157801,0.488308200037398,20.0278188253724));
#4619=CARTESIAN_POINT('Ctrl Pts',(-10.9736750272197,0.810040972408659,20.0013602005033));
#4620=CARTESIAN_POINT('Ctrl Pts',(-10.7060120386593,1.13177374477991,19.9749015756343));
#4621=CARTESIAN_POINT('Ctrl Pts',(-10.2631144251349,1.30772148234904,19.9484429507652));
#4622=CARTESIAN_POINT('Ctrl Pts',(-9.8476378274671,1.25737618412623,19.9219843258962));
#4623=CARTESIAN_POINT('Ctrl Pts',(-9.43216122979927,1.20703088590343,19.8955257010271));
#4624=CARTESIAN_POINT('Ctrl Pts',(-9.04410564798803,0.930392551888677,19.869067076158));
#4625=CARTESIAN_POINT('Ctrl Pts',(-8.86103278072977,0.554041947350016,19.842608451289));
#4626=CARTESIAN_POINT('Ctrl Pts',(-8.77793735454945,0.383219179641655,19.8305990763195));
#4627=CARTESIAN_POINT('Ctrl Pts',(-8.73707216475333,0.191853837093198,19.81858970135));
#4628=CARTESIAN_POINT('Ctrl Pts',(-8.73749974838542,0.000315359258356851,
19.8065803263806));
#4629=CARTESIAN_POINT('Ctrl Pts',(-8.73626921868716,-0.00109070035656987,
19.9434196736194));
#4630=CARTESIAN_POINT('Ctrl Pts',(-8.73871182214859,0.295368257724705,19.9620530823291));
#4631=CARTESIAN_POINT('Ctrl Pts',(-8.84285327676551,0.593372592232178,19.9806864910387));
#4632=CARTESIAN_POINT('Ctrl Pts',(-9.03328367646408,0.81833269221742,19.9993198997484));
#4633=CARTESIAN_POINT('Ctrl Pts',(-9.30368650977296,1.13776618872714,20.0257785246174));
#4634=CARTESIAN_POINT('Ctrl Pts',(-9.74807164693376,1.30992236954763,20.0522371494864));
#4635=CARTESIAN_POINT('Ctrl Pts',(-10.1631028043621,1.25602812757685,20.0786957743555));
#4636=CARTESIAN_POINT('Ctrl Pts',(-10.5781339617904,1.20213388560607,20.1051543992246));
#4637=CARTESIAN_POINT('Ctrl Pts',(-10.9638111394862,0.92218922084399,20.1316130240936));
#4638=CARTESIAN_POINT('Ctrl Pts',(-11.1436609196457,0.544287768702684,20.1580716489627));
#4639=CARTESIAN_POINT('Ctrl Pts',(-11.3235106998051,0.166386316561388,20.1845302738318));
#4640=CARTESIAN_POINT('Ctrl Pts',(-11.2975330824281,-0.309471922959155,
20.2109888987008));
#4641=CARTESIAN_POINT('Ctrl Pts',(-11.0776145860594,-0.665549591324935,
20.2374475235698));
#4642=CARTESIAN_POINT('Ctrl Pts',(-10.8576960896907,-1.02162725969072,20.2639061484389));
#4643=CARTESIAN_POINT('Ctrl Pts',(-10.4438367143302,-1.25792435690176,20.290364773308));
#4644=CARTESIAN_POINT('Ctrl Pts',(-10.0254051410505,-1.26631896448963,20.316823398177));
#4645=CARTESIAN_POINT('Ctrl Pts',(-9.60697356777073,-1.2747135720775,20.3432820230461));
#4646=CARTESIAN_POINT('Ctrl Pts',(-9.18396979657179,-1.05520569004219,20.3697406479151));
#4647=CARTESIAN_POINT('Ctrl Pts',(-8.94994668866617,-0.708235034337563,
20.3961992727842));
#4648=CARTESIAN_POINT('Ctrl Pts',(-8.81072724680552,-0.501823533090846,
20.4119394063959));
#4649=CARTESIAN_POINT('Ctrl Pts',(-8.73838832790667,-0.25030277668223,20.4276795400077));
#4650=CARTESIAN_POINT('Ctrl Pts',(-8.73726904283586,0.000623249093803325,
20.4434196736194));
#4651=CARTESIAN_POINT('Origin',(-10.0000001490116,0.,2.));
#4652=CARTESIAN_POINT('',(-8.73399493178711,0.000751320620494415,20.9434196736194));
#4653=CARTESIAN_POINT('',(-8.73440173576675,-0.000945107671470081,20.8065803263806));
#4654=CARTESIAN_POINT('',(-8.73550014901162,1.54856587752183E-16,2.));
#4655=CARTESIAN_POINT('Ctrl Pts',(-8.73440173576675,-0.000945107671470081,
20.8065803263806));
#4656=CARTESIAN_POINT('Ctrl Pts',(-8.73389661837015,-0.0614991328711661,
20.8027598664454));
#4657=CARTESIAN_POINT('Ctrl Pts',(-8.73786690694734,-0.121986629207337,
20.7989394065102));
#4658=CARTESIAN_POINT('Ctrl Pts',(-8.74654060771565,-0.181791979384086,
20.795118946575));
#4659=CARTESIAN_POINT('Ctrl Pts',(-8.80661038956084,-0.595974395200896,
20.768660321706));
#4660=CARTESIAN_POINT('Ctrl Pts',(-9.09226831950616,-0.97743926839458,20.7422016968369));
#4661=CARTESIAN_POINT('Ctrl Pts',(-9.47280655654996,-1.15164059562941,20.7157430719678));
#4662=CARTESIAN_POINT('Ctrl Pts',(-9.85334479359375,-1.32584192286423,20.6892844470988));
#4663=CARTESIAN_POINT('Ctrl Pts',(-10.328763337736,-1.2927797041402,20.6628258222297));
#4664=CARTESIAN_POINT('Ctrl Pts',(-10.6815260208442,-1.06758214272117,20.6363671973607));
#4665=CARTESIAN_POINT('Ctrl Pts',(-11.0342887039524,-0.842384581302136,
20.6099085724916));
#4666=CARTESIAN_POINT('Ctrl Pts',(-11.2643955260265,-0.425051677188085,
20.5834499476226));
#4667=CARTESIAN_POINT('Ctrl Pts',(-11.2665570385334,-0.00654148600218402,
20.5569913227535));
#4668=CARTESIAN_POINT('Ctrl Pts',(-11.2687185510403,0.411968705183705,20.5305326978844));
#4669=CARTESIAN_POINT('Ctrl Pts',(-11.0429347539801,0.831656183441446,20.5040740730154));
#4670=CARTESIAN_POINT('Ctrl Pts',(-10.6925170192881,1.06048551608064,20.4776154481464));
#4671=CARTESIAN_POINT('Ctrl Pts',(-10.3420992845961,1.28931484871983,20.4511568232773));
#4672=CARTESIAN_POINT('Ctrl Pts',(-9.86704761227233,1.32728603574047,20.4246981984082));
#4673=CARTESIAN_POINT('Ctrl Pts',(-9.48473030175652,1.15702468856286,20.3982395735392));
#4674=CARTESIAN_POINT('Ctrl Pts',(-9.10241299124072,0.986763341385262,20.3717809486701));
#4675=CARTESIAN_POINT('Ctrl Pts',(-8.81283004253281,0.60826946000943,20.3453223238011));
#4676=CARTESIAN_POINT('Ctrl Pts',(-8.74848525842851,0.19472961788858,20.318863698932));
#4677=CARTESIAN_POINT('Ctrl Pts',(-8.73852793879197,0.130734556785195,20.3147692414149));
#4678=CARTESIAN_POINT('Ctrl Pts',(-8.73396448549841,0.0659002363651119,
20.3106747838977));
#4679=CARTESIAN_POINT('Ctrl Pts',(-8.73452207563934,0.000987312430694997,
20.3065803263806));
#4680=CARTESIAN_POINT('Ctrl Pts',(-8.73726904283586,0.000623249093803325,
20.4434196736194));
#4681=CARTESIAN_POINT('Ctrl Pts',(-8.73650684808315,0.171495268344334,20.4541381648767));
#4682=CARTESIAN_POINT('Ctrl Pts',(-8.76877021582962,0.34209150249712,20.464856656134));
#4683=CARTESIAN_POINT('Ctrl Pts',(-8.83542932245677,0.497979842347009,20.4755751473914));
#4684=CARTESIAN_POINT('Ctrl Pts',(-8.9999775087653,0.882790633953074,20.5020337722604));
#4685=CARTESIAN_POINT('Ctrl Pts',(-9.37411632599466,1.17797878779126,20.5284923971295));
#4686=CARTESIAN_POINT('Ctrl Pts',(-9.78665193736138,1.24847574026579,20.5549510219985));
#4687=CARTESIAN_POINT('Ctrl Pts',(-10.1991875487281,1.31897269274032,20.5814096468676));
#4688=CARTESIAN_POINT('Ctrl Pts',(-10.6501199542321,1.16477844385125,20.6078682717366));
#4689=CARTESIAN_POINT('Ctrl Pts',(-10.9331170517947,0.856447300881476,20.6343268966057));
#4690=CARTESIAN_POINT('Ctrl Pts',(-11.2161141493572,0.548116157911683,20.6607855214748));
#4691=CARTESIAN_POINT('Ctrl Pts',(-11.3311759389783,0.0856481208611684,
20.6872441463438));
#4692=CARTESIAN_POINT('Ctrl Pts',(-11.2256538626219,-0.319346375836426,
20.7137027712129));
#4693=CARTESIAN_POINT('Ctrl Pts',(-11.1201317862655,-0.724340872534009,
20.7401613960819));
#4694=CARTESIAN_POINT('Ctrl Pts',(-10.7940258439317,-1.07186182887868,20.766620020951));
#4695=CARTESIAN_POINT('Ctrl Pts',(-10.3965515804801,-1.20289488137863,20.79307864582));
#4696=CARTESIAN_POINT('Ctrl Pts',(-9.99907731702839,-1.33392793387859,20.8195372706891));
#4697=CARTESIAN_POINT('Ctrl Pts',(-9.53023473245889,-1.24847308253383,20.8459958955582));
#4698=CARTESIAN_POINT('Ctrl Pts',(-9.20455104822991,-0.985631706831797,
20.8724545204272));
#4699=CARTESIAN_POINT('Ctrl Pts',(-8.91337702768655,-0.750641181256364,
20.8961095714913));
#4700=CARTESIAN_POINT('Ctrl Pts',(-8.73663081965799,-0.373864487279753,
20.9197646225553));
#4701=CARTESIAN_POINT('Ctrl Pts',(-8.73399493178711,0.000751320620494415,
20.9434196736194));
#4702=CARTESIAN_POINT('Origin',(-10.0000001490116,0.,2.));
#4703=CARTESIAN_POINT('',(-8.73499382572093,-0.00110357439814071,21.4434196736194));
#4704=CARTESIAN_POINT('',(-8.73746365781851,-0.000383800019771521,21.3065803263806));
#4705=CARTESIAN_POINT('',(-8.73550014901162,1.54856587752183E-16,2.));
#4706=CARTESIAN_POINT('Ctrl Pts',(-8.73746365781851,-0.000383800019771521,
21.3065803263806));
#4707=CARTESIAN_POINT('Ctrl Pts',(-8.73695432714289,-0.187538910831721,
21.2948449489931));
#4708=CARTESIAN_POINT('Ctrl Pts',(-8.77589966029297,-0.374492453297949,
21.2831095716055));
#4709=CARTESIAN_POINT('Ctrl Pts',(-8.85537068747572,-0.542247675161765,
21.271374194218));
#4710=CARTESIAN_POINT('Ctrl Pts',(-9.03454635663002,-0.920469213213058,
21.244915569349));
#4711=CARTESIAN_POINT('Ctrl Pts',(-9.41972376096738,-1.20110112445847,21.2184569444799));
#4712=CARTESIAN_POINT('Ctrl Pts',(-9.83465816282835,-1.2557353116956,21.1919983196109));
#4713=CARTESIAN_POINT('Ctrl Pts',(-10.2495925646893,-1.31036949893274,21.1655396947418));
#4714=CARTESIAN_POINT('Ctrl Pts',(-10.6942839640739,-1.1390059621616,21.1390810698728));
#4715=CARTESIAN_POINT('Ctrl Pts',(-10.9652559416973,-0.820055120172429,
21.1126224450037));
#4716=CARTESIAN_POINT('Ctrl Pts',(-11.2362279193208,-0.501104278183244,
21.0861638201346));
#4717=CARTESIAN_POINT('Ctrl Pts',(-11.3334804751831,-0.0345661309760082,
21.0597051952656));
#4718=CARTESIAN_POINT('Ctrl Pts',(-11.2125139813164,0.366086536086588,21.0332465703965));
#4719=CARTESIAN_POINT('Ctrl Pts',(-11.0915474874497,0.766739203149174,21.0067879455275));
#4720=CARTESIAN_POINT('Ctrl Pts',(-10.7523619438539,1.10150639006712,20.9803293206584));
#4721=CARTESIAN_POINT('Ctrl Pts',(-10.3501576984097,1.21720944624735,20.9538706957894));
#4722=CARTESIAN_POINT('Ctrl Pts',(-9.94795345296555,1.33291250242758,20.9274120709203));
#4723=CARTESIAN_POINT('Ctrl Pts',(-9.48273050567294,1.22955142787007,20.9009534460512));
#4724=CARTESIAN_POINT('Ctrl Pts',(-9.16735984889916,0.954420911371349,20.8744948211822));
#4725=CARTESIAN_POINT('Ctrl Pts',(-8.89752674235343,0.719017520542772,20.8518566562483));
#4726=CARTESIAN_POINT('Ctrl Pts',(-8.73739481281225,0.357868237615227,20.8292184913145));
#4727=CARTESIAN_POINT('Ctrl Pts',(-8.73440173576675,-0.000945107671470081,
20.8065803263806));
#4728=CARTESIAN_POINT('Ctrl Pts',(-8.73399493178711,0.000751320620494415,
20.9434196736194));
#4729=CARTESIAN_POINT('Ctrl Pts',(-8.73368252890252,0.0451504243517376,
20.9462232474244));
#4730=CARTESIAN_POINT('Ctrl Pts',(-8.73581581215235,0.0895191746317306,
20.9490268212294));
#4731=CARTESIAN_POINT('Ctrl Pts',(-8.74049414148867,0.133617927166111,20.9518303950344));
#4732=CARTESIAN_POINT('Ctrl Pts',(-8.78464570286485,0.549798285402712,20.9782890199034));
#4733=CARTESIAN_POINT('Ctrl Pts',(-9.0554736095057,0.94193110181661,21.0047476447725));
#4734=CARTESIAN_POINT('Ctrl Pts',(-9.42905576001253,1.13058906686605,21.0312062696416));
#4735=CARTESIAN_POINT('Ctrl Pts',(-9.80263791051934,1.31924703191548,21.0576648945106));
#4736=CARTESIAN_POINT('Ctrl Pts',(-10.2789743048921,1.30443014560046,21.0841235193796));
#4737=CARTESIAN_POINT('Ctrl Pts',(-10.6401087963826,1.09291813646195,21.1105821442487));
#4738=CARTESIAN_POINT('Ctrl Pts',(-11.0012432878731,0.881406127323443,21.1370407691178));
#4739=CARTESIAN_POINT('Ctrl Pts',(-11.2471758764812,0.473198995361451,21.1634993939868));
#4740=CARTESIAN_POINT('Ctrl Pts',(-11.2653757541351,0.0550791376564197,
21.1899580188559));
#4741=CARTESIAN_POINT('Ctrl Pts',(-11.283575631789,-0.363040720048623,21.216416643725));
#4742=CARTESIAN_POINT('Ctrl Pts',(-11.0740427984885,-0.791073303496705,
21.242875268594));
#4743=CARTESIAN_POINT('Ctrl Pts',(-10.7326527101152,-1.03316472943814,21.269333893463));
#4744=CARTESIAN_POINT('Ctrl Pts',(-10.3912626217419,-1.27525615537958,21.2957925183321));
#4745=CARTESIAN_POINT('Ctrl Pts',(-9.91801527829568,-1.33140642381437,21.3222511432012));
#4746=CARTESIAN_POINT('Ctrl Pts',(-9.52945337660798,-1.17592298575506,21.3487097680702));
#4747=CARTESIAN_POINT('Ctrl Pts',(-9.1408914749203,-1.02043954769576,21.3751683929393));
#4748=CARTESIAN_POINT('Ctrl Pts',(-8.83701501499108,-0.653322403142366,
21.4016270178083));
#4749=CARTESIAN_POINT('Ctrl Pts',(-8.75686804862095,-0.242552498286186,
21.4280856426774));
#4750=CARTESIAN_POINT('Ctrl Pts',(-8.74138505623426,-0.163198935729642,
21.4331969863247));
#4751=CARTESIAN_POINT('Ctrl Pts',(-8.73425153296773,-0.0822162747097723,
21.4383083299721));
#4752=CARTESIAN_POINT('Ctrl Pts',(-8.73499382572093,-0.00110357439814071,
21.4434196736194));
#4753=CARTESIAN_POINT('Origin',(-10.0000001490116,0.,2.));
#4754=CARTESIAN_POINT('',(-8.73757047610077,-5.31240273769407E-5,21.9434196736194));
#4755=CARTESIAN_POINT('',(-8.7358075614217,0.00114998002977928,21.8065803263806));
#4756=CARTESIAN_POINT('',(-8.73550014901162,1.54856587752183E-16,2.));
#4757=CARTESIAN_POINT('Ctrl Pts',(-8.7358075614217,0.00114998002977928,
21.8065803263806));
#4758=CARTESIAN_POINT('Ctrl Pts',(-8.7386024185754,-0.311197941325489,21.7869300315407));
#4759=CARTESIAN_POINT('Ctrl Pts',(-8.8555899399862,-0.625416318831289,21.7672797367009));
#4760=CARTESIAN_POINT('Ctrl Pts',(-9.06535761826739,-0.85478212730397,21.747629441861));
#4761=CARTESIAN_POINT('Ctrl Pts',(-9.34780449016065,-1.16361738568699,21.721170816992));
#4762=CARTESIAN_POINT('Ctrl Pts',(-9.79846124095292,-1.31861543530917,21.6947121921229));
#4763=CARTESIAN_POINT('Ctrl Pts',(-10.2111218992568,-1.24885417563768,21.6682535672539));
#4764=CARTESIAN_POINT('Ctrl Pts',(-10.6237825575607,-1.17909291596621,21.6417949423848));
#4765=CARTESIAN_POINT('Ctrl Pts',(-10.9984471233763,-0.884572347001108,
21.6153363175158));
#4766=CARTESIAN_POINT('Ctrl Pts',(-11.1636811943505,-0.500055567065508,
21.5888776926467));
#4767=CARTESIAN_POINT('Ctrl Pts',(-11.3289152653248,-0.115538787129876,
21.5624190677776));
#4768=CARTESIAN_POINT('Ctrl Pts',(-11.2847188414577,0.358974203776297,21.5359604429086));
#4769=CARTESIAN_POINT('Ctrl Pts',(-11.0513147786131,0.706361589428721,21.5095018180395));
#4770=CARTESIAN_POINT('Ctrl Pts',(-10.8179107157685,1.05374897508113,21.4830431931705));
#4771=CARTESIAN_POINT('Ctrl Pts',(-10.3952990139465,1.27401075547983,21.4565845683014));
#4772=CARTESIAN_POINT('Ctrl Pts',(-9.97685313607787,1.26636225513339,21.4301259434324));
#4773=CARTESIAN_POINT('Ctrl Pts',(-9.55840725820928,1.25871375478696,21.4036673185633));
#4774=CARTESIAN_POINT('Ctrl Pts',(-9.14412720429411,1.0231549736954,21.3772086936943));
#4775=CARTESIAN_POINT('Ctrl Pts',(-8.92357414432215,0.667470000721036,21.3507500688252));
#4776=CARTESIAN_POINT('Ctrl Pts',(-8.80084451264824,0.469544450603363,21.3360268213437));
#4777=CARTESIAN_POINT('Ctrl Pts',(-8.73810266595089,0.234421687944264,21.3213035738621));
#4778=CARTESIAN_POINT('Ctrl Pts',(-8.73746365781851,-0.000383800019771521,
21.3065803263806));
#4779=CARTESIAN_POINT('Ctrl Pts',(-8.73499382572093,-0.00110357439814071,
21.4434196736194));
#4780=CARTESIAN_POINT('Ctrl Pts',(-8.73809397574893,0.337659722236128,21.4647669548411));
#4781=CARTESIAN_POINT('Ctrl Pts',(-8.87857002368191,0.678691261859307,21.4861142360628));
#4782=CARTESIAN_POINT('Ctrl Pts',(-9.12191690395949,0.912786365041287,21.5074615172846));
#4783=CARTESIAN_POINT('Ctrl Pts',(-9.42353019847918,1.20293265835358,21.5339201421536));
#4784=CARTESIAN_POINT('Ctrl Pts',(-9.88317426032964,1.32880257981919,21.5603787670227));
#4785=CARTESIAN_POINT('Ctrl Pts',(-10.2905308149046,1.23280211941024,21.5868373918917));
#4786=CARTESIAN_POINT('Ctrl Pts',(-10.6978873694795,1.13680165900129,21.6132960167608));
#4787=CARTESIAN_POINT('Ctrl Pts',(-11.0529564167789,0.818930816717748,21.6397546416298));
#4788=CARTESIAN_POINT('Ctrl Pts',(-11.1932698307196,0.424637021658528,21.6662132664989));
#4789=CARTESIAN_POINT('Ctrl Pts',(-11.3335832446603,0.0303432265993084,
21.692671891368));
#4790=CARTESIAN_POINT('Ctrl Pts',(-11.2591410252423,-0.440373521235573,
21.719130516237));
#4791=CARTESIAN_POINT('Ctrl Pts',(-11.0040055273296,-0.772128443819555,
21.7455891411061));
#4792=CARTESIAN_POINT('Ctrl Pts',(-10.7488700294168,-1.10388336640353,21.7720477659751));
#4793=CARTESIAN_POINT('Ctrl Pts',(-10.3130412530093,-1.29667646373658,21.7985063908442));
#4794=CARTESIAN_POINT('Ctrl Pts',(-9.89594036741087,-1.26229184236443,21.8249650157132));
#4795=CARTESIAN_POINT('Ctrl Pts',(-9.47883948181245,-1.22790722099228,21.8514236405823));
#4796=CARTESIAN_POINT('Ctrl Pts',(-9.08046648702313,-0.966344880914921,
21.8778822654513));
#4797=CARTESIAN_POINT('Ctrl Pts',(-8.88310399662987,-0.597287299581534,
21.9043408903204));
#4798=CARTESIAN_POINT('Ctrl Pts',(-8.7859373697221,-0.415590766256224,21.9173671514201));
#4799=CARTESIAN_POINT('Ctrl Pts',(-8.73749259316216,-0.207839042067543,
21.9303934125197));
#4800=CARTESIAN_POINT('Ctrl Pts',(-8.73757047610077,-5.31240273769407E-5,
21.9434196736194));
#4801=CARTESIAN_POINT('Origin',(-10.0000001490116,0.,2.));
#4802=CARTESIAN_POINT('',(-8.73518876389782,0.00113161764655089,22.4434196736194));
#4803=CARTESIAN_POINT('',(-8.7335264436804,-0.000321757275133271,22.3065803263806));
#4804=CARTESIAN_POINT('',(-8.73550014901162,1.54856587752183E-16,2.));
#4805=CARTESIAN_POINT('Ctrl Pts',(-8.7335264436804,-0.000321757275133271,
22.3065803263806));
#4806=CARTESIAN_POINT('Ctrl Pts',(-8.73346672430181,-0.0178291879427186,
22.3054737389575));
#4807=CARTESIAN_POINT('Ctrl Pts',(-8.73379834344135,-0.0353343052193451,
22.3043671515344));
#4808=CARTESIAN_POINT('Ctrl Pts',(-8.73452834058844,-0.0528227935682346,
22.3032605641112));
#4809=CARTESIAN_POINT('Ctrl Pts',(-8.75198265126187,-0.470974439866112,
22.2768019392422));
#4810=CARTESIAN_POINT('Ctrl Pts',(-8.99718698683023,-0.879619440128975,
22.2503433143731));
#4811=CARTESIAN_POINT('Ctrl Pts',(-9.35794376428758,-1.09177504288634,22.2238846895041));
#4812=CARTESIAN_POINT('Ctrl Pts',(-9.71870054174496,-1.30393064564373,22.197426064635));
#4813=CARTESIAN_POINT('Ctrl Pts',(-10.1950097610914,-1.3195968508956,22.1709674397659));
#4814=CARTESIAN_POINT('Ctrl Pts',(-10.5689277099926,-1.13160530919153,22.1445088148969));
#4815=CARTESIAN_POINT('Ctrl Pts',(-10.9428456588939,-0.943613767487476,
22.1180501900278));
#4816=CARTESIAN_POINT('Ctrl Pts',(-11.21437233735,-0.551964478827512,22.0915915651588));
#4817=CARTESIAN_POINT('Ctrl Pts',(-11.2592659085524,-0.135863506072762,
22.0651329402897));
#4818=CARTESIAN_POINT('Ctrl Pts',(-11.3041594797549,0.280237466681999,22.0386743154207));
#4819=CARTESIAN_POINT('Ctrl Pts',(-11.1224199437036,0.720790123531531,22.0122156905516));
#4820=CARTESIAN_POINT('Ctrl Pts',(-10.7972054412787,0.98421180007943,21.9857570656826));
#4821=CARTESIAN_POINT('Ctrl Pts',(-10.4719909388539,1.24763347662732,21.9592984408135));
#4822=CARTESIAN_POINT('Ctrl Pts',(-10.0033014700553,1.33392417287356,21.9328398159444));
#4823=CARTESIAN_POINT('Ctrl Pts',(-9.60559419551088,1.20360005370449,21.9063811910754));
#4824=CARTESIAN_POINT('Ctrl Pts',(-9.20788692096641,1.07327593453541,21.8799225662063));
#4825=CARTESIAN_POINT('Ctrl Pts',(-8.88116184067602,0.726336999950992,21.8534639413373));
#4826=CARTESIAN_POINT('Ctrl Pts',(-8.77491779702797,0.321531299086867,21.8270053164682));
#4827=CARTESIAN_POINT('Ctrl Pts',(-8.74757909305627,0.217366746967209,21.820196986439));
#4828=CARTESIAN_POINT('Ctrl Pts',(-8.73483921412504,0.10937063268946,21.8133886564098));
#4829=CARTESIAN_POINT('Ctrl Pts',(-8.7358075614217,0.00114998002977928,
21.8065803263806));
#4830=CARTESIAN_POINT('Ctrl Pts',(-8.73757047610077,-5.31240273769407E-5,
21.9434196736194));
#4831=CARTESIAN_POINT('Ctrl Pts',(-8.73765078709368,0.214210663249337,21.9568520373888));
#4832=CARTESIAN_POINT('Ctrl Pts',(-8.78932637262339,0.428510809645133,21.9702844011582));
#4833=CARTESIAN_POINT('Ctrl Pts',(-8.89237882527407,0.614315990878016,21.9837167649276));
#4834=CARTESIAN_POINT('Ctrl Pts',(-9.09536813030875,0.980308877414686,22.0101753897966));
#4835=CARTESIAN_POINT('Ctrl Pts',(-9.49769872637528,1.2357418278986,22.0366340146657));
#4836=CARTESIAN_POINT('Ctrl Pts',(-9.91527712938654,1.26373697555792,22.0630926395348));
#4837=CARTESIAN_POINT('Ctrl Pts',(-10.3328555323978,1.29173212321724,22.0895512644038));
#4838=CARTESIAN_POINT('Ctrl Pts',(-10.7656817423537,1.09228946805197,22.1160098892728));
#4839=CARTESIAN_POINT('Ctrl Pts',(-11.0157084673655,0.756667526376875,22.1424685141419));
#4840=CARTESIAN_POINT('Ctrl Pts',(-11.2657351923772,0.421045584701771,22.1689271390109));
#4841=CARTESIAN_POINT('Ctrl Pts',(-11.3329624324447,-0.0507556434831898,
22.19538576388));
#4842=CARTESIAN_POINT('Ctrl Pts',(-11.1866291741859,-0.442855156976104,
22.2218443887491));
#4843=CARTESIAN_POINT('Ctrl Pts',(-11.0402959159272,-0.834954670469008,
22.2483030136182));
#4844=CARTESIAN_POINT('Ctrl Pts',(-10.6804021593423,-1.14735246926989,22.2747616384872));
#4845=CARTESIAN_POINT('Ctrl Pts',(-10.2716236616285,-1.23710541217834,22.3012202633563));
#4846=CARTESIAN_POINT('Ctrl Pts',(-9.8628451639147,-1.32685835508679,22.3276788882253));
#4847=CARTESIAN_POINT('Ctrl Pts',(-9.40518192507207,-1.1939664421028,22.3541375130944));
#4848=CARTESIAN_POINT('Ctrl Pts',(-9.10804585908604,-0.899236719740172,
22.3805961379634));
#4849=CARTESIAN_POINT('Ctrl Pts',(-8.87287190568344,-0.665967312462878,
22.4015373165154));
#4850=CARTESIAN_POINT('Ctrl Pts',(-8.73825586702087,-0.331318977570969,
22.4224784950674));
#4851=CARTESIAN_POINT('Ctrl Pts',(-8.73518876389782,0.00113161764655089,
22.4434196736194));
#4852=CARTESIAN_POINT('Origin',(-10.0000001490116,0.,2.));
#4853=CARTESIAN_POINT('',(-8.73385495289259,-0.000659068683732813,22.9434196736194));
#4854=CARTESIAN_POINT('',(-8.73675129245126,-0.000945132783884832,22.8065803263806));
#4855=CARTESIAN_POINT('',(-8.73550014901162,1.54856587752183E-16,2.));
#4856=CARTESIAN_POINT('Ctrl Pts',(-8.73675129245126,-0.000945132783884832,
22.8065803263806));
#4857=CARTESIAN_POINT('Ctrl Pts',(-8.73575333693467,-0.144616261071037,
22.7975588215051));
#4858=CARTESIAN_POINT('Ctrl Pts',(-8.75837282048223,-0.287982591073173,
22.7885373166297));
#4859=CARTESIAN_POINT('Ctrl Pts',(-8.80597520106462,-0.422508661576755,
22.7795158117542));
#4860=CARTESIAN_POINT('Ctrl Pts',(-8.94558533796446,-0.817052020329476,
22.7530571868852));
#4861=CARTESIAN_POINT('Ctrl Pts',(-9.3000870353115,-1.13555547243111,22.7265985620161));
#4862=CARTESIAN_POINT('Ctrl Pts',(-9.70727176803977,-1.23228212695489,22.7001399371471));
#4863=CARTESIAN_POINT('Ctrl Pts',(-10.114456500768,-1.32900878147866,22.673681312278));
#4864=CARTESIAN_POINT('Ctrl Pts',(-10.5743242688775,-1.20395863842457,22.647222687409));
#4865=CARTESIAN_POINT('Ctrl Pts',(-10.876454437001,-0.914350603706636,22.6207640625399));
#4866=CARTESIAN_POINT('Ctrl Pts',(-11.1785846051244,-0.624742568988712,
22.5943054376709));
#4867=CARTESIAN_POINT('Ctrl Pts',(-11.3229771732618,-0.170576642606956,
22.5678468128018));
#4868=CARTESIAN_POINT('Ctrl Pts',(-11.2435627666157,0.240335518662981,22.5413881879327));
#4869=CARTESIAN_POINT('Ctrl Pts',(-11.1641483599696,0.651247679932929,22.5149295630637));
#4870=CARTESIAN_POINT('Ctrl Pts',(-10.86092697854,1.01890607609106,22.4884709381946));
#4871=CARTESIAN_POINT('Ctrl Pts',(-10.4726429313665,1.17508210169451,22.4620123133256));
#4872=CARTESIAN_POINT('Ctrl Pts',(-10.084358884193,1.33125812729796,22.4355536884565));
#4873=CARTESIAN_POINT('Ctrl Pts',(-9.61101217127556,1.27595178234674,22.4090950635874));
#4874=CARTESIAN_POINT('Ctrl Pts',(-9.26919095770607,1.03446946370469,22.3826364387184));
#4875=CARTESIAN_POINT('Ctrl Pts',(-8.94166584069349,0.803086736331536,22.3572844012725));
#4876=CARTESIAN_POINT('Ctrl Pts',(-8.73489462109743,0.400775371242195,22.3319323638265));
#4877=CARTESIAN_POINT('Ctrl Pts',(-8.7335264436804,-0.000321757275133271,
22.3065803263806));
#4878=CARTESIAN_POINT('Ctrl Pts',(-8.73518876389782,0.00113161764655089,
22.4434196736194));
#4879=CARTESIAN_POINT('Ctrl Pts',(-8.73438066339917,0.0887235508145882,
22.4489371199365));
#4880=CARTESIAN_POINT('Ctrl Pts',(-8.74270446677555,0.176162920623852,22.4544545662535));
#4881=CARTESIAN_POINT('Ctrl Pts',(-8.7607269962528,0.261555321676168,22.4599720125706));
#4882=CARTESIAN_POINT('Ctrl Pts',(-8.84715309253503,0.671050108988542,22.4864306374397));
#4883=CARTESIAN_POINT('Ctrl Pts',(-9.15661417822887,1.03347215187204,22.5128892623087));
#4884=CARTESIAN_POINT('Ctrl Pts',(-9.547510857187,1.18298883098498,22.5393478871778));
#4885=CARTESIAN_POINT('Ctrl Pts',(-9.93840753614515,1.33250551009793,22.5658065120468));
#4886=CARTESIAN_POINT('Ctrl Pts',(-10.4107398083676,1.26911682544029,22.5922651369159));
#4887=CARTESIAN_POINT('Ctrl Pts',(-10.7483836840543,1.02182739144954,22.6187237617849));
#4888=CARTESIAN_POINT('Ctrl Pts',(-11.0860275597409,0.774537957458792,22.645182386654));
#4889=CARTESIAN_POINT('Ctrl Pts',(-11.2889830388919,0.343347774134938,22.671641011523));
#4890=CARTESIAN_POINT('Ctrl Pts',(-11.2643842504145,-0.0744444595942512,
22.6980996363921));
#4891=CARTESIAN_POINT('Ctrl Pts',(-11.239785461937,-0.492236693323452,22.7245582612612));
#4892=CARTESIAN_POINT('Ctrl Pts',(-10.9876324058313,-0.896630977457987,
22.7510168861302));
#4893=CARTESIAN_POINT('Ctrl Pts',(-10.6233021751508,-1.1025895508699,22.7774755109993));
#4894=CARTESIAN_POINT('Ctrl Pts',(-10.2589719444703,-1.3085481242818,22.8039341358683));
#4895=CARTESIAN_POINT('Ctrl Pts',(-9.78246453921504,-1.31607098697109,22.8303927607374));
#4896=CARTESIAN_POINT('Ctrl Pts',(-9.41181435519392,-1.12171592007192,22.8568513856064));
#4897=CARTESIAN_POINT('Ctrl Pts',(-9.04116417117278,-0.92736085317275,22.8833100104755));
#4898=CARTESIAN_POINT('Ctrl Pts',(-8.77637120838576,-0.531127856685111,
22.9097686353446));
#4899=CARTESIAN_POINT('Ctrl Pts',(-8.73859617286413,-0.114320349937762,
22.9362272602136));
#4900=CARTESIAN_POINT('Ctrl Pts',(-8.73517329817789,-0.0765525531857943,
22.9386247313489));
#4901=CARTESIAN_POINT('Ctrl Pts',(-8.73361436547538,-0.0386158283939595,
22.9410222024842));
#4902=CARTESIAN_POINT('Ctrl Pts',(-8.73385495289259,-0.000659068683732812,
22.9434196736194));
#4903=CARTESIAN_POINT('Origin',(-10.0000001490116,0.,2.));
#4904=CARTESIAN_POINT('',(-8.73716583754629,-0.000710505814930234,23.4434196736194));
#4905=CARTESIAN_POINT('',(-8.73692674027955,0.000862665510892729,23.3065803263806));
#4906=CARTESIAN_POINT('',(-8.73550014901162,1.54856587752183E-16,2.));
#4907=CARTESIAN_POINT('Ctrl Pts',(-8.73692674027955,0.000862665510892729,
23.3065803263806));
#4908=CARTESIAN_POINT('Ctrl Pts',(-8.73862153787483,-0.268950948573365,
23.2896439040528));
#4909=CARTESIAN_POINT('Ctrl Pts',(-8.82328303731741,-0.539735355017838,
23.272707481725));
#4910=CARTESIAN_POINT('Ctrl Pts',(-8.98294424836718,-0.754855244392483,
23.2557710593972));
#4911=CARTESIAN_POINT('Ctrl Pts',(-9.23237213859979,-1.09092246949366,23.2293124345282));
#4912=CARTESIAN_POINT('Ctrl Pts',(-9.66484204118368,-1.29113656926031,23.2028538096592));
#4913=CARTESIAN_POINT('Ctrl Pts',(-10.0824696992834,-1.26388603873287,23.1763951847901));
#4914=CARTESIAN_POINT('Ctrl Pts',(-10.5000973573832,-1.23663550820544,23.149936559921));
#4915=CARTESIAN_POINT('Ctrl Pts',(-10.9028827709987,-0.981920347383915,
23.123477935052));
#4916=CARTESIAN_POINT('Ctrl Pts',(-11.1065243460624,-0.616289985947629,
23.0970193101829));
#4917=CARTESIAN_POINT('Ctrl Pts',(-11.3101659211262,-0.250659624511343,
23.0705606853138));
#4918=CARTESIAN_POINT('Ctrl Pts',(-11.314663657638,0.225885937539709,23.0441020604448));
#4919=CARTESIAN_POINT('Ctrl Pts',(-11.1179595367476,0.59529484522587,23.0176434355758));
#4920=CARTESIAN_POINT('Ctrl Pts',(-10.9212554158572,0.964703752912051,22.9911848107067));
#4921=CARTESIAN_POINT('Ctrl Pts',(-10.5233494375645,1.22697600623333,22.9647261858376));
#4922=CARTESIAN_POINT('Ctrl Pts',(-10.1063105237494,1.26210429429878,22.9382675609686));
#4923=CARTESIAN_POINT('Ctrl Pts',(-9.68927160993436,1.29723258236423,22.9118089360995));
#4924=CARTESIAN_POINT('Ctrl Pts',(-9.25309976059692,1.10521690517388,22.8853503112305));
#4925=CARTESIAN_POINT('Ctrl Pts',(-8.99737312415452,0.773917433876813,22.8588916863614));
#4926=CARTESIAN_POINT('Ctrl Pts',(-8.82884070543373,0.555579985751051,22.8414545663678));
#4927=CARTESIAN_POINT('Ctrl Pts',(-8.73868018018465,0.276748083386607,22.8240174463742));
#4928=CARTESIAN_POINT('Ctrl Pts',(-8.73675129245126,-0.000945132783884832,
22.8065803263806));
#4929=CARTESIAN_POINT('Ctrl Pts',(-8.73385495289259,-0.000659068683732812,
22.9434196736194));
#4930=CARTESIAN_POINT('Ctrl Pts',(-8.7362695016005,0.380277084076589,22.9674808273532));
#4931=CARTESIAN_POINT('Ctrl Pts',(-8.91993605904064,0.763231202161948,22.991541981087));
#4932=CARTESIAN_POINT('Ctrl Pts',(-9.21973341405295,0.99769381874161,23.0156031348208));
#4933=CARTESIAN_POINT('Ctrl Pts',(-9.54940279901966,1.25551846366661,23.0420617596898));
#4934=CARTESIAN_POINT('Ctrl Pts',(-10.0194986772093,1.33378573650953,23.0685203845589));
#4935=CARTESIAN_POINT('Ctrl Pts',(-10.4149203604542,1.19668306212262,23.0949790094279));
#4936=CARTESIAN_POINT('Ctrl Pts',(-10.810342043699,1.05958038773572,23.121437634297));
#4937=CARTESIAN_POINT('Ctrl Pts',(-11.1310895319989,0.707107766119027,23.147896259166));
#4938=CARTESIAN_POINT('Ctrl Pts',(-11.2303991360297,0.300545281688971,23.1743548840351));
#4939=CARTESIAN_POINT('Ctrl Pts',(-11.3297087400606,-0.106017202741109,
23.2008135089042));
#4940=CARTESIAN_POINT('Ctrl Pts',(-11.2075804598222,-0.56666954998456,23.2272721337732));
#4941=CARTESIAN_POINT('Ctrl Pts',(-10.9198962510588,-0.87063212441782,23.2537307586423));
#4942=CARTESIAN_POINT('Ctrl Pts',(-10.6322120422955,-1.17459469885107,23.2801893835114));
#4943=CARTESIAN_POINT('Ctrl Pts',(-10.1789719050072,-1.32186750047414,23.3066480083804));
#4944=CARTESIAN_POINT('Ctrl Pts',(-9.76756388503029,-1.24506325687429,23.3331066332495));
#4945=CARTESIAN_POINT('Ctrl Pts',(-9.35615586505341,-1.16825901327443,23.3595652581185));
#4946=CARTESIAN_POINT('Ctrl Pts',(-8.98657996238795,-0.86737772445165,23.3860238829876));
#4947=CARTESIAN_POINT('Ctrl Pts',(-8.82794217105095,-0.480092940663252,
23.4124825078566));
#4948=CARTESIAN_POINT('Ctrl Pts',(-8.76611225520907,-0.329146653611084,
23.4227948964442));
#4949=CARTESIAN_POINT('Ctrl Pts',(-8.73632577355516,-0.165074883036266,
23.4331072850318));
#4950=CARTESIAN_POINT('Ctrl Pts',(-8.73716583754629,-0.000710505814930234,
23.4434196736194));
#4951=CARTESIAN_POINT('Origin',(-10.0000001490116,0.,2.));
#4952=CARTESIAN_POINT('',(-8.73644166456736,0.00105022374934869,23.9434196736194));
#4953=CARTESIAN_POINT('',(-8.73363027578745,0.000459361882300113,23.8065803263806));
#4954=CARTESIAN_POINT('',(-8.73550014901162,1.54856587752183E-16,2.));
#4955=CARTESIAN_POINT('Ctrl Pts',(-8.73363027578745,0.000459361882300113,
23.8065803263806));
#4956=CARTESIAN_POINT('Ctrl Pts',(-8.73546978332048,-0.392802158907546,
23.7817289866005));
#4957=CARTESIAN_POINT('Ctrl Pts',(-8.93307747667716,-0.787658929903569,
23.7568776468204));
#4958=CARTESIAN_POINT('Ctrl Pts',(-9.24979581270162,-1.0204913413037,23.7320263070403));
#4959=CARTESIAN_POINT('Ctrl Pts',(-9.58699822175372,-1.26838242021955,23.7055676821712));
#4960=CARTESIAN_POINT('Ctrl Pts',(-10.0592167096926,-1.33261322137336,23.6791090573022));
#4961=CARTESIAN_POINT('Ctrl Pts',(-10.4503793657869,-1.18379377998428,23.6526504324331));
#4962=CARTESIAN_POINT('Ctrl Pts',(-10.8415420218812,-1.03497433859519,23.626191807564));
#4963=CARTESIAN_POINT('Ctrl Pts',(-11.1516488461309,-0.673104654663192,
23.599733182695));
#4964=CARTESIAN_POINT('Ctrl Pts',(-11.2388049654028,-0.263764619025022,
23.5732745578259));
#4965=CARTESIAN_POINT('Ctrl Pts',(-11.3259610846746,0.145575416613125,23.5468159329569));
#4966=CARTESIAN_POINT('Ctrl Pts',(-11.1901664989686,0.602385803957418,23.5203573080878));
#4967=CARTESIAN_POINT('Ctrl Pts',(-10.8935564281944,0.897644873184001,23.4938986832188));
#4968=CARTESIAN_POINT('Ctrl Pts',(-10.5969463574202,1.1929039424106,23.4674400583497));
#4969=CARTESIAN_POINT('Ctrl Pts',(-10.1395208015779,1.32661169351947,23.4409814334806));
#4970=CARTESIAN_POINT('Ctrl Pts',(-9.73058291642939,1.23758777523252,23.4145228086116));
#4971=CARTESIAN_POINT('Ctrl Pts',(-9.32164503128097,1.14856385694558,23.3880641837425));
#4972=CARTESIAN_POINT('Ctrl Pts',(-8.96119481682647,0.836808269262859,23.3616055588735));
#4973=CARTESIAN_POINT('Ctrl Pts',(-8.81416264853987,0.444970300203653,23.3351469340044));
#4974=CARTESIAN_POINT('Ctrl Pts',(-8.76124719683223,0.303951614492949,23.3256247314632));
#4975=CARTESIAN_POINT('Ctrl Pts',(-8.73597387044338,0.152560576202022,23.3161025289219));
#4976=CARTESIAN_POINT('Ctrl Pts',(-8.73692674027955,0.000862665510892729,
23.3065803263806));
#4977=CARTESIAN_POINT('Ctrl Pts',(-8.73716583754629,-0.000710505814930234,
23.4434196736194));
#4978=CARTESIAN_POINT('Ctrl Pts',(-8.73848113628403,0.25663686316047,23.4595659099009));
#4979=CARTESIAN_POINT('Ctrl Pts',(-8.81487605810658,0.514701544397834,23.4757121461823));
#4980=CARTESIAN_POINT('Ctrl Pts',(-8.96091219495743,0.724227425734855,23.4918583824638));
#4981=CARTESIAN_POINT('Ctrl Pts',(-9.20021969020941,1.06757472959046,23.5183170073328));
#4982=CARTESIAN_POINT('Ctrl Pts',(-9.62653436072187,1.28058105854769,23.5447756322019));
#4983=CARTESIAN_POINT('Ctrl Pts',(-10.0447883830319,1.26578162650375,23.5712342570709));
#4984=CARTESIAN_POINT('Ctrl Pts',(-10.463042405342,1.25098219445981,23.59769288194));
#4985=CARTESIAN_POINT('Ctrl Pts',(-10.8732357794497,1.00837700141468,23.6241515068091));
#4986=CARTESIAN_POINT('Ctrl Pts',(-11.0876772712363,0.648974290970755,23.6506101316781));
#4987=CARTESIAN_POINT('Ctrl Pts',(-11.3021187630229,0.289571580526838,23.6770687565472));
#4988=CARTESIAN_POINT('Ctrl Pts',(-11.3208083724884,-0.186628647315845,
23.7035273814162));
#4989=CARTESIAN_POINT('Ctrl Pts',(-11.1351943319586,-0.561732444734181,
23.7299860062853));
#4990=CARTESIAN_POINT('Ctrl Pts',(-10.9495802914287,-0.936836242152539,
23.7564446311543));
#4991=CARTESIAN_POINT('Ctrl Pts',(-10.5596626009034,-1.21084360914651,23.7829032560234));
#4992=CARTESIAN_POINT('Ctrl Pts',(-10.1438550115677,-1.25837782935418,23.8093618808925));
#4993=CARTESIAN_POINT('Ctrl Pts',(-9.72804742223212,-1.30591204956185,23.8358205057615));
#4994=CARTESIAN_POINT('Ctrl Pts',(-9.28634993408614,-1.12697312298325,23.8622791306306));
#4995=CARTESIAN_POINT('Ctrl Pts',(-9.02086902700951,-0.803437333586795,
23.8887377554996));
#4996=CARTESIAN_POINT('Ctrl Pts',(-8.83797963782201,-0.580554025123731,
23.9069650615396));
#4997=CARTESIAN_POINT('Ctrl Pts',(-8.7387193064809,-0.289047779297904,23.9251923675795));
#4998=CARTESIAN_POINT('Ctrl Pts',(-8.73644166456736,0.00105022374934869,
23.9434196736194));
#4999=CARTESIAN_POINT('Origin',(-10.0000001490116,0.,2.));
#5000=CARTESIAN_POINT('',(-8.73343437291418,0.000104212474372453,24.4434196736194));
#5001=CARTESIAN_POINT('',(-8.73556963266813,-0.00115557639814707,24.3065803263806));
#5002=CARTESIAN_POINT('',(-8.73550014901162,1.54856587752183E-16,2.));
#5003=CARTESIAN_POINT('Ctrl Pts',(-8.73556963266813,-0.00115557639814707,
24.3065803263806));
#5004=CARTESIAN_POINT('Ctrl Pts',(-8.73465309714749,-0.101369645973711,
24.3002726940172));
#5005=CARTESIAN_POINT('Ctrl Pts',(-8.74556473538107,-0.201386487863069,
24.2939650616538));
#5006=CARTESIAN_POINT('Ctrl Pts',(-8.76906681109974,-0.298351592882467,
24.2876574292905));
#5007=CARTESIAN_POINT('Ctrl Pts',(-8.86765096586044,-0.705091109597887,
24.2611988044214));
#5008=CARTESIAN_POINT('Ctrl Pts',(-9.18777025510565,-1.05813376798739,24.2347401795524));
#5009=CARTESIAN_POINT('Ctrl Pts',(-9.58294703634272,-1.19594097601027,24.2082815546833));
#5010=CARTESIAN_POINT('Ctrl Pts',(-9.97812381757977,-1.33374818403315,24.1818229298142));
#5011=CARTESIAN_POINT('Ctrl Pts',(-10.4483580908087,-1.25631994168941,24.1553643049452));
#5012=CARTESIAN_POINT('Ctrl Pts',(-10.7784865740094,-0.999083694824573,
24.1289056800761));
#5013=CARTESIAN_POINT('Ctrl Pts',(-11.1086150572102,-0.741847447959726,
24.102447055207));
#5014=CARTESIAN_POINT('Ctrl Pts',(-11.2986377503828,-0.304803196573766,
24.075988430338));
#5015=CARTESIAN_POINT('Ctrl Pts',(-11.2616060247115,0.112071090990492,24.0495298054689));
#5016=CARTESIAN_POINT('Ctrl Pts',(-11.2245742990403,0.528945378554738,24.0230711805999));
#5017=CARTESIAN_POINT('Ctrl Pts',(-10.9604881545251,0.925649702297283,23.9966125557309));
#5018=CARTESIAN_POINT('Ctrl Pts',(-10.5901850804116,1.12066531206221,23.9701539308618));
#5019=CARTESIAN_POINT('Ctrl Pts',(-10.2198820062982,1.31568092182714,23.9436953059927));
#5020=CARTESIAN_POINT('Ctrl Pts',(-9.7433620025864,1.30900781761444,23.9172366811237));
#5021=CARTESIAN_POINT('Ctrl Pts',(-9.37866512480455,1.10369922176912,23.8907780562546));
#5022=CARTESIAN_POINT('Ctrl Pts',(-9.01396824702272,0.898390625923803,23.8643194313855));
#5023=CARTESIAN_POINT('Ctrl Pts',(-8.7610944951708,0.494446538445876,23.8378608065165));
#5024=CARTESIAN_POINT('Ctrl Pts',(-8.73575078432749,0.0766988163679692,
23.8114021816474));
#5025=CARTESIAN_POINT('Ctrl Pts',(-8.73421122704744,0.0513218480650619,
23.8097948965585));
#5026=CARTESIAN_POINT('Ctrl Pts',(-8.73351130381028,0.0258939414268284,
23.8081876114695));
#5027=CARTESIAN_POINT('Ctrl Pts',(-8.73363027578745,0.000459361882300113,
23.8065803263806));
#5028=CARTESIAN_POINT('Ctrl Pts',(-8.73644166456736,0.00105022374934869,
23.9434196736194));
#5029=CARTESIAN_POINT('Ctrl Pts',(-8.73541309804591,0.132056371862808,23.9516509924486));
#5030=CARTESIAN_POINT('Ctrl Pts',(-8.75416279235608,0.262775328590328,23.9598823112777));
#5031=CARTESIAN_POINT('Ctrl Pts',(-8.79392056368505,0.386757501667714,23.9681136301068));
#5032=CARTESIAN_POINT('Ctrl Pts',(-8.92171733344449,0.785283895311434,23.9945722549759));
#5033=CARTESIAN_POINT('Ctrl Pts',(-9.26657519897065,1.11420403038457,24.0210308798449));
#5034=CARTESIAN_POINT('Ctrl Pts',(-9.67069825961207,1.2230160957037,24.047489504714));
#5035=CARTESIAN_POINT('Ctrl Pts',(-10.0748213202535,1.33182816102282,24.073948129583));
#5036=CARTESIAN_POINT('Ctrl Pts',(-10.5382095760102,1.22053215658792,24.1004067544521));
#5037=CARTESIAN_POINT('Ctrl Pts',(-10.84883168575,0.940050831490782,24.1268653793212));
#5038=CARTESIAN_POINT('Ctrl Pts',(-11.1594537954898,0.659569506393633,24.1533240041902));
#5039=CARTESIAN_POINT('Ctrl Pts',(-11.3173097592126,0.209902860634223,24.1797826290592));
#5040=CARTESIAN_POINT('Ctrl Pts',(-11.2501694898988,-0.203191003318535,
24.2062412539283));
#5041=CARTESIAN_POINT('Ctrl Pts',(-11.183029220585,-0.616284867271292,24.2326998787974));
#5042=CARTESIAN_POINT('Ctrl Pts',(-10.8908927182345,-0.992805949417398,
24.2591585036664));
#5043=CARTESIAN_POINT('Ctrl Pts',(-10.5074327772004,-1.16048024287463,24.2856171285355));
#5044=CARTESIAN_POINT('Ctrl Pts',(-10.1239728361664,-1.32815453633186,24.3120757534046));
#5045=CARTESIAN_POINT('Ctrl Pts',(-9.64918945644876,-1.28698204110023,24.3385343782736));
#5046=CARTESIAN_POINT('Ctrl Pts',(-9.3003270907043,-1.05578309428602,24.3649930031426));
#5047=CARTESIAN_POINT('Ctrl Pts',(-8.95563654165033,-0.827348904349733,
24.3911352266349));
#5048=CARTESIAN_POINT('Ctrl Pts',(-8.73387339955601,-0.413405892575542,
24.4172774501271));
#5049=CARTESIAN_POINT('Ctrl Pts',(-8.73343437291418,0.000104212474372453,
24.4434196736194));
#5050=CARTESIAN_POINT('Origin',(-10.0000001490116,0.,2.));
#5051=CARTESIAN_POINT('',(-8.73550014901162,1.54856587752183E-16,24.9));
#5052=CARTESIAN_POINT('',(-8.73755596595497,0.000310713916219229,24.8065803263806));
#5053=CARTESIAN_POINT('',(-8.73550014901162,1.54856587752183E-16,2.));
#5054=CARTESIAN_POINT('',(-9.51125173961408,1.16622692573589,24.9));
#5055=CARTESIAN_POINT('Origin',(-10.0000001490116,0.,24.9));
#5056=CARTESIAN_POINT('Ctrl Pts',(-9.51244469699727,1.16591705130389,24.9));
#5057=CARTESIAN_POINT('Ctrl Pts',(-9.23612714411104,1.04738001259169,24.8810961838469));
#5058=CARTESIAN_POINT('Ctrl Pts',(-8.99891589476954,0.831540775331513,24.8621923676938));
#5059=CARTESIAN_POINT('Ctrl Pts',(-8.86584716431965,0.563818441441291,24.8432885515406));
#5060=CARTESIAN_POINT('Ctrl Pts',(-8.77971434543002,0.390526945988422,24.8310524764873));
#5061=CARTESIAN_POINT('Ctrl Pts',(-8.73721435555471,0.195497871033095,24.8188164014339));
#5062=CARTESIAN_POINT('Ctrl Pts',(-8.73755596595497,0.000310713916219229,
24.8065803263806));
#5063=CARTESIAN_POINT('Origin',(-10.,4.41812378825494E-16,0.05));
#5064=CARTESIAN_POINT('',(-11.2645,2.86955791073311E-16,0.1));
#5065=CARTESIAN_POINT('Origin',(-10.,4.41812378825494E-16,0.1));
#5066=CARTESIAN_POINT('',(-11.3645,6.08915434569151E-16,0.));
#5067=CARTESIAN_POINT('',(-11.3145,2.80832557077575E-16,0.05));
#5068=CARTESIAN_POINT('Origin',(-10.,4.41812378825494E-16,0.));
#5069=CARTESIAN_POINT('Origin',(7.75,0.,0.));
#5070=CARTESIAN_POINT('',(-1.11022302462516E-15,-5.4,0.));
#5071=CARTESIAN_POINT('',(15.5,-5.4,0.));
#5072=CARTESIAN_POINT('',(3.875,-5.4,0.));
#5073=CARTESIAN_POINT('',(-2.94072555764902,-4.52903225806461,0.));
#5074=CARTESIAN_POINT('Origin',(0.,0.,0.));
#5075=CARTESIAN_POINT('',(-8.44097150806756,-2.9,0.));
#5076=CARTESIAN_POINT('Origin',(-8.44097150806756,-13.0000000000017,0.));
#5077=CARTESIAN_POINT('',(-10.,-2.9,0.));
#5078=CARTESIAN_POINT('',(-1.125,-2.9,0.));
#5079=CARTESIAN_POINT('',(-10.,2.9,0.));
#5080=CARTESIAN_POINT('Origin',(-10.,4.41812378825494E-16,0.));
#5081=CARTESIAN_POINT('',(-8.44097150806707,2.9,0.));
#5082=CARTESIAN_POINT('',(-0.345485754033533,2.9,0.));
#5083=CARTESIAN_POINT('',(-2.94072555764917,4.52903225806452,0.));
#5084=CARTESIAN_POINT('Origin',(-8.44097150806707,13.,0.));
#5085=CARTESIAN_POINT('',(0.,5.4,0.));
#5086=CARTESIAN_POINT('Origin',(0.,0.,0.));
#5087=CARTESIAN_POINT('',(15.5,5.4,0.));
#5088=CARTESIAN_POINT('',(11.625,5.4,0.));
#5089=CARTESIAN_POINT('Origin',(15.5,0.,0.));
#5090=CARTESIAN_POINT('',(4.6261910932531E-16,-2.1,0.));
#5091=CARTESIAN_POINT('',(-7.19794937146254E-16,2.1,0.));
#5092=CARTESIAN_POINT('Origin',(0.,0.,0.));
#5093=CARTESIAN_POINT('',(15.5,-2.1,0.));
#5094=CARTESIAN_POINT('',(11.625,-2.1,0.));
#5095=CARTESIAN_POINT('',(15.5,2.1,0.));
#5096=CARTESIAN_POINT('Origin',(15.5,0.,0.));
#5097=CARTESIAN_POINT('',(3.875,2.1,0.));
#5098=CARTESIAN_POINT('Origin',(-10.,4.41812378825494E-16,0.));
#5099=CARTESIAN_POINT('',(-11.2645,2.86955791073311E-16,0.));
#5100=CARTESIAN_POINT('Origin',(-10.0000001490116,0.,24.95));
#5101=CARTESIAN_POINT('',(-8.91875816084011,-0.654451677961111,24.9));
#5102=CARTESIAN_POINT('',(-8.63564379529337,-0.0197987390669677,25.));
#5103=CARTESIAN_POINT('Ctrl Pts',(-8.91875816084008,-0.65445167796105,24.9));
#5104=CARTESIAN_POINT('Ctrl Pts',(-8.88434483930305,-0.61375221395967,24.9078342695345));
#5105=CARTESIAN_POINT('Ctrl Pts',(-8.85258081872381,-0.571040108613775,
24.9155849884582));
#5106=CARTESIAN_POINT('Ctrl Pts',(-8.82370610746287,-0.526569487453847,
24.9232703008114));
#5107=CARTESIAN_POINT('Ctrl Pts',(-8.80758297223373,-0.501737868110349,
24.9275616452072));
#5108=CARTESIAN_POINT('Ctrl Pts',(-8.79236096060158,-0.476357050294941,
24.9318325964174));
#5109=CARTESIAN_POINT('Ctrl Pts',(-8.77808516845164,-0.450465103832915,
24.9360863132959));
#5110=CARTESIAN_POINT('Ctrl Pts',(-8.76771554559722,-0.431657760817694,
24.9391761201028));
#5111=CARTESIAN_POINT('Ctrl Pts',(-8.75784522223485,-0.412580642020046,
24.9422568336429));
#5112=CARTESIAN_POINT('Ctrl Pts',(-8.74849263681784,-0.393247079577819,
24.9453296645638));
#5113=CARTESIAN_POINT('Ctrl Pts',(-8.74496957889156,-0.385964252705019,
24.9464871799298));
#5114=CARTESIAN_POINT('Ctrl Pts',(-8.74152147420391,-0.378648047792239,
24.9476430956496));
#5115=CARTESIAN_POINT('Ctrl Pts',(-8.73814993303692,-0.371300998701754,
24.9487972046103));
#5116=CARTESIAN_POINT('Ctrl Pts',(-8.71628282347071,-0.32364957773656,24.9562825135076));
#5117=CARTESIAN_POINT('Ctrl Pts',(-8.69762225422505,-0.274681412516191,
24.9636953920862));
#5118=CARTESIAN_POINT('Ctrl Pts',(-8.68205424914857,-0.224699758355921,
24.9710516364705));
#5119=CARTESIAN_POINT('Ctrl Pts',(-8.66777765346661,-0.178864221660241,
24.9777976598881));
#5120=CARTESIAN_POINT('Ctrl Pts',(-8.65610216566579,-0.132175387639503,
24.9844960553307));
#5121=CARTESIAN_POINT('Ctrl Pts',(-8.64697014813605,-0.0848433681898327,
24.9911590049957));
#5122=CARTESIAN_POINT('Ctrl Pts',(-8.64291452531232,-0.0638227319779294,
24.994118089409));
#5123=CARTESIAN_POINT('Ctrl Pts',(-8.6393683821016,-0.0427134454813711,
24.9970647748515));
#5124=CARTESIAN_POINT('Ctrl Pts',(-8.63632325582035,-0.0215355434068938,
25.));
#5125=CARTESIAN_POINT('',(-11.3643565027296,-0.0197987390588252,25.));
#5126=CARTESIAN_POINT('Origin',(-10.0000001490116,0.,25.));
#5127=CARTESIAN_POINT('Ctrl Pts',(-11.3631486093144,-0.0215157902847783,
24.9999999999998));
#5128=CARTESIAN_POINT('Ctrl Pts',(-11.3626440252654,-0.00489217504612726,
24.9993866799397));
#5129=CARTESIAN_POINT('Ctrl Pts',(-11.3618437906326,0.0117419771076656,
24.9987725148354));
#5130=CARTESIAN_POINT('Ctrl Pts',(-11.3607484645784,0.0283778028856196,
24.9981574021942));
#5131=CARTESIAN_POINT('Ctrl Pts',(-11.3570585574888,0.0844201578044385,
24.9960852260717));
#5132=CARTESIAN_POINT('Ctrl Pts',(-11.3500461076138,0.140143502517625,24.9940147848127));
#5133=CARTESIAN_POINT('Ctrl Pts',(-11.3398189609283,0.195221640475742,24.9919419890087));
#5134=CARTESIAN_POINT('Ctrl Pts',(-11.3295546439145,0.250499958653065,24.9898616596763));
#5135=CARTESIAN_POINT('Ctrl Pts',(-11.3160519413633,0.305129523669956,24.9877789586528));
#5136=CARTESIAN_POINT('Ctrl Pts',(-11.2993687645201,0.358771417893033,24.9856897517792));
#5137=CARTESIAN_POINT('Ctrl Pts',(-11.2855172705126,0.403308521549611,24.9839551519028));
#5138=CARTESIAN_POINT('Ctrl Pts',(-11.2694723501745,0.447164931789891,24.9822160672604));
#5139=CARTESIAN_POINT('Ctrl Pts',(-11.2512425280797,0.49013331768768,24.9804701317102));
#5140=CARTESIAN_POINT('Ctrl Pts',(-11.2457936386798,0.502976557804249,24.979948271998));
#5141=CARTESIAN_POINT('Ctrl Pts',(-11.2401494031343,0.515740350595489,24.9794258002183));
#5142=CARTESIAN_POINT('Ctrl Pts',(-11.2343096854231,0.528418848747916,24.9789026531858));
#5143=CARTESIAN_POINT('Ctrl Pts',(-11.2301365016719,0.537479167259144,24.9785288014341));
#5144=CARTESIAN_POINT('Ctrl Pts',(-11.225863364892,0.546495931068174,24.978154602374));
#5145=CARTESIAN_POINT('Ctrl Pts',(-11.221496806826,0.555454066539065,24.9777805775265));
#5146=CARTESIAN_POINT('Ctrl Pts',(-11.1960712096222,0.607615503702433,24.9756027053962));
#5147=CARTESIAN_POINT('Ctrl Pts',(-11.167432178926,0.657903356071935,24.9734261374755));
#5148=CARTESIAN_POINT('Ctrl Pts',(-11.1356470513462,0.705945653235975,24.9712461191654));
#5149=CARTESIAN_POINT('Ctrl Pts',(-11.106247317856,0.750382496515531,24.9692297057608));
#5150=CARTESIAN_POINT('Ctrl Pts',(-11.0741551455612,0.792898830649282,24.9672103404201));
#5151=CARTESIAN_POINT('Ctrl Pts',(-11.0393830706884,0.833170389346484,24.9651842606807));
#5152=CARTESIAN_POINT('Ctrl Pts',(-11.0365617831448,0.836437886248223,24.9650198714818));
#5153=CARTESIAN_POINT('Ctrl Pts',(-11.0337228333247,0.839690585056263,24.9648554380811));
#5154=CARTESIAN_POINT('Ctrl Pts',(-11.0308662174119,0.842928301239813,24.9646909584689));
#5155=CARTESIAN_POINT('Ctrl Pts',(-11.013012325888,0.863164075068064,24.96366295847));
#5156=CARTESIAN_POINT('Ctrl Pts',(-10.9944684831515,0.882814798551627,24.962633153325));
#5157=CARTESIAN_POINT('Ctrl Pts',(-10.9752722438411,0.901866629392813,24.9616010523908));
#5158=CARTESIAN_POINT('Ctrl Pts',(-10.9641097043202,0.912945195942902,24.9610008896567));
#5159=CARTESIAN_POINT('Ctrl Pts',(-10.9527265327002,0.923821206017437,24.9603999506296));
#5160=CARTESIAN_POINT('Ctrl Pts',(-10.9411298900136,0.93449151972828,24.9597981388364));
#5161=CARTESIAN_POINT('Ctrl Pts',(-10.9301375203338,0.944605829195195,24.9592276860003));
#5162=CARTESIAN_POINT('Ctrl Pts',(-10.9189480198463,0.954539624792439,24.9586561873327));
#5163=CARTESIAN_POINT('Ctrl Pts',(-10.9075959378393,0.964266267506526,24.9580849786916));
#5164=CARTESIAN_POINT('Ctrl Pts',(-10.8664749999675,0.999499334929722,24.9560158749777));
#5165=CARTESIAN_POINT('Ctrl Pts',(-10.8231730979866,1.0320683449597,24.95394784009));
#5166=CARTESIAN_POINT('Ctrl Pts',(-10.7780273617212,1.06190671247296,24.951876792674));
#5167=CARTESIAN_POINT('Ctrl Pts',(-10.732305798469,1.09212566381715,24.9497793293639));
#5168=CARTESIAN_POINT('Ctrl Pts',(-10.6846919838679,1.11954431745037,24.9476787761868));
#5169=CARTESIAN_POINT('Ctrl Pts',(-10.635506660002,1.14404853560514,24.9455708936169));
#5170=CARTESIAN_POINT('Ctrl Pts',(-10.6055617363327,1.15896715125193,24.9442875762022));
#5171=CARTESIAN_POINT('Ctrl Pts',(-10.5750338164913,1.17280460219709,24.9430015420771));
#5172=CARTESIAN_POINT('Ctrl Pts',(-10.5439926568165,1.18552603409111,24.9417118345316));
#5173=CARTESIAN_POINT('Ctrl Pts',(-10.5244387570285,1.19353970390958,24.9408994031545));
#5174=CARTESIAN_POINT('Ctrl Pts',(-10.504681165429,1.20111037708305,24.9400855140996));
#5175=CARTESIAN_POINT('Ctrl Pts',(-10.484737229161,1.20822783098523,24.9392699282189));
#5176=CARTESIAN_POINT('Ctrl Pts',(-10.4757999863937,1.21141729231091,24.9389044492626));
#5177=CARTESIAN_POINT('Ctrl Pts',(-10.4668345442188,1.21451243312806,24.9385390065561));
#5178=CARTESIAN_POINT('Ctrl Pts',(-10.4578430442551,1.21751271312455,24.9381735951247));
#5179=CARTESIAN_POINT('Ctrl Pts',(-10.4062480267593,1.23472891726568,24.9360767915579));
#5180=CARTESIAN_POINT('Ctrl Pts',(-10.3537917048113,1.24882726392736,24.9339808261022));
#5181=CARTESIAN_POINT('Ctrl Pts',(-10.3007859785481,1.25970638883881,24.9318814464586));
#5182=CARTESIAN_POINT('Ctrl Pts',(-10.2486043306085,1.27041637634472,24.9298147058029));
#5183=CARTESIAN_POINT('Ctrl Pts',(-10.1958891568966,1.27800665409304,24.9277446562946));
#5184=CARTESIAN_POINT('Ctrl Pts',(-10.1429310254036,1.28233154076689,24.925667240898));
#5185=CARTESIAN_POINT('Ctrl Pts',(-10.0925162591019,1.28644872059928,24.9236895953736));
#5186=CARTESIAN_POINT('Ctrl Pts',(-10.0418805115629,1.28760653198154,24.9217052744794));
#5187=CARTESIAN_POINT('Ctrl Pts',(-9.99128139009713,1.28563430883012,24.9197107780856));
#5188=CARTESIAN_POINT('Ctrl Pts',(-9.98100545256434,1.2852337793087,24.9193057251962));
#5189=CARTESIAN_POINT('Ctrl Pts',(-9.97074015705612,1.28470431889465,24.9189006104983));
#5190=CARTESIAN_POINT('Ctrl Pts',(-9.96049208459944,1.28404534655273,24.9184955799827));
#5191=CARTESIAN_POINT('Ctrl Pts',(-9.92568791020767,1.28180736585883,24.9171200283599));
#5192=CARTESIAN_POINT('Ctrl Pts',(-9.8910657359758,1.27807573038435,24.9157447924466));
#5193=CARTESIAN_POINT('Ctrl Pts',(-9.85670767775576,1.27281458863298,24.9143686704155));
#5194=CARTESIAN_POINT('Ctrl Pts',(-9.80497840626209,1.26489344744739,24.9122967899355));
#5195=CARTESIAN_POINT('Ctrl Pts',(-9.75384688635689,1.25350760774418,24.9102229007929));
#5196=CARTESIAN_POINT('Ctrl Pts',(-9.70355430897231,1.23888305772111,24.9081429012736));
#5197=CARTESIAN_POINT('Ctrl Pts',(-9.652338864515,1.22399014770593,24.9060247338344));
#5198=CARTESIAN_POINT('Ctrl Pts',(-9.6019924377168,1.20573797828627,24.9039002297105));
#5199=CARTESIAN_POINT('Ctrl Pts',(-9.55279183963013,1.18431686737092,24.9017650572204));
#5200=CARTESIAN_POINT('Ctrl Pts',(-9.5392537909017,1.17842262919767,24.9011775426304));
#5201=CARTESIAN_POINT('Ctrl Pts',(-9.52580267280337,1.17228821261781,24.9005892203046));
#5202=CARTESIAN_POINT('Ctrl Pts',(-9.5124446969974,1.16591705130394,24.9));
#5203=CARTESIAN_POINT('Origin',(-10.0000001490116,0.,24.9));
#5204=CARTESIAN_POINT('Origin',(-10.0000001490116,0.,2.));
#5205=CARTESIAN_POINT('Ctrl Pts',(-8.73755596595497,0.000310713916219229,
24.8065803263806));
#5206=CARTESIAN_POINT('Ctrl Pts',(-8.73795303535133,-0.22656424830613,24.7923577765649));
#5207=CARTESIAN_POINT('Ctrl Pts',(-8.79623114764609,-0.453652787059589,
24.7781352267492));
#5208=CARTESIAN_POINT('Ctrl Pts',(-8.91114776950858,-0.647066794655762,
24.7639126769335));
#5209=CARTESIAN_POINT('Ctrl Pts',(-9.12493051792422,-1.00688052269479,24.7374540520644));
#5210=CARTESIAN_POINT('Ctrl Pts',(-9.53472922325617,-1.25015259914585,24.7109954271954));
#5211=CARTESIAN_POINT('Ctrl Pts',(-9.95296538196227,-1.26568250331087,24.6845368023263));
#5212=CARTESIAN_POINT('Ctrl Pts',(-10.3712015406684,-1.28121240747589,24.6580781774572));
#5213=CARTESIAN_POINT('Ctrl Pts',(-10.7978751527486,-1.06900013935489,24.6316195525882));
#5214=CARTESIAN_POINT('Ctrl Pts',(-11.0377896720878,-0.726088081199388,
24.6051609277191));
#5215=CARTESIAN_POINT('Ctrl Pts',(-11.2777041914269,-0.383176023043878,
24.5787023028501));
#5216=CARTESIAN_POINT('Ctrl Pts',(-11.330859618025,0.0904358251461404,24.552243677981));
#5217=CARTESIAN_POINT('Ctrl Pts',(-11.1729151531069,0.478007044679746,24.525785053112));
#5218=CARTESIAN_POINT('Ctrl Pts',(-11.0149706881888,0.865578264213341,24.4993264282429));
#5219=CARTESIAN_POINT('Ctrl Pts',(-10.6459263317546,1.16710885509053,24.4728678033738));
#5220=CARTESIAN_POINT('Ctrl Pts',(-10.2346545936152,1.2446443551871,24.4464091785048));
#5221=CARTESIAN_POINT('Ctrl Pts',(-9.82338285547577,1.32217985528368,24.4199505536357));
#5222=CARTESIAN_POINT('Ctrl Pts',(-9.36988373563119,1.17572026459964,24.3934919287667));
#5223=CARTESIAN_POINT('Ctrl Pts',(-9.081658685847,0.872272281736945,24.3670333038976));
#5224=CARTESIAN_POINT('Ctrl Pts',(-8.86214535713491,0.641165107467964,24.3468823113919));
#5225=CARTESIAN_POINT('Ctrl Pts',(-8.73849768860795,0.318998302053522,24.3267313188863));
#5226=CARTESIAN_POINT('Ctrl Pts',(-8.73556963266813,-0.00115557639814707,
24.3065803263806));
#5227=CARTESIAN_POINT('Ctrl Pts',(-8.73343437291418,0.000104212474372453,
24.4434196736194));
#5228=CARTESIAN_POINT('Ctrl Pts',(-8.73342905934038,0.00510895763687396,
24.4437360749962));
#5229=CARTESIAN_POINT('Ctrl Pts',(-8.73345616631971,0.0101136393852491,
24.444052476373));
#5230=CARTESIAN_POINT('Ctrl Pts',(-8.73351586830101,0.015117928060914,24.4443688777498));
#5231=CARTESIAN_POINT('Ctrl Pts',(-8.73850836341353,0.433594605196806,24.4708275026189));
#5232=CARTESIAN_POINT('Ctrl Pts',(-8.97143470540989,0.849322561071772,24.4972861274879));
#5233=CARTESIAN_POINT('Ctrl Pts',(-9.32571136530069,1.07214695231484,24.523744752357));
#5234=CARTESIAN_POINT('Ctrl Pts',(-9.67998802519147,1.2949713435579,24.5502033772261));
#5235=CARTESIAN_POINT('Ctrl Pts',(-10.1556150029767,1.32489217016907,24.5766620020951));
#5236=CARTESIAN_POINT('Ctrl Pts',(-10.5349683319323,1.14808709519793,24.6031206269641));
#5237=CARTESIAN_POINT('Ctrl Pts',(-10.9143216608879,0.971282020226801,24.6295792518332));
#5238=CARTESIAN_POINT('Ctrl Pts',(-11.197401341014,0.587751043673361,24.6560378767023));
#5239=CARTESIAN_POINT('Ctrl Pts',(-11.2546646868945,0.173237174160107,24.6824965015713));
#5240=CARTESIAN_POINT('Ctrl Pts',(-11.311928032775,-0.241276695353158,24.7089551264404));
#5241=CARTESIAN_POINT('Ctrl Pts',(-11.1433750444101,-0.686773457826239,
24.7354137513094));
#5242=CARTESIAN_POINT('Ctrl Pts',(-10.8261588482548,-0.959892200025442,
24.7618723761785));
#5243=CARTESIAN_POINT('Ctrl Pts',(-10.5089426520996,-1.23301094222464,24.7883310010475));
#5244=CARTESIAN_POINT('Ctrl Pts',(-10.043063248154,-1.33375166414997,24.8147896259166));
#5245=CARTESIAN_POINT('Ctrl Pts',(-9.64162928173054,-1.21506420698463,24.8412482507857));
#5246=CARTESIAN_POINT('Ctrl Pts',(-9.34449935606797,-1.12721515016761,24.8608321671904));
#5247=CARTESIAN_POINT('Ctrl Pts',(-9.08267609825917,-0.919151565607351,
24.8804160835952));
#5248=CARTESIAN_POINT('Ctrl Pts',(-8.91875816084011,-0.654451677961111,
24.9));
#5249=CARTESIAN_POINT('Ctrl Pts',(-10.9581163017341,0.825211298936436,10.));
#5250=CARTESIAN_POINT('Ctrl Pts',(-11.232489887274,0.506648326610414,10.0264586248691));
#5251=CARTESIAN_POINT('Ctrl Pts',(-11.4337819771851,-0.420145543536599,
10.0793758746072));
#5252=CARTESIAN_POINT('Ctrl Pts',(-10.4228164943063,-1.43449235038355,10.1587517492144));
#5253=CARTESIAN_POINT('Ctrl Pts',(-9.02517821756252,-1.13227025130908,10.2381276238215));
#5254=CARTESIAN_POINT('Ctrl Pts',(-8.51951928240777,0.204220085173111,10.3175034984287));
#5255=CARTESIAN_POINT('Ctrl Pts',(-9.36875830901396,1.35481299098589,10.3968793730358));
#5256=CARTESIAN_POINT('Ctrl Pts',(-10.7956392567277,1.26505052831625,10.476255247643));
#5257=CARTESIAN_POINT('Ctrl Pts',(-11.4944182805181,0.0178666454062401,
10.5556311222502));
#5258=CARTESIAN_POINT('Ctrl Pts',(-10.8255942252669,-1.24580954817438,10.6350069968574));
#5259=CARTESIAN_POINT('Ctrl Pts',(-9.40124407942787,-1.36932703804791,10.7143828714645));
#5260=CARTESIAN_POINT('Ctrl Pts',(-8.52483456982842,-0.239763785232039,
10.7937587460717));
#5261=CARTESIAN_POINT('Ctrl Pts',(-8.99840246237987,1.10923615584673,10.8731346206789));
#5262=CARTESIAN_POINT('Ctrl Pts',(-10.3885672350499,1.44312417110558,10.952510495286));
#5263=CARTESIAN_POINT('Ctrl Pts',(-11.4231408353843,0.456363761798833,11.0318863698932));
#5264=CARTESIAN_POINT('Ctrl Pts',(-11.1553478564199,-0.948034199865933,
11.1112622445004));
#5265=CARTESIAN_POINT('Ctrl Pts',(-9.83025538699995,-1.48485098173361,11.1906381191075));
#5266=CARTESIAN_POINT('Ctrl Pts',(-8.66050231107009,-0.662828877609774,
11.2700139937147));
#5267=CARTESIAN_POINT('Ctrl Pts',(-8.7165711396676,0.765771811216943,11.3493898683219));
#5268=CARTESIAN_POINT('Ctrl Pts',(-9.94715126659326,1.4935873930932,11.428765742929));
#5269=CARTESIAN_POINT('Ctrl Pts',(-11.2260952829067,0.854568403821732,11.5081416175362));
#5270=CARTESIAN_POINT('Ctrl Pts',(-11.3829962434685,-0.56649643774333,11.5875174921434));
#5271=CARTESIAN_POINT('Ctrl Pts',(-10.2742685313287,-1.46914030758773,11.6668933667506));
#5272=CARTESIAN_POINT('Ctrl Pts',(-8.91454811438381,-1.02732190106554,11.7462692413577));
#5273=CARTESIAN_POINT('Ctrl Pts',(-8.54816327229973,0.3546351458272,11.8256451159649));
#5274=CARTESIAN_POINT('Ctrl Pts',(-9.51040574079529,1.41205301462862,11.9050209905721));
#5275=CARTESIAN_POINT('Ctrl Pts',(-10.9206933806334,1.17725119522203,11.9843968651792));
#5276=CARTESIAN_POINT('Ctrl Pts',(-11.4884220579858,-0.134894860701648,
12.0637727397864));
#5277=CARTESIAN_POINT('Ctrl Pts',(-10.6940431666564,-1.3235938546059,12.1431486143936));
#5278=CARTESIAN_POINT('Ctrl Pts',(-9.2645209455496,-1.30102526645344,12.2225244890008));
#5279=CARTESIAN_POINT('Ctrl Pts',(-8.50806177440603,-0.0878424095169285,
12.3019003636079));
#5280=CARTESIAN_POINT('Ctrl Pts',(-9.11692821413397,1.20572814528779,12.3812762382151));
#5281=CARTESIAN_POINT('Ctrl Pts',(-10.5339250360956,1.395894199971,12.4606521128222));
#5282=CARTESIAN_POINT('Ctrl Pts',(-11.4623082966458,0.308628067257923,12.5400279874294));
#5283=CARTESIAN_POINT('Ctrl Pts',(-11.0524816157261,-1.06107453308348,12.6194038620366));
#5284=CARTESIAN_POINT('Ctrl Pts',(-9.67949189406817,-1.45975027352485,12.6987797366438));
#5285=CARTESIAN_POINT('Ctrl Pts',(-8.59981062027946,-0.522556873620333,
12.7781556112509));
#5286=CARTESIAN_POINT('Ctrl Pts',(-8.80149234123565,0.892846816222815,12.8575314858581));
#5287=CARTESIAN_POINT('Ctrl Pts',(-10.0999709759551,1.49117478395403,12.9369073604652));
#5288=CARTESIAN_POINT('Ctrl Pts',(-11.3069627686644,0.724875929638946,13.0162832350724));
#5289=CARTESIAN_POINT('Ctrl Pts',(-11.3179068107135,-0.704782543471011,
13.0956591096796));
#5290=CARTESIAN_POINT('Ctrl Pts',(-10.1227878218801,-1.48946956663481,13.1750349842868));
#5291=CARTESIAN_POINT('Ctrl Pts',(-8.81530148777235,-0.911090272474449,
13.2544108588939));
#5292=CARTESIAN_POINT('Ctrl Pts',(-8.59197482868413,0.501059976306553,13.3337867335011));
#5293=CARTESIAN_POINT('Ctrl Pts',(-9.65718197456245,1.45467250672,13.4131626081083));
#5294=CARTESIAN_POINT('Ctrl Pts',(-11.036114165266,1.07706274091207,13.4925384827154));
#5295=CARTESIAN_POINT('Ctrl Pts',(-11.466861748442,-0.286205259658536,13.5719143573226));
#5296=CARTESIAN_POINT('Ctrl Pts',(-10.5552323652481,-1.38755669743361,13.6512902319298));
#5297=CARTESIAN_POINT('Ctrl Pts',(-9.13549032960496,-1.21910589149965,13.730666106537));
#5298=CARTESIAN_POINT('Ctrl Pts',(-8.5068918273551,0.0649918636424758,13.8100419811441));
#5299=CARTESIAN_POINT('Ctrl Pts',(-9.2446895959364,1.28961326410397,13.8894178557513));
#5300=CARTESIAN_POINT('Ctrl Pts',(-10.673698784394,1.3340639232149,13.9687937303585));
#5301=CARTESIAN_POINT('Ctrl Pts',(-11.4861825073521,0.157665469577698,14.0481696049656));
#5302=CARTESIAN_POINT('Ctrl Pts',(-10.9386081536406,-1.16301823553463,14.1275454795728));
#5303=CARTESIAN_POINT('Ctrl Pts',(-9.53208039467686,-1.41938279052656,14.20692135418));
#5304=CARTESIAN_POINT('Ctrl Pts',(-8.55376256402019,-0.376819917597048,
14.2862972287872));
#5305=CARTESIAN_POINT('Ctrl Pts',(-8.89894793417333,1.01058419873822,14.3656731033943));
#5306=CARTESIAN_POINT('Ctrl Pts',(-10.2517451557401,1.47316694713361,14.4450489780015));
#5307=CARTESIAN_POINT('Ctrl Pts',(-11.3741616116217,0.587602482310168,14.5244248526086));
#5308=CARTESIAN_POINT('Ctrl Pts',(-11.2390342772797,-0.835697811129497,
14.6038007272158));
#5309=CARTESIAN_POINT('Ctrl Pts',(-9.97002295894135,-1.49422145969571,14.683176601823));
#5310=CARTESIAN_POINT('Ctrl Pts',(-8.728444828221,-0.785330165413731,14.7625524764302));
#5311=CARTESIAN_POINT('Ctrl Pts',(-8.65051197579917,0.642244558481728,14.8419283510373));
#5312=CARTESIAN_POINT('Ctrl Pts',(-9.80754351320974,1.4820785559057,14.9213042256445));
#5313=CARTESIAN_POINT('Ctrl Pts',(-11.1406989296733,0.965610011514322,15.0006801002517));
#5314=CARTESIAN_POINT('Ctrl Pts',(-11.4299605191246,-0.434522430313903,
15.0800559748588));
#5315=CARTESIAN_POINT('Ctrl Pts',(-10.410614763202,-1.43700801708027,15.159431849466));
#5316=CARTESIAN_POINT('Ctrl Pts',(-9.01550104092308,-1.12443670729506,15.2388077240732));
#5317=CARTESIAN_POINT('Ctrl Pts',(-8.52133729689914,0.217146430599888,15.3181835986803));
#5318=CARTESIAN_POINT('Ctrl Pts',(-9.38035026325714,1.36001118437465,15.3975594732875));
#5319=CARTESIAN_POINT('Ctrl Pts',(-10.8064267713791,1.25828156836083,15.4769353478947));
#5320=CARTESIAN_POINT('Ctrl Pts',(-11.4945137354609,0.00505395469581219,
15.5563112225019));
#5321=CARTESIAN_POINT('Ctrl Pts',(-10.8149184211631,-1.2527987117863,15.635687097109));
#5322=CARTESIAN_POINT('Ctrl Pts',(-9.38956255356215,-1.36417093672368,15.7150629717162));
#5323=CARTESIAN_POINT('Ctrl Pts',(-8.52283973481595,-0.227142055271485,
15.7944388463234));
#5324=CARTESIAN_POINT('Ctrl Pts',(-9.00791869233812,1.11775256021369,15.8738147209305));
#5325=CARTESIAN_POINT('Ctrl Pts',(-10.4008865036679,1.43975224715575,15.9531905955377));
#5326=CARTESIAN_POINT('Ctrl Pts',(-11.4269890232541,0.444183695477448,16.0325664701449));
#5327=CARTESIAN_POINT('Ctrl Pts',(-11.1472035185077,-0.95787307695569,16.111942344752));
#5328=CARTESIAN_POINT('Ctrl Pts',(-9.81757160728944,-1.48334629460042,16.1913182193592));
#5329=CARTESIAN_POINT('Ctrl Pts',(-8.6548865113068,-0.651356817881111,16.2706940939664));
#5330=CARTESIAN_POINT('Ctrl Pts',(-8.72316251288533,0.776712336396878,16.3500699685735));
#5331=CARTESIAN_POINT('Ctrl Pts',(-9.95991782648336,1.49398454140611,16.4294458431807));
#5332=CARTESIAN_POINT('Ctrl Pts',(-11.2333538920634,0.844058615879229,16.5088217177879));
#5333=CARTESIAN_POINT('Ctrl Pts',(-11.3781042952047,-0.578295222862109,
16.588197592395));
#5334=CARTESIAN_POINT('Ctrl Pts',(-10.261702818832,-1.47143063552061,16.6675734670022));
#5335=CARTESIAN_POINT('Ctrl Pts',(-8.90580796684648,-1.01800779517072,16.7469493416094));
#5336=CARTESIAN_POINT('Ctrl Pts',(-8.55124710757779,0.367030008958269,16.8263252162166));
#5337=CARTESIAN_POINT('Ctrl Pts',(-9.52249143233906,1.41618566157175,16.9057010908237));
#5338=CARTESIAN_POINT('Ctrl Pts',(-10.9307208842255,1.16933969212653,16.9850769654309));
#5339=CARTESIAN_POINT('Ctrl Pts',(-11.4872148502561,-0.147610416102068,
17.0644528400381));
#5340=CARTESIAN_POINT('Ctrl Pts',(-10.6827060060879,-1.32947700817028,17.1438287146452));
#5341=CARTESIAN_POINT('Ctrl Pts',(-9.25342886905483,-1.29469213579267,17.2232045892524));
#5342=CARTESIAN_POINT('Ctrl Pts',(-8.50736553375776,-0.0750886668253326,
17.3025804638596));
#5343=CARTESIAN_POINT('Ctrl Pts',(-9.12726496379681,1.2132310987721,17.3819563384667));
#5344=CARTESIAN_POINT('Ctrl Pts',(-10.5458352506011,1.39128014591329,17.4613322130739));
#5345=CARTESIAN_POINT('Ctrl Pts',(-11.4648925171623,0.296119489857428,17.5407080876811));
#5346=CARTESIAN_POINT('Ctrl Pts',(-11.0433749305948,-1.07003059194399,17.6200839622883));
#5347=CARTESIAN_POINT('Ctrl Pts',(-9.66702815316662,-1.45695780739275,17.6994598368954));
#5348=CARTESIAN_POINT('Ctrl Pts',(-8.59539583403648,-0.510571367090711,
17.7788357115026));
#5349=CARTESIAN_POINT('Ctrl Pts',(-8.8091666367951,0.903057001922776,17.8582115861098));
#5350=CARTESIAN_POINT('Ctrl Pts',(-10.1127113338337,1.49026594651951,17.9375874607169));
#5351=CARTESIAN_POINT('Ctrl Pts',(-11.3131100364471,0.713679778373338,18.0169633353241));
#5352=CARTESIAN_POINT('Ctrl Pts',(-11.3118354060817,-0.716020014278685,
18.0963392099312));
#5353=CARTESIAN_POINT('Ctrl Pts',(-10.110053902098,-1.49046454971975,18.1757150845384));
#5354=CARTESIAN_POINT('Ctrl Pts',(-8.80755831352508,-0.900932223600192,
18.2550909591456));
#5355=CARTESIAN_POINT('Ctrl Pts',(-8.59630845278002,0.5130750670907,18.3344668337528));
#5356=CARTESIAN_POINT('Ctrl Pts',(-9.66962654421113,1.45754920458652,18.4138427083599));
#5357=CARTESIAN_POINT('Ctrl Pts',(-11.0452812143304,1.06816847782817,18.4932185829671));
#5358=CARTESIAN_POINT('Ctrl Pts',(-11.4643621858734,-0.298731028749543,
18.5725944575743));
#5359=CARTESIAN_POINT('Ctrl Pts',(-10.5433536292201,-1.39225119791115,18.6519703321815));
#5360=CARTESIAN_POINT('Ctrl Pts',(-9.12510307188176,-1.21167301982395,18.7313462067886));
#5361=CARTESIAN_POINT('Ctrl Pts',(-8.50750179511605,0.0777500235288487,
18.8107220813958));
#5362=CARTESIAN_POINT('Ctrl Pts',(-9.25573858609486,1.29602126853859,18.890097956003));
#5363=CARTESIAN_POINT('Ctrl Pts',(-10.6850754749983,1.32825758054072,18.9694738306101));
#5364=CARTESIAN_POINT('Ctrl Pts',(-11.4874756861743,0.144958369480131,19.0488497052173));
#5365=CARTESIAN_POINT('Ctrl Pts',(-10.9286343869709,-1.17099737601304,19.1282255798244));
#5366=CARTESIAN_POINT('Ctrl Pts',(-9.51996702939694,-1.41533197752778,19.2076014544317));
#5367=CARTESIAN_POINT('Ctrl Pts',(-8.55059496942686,-0.364446193466949,
19.2869773290388));
#5368=CARTESIAN_POINT('Ctrl Pts',(-8.90762488818981,1.01995720110413,19.366353203646));
#5369=CARTESIAN_POINT('Ctrl Pts',(-10.2643260706419,1.47096166153099,19.4457290782531));
#5370=CARTESIAN_POINT('Ctrl Pts',(-11.379133246905,0.57583704364579,19.5251049528603));
#5371=CARTESIAN_POINT('Ctrl Pts',(-11.2318469135353,-0.846256433518883,
19.6044808274675));
#5372=CARTESIAN_POINT('Ctrl Pts',(-9.95725400711464,-1.49391069675955,19.6838567020746));
#5373=CARTESIAN_POINT('Ctrl Pts',(-8.72177960806093,-0.774434407313759,
19.7632325766818));
#5374=CARTESIAN_POINT('Ctrl Pts',(-8.6560500661768,0.653754217873934,19.842608451289));
#5375=CARTESIAN_POINT('Ctrl Pts',(-9.8202168116105,1.48366921991817,19.9219843258962));
#5376=CARTESIAN_POINT('Ctrl Pts',(-11.1489096521837,0.955826007210778,20.0013602005033));
#5377=CARTESIAN_POINT('Ctrl Pts',(-11.4261947429728,-0.446727414309373,
20.0807360751105));
#5378=CARTESIAN_POINT('Ctrl Pts',(-10.3983186834268,-1.44046476794158,20.1601119497177));
#5379=CARTESIAN_POINT('Ctrl Pts',(-9.00592723532279,-1.11598182996403,20.2394878243248));
#5380=CARTESIAN_POINT('Ctrl Pts',(-8.5232470938249,0.229775578633588,20.318863698932));
#5381=CARTESIAN_POINT('Ctrl Pts',(-9.39199593994863,1.36525722276111,20.3982395735392));
#5382=CARTESIAN_POINT('Ctrl Pts',(-10.8171509569198,1.2513436616992,20.4776154481464));
#5383=CARTESIAN_POINT('Ctrl Pts',(-11.4945023481006,-0.0077187730740465,
20.5569913227535));
#5384=CARTESIAN_POINT('Ctrl Pts',(-10.8041818818783,-1.25971748541618,20.6363671973607));
#5385=CARTESIAN_POINT('Ctrl Pts',(-9.37792624945147,-1.35890414158825,20.7157430719678));
#5386=CARTESIAN_POINT('Ctrl Pts',(-8.52095245961553,-0.214509522007223,
20.795118946575));
#5387=CARTESIAN_POINT('Ctrl Pts',(-9.01750755838033,1.12619035331257,20.8744948211822));
#5388=CARTESIAN_POINT('Ctrl Pts',(-10.4131764002582,1.43627357698508,20.9538706957893));
#5389=CARTESIAN_POINT('Ctrl Pts',(-11.4307330310455,0.431972016231215,21.0332465703965));
#5390=CARTESIAN_POINT('Ctrl Pts',(-11.1389753634584,-0.967642425390468,
21.1126224450037));
#5391=CARTESIAN_POINT('Ctrl Pts',(-9.80490116530473,-1.48173303570388,21.1919983196109));
#5392=CARTESIAN_POINT('Ctrl Pts',(-8.64936895229267,-0.639837301967654,
21.271374194218));
#5393=CARTESIAN_POINT('Ctrl Pts',(-8.72984715037894,0.787596192603848,21.3507500688252));
#5394=CARTESIAN_POINT('Ctrl Pts',(-9.97268731212448,1.49427253587853,21.4301259434323));
#5395=CARTESIAN_POINT('Ctrl Pts',(-11.2405224175905,0.833487194682384,21.5095018180395));
#5396=CARTESIAN_POINT('Ctrl Pts',(-11.3731116891919,-0.590051778035964,
21.5888776926467));
#5397=CARTESIAN_POINT('Ctrl Pts',(-10.2491179917452,-1.47361348493133,21.6682535672539));
#5398=CARTESIAN_POINT('Ctrl Pts',(-8.89714773936842,-1.00861933606483,21.747629441861));
#5399=CARTESIAN_POINT('Ctrl Pts',(-8.55443676038566,0.379398065366623,21.8270053164682));
#5400=CARTESIAN_POINT('Ctrl Pts',(-9.53461200125679,1.42021486911981,21.9063811910754));
#5401=CARTESIAN_POINT('Ctrl Pts',(-10.9406804076524,1.16134278038108,21.9857570656826));
#5402=CARTESIAN_POINT('Ctrl Pts',(-11.4858990158061,-0.160315190167585,
22.0651329402897));
#5403=CARTESIAN_POINT('Ctrl Pts',(-10.6713189804377,-1.33526305614747,22.1445088148969));
#5404=CARTESIAN_POINT('Ctrl Pts',(-9.24239132239859,-1.28826444039186,22.2238846895041));
#5405=CARTESIAN_POINT('Ctrl Pts',(-8.50677831569348,-0.0623294396032016,
22.3032605641112));
#5406=CARTESIAN_POINT('Ctrl Pts',(-9.1376654583581,1.22064543739553,22.3826364387184));
#5407=CARTESIAN_POINT('Ctrl Pts',(-10.5577055971105,1.38656447224917,22.4620123133256));
#5408=CARTESIAN_POINT('Ctrl Pts',(-11.4673697413992,0.283589283774813,22.5413881879327));
#5409=CARTESIAN_POINT('Ctrl Pts',(-11.034192036987,-1.07890849537048,22.6207640625399));
#5410=CARTESIAN_POINT('Ctrl Pts',(-9.65458873265856,-1.45405892453275,22.7001399371471));
#5411=CARTESIAN_POINT('Ctrl Pts',(-8.59108364061744,-0.498548568227864,
22.7795158117542));
#5412=CARTESIAN_POINT('Ctrl Pts',(-8.81692791125946,0.913201227983529,22.8588916863615));
#5413=CARTESIAN_POINT('Ctrl Pts',(-10.1254434592718,1.48924825955458,22.9382675609685));
#5414=CARTESIAN_POINT('Ctrl Pts',(-11.3191613941498,0.702431499590813,23.0176434355758));
#5415=CARTESIAN_POINT('Ctrl Pts',(-11.3056681846143,-0.727205186562371,
23.0970193101829));
#5416=CARTESIAN_POINT('Ctrl Pts',(-10.0973119437676,-1.49135066902697,23.1763951847901));
#5417=CARTESIAN_POINT('Ctrl Pts',(-8.79990223601587,-0.890708369727006,
23.2557710593972));
#5418=CARTESIAN_POINT('Ctrl Pts',(-8.60074460237195,0.525052681580134,23.3351469340045));
#5419=CARTESIAN_POINT('Ctrl Pts',(-9.68209524573552,1.46031944462833,23.4145228086116));
#5420=CARTESIAN_POINT('Ctrl Pts',(-11.0543719132626,1.05919619130173,23.4938986832188));
#5421=CARTESIAN_POINT('Ctrl Pts',(-11.4617556703806,-0.311234970731182,
23.573274557826));
#5422=CARTESIAN_POINT('Ctrl Pts',(-10.5314351976315,-1.39684402252719,23.6526504324331));
#5423=CARTESIAN_POINT('Ctrl Pts',(-9.11477973381482,-1.20415161906574,23.7320263070403));
#5424=CARTESIAN_POINT('Ctrl Pts',(-8.50822074331887,0.0905024509679372,
23.8114021816474));
#5425=CARTESIAN_POINT('Ctrl Pts',(-9.26684199887464,1.30233471340174,23.8907780562546));
#5426=CARTESIAN_POINT('Ctrl Pts',(-10.6964020100099,1.32235402603984,23.9701539308618));
#5427=CARTESIAN_POINT('Ctrl Pts',(-11.4886604435554,0.132241054812182,24.0495298054689));
#5428=CARTESIAN_POINT('Ctrl Pts',(-10.9185923640376,-1.17889169934567,24.1289056800761));
#5429=CARTESIAN_POINT('Ctrl Pts',(-9.50788954435086,-1.41117642637689,24.2082815546833));
#5430=CARTESIAN_POINT('Ctrl Pts',(-8.54753167661524,-0.352048451208391,
24.2876574292904));
#5431=CARTESIAN_POINT('Ctrl Pts',(-8.91638461578661,1.0292606739156,24.3670333038976));
#5432=CARTESIAN_POINT('Ctrl Pts',(-10.2768819753203,1.46863944596773,24.4464091785048));
#5433=CARTESIAN_POINT('Ctrl Pts',(-11.3840150446231,0.564047673336146,24.525785053112));
#5434=CARTESIAN_POINT('Ctrl Pts',(-11.2245487648289,-0.856787871233883,
24.6051609277191));
#5435=CARTESIAN_POINT('Ctrl Pts',(-9.9445279285881,-1.4934246755969,24.6845368023263));
#5436=CARTESIAN_POINT('Ctrl Pts',(-8.71513181259228,-0.763608446243737,
24.7639126769335));
#5437=CARTESIAN_POINT('Ctrl Pts',(-8.66183143809429,0.665457692637215,24.8432885515406));
#5438=CARTESIAN_POINT('Ctrl Pts',(-9.83262542094847,1.48468832434268,24.9226644261478));
#5439=CARTESIAN_POINT('Ctrl Pts',(-11.1575726806621,0.946872641449568,25.002040300755));
#5440=CARTESIAN_POINT('Ctrl Pts',(-11.421251213629,-0.460758092580285,25.0814161753622));
#5441=CARTESIAN_POINT('Ctrl Pts',(-10.732753075916,-1.11301241228131,25.1343334251003));
#5442=CARTESIAN_POINT('Ctrl Pts',(-10.3265852125426,-1.22159831625558,25.1607920499693));
#5443=CARTESIAN_POINT('Ctrl Pts',(-11.0284564489683,0.885794229410614,9.94640265001024));
#5444=CARTESIAN_POINT('Ctrl Pts',(-11.3229731855753,0.543843939886017,9.97286127487929));
#5445=CARTESIAN_POINT('Ctrl Pts',(-11.5390431447471,-0.450990550489267,
10.0257785246174));
#5446=CARTESIAN_POINT('Ctrl Pts',(-10.4538575783091,-1.53980568097056,10.1051543992246));
#5447=CARTESIAN_POINT('Ctrl Pts',(-8.95361161471329,-1.21539593075803,10.1845302738317));
#5448=CARTESIAN_POINT('Ctrl Pts',(-8.41082970250815,0.219212913358352,10.2639061484389));
#5449=CARTESIAN_POINT('Ctrl Pts',(-9.32241565646636,1.4542766572544,10.3432820230461));
#5450=CARTESIAN_POINT('Ctrl Pts',(-10.8540511432438,1.35792427871458,10.4226578976532));
#5451=CARTESIAN_POINT('Ctrl Pts',(-11.6041310654462,0.0191783261089264,
10.5020337722604));
#5452=CARTESIAN_POINT('Ctrl Pts',(-10.8862052573579,-1.33727072101386,10.5814096468676));
#5453=CARTESIAN_POINT('Ctrl Pts',(-9.35728637140649,-1.46985625383711,10.6607855214748));
#5454=CARTESIAN_POINT('Ctrl Pts',(-8.41653521203152,-0.257366056007609,
10.7401613960819));
#5455=CARTESIAN_POINT('Ctrl Pts',(-8.92487011606988,1.19067078597809,10.8195372706891));
#5456=CARTESIAN_POINT('Ctrl Pts',(-10.4170939079013,1.54907120726029,10.8989131452963));
#5457=CARTESIAN_POINT('Ctrl Pts',(-11.5276207829669,0.489867731130842,10.9782890199034));
#5458=CARTESIAN_POINT('Ctrl Pts',(-11.2401677685099,-1.01763418000635,11.0576648945106));
#5459=CARTESIAN_POINT('Ctrl Pts',(-9.81779356645949,-1.59386139386299,11.1370407691178));
#5460=CARTESIAN_POINT('Ctrl Pts',(-8.56216300755969,-0.711490494168183,
11.2164166437249));
#5461=CARTESIAN_POINT('Ctrl Pts',(-8.62234813212778,0.821990988605613,11.2957925183321));
#5462=CARTESIAN_POINT('Ctrl Pts',(-9.94327136313905,1.60323918931739,11.3751683929393));
#5463=CARTESIAN_POINT('Ctrl Pts',(-11.3161091209955,0.917306587679477,11.4545442675465));
#5464=CARTESIAN_POINT('Ctrl Pts',(-11.4845289737456,-0.608085803213612,
11.5339201421536));
#5465=CARTESIAN_POINT('Ctrl Pts',(-10.2944039588956,-1.57699731975676,11.6132960167608));
#5466=CARTESIAN_POINT('Ctrl Pts',(-8.83485959674999,-1.10274279191746,11.692671891368));
#5467=CARTESIAN_POINT('Ctrl Pts',(-8.44157659240933,0.38067070352138,11.7720477659751));
#5468=CARTESIAN_POINT('Ctrl Pts',(-9.47446214182646,1.51571896021293,11.8514236405823));
#5469=CARTESIAN_POINT('Ctrl Pts',(-10.9882861221667,1.26367915301018,11.9307995151895));
#5470=CARTESIAN_POINT('Ctrl Pts',(-11.5976946299244,-0.144798173923055,
12.0101753897966));
#5471=CARTESIAN_POINT('Ctrl Pts',(-10.7449963709306,-1.42076556635171,12.0895512644038));
#5472=CARTESIAN_POINT('Ctrl Pts',(-9.21052570153638,-1.39654010412506,12.168927139011));
#5473=CARTESIAN_POINT('Ctrl Pts',(-8.39853104095995,-0.0942913645849301,
12.2483030136181));
#5474=CARTESIAN_POINT('Ctrl Pts',(-9.05209744205978,1.2942467398476,12.3276788882253));
#5475=CARTESIAN_POINT('Ctrl Pts',(-10.5731231594785,1.49837384533595,12.4070547628325));
#5476=CARTESIAN_POINT('Ctrl Pts',(-11.5696637254362,0.331286012883686,12.4864306374396));
#5477=CARTESIAN_POINT('Ctrl Pts',(-11.1297495974,-1.13897337517225,12.5658065120468));
#5478=CARTESIAN_POINT('Ctrl Pts',(-9.65596176384495,-1.56691791585427,12.645182386654));
#5479=CARTESIAN_POINT('Ctrl Pts',(-8.4970156331299,-0.560920413702912,12.7245582612611));
#5480=CARTESIAN_POINT('Ctrl Pts',(-8.71350382813016,0.958395211719864,12.8039341358683));
#5481=CARTESIAN_POINT('Ctrl Pts',(-10.10731033942,1.60064945835266,12.8833100104755));
#5482=CARTESIAN_POINT('Ctrl Pts',(-11.4029134974302,0.778092733752415,12.9626858850826));
#5483=CARTESIAN_POINT('Ctrl Pts',(-11.4146609968962,-0.756524190592843,
13.0420617596898));
#5484=CARTESIAN_POINT('Ctrl Pts',(-10.1318022852764,-1.59881905241518,13.121437634297));
#5485=CARTESIAN_POINT('Ctrl Pts',(-8.72832677387882,-0.977978012262013,
13.2008135089042));
#5486=CARTESIAN_POINT('Ctrl Pts',(-8.48860457648663,0.537845320553651,13.2801893835113));
#5487=CARTESIAN_POINT('Ctrl Pts',(-9.63201396043722,1.56146736453508,13.3595652581185));
#5488=CARTESIAN_POINT('Ctrl Pts',(-11.1121805297122,1.15613535811096,13.4389411327257));
#5489=CARTESIAN_POINT('Ctrl Pts',(-11.574551469133,-0.307217033696996,13.5183170073329));
#5490=CARTESIAN_POINT('Ctrl Pts',(-10.59599476731,-1.4894242446157,13.59769288194));
#5491=CARTESIAN_POINT('Ctrl Pts',(-9.07202229620447,-1.30860661399408,13.6770687565472));
#5492=CARTESIAN_POINT('Ctrl Pts',(-8.39727520218537,0.0697632446954419,
13.7564446311544));
#5493=CARTESIAN_POINT('Ctrl Pts',(-9.18923843235885,1.38429028902896,13.8358205057615));
#5494=CARTESIAN_POINT('Ctrl Pts',(-10.7231584047852,1.43200429559274,13.9151963803687));
#5495=CARTESIAN_POINT('Ctrl Pts',(-11.5952906625644,0.169240488235242,13.9945722549759));
#5496=CARTESIAN_POINT('Ctrl Pts',(-11.0075161091669,-1.24840127984632,14.073948129583));
#5497=CARTESIAN_POINT('Ctrl Pts',(-9.49772804155119,-1.52358685199003,14.1533240041902));
#5498=CARTESIAN_POINT('Ctrl Pts',(-8.44758695642295,-0.404484171465714,
14.2326998787974));
#5499=CARTESIAN_POINT('Ctrl Pts',(-8.81811412849719,1.08477629030237,14.3120757534045));
#5500=CARTESIAN_POINT('Ctrl Pts',(-10.2702270285156,1.58131957525453,14.3914516280117));
#5501=CARTESIAN_POINT('Ctrl Pts',(-11.4750457469418,0.630741349141164,14.4708275026189));
#5502=CARTESIAN_POINT('Ctrl Pts',(-11.329998032314,-0.897050609442286,14.5502033772261));
#5503=CARTESIAN_POINT('Ctrl Pts',(-9.96782218197166,-1.60391980595253,14.6295792518332));
#5504=CARTESIAN_POINT('Ctrl Pts',(-8.6350935281445,-0.84298522039402,14.7089551264404));
#5505=CARTESIAN_POINT('Ctrl Pts',(-8.55143923130472,0.689394976179676,14.7883310010475));
#5506=CARTESIAN_POINT('Ctrl Pts',(-9.79341429927253,1.59088543024858,14.8677068756547));
#5507=CARTESIAN_POINT('Ctrl Pts',(-11.2244433900434,1.03650032078195,14.9470827502619));
#5508=CARTESIAN_POINT('Ctrl Pts',(-11.5349411341442,-0.466422917157828,
15.0264586248691));
#5509=CARTESIAN_POINT('Ctrl Pts',(-10.4407600564805,-1.54250603546879,15.1058344994762));
#5510=CARTESIAN_POINT('Ctrl Pts',(-8.94322398764704,-1.20698728670238,15.1852103740834));
#5511=CARTESIAN_POINT('Ctrl Pts',(-8.41278118662806,0.233088247107618,15.2645862486906));
#5512=CARTESIAN_POINT('Ctrl Pts',(-9.33485863463379,1.45985647628142,15.3439621232977));
#5513=CARTESIAN_POINT('Ctrl Pts',(-10.8656306238451,1.35065837521162,15.4233379979049));
#5514=CARTESIAN_POINT('Ctrl Pts',(-11.6042335282186,0.0054249910429276,
15.5027138725121));
#5515=CARTESIAN_POINT('Ctrl Pts',(-10.8747456885399,-1.34477299443622,15.5820897471192));
#5516=CARTESIAN_POINT('Ctrl Pts',(-9.34474724571117,-1.46432161706572,15.6614656217264));
#5517=CARTESIAN_POINT('Ctrl Pts',(-8.41439392610276,-0.243817701084878,
15.7408414963336));
#5518=CARTESIAN_POINT('Ctrl Pts',(-8.93508498054595,1.19981242261504,15.8202173709408));
#5519=CARTESIAN_POINT('Ctrl Pts',(-10.4303175962663,1.54545173333814,15.8995932455479));
#5520=CARTESIAN_POINT('Ctrl Pts',(-11.5317514857495,0.476793464606344,15.9789691201551));
#5521=CARTESIAN_POINT('Ctrl Pts',(-11.2314255136058,-1.02819537876989,16.0583449947622));
#5522=CARTESIAN_POINT('Ctrl Pts',(-9.80417860640118,-1.59224624004558,16.1377208693694));
#5523=CARTESIAN_POINT('Ctrl Pts',(-8.5561349235644,-0.699176212577274,16.2170967439766));
#5524=CARTESIAN_POINT('Ctrl Pts',(-8.62942341135345,0.833734713011227,16.2964726185838));
#5525=CARTESIAN_POINT('Ctrl Pts',(-9.95697518068816,1.60366549429437,16.3758484931909));
#5526=CARTESIAN_POINT('Ctrl Pts',(-11.3239006213213,0.906025223108006,16.4552243677981));
#5527=CARTESIAN_POINT('Ctrl Pts',(-11.4792778828453,-0.620750796756165,
16.5346002424053));
#5528=CARTESIAN_POINT('Ctrl Pts',(-10.2809157339618,-1.57945579223406,16.6139761170124));
#5529=CARTESIAN_POINT('Ctrl Pts',(-8.82547779082619,-1.09274489045345,16.6933519916196));
#5530=CARTESIAN_POINT('Ctrl Pts',(-8.44488682761486,0.393975536174529,16.7727278662268));
#5531=CARTESIAN_POINT('Ctrl Pts',(-9.48743510504414,1.52015500564654,16.852103740834));
#5532=CARTESIAN_POINT('Ctrl Pts',(-10.9990497954571,1.25518682650303,16.9314796154411));
#5533=CARTESIAN_POINT('Ctrl Pts',(-11.5963987949765,-0.158447242485206,
17.0108554900483));
#5534=CARTESIAN_POINT('Ctrl Pts',(-10.7328268921287,-1.42708063194131,17.0902313646555));
#5535=CARTESIAN_POINT('Ctrl Pts',(-9.19861929966827,-1.38974202634711,17.1696072392626));
#5536=CARTESIAN_POINT('Ctrl Pts',(-8.39778368576825,-0.0806013052096345,
17.2489831138698));
#5537=CARTESIAN_POINT('Ctrl Pts',(-9.06319306473728,1.30230052305259,17.328358988477));
#5538=CARTESIAN_POINT('Ctrl Pts',(-10.585907763002,1.49342105025937,17.4077348630841));
#5539=CARTESIAN_POINT('Ctrl Pts',(-11.5724376666364,0.317859117622102,17.4871107376913));
#5540=CARTESIAN_POINT('Ctrl Pts',(-11.1199743445056,-1.14858694356028,17.5664866122985));
#5541=CARTESIAN_POINT('Ctrl Pts',(-9.64258299675623,-1.5639204406757,17.6458624869056));
#5542=CARTESIAN_POINT('Ctrl Pts',(-8.49227673512501,-0.54805499058742,17.7252383615128));
#5543=CARTESIAN_POINT('Ctrl Pts',(-8.72174153249768,0.969354978734558,17.80461423612));
#5544=CARTESIAN_POINT('Ctrl Pts',(-10.1209860313354,1.59967389857057,17.8839901107271));
#5545=CARTESIAN_POINT('Ctrl Pts',(-11.4095120671972,0.766074616458741,17.9633659853343));
#5546=CARTESIAN_POINT('Ctrl Pts',(-11.4081438597772,-0.768586660904917,
18.0427418599415));
#5547=CARTESIAN_POINT('Ctrl Pts',(-10.1181335041105,-1.59988708223509,18.1221177345487));
#5548=CARTESIAN_POINT('Ctrl Pts',(-8.72001513409105,-0.967074209700798,
18.2014936091558));
#5549=CARTESIAN_POINT('Ctrl Pts',(-8.49325635382114,0.550742499853257,18.280869483763));
#5550=CARTESIAN_POINT('Ctrl Pts',(-9.64537214881454,1.56455525532525,18.3602453583702));
#5551=CARTESIAN_POINT('Ctrl Pts',(-11.122020578161,1.1465881222397,18.4396212329774));
#5552=CARTESIAN_POINT('Ctrl Pts',(-11.5718684010483,-0.320662382777946,
18.5189971075845));
#5553=CARTESIAN_POINT('Ctrl Pts',(-10.5832439532581,-1.49446339209021,18.5983729821917));
#5554=CARTESIAN_POINT('Ctrl Pts',(-9.06087245741473,-1.30062805765734,18.6777488567988));
#5555=CARTESIAN_POINT('Ctrl Pts',(-8.39792995076126,0.0834580455540978,
18.757124731406));
#5556=CARTESIAN_POINT('Ctrl Pts',(-9.20109858470503,1.39116873744276,18.8365006060132));
#5557=CARTESIAN_POINT('Ctrl Pts',(-10.7353703157225,1.42577167996884,18.9158764806203));
#5558=CARTESIAN_POINT('Ctrl Pts',(-11.5966787801771,0.155600495722445,18.9952523552275));
#5559=CARTESIAN_POINT('Ctrl Pts',(-10.9968101178979,-1.25696620933837,19.0746282298347));
#5560=CARTESIAN_POINT('Ctrl Pts',(-9.48472537292861,-1.51923864834404,19.1540041044419));
#5561=CARTESIAN_POINT('Ctrl Pts',(-8.44418681270763,-0.391202029734392,
19.233379979049));
#5562=CARTESIAN_POINT('Ctrl Pts',(-8.82742810154454,1.09483741212495,19.3127558536562));
#5563=CARTESIAN_POINT('Ctrl Pts',(-10.2837315719399,1.57895238849457,19.3921317282634));
#5564=CARTESIAN_POINT('Ctrl Pts',(-11.4803823750883,0.618112150184701,19.4715076028705));
#5565=CARTESIAN_POINT('Ctrl Pts',(-11.3222830078862,-0.908384393644102,
19.5508834774777));
#5566=CARTESIAN_POINT('Ctrl Pts',(-9.95411579688179,-1.60358622833924,19.6302593520849));
#5567=CARTESIAN_POINT('Ctrl Pts',(-8.62793898049938,-0.831289549645876,
19.709635226692));
#5568=CARTESIAN_POINT('Ctrl Pts',(-8.55738390087575,0.701749617815386,19.7890111012992));
#5569=CARTESIAN_POINT('Ctrl Pts',(-9.80701800853519,1.59259287294235,19.8683869759064));
#5570=CARTESIAN_POINT('Ctrl Pts',(-11.2332569031745,1.02599802329308,19.9477628505136));
#5571=CARTESIAN_POINT('Ctrl Pts',(-11.5308988933401,-0.479523930688748,
20.0271387251207));
#5572=CARTESIAN_POINT('Ctrl Pts',(-10.4275612593685,-1.54621656387456,20.1065145997279));
#5573=CARTESIAN_POINT('Ctrl Pts',(-8.93294732061016,-1.19791169411191,20.1858904743351));
#5574=CARTESIAN_POINT('Ctrl Pts',(-8.41483119139457,0.246644564701719,20.2652663489422));
#5575=CARTESIAN_POINT('Ctrl Pts',(-9.3473592792859,1.46548765284914,20.3446422235494));
#5576=CARTESIAN_POINT('Ctrl Pts',(-10.8771421260255,1.34321112177122,20.4240180981566));
#5577=CARTESIAN_POINT('Ctrl Pts',(-11.6042213048546,-0.00828544720113829,
20.5033939727637));
#5578=CARTESIAN_POINT('Ctrl Pts',(-10.8632209256646,-1.35219971019235,20.5827698473709));
#5579=CARTESIAN_POINT('Ctrl Pts',(-9.33225666172837,-1.45866815989123,20.662145721978));
#5580=CARTESIAN_POINT('Ctrl Pts',(-8.41236809649526,-0.230257749733336,
20.7415215965853));
#5581=CARTESIAN_POINT('Ctrl Pts',(-8.94537781368786,1.20886967673356,20.8208974711924));
#5582=CARTESIAN_POINT('Ctrl Pts',(-10.4435097562545,1.54171767641578,20.9002733457996));
#5583=CARTESIAN_POINT('Ctrl Pts',(-11.5357703600679,0.463685264292476,20.9796492204068));
#5584=CARTESIAN_POINT('Ctrl Pts',(-11.2225932881252,-1.03868194442862,21.0590250950139));
#5585=CARTESIAN_POINT('Ctrl Pts',(-9.79057796325852,-1.59051454366316,21.1384009696211));
#5586=CARTESIAN_POINT('Ctrl Pts',(-8.55021229266799,-0.686810990803292,
21.2177768442282));
#5587=CARTESIAN_POINT('Ctrl Pts',(-8.63659880185668,0.845417608088274,21.2971527188355));
#5588=CARTESIAN_POINT('Ctrl Pts',(-9.97068213878243,1.60397463189598,21.3765285934426));
#5589=CARTESIAN_POINT('Ctrl Pts',(-11.3315954245232,0.894677700473617,21.4559044680498));
#5590=CARTESIAN_POINT('Ctrl Pts',(-11.4739187444022,-0.633370460040185,
21.5352803426569));
#5591=CARTESIAN_POINT('Ctrl Pts',(-10.2674069911392,-1.58179889564792,21.6146562172641));
#5592=CARTESIAN_POINT('Ctrl Pts',(-8.81618177229695,-1.08266717713351,21.6940320918713));
#5593=CARTESIAN_POINT('Ctrl Pts',(-8.4483106489497,0.407251594088016,21.7734079664785));
#5594=CARTESIAN_POINT('Ctrl Pts',(-9.50044550616,1.52448001767651,21.8527838410856));
#5595=CARTESIAN_POINT('Ctrl Pts',(-11.0097404978149,1.24660282106544,21.9321597156928));
#5596=CARTESIAN_POINT('Ctrl Pts',(-11.5949863584718,-0.172084738200188,
22.0115355902999));
#5597=CARTESIAN_POINT('Ctrl Pts',(-10.7206038873975,-1.43329146293198,22.0909114649072));
#5598=CARTESIAN_POINT('Ctrl Pts',(-9.18677143094961,-1.3828424413538,22.1702873395143));
#5599=CARTESIAN_POINT('Ctrl Pts',(-8.39715335705922,-0.0669053586567107,
22.2496632141215));
#5600=CARTESIAN_POINT('Ctrl Pts',(-9.07435711214826,1.31025918573207,22.3290390887286));
#5601=CARTESIAN_POINT('Ctrl Pts',(-10.5986495716183,1.48835917516769,22.4084149633358));
#5602=CARTESIAN_POINT('Ctrl Pts',(-11.5750967564196,0.304409005807576,22.487790837943));
#5603=CARTESIAN_POINT('Ctrl Pts',(-11.1101172882856,-1.15811661872904,22.5671667125501));
#5604=CARTESIAN_POINT('Ctrl Pts',(-9.62923033554393,-1.56080873617961,22.6465425871573));
#5605=CARTESIAN_POINT('Ctrl Pts',(-8.48764796180163,-0.535149537320117,
22.7259184617644));
#5606=CARTESIAN_POINT('Ctrl Pts',(-8.73007260133091,0.980243943679696,22.8052943363717));
#5607=CARTESIAN_POINT('Ctrl Pts',(-10.1346528864255,1.59858149806413,22.8846702109788));
#5608=CARTESIAN_POINT('Ctrl Pts',(-11.4160076856408,0.75400054470378,22.964046085586));
#5609=CARTESIAN_POINT('Ctrl Pts',(-11.4015238714248,-0.780592993194142,
23.0434219601931));
#5610=CARTESIAN_POINT('Ctrl Pts',(-10.1044560942459,-1.60083825603738,23.1227978348003));
#5611=CARTESIAN_POINT('Ctrl Pts',(-8.71179698525292,-0.95609977106323,23.2021737094075));
#5612=CARTESIAN_POINT('Ctrl Pts',(-8.49801818356631,0.56359945153402,23.2815495840146));
#5613=CARTESIAN_POINT('Ctrl Pts',(-9.65875624071052,1.56752887268395,23.3609254586218));
#5614=CARTESIAN_POINT('Ctrl Pts',(-11.1317786712286,1.13695713483079,23.440301333229));
#5615=CARTESIAN_POINT('Ctrl Pts',(-11.5690705280849,-0.334084302311156,
23.5196772078362));
#5616=CARTESIAN_POINT('Ctrl Pts',(-10.5704505293939,-1.49939339916455,23.5990530824433));
#5617=CARTESIAN_POINT('Ctrl Pts',(-9.04979123094613,-1.29255447287088,23.6784289570505));
#5618=CARTESIAN_POINT('Ctrl Pts',(-8.39870168058382,0.0971466931175528,
23.7578048316577));
#5619=CARTESIAN_POINT('Ctrl Pts',(-9.21301715511211,1.39794568418924,23.8371807062648));
#5620=CARTESIAN_POINT('Ctrl Pts',(-10.7475283888917,1.41943471570693,23.916556580872));
#5621=CARTESIAN_POINT('Ctrl Pts',(-11.5979505165831,0.14194953873605,23.9959324554792));
#5622=CARTESIAN_POINT('Ctrl Pts',(-10.9860308593281,-1.26544009482947,24.0753083300863));
#5623=CARTESIAN_POINT('Ctrl Pts',(-9.47176121868906,-1.51477801718906,24.1546842046936));
#5624=CARTESIAN_POINT('Ctrl Pts',(-8.44089862809478,-0.377894106582462,
24.2340600793007));
#5625=CARTESIAN_POINT('Ctrl Pts',(-8.8368309249989,1.10482389987724,24.3134359539079));
#5626=CARTESIAN_POINT('Ctrl Pts',(-10.297209269014,1.57645968735484,24.392811828515));
#5627=CARTESIAN_POINT('Ctrl Pts',(-11.48562257024,0.605457262639986,24.4721877031222));
#5628=CARTESIAN_POINT('Ctrl Pts',(-11.3144490652124,-0.919688997407242,
24.5515635777293));
#5629=CARTESIAN_POINT('Ctrl Pts',(-9.94045543263768,-1.60306452590762,24.6309394523366));
#5630=CARTESIAN_POINT('Ctrl Pts',(-8.62080313678029,-0.819668800080269,
24.7103153269437));
#5631=CARTESIAN_POINT('Ctrl Pts',(-8.56358971251357,0.714312303787727,24.7896912015509));
#5632=CARTESIAN_POINT('Ctrl Pts',(-9.82033759657373,1.59368679497124,24.869067076158));
#5633=CARTESIAN_POINT('Ctrl Pts',(-11.2425559283396,1.01638734571837,24.9484429507652));
#5634=CARTESIAN_POINT('Ctrl Pts',(-11.5255924345321,-0.494584671935396,
25.0278188253723));
#5635=CARTESIAN_POINT('Ctrl Pts',(-10.7865481701938,-1.19472427647542,25.0807360751105));
#5636=CARTESIAN_POINT('Ctrl Pts',(-10.3505614719846,-1.31128202024324,25.1071946999795));
#5637=CARTESIAN_POINT('Ctrl Pts',(-11.0987965962026,0.946377159884793,9.89280530002046));
#5638=CARTESIAN_POINT('Ctrl Pts',(-11.4134564838767,0.58103955316162,9.91926392488952));
#5639=CARTESIAN_POINT('Ctrl Pts',(-11.644304312309,-0.481835557441934,9.97218117462763));
#5640=CARTESIAN_POINT('Ctrl Pts',(-10.4848986623119,-1.64511901155757,10.0515570492348));
#5641=CARTESIAN_POINT('Ctrl Pts',(-8.88204501186403,-1.29852161020697,10.130932923842));
#5642=CARTESIAN_POINT('Ctrl Pts',(-8.30214012260856,0.234205741543592,10.2103087984491));
#5643=CARTESIAN_POINT('Ctrl Pts',(-9.27607300391873,1.5537403235229,10.2896846730563));
#5644=CARTESIAN_POINT('Ctrl Pts',(-10.9124630297599,1.45079802911291,10.3690605476635));
#5645=CARTESIAN_POINT('Ctrl Pts',(-11.7138438503742,0.0204900068116118,
10.4484364222706));
#5646=CARTESIAN_POINT('Ctrl Pts',(-10.9468162894489,-1.42873189385334,10.5278122968778));
#5647=CARTESIAN_POINT('Ctrl Pts',(-9.31332866338511,-1.57038546962631,10.607188171485));
#5648=CARTESIAN_POINT('Ctrl Pts',(-8.30823585423464,-0.27496832678318,10.6865640460922));
#5649=CARTESIAN_POINT('Ctrl Pts',(-8.85133776975988,1.27210541610945,10.7659399206993));
#5650=CARTESIAN_POINT('Ctrl Pts',(-10.4456205807527,1.655018243415,10.8453157953065));
#5651=CARTESIAN_POINT('Ctrl Pts',(-11.6321007305496,0.523371700462852,10.9246916699137));
#5652=CARTESIAN_POINT('Ctrl Pts',(-11.3249876805999,-1.08723416014676,11.0040675445208));
#5653=CARTESIAN_POINT('Ctrl Pts',(-9.80533174591901,-1.70287180599237,11.083443419128));
#5654=CARTESIAN_POINT('Ctrl Pts',(-8.46382370404929,-0.760152110726591,
11.1628192937352));
#5655=CARTESIAN_POINT('Ctrl Pts',(-8.52812512458796,0.878210165994283,11.2421951683423));
#5656=CARTESIAN_POINT('Ctrl Pts',(-9.93939145968485,1.71289098554158,11.3215710429495));
#5657=CARTESIAN_POINT('Ctrl Pts',(-11.4061229590842,0.980044771537221,11.4009469175567));
#5658=CARTESIAN_POINT('Ctrl Pts',(-11.5860617040227,-0.649675168683894,
11.4803227921638));
#5659=CARTESIAN_POINT('Ctrl Pts',(-10.3145393864626,-1.68485433192578,11.559698666771));
#5660=CARTESIAN_POINT('Ctrl Pts',(-8.75517107911618,-1.17816368276938,11.6390745413782));
#5661=CARTESIAN_POINT('Ctrl Pts',(-8.33498991251893,0.40670626121556,11.7184504159854));
#5662=CARTESIAN_POINT('Ctrl Pts',(-9.43851854285762,1.61938490579723,11.7978262905925));
#5663=CARTESIAN_POINT('Ctrl Pts',(-11.0558788637,1.35010711079833,11.8772021651997));
#5664=CARTESIAN_POINT('Ctrl Pts',(-11.706967201863,-0.154701487144463,11.9565780398069));
#5665=CARTESIAN_POINT('Ctrl Pts',(-10.7959495752047,-1.51793727809752,12.035953914414));
#5666=CARTESIAN_POINT('Ctrl Pts',(-9.15653045752314,-1.49205494179668,12.1153297890212));
#5667=CARTESIAN_POINT('Ctrl Pts',(-8.28900030751389,-0.100740319652932,
12.1947056636284));
#5668=CARTESIAN_POINT('Ctrl Pts',(-8.9872666699856,1.38276533440741,12.2740815382355));
#5669=CARTESIAN_POINT('Ctrl Pts',(-10.6123212828614,1.6008534907009,12.3534574128427));
#5670=CARTESIAN_POINT('Ctrl Pts',(-11.6770191542265,0.353943958509449,12.4328332874499));
#5671=CARTESIAN_POINT('Ctrl Pts',(-11.2070175790739,-1.21687221726102,12.512209162057));
#5672=CARTESIAN_POINT('Ctrl Pts',(-9.63243163362176,-1.67408555818369,12.5915850366642));
#5673=CARTESIAN_POINT('Ctrl Pts',(-8.39422064598031,-0.59928395378549,12.6709609112714));
#5674=CARTESIAN_POINT('Ctrl Pts',(-8.6255153150247,1.02394360721691,12.7503367858786));
#5675=CARTESIAN_POINT('Ctrl Pts',(-10.1146497028848,1.71012413275129,12.8297126604857));
#5676=CARTESIAN_POINT('Ctrl Pts',(-11.4988642261961,0.831309537865884,12.9090885350929));
#5677=CARTESIAN_POINT('Ctrl Pts',(-11.5114151830788,-0.808265837714678,
12.9884644097001));
#5678=CARTESIAN_POINT('Ctrl Pts',(-10.1408167486726,-1.70816853819554,13.0678402843072));
#5679=CARTESIAN_POINT('Ctrl Pts',(-8.64135205998529,-1.04486575204958,13.1472161589144));
#5680=CARTESIAN_POINT('Ctrl Pts',(-8.38523432428913,0.574630664800752,13.2265920335216));
#5681=CARTESIAN_POINT('Ctrl Pts',(-9.60684594631198,1.66826222235017,13.3059679081288));
#5682=CARTESIAN_POINT('Ctrl Pts',(-11.1882468941584,1.23520797530986,13.3853437827359));
#5683=CARTESIAN_POINT('Ctrl Pts',(-11.682241189824,-0.328228807735457,13.4647196573431));
#5684=CARTESIAN_POINT('Ctrl Pts',(-10.6367571693719,-1.59129179179779,13.5440955319502));
#5685=CARTESIAN_POINT('Ctrl Pts',(-9.00855426280396,-1.39810733648852,13.6234714065574));
#5686=CARTESIAN_POINT('Ctrl Pts',(-8.28765857701567,0.0745346257484084,
13.7028472811646));
#5687=CARTESIAN_POINT('Ctrl Pts',(-9.13378726878128,1.47896731395395,13.7822231557717));
#5688=CARTESIAN_POINT('Ctrl Pts',(-10.7726180251765,1.52994466797059,13.8615990303789));
#5689=CARTESIAN_POINT('Ctrl Pts',(-11.7043988177767,0.180815506892784,13.9409749049861));
#5690=CARTESIAN_POINT('Ctrl Pts',(-11.0764240646933,-1.33378432415801,14.0203507795933));
#5691=CARTESIAN_POINT('Ctrl Pts',(-9.46337568842551,-1.62779091345349,14.0997266542004));
#5692=CARTESIAN_POINT('Ctrl Pts',(-8.34141134882572,-0.432148425334377,
14.1791025288076));
#5693=CARTESIAN_POINT('Ctrl Pts',(-8.73728032282103,1.15896838186652,14.2584784034148));
#5694=CARTESIAN_POINT('Ctrl Pts',(-10.2887089012911,1.68947220337545,14.337854278022));
#5695=CARTESIAN_POINT('Ctrl Pts',(-11.5759298822619,0.673880215972158,14.4172301526291));
#5696=CARTESIAN_POINT('Ctrl Pts',(-11.4209617873483,-0.958403407755075,
14.4966060272363));
#5697=CARTESIAN_POINT('Ctrl Pts',(-9.96562140500194,-1.71361815220935,14.5759819018434));
#5698=CARTESIAN_POINT('Ctrl Pts',(-8.54174222806801,-0.900640275374308,
14.6553577764506));
#5699=CARTESIAN_POINT('Ctrl Pts',(-8.45236648681028,0.736545393877623,14.7347336510578));
#5700=CARTESIAN_POINT('Ctrl Pts',(-9.77928508533531,1.69969230459147,14.814109525665));
#5701=CARTESIAN_POINT('Ctrl Pts',(-11.3081878504136,1.10739063004957,14.8934854002721));
#5702=CARTESIAN_POINT('Ctrl Pts',(-11.6399217491636,-0.49832340400175,14.9728612748793));
#5703=CARTESIAN_POINT('Ctrl Pts',(-10.470905349759,-1.64800405385731,15.0522371494865));
#5704=CARTESIAN_POINT('Ctrl Pts',(-8.87094693437099,-1.2895378661097,15.1316130240936));
#5705=CARTESIAN_POINT('Ctrl Pts',(-8.30422507635698,0.249030063615345,15.2109888987008));
#5706=CARTESIAN_POINT('Ctrl Pts',(-9.28936700601047,1.55970176818819,15.290364773308));
#5707=CARTESIAN_POINT('Ctrl Pts',(-10.9248344763109,1.44303518206242,15.3697406479151));
#5708=CARTESIAN_POINT('Ctrl Pts',(-11.7139533209762,0.00579602739004367,
15.4491165225223));
#5709=CARTESIAN_POINT('Ctrl Pts',(-10.9345729559168,-1.43674727708615,15.5284923971295));
#5710=CARTESIAN_POINT('Ctrl Pts',(-9.29993193786021,-1.56447229740777,15.6078682717367));
#5711=CARTESIAN_POINT('Ctrl Pts',(-8.30594811738956,-0.260493346898271,
15.6872441463438));
#5712=CARTESIAN_POINT('Ctrl Pts',(-8.86225126875378,1.28187228501639,15.766620020951));
#5713=CARTESIAN_POINT('Ctrl Pts',(-10.4597486888646,1.65115121952053,15.8459958955581));
#5714=CARTESIAN_POINT('Ctrl Pts',(-11.636513948245,0.50940323373524,15.9253717701654));
#5715=CARTESIAN_POINT('Ctrl Pts',(-11.3156475087039,-1.09851768058409,16.0047476447725));
#5716=CARTESIAN_POINT('Ctrl Pts',(-9.7907856055129,-1.70114618549074,16.0841235193797));
#5717=CARTESIAN_POINT('Ctrl Pts',(-8.45738333582201,-0.746995607273436,
16.1634993939868));
#5718=CARTESIAN_POINT('Ctrl Pts',(-8.53568430982157,0.890757089625576,16.242875268594));
#5719=CARTESIAN_POINT('Ctrl Pts',(-9.95403253489296,1.71334644718262,16.3222511432012));
#5720=CARTESIAN_POINT('Ctrl Pts',(-11.4144473505792,0.967991830336784,16.4016270178083));
#5721=CARTESIAN_POINT('Ctrl Pts',(-11.580451470486,-0.66320637065022,16.4810028924155));
#5722=CARTESIAN_POINT('Ctrl Pts',(-10.3001286490916,-1.68748094894751,16.5603787670226));
#5723=CARTESIAN_POINT('Ctrl Pts',(-8.74514761480588,-1.16748198573619,16.6397546416299));
#5724=CARTESIAN_POINT('Ctrl Pts',(-8.33852654765195,0.420921063390788,16.719130516237));
#5725=CARTESIAN_POINT('Ctrl Pts',(-9.45237877774922,1.62412434972134,16.7985063908442));
#5726=CARTESIAN_POINT('Ctrl Pts',(-11.0673787066887,1.34103396087952,16.8778822654513));
#5727=CARTESIAN_POINT('Ctrl Pts',(-11.7055827396968,-0.16928406886834,16.9572581400585));
#5728=CARTESIAN_POINT('Ctrl Pts',(-10.7829477781695,-1.52468425571235,17.0366340146657));
#5729=CARTESIAN_POINT('Ctrl Pts',(-9.14380973028171,-1.48479191690155,17.1160098892729));
#5730=CARTESIAN_POINT('Ctrl Pts',(-8.28820183777873,-0.0861139435939401,
17.19538576388));
#5731=CARTESIAN_POINT('Ctrl Pts',(-8.99912116567776,1.39136994733308,17.2747616384872));
#5732=CARTESIAN_POINT('Ctrl Pts',(-10.6259802754028,1.59556195460545,17.3541375130944));
#5733=CARTESIAN_POINT('Ctrl Pts',(-11.6799828161105,0.339598745386778,17.4335133877015));
#5734=CARTESIAN_POINT('Ctrl Pts',(-11.1965737584165,-1.22714329517657,17.5128892623087));
#5735=CARTESIAN_POINT('Ctrl Pts',(-9.61813784034583,-1.67088307395865,17.5922651369159));
#5736=CARTESIAN_POINT('Ctrl Pts',(-8.38915763621357,-0.585538614084129,
17.671641011523));
#5737=CARTESIAN_POINT('Ctrl Pts',(-8.63431642820025,1.03565295554634,17.7510168861302));
#5738=CARTESIAN_POINT('Ctrl Pts',(-10.1292607288372,1.70908185062162,17.8303927607374));
#5739=CARTESIAN_POINT('Ctrl Pts',(-11.5059140979474,0.818469454544143,17.9097686353446));
#5740=CARTESIAN_POINT('Ctrl Pts',(-11.5044523134727,-0.821153307531149,
17.9891445099517));
#5741=CARTESIAN_POINT('Ctrl Pts',(-10.1262131061231,-1.70930961475043,18.0685203845589));
#5742=CARTESIAN_POINT('Ctrl Pts',(-8.632471954657,-1.03321619580141,18.147896259166));
#5743=CARTESIAN_POINT('Ctrl Pts',(-8.39020425486228,0.588409932615813,18.2272721337733));
#5744=CARTESIAN_POINT('Ctrl Pts',(-9.62111775341795,1.67156130606397,18.3066480083804));
#5745=CARTESIAN_POINT('Ctrl Pts',(-11.1987599419915,1.22500776665123,18.3860238829876));
#5746=CARTESIAN_POINT('Ctrl Pts',(-11.6793746162232,-0.342593736806348,
18.4653997575947));
#5747=CARTESIAN_POINT('Ctrl Pts',(-10.623134277296,-1.59667558626927,18.5447756322019));
#5748=CARTESIAN_POINT('Ctrl Pts',(-8.9966418429477,-1.38958309549073,18.6241515068091));
#5749=CARTESIAN_POINT('Ctrl Pts',(-8.28835810640647,0.0891660675793473,
18.7035273814162));
#5750=CARTESIAN_POINT('Ctrl Pts',(-9.14645858331519,1.48631620634694,18.7829032560234));
#5751=CARTESIAN_POINT('Ctrl Pts',(-10.7856651564468,1.52328577939697,18.8622791306306));
#5752=CARTESIAN_POINT('Ctrl Pts',(-11.70588187418,0.166242621964759,18.9416550052378));
#5753=CARTESIAN_POINT('Ctrl Pts',(-11.064985848825,-1.3429350426637,19.0210308798449));
#5754=CARTESIAN_POINT('Ctrl Pts',(-9.44948371646024,-1.6231453191603,19.1004067544521));
#5755=CARTESIAN_POINT('Ctrl Pts',(-8.33777865598842,-0.417957866001834,
19.1797826290592));
#5756=CARTESIAN_POINT('Ctrl Pts',(-8.74723131489926,1.16971762314578,19.2591585036665));
#5757=CARTESIAN_POINT('Ctrl Pts',(-10.3031370732379,1.68694311545817,19.3385343782736));
#5758=CARTESIAN_POINT('Ctrl Pts',(-11.5816315032716,0.660387256723609,19.4179102528808));
#5759=CARTESIAN_POINT('Ctrl Pts',(-11.412719102237,-0.970512353769317,19.4972861274879));
#5760=CARTESIAN_POINT('Ctrl Pts',(-9.95097758664894,-1.71326175991892,19.5766620020951));
#5761=CARTESIAN_POINT('Ctrl Pts',(-8.53409835293782,-0.888144691977991,
19.6560378767023));
#5762=CARTESIAN_POINT('Ctrl Pts',(-8.45871773557471,0.749745017756835,19.7354137513094));
#5763=CARTESIAN_POINT('Ctrl Pts',(-9.79381920545988,1.70151652596652,19.8147896259166));
#5764=CARTESIAN_POINT('Ctrl Pts',(-11.3176041541652,1.09617003937538,19.8941655005238));
#5765=CARTESIAN_POINT('Ctrl Pts',(-11.6356030437073,-0.512320447068124,
19.9735413751309));
#5766=CARTESIAN_POINT('Ctrl Pts',(-10.4568038353101,-1.65196835980753,20.0529172497381));
#5767=CARTESIAN_POINT('Ctrl Pts',(-8.85996740589754,-1.27984155825979,20.1322931243453));
#5768=CARTESIAN_POINT('Ctrl Pts',(-8.30641528896422,0.26351355076985,20.2116689989525));
#5769=CARTESIAN_POINT('Ctrl Pts',(-9.30272261862318,1.56571808293718,20.2910448735596));
#5770=CARTESIAN_POINT('Ctrl Pts',(-10.9371332951311,1.43507858184325,20.3704207481668));
#5771=CARTESIAN_POINT('Ctrl Pts',(-11.7139402616086,-0.00885212132823058,
20.4497966227739));
#5772=CARTESIAN_POINT('Ctrl Pts',(-10.9222599694509,-1.44468193496852,20.5291724973812));
#5773=CARTESIAN_POINT('Ctrl Pts',(-9.2865870740053,-1.5584321781942,20.6085483719883));
#5774=CARTESIAN_POINT('Ctrl Pts',(-8.30378373337497,-0.246005977459449,
20.6879242465955));
#5775=CARTESIAN_POINT('Ctrl Pts',(-8.87324806899541,1.29154900015456,20.7673001212026));
#5776=CARTESIAN_POINT('Ctrl Pts',(-10.4738431122509,1.64716177584648,20.8466759958098));
#5777=CARTESIAN_POINT('Ctrl Pts',(-11.6408076890902,0.495398512353736,20.926051870417));
#5778=CARTESIAN_POINT('Ctrl Pts',(-11.306211212792,-1.10972146346678,21.0054277450241));
#5779=CARTESIAN_POINT('Ctrl Pts',(-9.77625476121228,-1.69929605162244,21.0848036196313));
#5780=CARTESIAN_POINT('Ctrl Pts',(-8.45105563304332,-0.733784679638929,
21.1641794942385));
#5781=CARTESIAN_POINT('Ctrl Pts',(-8.54335045333441,0.9032390235727,21.2435553688457));
#5782=CARTESIAN_POINT('Ctrl Pts',(-9.96867696544039,1.71367672791342,21.3229312434528));
#5783=CARTESIAN_POINT('Ctrl Pts',(-11.4226684314559,0.955868206264851,21.40230711806));
#5784=CARTESIAN_POINT('Ctrl Pts',(-11.5747257996125,-0.676689142044408,
21.4816829926671));
#5785=CARTESIAN_POINT('Ctrl Pts',(-10.2856959905333,-1.6899843063645,21.5610588672744));
#5786=CARTESIAN_POINT('Ctrl Pts',(-8.73521580522546,-1.1567150182022,21.6404347418815));
#5787=CARTESIAN_POINT('Ctrl Pts',(-8.34218453751375,0.43510512280941,21.7198106164887));
#5788=CARTESIAN_POINT('Ctrl Pts',(-9.46627901106317,1.62874516623322,21.7991864910958));
#5789=CARTESIAN_POINT('Ctrl Pts',(-11.0788005879774,1.33186286174981,21.878562365703));
#5790=CARTESIAN_POINT('Ctrl Pts',(-11.7040737011375,-0.183854286232789,
21.9579382403102));
#5791=CARTESIAN_POINT('Ctrl Pts',(-10.7698887943574,-1.5313198697165,22.0373141149174));
#5792=CARTESIAN_POINT('Ctrl Pts',(-9.1311515395006,-1.47742044231575,22.1166899895245));
#5793=CARTESIAN_POINT('Ctrl Pts',(-8.28752839842496,-0.0714812777102219,
22.1960658641317));
#5794=CARTESIAN_POINT('Ctrl Pts',(-9.01104876593843,1.3998729340686,22.2754417387389));
#5795=CARTESIAN_POINT('Ctrl Pts',(-10.6395935461262,1.59015387808621,22.354817613346));
#5796=CARTESIAN_POINT('Ctrl Pts',(-11.6828237714401,0.325228727840339,22.4341934879532));
#5797=CARTESIAN_POINT('Ctrl Pts',(-11.1860425395842,-1.23732474208759,22.5135693625603));
#5798=CARTESIAN_POINT('Ctrl Pts',(-9.6038719384293,-1.66755854782647,22.5929452371676));
#5799=CARTESIAN_POINT('Ctrl Pts',(-8.38421228298582,-0.571750506412367,
22.6723211117747));
#5800=CARTESIAN_POINT('Ctrl Pts',(-8.64321729140236,1.04728665937586,22.7516969863819));
#5801=CARTESIAN_POINT('Ctrl Pts',(-10.1438623135791,1.70791473657367,22.831072860989));
#5802=CARTESIAN_POINT('Ctrl Pts',(-11.5128539771318,0.805569589816746,22.9104487355962));
#5803=CARTESIAN_POINT('Ctrl Pts',(-11.4973795582352,-0.833980799825911,
22.9898246102034));
#5804=CARTESIAN_POINT('Ctrl Pts',(-10.1116002447243,-1.7103258430478,23.0692004848105));
#5805=CARTESIAN_POINT('Ctrl Pts',(-8.62369173448994,-1.02149117239946,23.1485763594177));
#5806=CARTESIAN_POINT('Ctrl Pts',(-8.3952917647607,0.602146221487907,23.2279522340249));
#5807=CARTESIAN_POINT('Ctrl Pts',(-9.63541723568549,1.67473830073957,23.307328108632));
#5808=CARTESIAN_POINT('Ctrl Pts',(-11.2091854291945,1.21471807835987,23.3867039832393));
#5809=CARTESIAN_POINT('Ctrl Pts',(-11.6763853857892,-0.356933633891131,
23.4660798578464));
#5810=CARTESIAN_POINT('Ctrl Pts',(-10.6094658611563,-1.60194277580191,23.5454557324536));
#5811=CARTESIAN_POINT('Ctrl Pts',(-8.98480272807749,-1.38095732667602,23.6248316070607));
#5812=CARTESIAN_POINT('Ctrl Pts',(-8.28918261784875,0.10379093526717,23.7042074816679));
#5813=CARTESIAN_POINT('Ctrl Pts',(-9.1591923113496,1.49355665497674,23.7835833562751));
#5814=CARTESIAN_POINT('Ctrl Pts',(-10.7986547677735,1.51651540537402,23.8629592308823));
#5815=CARTESIAN_POINT('Ctrl Pts',(-11.7072405896108,0.151658022659918,23.9423351054894));
#5816=CARTESIAN_POINT('Ctrl Pts',(-11.0534693546187,-1.35198849031326,24.0217109800966));
#5817=CARTESIAN_POINT('Ctrl Pts',(-9.43563289302725,-1.61837960800123,24.1010868547038));
#5818=CARTESIAN_POINT('Ctrl Pts',(-8.33426557957432,-0.403739761956533,
24.1804627293109));
#5819=CARTESIAN_POINT('Ctrl Pts',(-8.75727723421119,1.18038712583888,24.2598386039181));
#5820=CARTESIAN_POINT('Ctrl Pts',(-10.3175365627077,1.68427992874195,24.3392144785252));
#5821=CARTESIAN_POINT('Ctrl Pts',(-11.5872300958569,0.646866851943827,24.4185903531324));
#5822=CARTESIAN_POINT('Ctrl Pts',(-11.404349365596,-0.982590123580602,24.4979662277396));
#5823=CARTESIAN_POINT('Ctrl Pts',(-9.93638293668724,-1.71270437621835,24.5773421023468));
#5824=CARTESIAN_POINT('Ctrl Pts',(-8.52647446096831,-0.8757291539168,24.6567179769539));
#5825=CARTESIAN_POINT('Ctrl Pts',(-8.46534798693283,0.763166914938239,24.7360938515611));
#5826=CARTESIAN_POINT('Ctrl Pts',(-9.808049772199,1.70268526559979,24.8154697261683));
#5827=CARTESIAN_POINT('Ctrl Pts',(-11.3275391760171,1.08590204998718,24.8948456007755));
#5828=CARTESIAN_POINT('Ctrl Pts',(-11.6299336554352,-0.528411251290506,
24.9742214753826));
#5829=CARTESIAN_POINT('Ctrl Pts',(-10.8403432644717,-1.27643614066953,25.0271387251207));
#5830=CARTESIAN_POINT('Ctrl Pts',(-10.3745377314267,-1.40096572423089,25.0535973499898));
#5831=CARTESIAN_POINT('Ctrl Pts',(-11.1691367434369,1.00696009035897,9.83920795003069));
#5832=CARTESIAN_POINT('Ctrl Pts',(-11.503939782178,0.618235166437223,9.86566657489975));
#5833=CARTESIAN_POINT('Ctrl Pts',(-11.749565479871,-0.512680564394602,9.91858382463786));
#5834=CARTESIAN_POINT('Ctrl Pts',(-10.5159397463147,-1.75043234214458,9.99795969924504));
#5835=CARTESIAN_POINT('Ctrl Pts',(-8.8104784090148,-1.38164728965592,10.0773355738522));
#5836=CARTESIAN_POINT('Ctrl Pts',(-8.19345054270895,0.249198569728833,10.1567114484594));
#5837=CARTESIAN_POINT('Ctrl Pts',(-9.22973035137112,1.65320398979141,10.2360873230665));
#5838=CARTESIAN_POINT('Ctrl Pts',(-10.9708749162761,1.54367177951125,10.3154631976737));
#5839=CARTESIAN_POINT('Ctrl Pts',(-11.8235566353022,0.0218016875142963,
10.3948390722809));
#5840=CARTESIAN_POINT('Ctrl Pts',(-11.0074273215399,-1.52019306669281,10.4742149468881));
#5841=CARTESIAN_POINT('Ctrl Pts',(-9.26937095536374,-1.67091468541552,10.5535908214952));
#5842=CARTESIAN_POINT('Ctrl Pts',(-8.19993649643774,-0.292570597558748,
10.6329666961024));
#5843=CARTESIAN_POINT('Ctrl Pts',(-8.7778054234499,1.35354004624081,10.7123425707096));
#5844=CARTESIAN_POINT('Ctrl Pts',(-10.474147253604,1.76096527956972,10.7917184453167));
#5845=CARTESIAN_POINT('Ctrl Pts',(-11.7365806781322,0.556875669794861,10.8710943199239));
#5846=CARTESIAN_POINT('Ctrl Pts',(-11.4098075926898,-1.15683414028718,10.9504701945311));
#5847=CARTESIAN_POINT('Ctrl Pts',(-9.79286992537856,-1.81188221812175,11.0298460691382));
#5848=CARTESIAN_POINT('Ctrl Pts',(-8.36548440053888,-0.808813727285,11.1092219437454));
#5849=CARTESIAN_POINT('Ctrl Pts',(-8.43390211704815,0.934429343382953,11.1885978183526));
#5850=CARTESIAN_POINT('Ctrl Pts',(-9.93551155623065,1.82254278176576,11.2679736929597));
#5851=CARTESIAN_POINT('Ctrl Pts',(-11.496136797173,1.04278295539496,11.3473495675669));
#5852=CARTESIAN_POINT('Ctrl Pts',(-11.6875944342998,-0.691264534154177,
11.4267254421741));
#5853=CARTESIAN_POINT('Ctrl Pts',(-10.3346748140296,-1.7927113440948,11.5061013167813));
#5854=CARTESIAN_POINT('Ctrl Pts',(-8.67548256148237,-1.2535845736213,11.5854771913884));
#5855=CARTESIAN_POINT('Ctrl Pts',(-8.22840323262853,0.432741818909742,11.6648530659956));
#5856=CARTESIAN_POINT('Ctrl Pts',(-9.40257494388879,1.72305085138154,11.7442289406028));
#5857=CARTESIAN_POINT('Ctrl Pts',(-11.1234716052334,1.43653506858648,11.8236048152099));
#5858=CARTESIAN_POINT('Ctrl Pts',(-11.8162397738017,-0.16460480036587,11.9029806898171));
#5859=CARTESIAN_POINT('Ctrl Pts',(-10.8469027794789,-1.61510898984333,11.9823565644243));
#5860=CARTESIAN_POINT('Ctrl Pts',(-9.10253521350991,-1.5875697794683,12.0617324390314));
#5861=CARTESIAN_POINT('Ctrl Pts',(-8.17946957406783,-0.107189274720933,
12.1411083136386));
#5862=CARTESIAN_POINT('Ctrl Pts',(-8.92243589791141,1.47128392896723,12.2204841882458));
#5863=CARTESIAN_POINT('Ctrl Pts',(-10.6515194062442,1.70333313606584,12.2998600628529));
#5864=CARTESIAN_POINT('Ctrl Pts',(-11.7843745830168,0.376601904135211,12.3792359374601));
#5865=CARTESIAN_POINT('Ctrl Pts',(-11.2842855607478,-1.29477105934979,12.4586118120673));
#5866=CARTESIAN_POINT('Ctrl Pts',(-9.60890150339853,-1.78125320051312,12.5379876866744));
#5867=CARTESIAN_POINT('Ctrl Pts',(-8.29142565883075,-0.637647493868069,
12.6173635612816));
#5868=CARTESIAN_POINT('Ctrl Pts',(-8.53752680191922,1.08949200271396,12.6967394358888));
#5869=CARTESIAN_POINT('Ctrl Pts',(-10.1219890663496,1.81959880714992,12.776115310496));
#5870=CARTESIAN_POINT('Ctrl Pts',(-11.594814954962,0.884526341979354,12.8554911851031));
#5871=CARTESIAN_POINT('Ctrl Pts',(-11.6081693692615,-0.860007484836513,
12.9348670597103));
#5872=CARTESIAN_POINT('Ctrl Pts',(-10.149831212069,-1.81751802397589,13.0142429343175));
#5873=CARTESIAN_POINT('Ctrl Pts',(-8.55437734609175,-1.11175349183715,13.0936188089246));
#5874=CARTESIAN_POINT('Ctrl Pts',(-8.28186407209163,0.611416009047854,13.1729946835318));
#5875=CARTESIAN_POINT('Ctrl Pts',(-9.58167793218675,1.77505708016525,13.252370558139));
#5876=CARTESIAN_POINT('Ctrl Pts',(-11.2643132586047,1.31428059250876,13.3317464327461));
#5877=CARTESIAN_POINT('Ctrl Pts',(-11.7899309105151,-0.349240581773919,
13.4111223073533));
#5878=CARTESIAN_POINT('Ctrl Pts',(-10.6775195714338,-1.69315933897988,13.4904981819605));
#5879=CARTESIAN_POINT('Ctrl Pts',(-8.94508622940348,-1.48760805898296,13.5698740565676));
#5880=CARTESIAN_POINT('Ctrl Pts',(-8.17804195184594,0.079306006801377,13.6492499311748));
#5881=CARTESIAN_POINT('Ctrl Pts',(-9.07833610520372,1.57364433887894,13.728625805782));
#5882=CARTESIAN_POINT('Ctrl Pts',(-10.8220776455677,1.62788504034843,13.8080016803892));
#5883=CARTESIAN_POINT('Ctrl Pts',(-11.813506972989,0.192390525550326,13.8873775549963));
#5884=CARTESIAN_POINT('Ctrl Pts',(-11.1453320202196,-1.4191673684697,13.9667534296035));
#5885=CARTESIAN_POINT('Ctrl Pts',(-9.42902333529984,-1.73199497491695,14.0461293042107));
#5886=CARTESIAN_POINT('Ctrl Pts',(-8.23523574122849,-0.459812679203041,
14.1255051788178));
#5887=CARTESIAN_POINT('Ctrl Pts',(-8.65644651714488,1.23316047343066,14.204881053425));
#5888=CARTESIAN_POINT('Ctrl Pts',(-10.3071907740666,1.79762483149637,14.2842569280321));
#5889=CARTESIAN_POINT('Ctrl Pts',(-11.676814017582,0.717019082803155,14.3636328026394));
#5890=CARTESIAN_POINT('Ctrl Pts',(-11.5119255423826,-1.01975620606786,14.4430086772465));
#5891=CARTESIAN_POINT('Ctrl Pts',(-9.96342062803224,-1.82331649846618,14.5223845518537));
#5892=CARTESIAN_POINT('Ctrl Pts',(-8.44839092799152,-0.958295330354598,
14.6017604264608));
#5893=CARTESIAN_POINT('Ctrl Pts',(-8.35329374231583,0.783695811575571,14.681136301068));
#5894=CARTESIAN_POINT('Ctrl Pts',(-9.76515587139811,1.80849917893435,14.7605121756752));
#5895=CARTESIAN_POINT('Ctrl Pts',(-11.3919323107838,1.1782809393172,14.8398880502824));
#5896=CARTESIAN_POINT('Ctrl Pts',(-11.7449023641831,-0.530223890845672,
14.9192639248895));
#5897=CARTESIAN_POINT('Ctrl Pts',(-10.5010506430375,-1.75350207224583,14.9986397994967));
#5898=CARTESIAN_POINT('Ctrl Pts',(-8.79866988109495,-1.37208844551702,15.0780156741039));
#5899=CARTESIAN_POINT('Ctrl Pts',(-8.19566896608593,0.264971880123074,15.157391548711));
#5900=CARTESIAN_POINT('Ctrl Pts',(-9.24387537738711,1.65954706009497,15.2367674233182));
#5901=CARTESIAN_POINT('Ctrl Pts',(-10.9840383287768,1.53541198891321,15.3161432979254));
#5902=CARTESIAN_POINT('Ctrl Pts',(-11.8236731137339,0.00616706373715824,
15.3955191725326));
#5903=CARTESIAN_POINT('Ctrl Pts',(-10.9944002232937,-1.52872155973607,15.4748950471397));
#5904=CARTESIAN_POINT('Ctrl Pts',(-9.25511663000922,-1.66462297774981,15.5542709217469));
#5905=CARTESIAN_POINT('Ctrl Pts',(-8.19750230867637,-0.277168992711664,
15.633646796354));
#5906=CARTESIAN_POINT('Ctrl Pts',(-8.78941755696164,1.36393214741773,15.7130226709612));
#5907=CARTESIAN_POINT('Ctrl Pts',(-10.4891797814629,1.75685070570291,15.7923985455684));
#5908=CARTESIAN_POINT('Ctrl Pts',(-11.7412764107404,0.542013002864136,15.8717744201755));
#5909=CARTESIAN_POINT('Ctrl Pts',(-11.399869503802,-1.16883998239828,15.9511502947827));
#5910=CARTESIAN_POINT('Ctrl Pts',(-9.77739260462466,-1.8100461309359,16.0305261693899));
#5911=CARTESIAN_POINT('Ctrl Pts',(-8.3586317480796,-0.794815001969597,16.1099020439971));
#5912=CARTESIAN_POINT('Ctrl Pts',(-8.44194520828971,0.947779466239924,16.1892779186042));
#5913=CARTESIAN_POINT('Ctrl Pts',(-9.95108988909774,1.82302740007088,16.2686537932114));
#5914=CARTESIAN_POINT('Ctrl Pts',(-11.5049940798371,1.02995843756556,16.3480296678186));
#5915=CARTESIAN_POINT('Ctrl Pts',(-11.6816250581266,-0.705661944544275,
16.4274055424257));
#5916=CARTESIAN_POINT('Ctrl Pts',(-10.3193415642215,-1.79550610566097,16.5067814170329));
#5917=CARTESIAN_POINT('Ctrl Pts',(-8.66481743878559,-1.24221908101892,16.5861572916401));
#5918=CARTESIAN_POINT('Ctrl Pts',(-8.23216626768904,0.447866590607047,16.6655331662473));
#5919=CARTESIAN_POINT('Ctrl Pts',(-9.41732245045429,1.72809369379613,16.7449090408544));
#5920=CARTESIAN_POINT('Ctrl Pts',(-11.1357076179203,1.42688109525602,16.8242849154616));
#5921=CARTESIAN_POINT('Ctrl Pts',(-11.8147666844172,-0.180120895251477,
16.9036607900688));
#5922=CARTESIAN_POINT('Ctrl Pts',(-10.8330686642103,-1.62228787948338,16.9830366646759));
#5923=CARTESIAN_POINT('Ctrl Pts',(-9.08900016089513,-1.57984180745599,17.0624125392831));
#5924=CARTESIAN_POINT('Ctrl Pts',(-8.17861998978923,-0.0916265819782428,
17.1417884138903));
#5925=CARTESIAN_POINT('Ctrl Pts',(-8.93504926661823,1.48043937161357,17.2211642884974));
#5926=CARTESIAN_POINT('Ctrl Pts',(-10.6660527878037,1.69770285895153,17.3005401631046));
#5927=CARTESIAN_POINT('Ctrl Pts',(-11.7875279655846,0.361338373151452,17.3799160377118));
#5928=CARTESIAN_POINT('Ctrl Pts',(-11.2731731723274,-1.30569964679286,17.4592919123189));
#5929=CARTESIAN_POINT('Ctrl Pts',(-9.59369268393542,-1.7778457072416,17.5386677869261));
#5930=CARTESIAN_POINT('Ctrl Pts',(-8.28603853730213,-0.623022237580837,
17.6180436615333));
#5931=CARTESIAN_POINT('Ctrl Pts',(-8.54689132390281,1.10195093235812,17.6974195361405));
#5932=CARTESIAN_POINT('Ctrl Pts',(-10.137535426339,1.81848980267268,17.7767954107476));
#5933=CARTESIAN_POINT('Ctrl Pts',(-11.6023161286976,0.870864292629546,17.8561712853548));
#5934=CARTESIAN_POINT('Ctrl Pts',(-11.6007607671683,-0.873719954157382,
17.9355471599619));
#5935=CARTESIAN_POINT('Ctrl Pts',(-10.1342927081356,-1.81873214726577,18.0149230345691));
#5936=CARTESIAN_POINT('Ctrl Pts',(-8.544928775223,-1.09935818190201,18.0942989091763));
#5937=CARTESIAN_POINT('Ctrl Pts',(-8.28715215590338,0.626077365378371,18.1736747837835));
#5938=CARTESIAN_POINT('Ctrl Pts',(-9.59686335802138,1.77856735680269,18.2530506583906));
#5939=CARTESIAN_POINT('Ctrl Pts',(-11.2754993058221,1.30342741106276,18.3324265329978));
#5940=CARTESIAN_POINT('Ctrl Pts',(-11.7868808313981,-0.364525090834751,
18.411802407605));
#5941=CARTESIAN_POINT('Ctrl Pts',(-10.663024601334,-1.69888778044832,18.4911782822121));
#5942=CARTESIAN_POINT('Ctrl Pts',(-8.93241122848067,-1.47853813332413,18.5705541568193));
#5943=CARTESIAN_POINT('Ctrl Pts',(-8.17878626205168,0.094874089604597,18.6499300314265));
#5944=CARTESIAN_POINT('Ctrl Pts',(-9.09181858192536,1.58146367525112,18.7293059060336));
#5945=CARTESIAN_POINT('Ctrl Pts',(-10.835959997171,1.62079987882509,18.8086817806408));
#5946=CARTESIAN_POINT('Ctrl Pts',(-11.8150849681828,0.176884748207073,18.888057655248));
#5947=CARTESIAN_POINT('Ctrl Pts',(-11.133161579752,-1.42890387598903,18.9674335298551));
#5948=CARTESIAN_POINT('Ctrl Pts',(-9.4142420599919,-1.72705198997656,19.0468094044623));
#5949=CARTESIAN_POINT('Ctrl Pts',(-8.2313704992692,-0.444713702269278,19.1261852790695));
#5950=CARTESIAN_POINT('Ctrl Pts',(-8.66703452825398,1.2445978341666,19.2055611536767));
#5951=CARTESIAN_POINT('Ctrl Pts',(-10.3225425745359,1.79493384242175,19.2849370282838));
#5952=CARTESIAN_POINT('Ctrl Pts',(-11.6828806314549,0.70266236326252,19.364312902891));
#5953=CARTESIAN_POINT('Ctrl Pts',(-11.5031551965878,-1.03264031389454,19.4436887774981));
#5954=CARTESIAN_POINT('Ctrl Pts',(-9.94783937641609,-1.82293729149861,19.5230646521054));
#5955=CARTESIAN_POINT('Ctrl Pts',(-8.44025772537626,-0.944999834310109,
19.6024405267125));
#5956=CARTESIAN_POINT('Ctrl Pts',(-8.36005157027368,0.797740417698287,19.6818164013197));
#5957=CARTESIAN_POINT('Ctrl Pts',(-9.78062040238455,1.8104401789907,19.7611922759268));
#5958=CARTESIAN_POINT('Ctrl Pts',(-11.401951405156,1.16634205545768,19.840568150534));
#5959=CARTESIAN_POINT('Ctrl Pts',(-11.7403071940746,-0.5451169634475,19.9199440251412));
#5960=CARTESIAN_POINT('Ctrl Pts',(-10.4860464112517,-1.7577201557405,19.9993198997484));
#5961=CARTESIAN_POINT('Ctrl Pts',(-8.78698749118491,-1.36177142240767,20.0786957743555));
#5962=CARTESIAN_POINT('Ctrl Pts',(-8.19799938653389,0.28038253683798,20.1580716489627));
#5963=CARTESIAN_POINT('Ctrl Pts',(-9.25808595796045,1.66594851302522,20.2374475235698));
#5964=CARTESIAN_POINT('Ctrl Pts',(-10.9971244642368,1.52694604191527,20.3168233981771));
#5965=CARTESIAN_POINT('Ctrl Pts',(-11.8236592183626,-0.00941879545532238,
20.3961992727842));
#5966=CARTESIAN_POINT('Ctrl Pts',(-10.9812990132372,-1.53716415974469,20.4755751473914));
#5967=CARTESIAN_POINT('Ctrl Pts',(-9.24091748628223,-1.65819619649717,20.5549510219985));
#5968=CARTESIAN_POINT('Ctrl Pts',(-8.19519937025466,-0.261754205185562,
20.6343268966057));
#5969=CARTESIAN_POINT('Ctrl Pts',(-8.80111832430296,1.37422832357556,20.7137027712129));
#5970=CARTESIAN_POINT('Ctrl Pts',(-10.5041764682472,1.75260587527718,20.7930786458201));
#5971=CARTESIAN_POINT('Ctrl Pts',(-11.7458450181126,0.527111760414997,20.8724545204272));
#5972=CARTESIAN_POINT('Ctrl Pts',(-11.3898291374588,-1.18076098250494,20.9518303950344));
#5973=CARTESIAN_POINT('Ctrl Pts',(-9.76193155916605,-1.80807755958172,21.0312062696416));
#5974=CARTESIAN_POINT('Ctrl Pts',(-8.35189897341864,-0.780758368474566,
21.1105821442487));
#5975=CARTESIAN_POINT('Ctrl Pts',(-8.45010210481214,0.961060439057125,21.1899580188559));
#5976=CARTESIAN_POINT('Ctrl Pts',(-9.96667179209834,1.82337882393086,21.269333893463));
#5977=CARTESIAN_POINT('Ctrl Pts',(-11.5137414383886,1.01705871205609,21.3487097680702));
#5978=CARTESIAN_POINT('Ctrl Pts',(-11.6755328548228,-0.72000782404863,21.4280856426774));
#5979=CARTESIAN_POINT('Ctrl Pts',(-10.3039849899273,-1.79816971708109,21.5074615172846));
#5980=CARTESIAN_POINT('Ctrl Pts',(-8.65424983815399,-1.23076285927088,21.5868373918917));
#5981=CARTESIAN_POINT('Ctrl Pts',(-8.23605842607778,0.462958651530804,21.6662132664989));
#5982=CARTESIAN_POINT('Ctrl Pts',(-9.43211251596638,1.73301031478992,21.7455891411061));
#5983=CARTESIAN_POINT('Ctrl Pts',(-11.1478606781399,1.41712290243417,21.8249650157133));
#5984=CARTESIAN_POINT('Ctrl Pts',(-11.8131610438032,-0.195623834265391,
21.9043408903204));
#5985=CARTESIAN_POINT('Ctrl Pts',(-10.8191737013172,-1.62934827650102,21.9837167649276));
#5986=CARTESIAN_POINT('Ctrl Pts',(-9.07553164805163,-1.57199844327769,22.0630926395347));
#5987=CARTESIAN_POINT('Ctrl Pts',(-8.17790343979067,-0.0760571967637309,
22.1424685141419));
#5988=CARTESIAN_POINT('Ctrl Pts',(-8.9477404197286,1.48948668240514,22.2218443887491));
#5989=CARTESIAN_POINT('Ctrl Pts',(-10.680537520634,1.69194858100473,22.3012202633562));
#5990=CARTESIAN_POINT('Ctrl Pts',(-11.7905507864605,0.346048449873102,22.3805961379634));
#5991=CARTESIAN_POINT('Ctrl Pts',(-11.2619677908827,-1.31653286544615,22.4599720125706));
#5992=CARTESIAN_POINT('Ctrl Pts',(-9.57851354131469,-1.77430835947333,22.5393478871778));
#5993=CARTESIAN_POINT('Ctrl Pts',(-8.28077660417,-0.608351475504622,22.6187237617849));
#5994=CARTESIAN_POINT('Ctrl Pts',(-8.55636198147381,1.11432937507203,22.6980996363921));
#5995=CARTESIAN_POINT('Ctrl Pts',(-10.1530717407328,1.81724797508321,22.7774755109993));
#5996=CARTESIAN_POINT('Ctrl Pts',(-11.6097002686227,0.857138634929714,22.8568513856065));
#5997=CARTESIAN_POINT('Ctrl Pts',(-11.5932352450456,-0.887368606457683,
22.9362272602136));
#5998=CARTESIAN_POINT('Ctrl Pts',(-10.1187443952026,-1.81981343005821,23.0156031348208));
#5999=CARTESIAN_POINT('Ctrl Pts',(-8.53558648372698,-1.08688257373568,23.0949790094279));
#6000=CARTESIAN_POINT('Ctrl Pts',(-8.29256534595505,0.640692991441794,23.1743548840351));
#6001=CARTESIAN_POINT('Ctrl Pts',(-9.61207823066048,1.78194772879519,23.2537307586423));
#6002=CARTESIAN_POINT('Ctrl Pts',(-11.2865921871605,1.29247902188894,23.3331066332495));
#6003=CARTESIAN_POINT('Ctrl Pts',(-11.7837002434935,-0.379782965471107,
23.4124825078566));
#6004=CARTESIAN_POINT('Ctrl Pts',(-10.6484811929187,-1.70449215243927,23.4918583824638));
#6005=CARTESIAN_POINT('Ctrl Pts',(-8.91981422520881,-1.46936018048116,23.571234257071));
#6006=CARTESIAN_POINT('Ctrl Pts',(-8.17966355511368,0.110435177416787,23.6506101316781));
#6007=CARTESIAN_POINT('Ctrl Pts',(-9.10536746758708,1.58916762576425,23.7299860062853));
#6008=CARTESIAN_POINT('Ctrl Pts',(-10.8497811466552,1.6135960950411,23.8093618808925));
#6009=CARTESIAN_POINT('Ctrl Pts',(-11.8165306626384,0.161366506583785,23.8887377554996));
#6010=CARTESIAN_POINT('Ctrl Pts',(-11.1209078499093,-1.43853688579706,23.9681136301068));
#6011=CARTESIAN_POINT('Ctrl Pts',(-9.39950456736546,-1.7219811988134,24.047489504714));
#6012=CARTESIAN_POINT('Ctrl Pts',(-8.22763253105384,-0.429585417330603,
24.1268653793212));
#6013=CARTESIAN_POINT('Ctrl Pts',(-8.67772354342349,1.25595035180052,24.2062412539283));
#6014=CARTESIAN_POINT('Ctrl Pts',(-10.3378638564014,1.79210017012907,24.2856171285355));
#6015=CARTESIAN_POINT('Ctrl Pts',(-11.6888376214738,0.688276441247665,24.3649930031427));
#6016=CARTESIAN_POINT('Ctrl Pts',(-11.4942496659796,-1.04549124975396,24.4443688777498));
#6017=CARTESIAN_POINT('Ctrl Pts',(-9.93231044073682,-1.82234422652907,24.523744752357));
#6018=CARTESIAN_POINT('Ctrl Pts',(-8.43214578515632,-0.931789507753332,
24.6031206269642));
#6019=CARTESIAN_POINT('Ctrl Pts',(-8.3671062613521,0.812021526088751,24.6824965015713));
#6020=CARTESIAN_POINT('Ctrl Pts',(-9.79576194782427,1.81168373622835,24.7618723761785));
#6021=CARTESIAN_POINT('Ctrl Pts',(-11.4125224236946,1.15541675425598,24.8412482507857));
#6022=CARTESIAN_POINT('Ctrl Pts',(-11.7342748763383,-0.562237830645617,
24.9206241253929));
#6023=CARTESIAN_POINT('Ctrl Pts',(-10.8941383587495,-1.35814800486363,24.973541375131));
#6024=CARTESIAN_POINT('Ctrl Pts',(-10.3985139908687,-1.49064942821855,25.));
#6025=CARTESIAN_POINT('Ctrl Pts',(-10.3985139908687,-1.49064942821855,25.));
#6026=CARTESIAN_POINT('Ctrl Pts',(-10.4565603310438,-1.4694395344308,25.));
#6027=CARTESIAN_POINT('Ctrl Pts',(-10.5130075858215,-1.44453830490543,25.));
#6028=CARTESIAN_POINT('Ctrl Pts',(-10.5676527528503,-1.41625607161519,25.));
#6029=CARTESIAN_POINT('Ctrl Pts',(-10.6214223789447,-1.38842698458301,25.));
#6030=CARTESIAN_POINT('Ctrl Pts',(-10.6734478424207,-1.35732324347315,25.));
#6031=CARTESIAN_POINT('Ctrl Pts',(-10.7235035221481,-1.32319560467848,25.));
#6032=CARTESIAN_POINT('Ctrl Pts',(-10.761758464735,-1.2971136321666,25.));
#6033=CARTESIAN_POINT('Ctrl Pts',(-10.7988623401608,-1.26926447060079,25.));
#6034=CARTESIAN_POINT('Ctrl Pts',(-10.8346979637216,-1.23974781222186,25.));
#6035=CARTESIAN_POINT('Ctrl Pts',(-10.8541202348285,-1.22375030794424,25.));
#6036=CARTESIAN_POINT('Ctrl Pts',(-10.873169696287,-1.20726282973306,25.));
#6037=CARTESIAN_POINT('Ctrl Pts',(-10.8918256196883,-1.19030037572915,25.));
#6038=CARTESIAN_POINT('Ctrl Pts',(-10.898632550644,-1.18411133588589,25.));
#6039=CARTESIAN_POINT('Ctrl Pts',(-10.905386232638,-1.17785974544566,25.));
#6040=CARTESIAN_POINT('Ctrl Pts',(-10.9120785237319,-1.17155331622005,25.));
#6041=CARTESIAN_POINT('Ctrl Pts',(-10.9551775285983,-1.13093929927551,25.));
#6042=CARTESIAN_POINT('Ctrl Pts',(-10.9958172771666,-1.08797813965826,25.));
#6043=CARTESIAN_POINT('Ctrl Pts',(-11.0337917111878,-1.04291105561864,25.));
#6044=CARTESIAN_POINT('Ctrl Pts',(-11.0709884747738,-0.998766890899919,
25.));
#6045=CARTESIAN_POINT('Ctrl Pts',(-11.1056284126448,-0.952601229393269,
25.));
#6046=CARTESIAN_POINT('Ctrl Pts',(-11.1374749497684,-0.904617643578333,
25.));
#6047=CARTESIAN_POINT('Ctrl Pts',(-11.1613400432402,-0.868659801250213,
25.));
#6048=CARTESIAN_POINT('Ctrl Pts',(-11.1836356322418,-0.831680533530544,
25.));
#6049=CARTESIAN_POINT('Ctrl Pts',(-11.204243598148,-0.793761311179957,25.));
#6050=CARTESIAN_POINT('Ctrl Pts',(-11.2146524790833,-0.774608684840907,
25.));
#6051=CARTESIAN_POINT('Ctrl Pts',(-11.2246305527053,-0.755216226467341,
25.));
#6052=CARTESIAN_POINT('Ctrl Pts',(-11.2341608715496,-0.735594348868102,
25.));
#6053=CARTESIAN_POINT('Ctrl Pts',(-11.2387153565072,-0.726217165604129,
25.));
#6054=CARTESIAN_POINT('Ctrl Pts',(-11.2431639776339,-0.716794894659138,
25.));
#6055=CARTESIAN_POINT('Ctrl Pts',(-11.2475035276552,-0.707332957691225,
25.));
#6056=CARTESIAN_POINT('Ctrl Pts',(-11.2707261924734,-0.656698355102853,
25.));
#6057=CARTESIAN_POINT('Ctrl Pts',(-11.2908475990497,-0.604891110664705,
25.));
#6058=CARTESIAN_POINT('Ctrl Pts',(-11.3076557345761,-0.55210165841173,25.));
#6059=CARTESIAN_POINT('Ctrl Pts',(-11.320171031104,-0.512794761614443,25.));
#6060=CARTESIAN_POINT('Ctrl Pts',(-11.3308484767915,-0.472942868936996,
25.));
#6061=CARTESIAN_POINT('Ctrl Pts',(-11.3395818590869,-0.432621952843108,
25.));
#6062=CARTESIAN_POINT('Ctrl Pts',(-11.3516197034679,-0.377044755278512,
25.));
#6063=CARTESIAN_POINT('Ctrl Pts',(-11.3599655053992,-0.320575261666488,
25.));
#6064=CARTESIAN_POINT('Ctrl Pts',(-11.3646816601417,-0.263559886197621,
25.));
#6065=CARTESIAN_POINT('Ctrl Pts',(-11.3660694900418,-0.246781886500521,
25.));
#6066=CARTESIAN_POINT('Ctrl Pts',(-11.3671426815718,-0.22995672317633,25.));
#6067=CARTESIAN_POINT('Ctrl Pts',(-11.3679020332503,-0.213093563056954,
25.));
#6068=CARTESIAN_POINT('Ctrl Pts',(-11.3683010718161,-0.204231988877273,
25.));
#6069=CARTESIAN_POINT('Ctrl Pts',(-11.3686132578622,-0.195362785419562,
25.));
#6070=CARTESIAN_POINT('Ctrl Pts',(-11.3688387909598,-0.186495220536542,
25.));
#6071=CARTESIAN_POINT('Ctrl Pts',(-11.3702392995516,-0.131429684979764,
25.));
#6072=CARTESIAN_POINT('Ctrl Pts',(-11.3683069058451,-0.0763338473936568,
25.));
#6073=CARTESIAN_POINT('Ctrl Pts',(-11.3631486093141,-0.0215157902847734,
25.));
#6074=CARTESIAN_POINT('Ctrl Pts',(-8.45556384322566,0.00107276054464623,
10.1457882764113));
#6075=CARTESIAN_POINT('Ctrl Pts',(-8.45498850771339,0.0714639526563988,
10.1494293337606));
#6076=CARTESIAN_POINT('Ctrl Pts',(-8.49134186825921,0.65279712695841,10.1795290159791));
#6077=CARTESIAN_POINT('Ctrl Pts',(-9.22973035137112,1.65320398979141,10.2360873230665));
#6078=CARTESIAN_POINT('Ctrl Pts',(-10.9708749162761,1.54367177951125,10.3154631976737));
#6079=CARTESIAN_POINT('Ctrl Pts',(-11.8235566353022,0.0218016875142963,
10.3948390722809));
#6080=CARTESIAN_POINT('Ctrl Pts',(-11.0074273215399,-1.52019306669281,10.4742149468881));
#6081=CARTESIAN_POINT('Ctrl Pts',(-9.26937095536374,-1.67091468541552,10.5535908214952));
#6082=CARTESIAN_POINT('Ctrl Pts',(-8.49883275454442,-0.677804013973623,
10.6107819313363));
#6083=CARTESIAN_POINT('Ctrl Pts',(-8.45518309553497,-0.0839317498677062,
10.6415144163083));
#6084=CARTESIAN_POINT('Ctrl Pts',(-8.45590497016434,-0.00123775842638885,
10.6457882764113));
#6085=CARTESIAN_POINT('Ctrl Pts',(-10.9581163017341,0.825211298936436,10.));
#6086=CARTESIAN_POINT('Ctrl Pts',(-10.9953096898388,0.790477617445513,10.));
#6087=CARTESIAN_POINT('Ctrl Pts',(-11.0301178293486,0.753433004058304,10.));
#6088=CARTESIAN_POINT('Ctrl Pts',(-11.0625278713373,0.714390561610653,10.));
#6089=CARTESIAN_POINT('Ctrl Pts',(-11.0861675280061,0.685913278696357,10.));
#6090=CARTESIAN_POINT('Ctrl Pts',(-11.1085309389801,0.656372001365024,10.));
#6091=CARTESIAN_POINT('Ctrl Pts',(-11.1296041055219,0.625874198583116,10.));
#6092=CARTESIAN_POINT('Ctrl Pts',(-11.137209541285,0.614867353479279,10.));
#6093=CARTESIAN_POINT('Ctrl Pts',(-11.1446468395735,0.603735819717768,10.));
#6094=CARTESIAN_POINT('Ctrl Pts',(-11.1519150635022,0.592484338576123,10.));
#6095=CARTESIAN_POINT('Ctrl Pts',(-11.1589504626399,0.581593278875817,10.));
#6096=CARTESIAN_POINT('Ctrl Pts',(-11.1658229571323,0.570596684588627,10.));
#6097=CARTESIAN_POINT('Ctrl Pts',(-11.1725295255467,0.559503799408196,10.));
#6098=CARTESIAN_POINT('Ctrl Pts',(-11.2003455126098,0.513495240096016,10.));
#6099=CARTESIAN_POINT('Ctrl Pts',(-11.225325221203,0.465809865277847,10.));
#6100=CARTESIAN_POINT('Ctrl Pts',(-11.2474314999548,0.416772311654557,10.));
#6101=CARTESIAN_POINT('Ctrl Pts',(-11.2562764665556,0.397151844146016,10.));
#6102=CARTESIAN_POINT('Ctrl Pts',(-11.2646610347412,0.377314453325243,10.));
#6103=CARTESIAN_POINT('Ctrl Pts',(-11.2725811448714,0.357279323333087,10.));
#6104=CARTESIAN_POINT('Ctrl Pts',(-11.2785214190161,0.342252491291379,10.));
#6105=CARTESIAN_POINT('Ctrl Pts',(-11.2842003987703,0.327114405334142,10.));
#6106=CARTESIAN_POINT('Ctrl Pts',(-11.2896159802136,0.311872894723706,10.));
#6107=CARTESIAN_POINT('Ctrl Pts',(-11.2933540698842,0.301352485424671,10.));
#6108=CARTESIAN_POINT('Ctrl Pts',(-11.2969648811659,0.290787602133929,10.));
#6109=CARTESIAN_POINT('Ctrl Pts',(-11.300445597032,0.280188758749231,10.));
#6110=CARTESIAN_POINT('Ctrl Pts',(-11.3183627947607,0.225630564423992,10.));
#6111=CARTESIAN_POINT('Ctrl Pts',(-11.332858260165,0.170114771715355,10.));
#6112=CARTESIAN_POINT('Ctrl Pts',(-11.3438919583664,0.114013803679677,10.));
#6113=CARTESIAN_POINT('Ctrl Pts',(-11.3546175218933,0.059479550013932,10.));
#6114=CARTESIAN_POINT('Ctrl Pts',(-11.3620722599978,0.00439108150008415,
10.));
#6115=CARTESIAN_POINT('Ctrl Pts',(-11.3661749660153,-0.0509389142476817,
10.));
#6116=CARTESIAN_POINT('Ctrl Pts',(-11.3683147189935,-0.0797960935524924,
10.));
#6117=CARTESIAN_POINT('Ctrl Pts',(-11.369541914562,-0.108719348042226,10.));
#6118=CARTESIAN_POINT('Ctrl Pts',(-11.3698396175189,-0.13766591804547,10.));
#6119=CARTESIAN_POINT('Ctrl Pts',(-11.3700559727395,-0.158702798580099,
10.));
#6120=CARTESIAN_POINT('Ctrl Pts',(-11.3697813262537,-0.179752015162252,
10.));
#6121=CARTESIAN_POINT('Ctrl Pts',(-11.3690078303673,-0.20079726220827,10.));
#6122=CARTESIAN_POINT('Ctrl Pts',(-11.3686455508474,-0.210654149790062,
10.));
#6123=CARTESIAN_POINT('Ctrl Pts',(-11.3681737572603,-0.220509308519469,
10.));
#6124=CARTESIAN_POINT('Ctrl Pts',(-11.3675926765938,-0.23034798177762,10.));
#6125=CARTESIAN_POINT('Ctrl Pts',(-11.3642930232346,-0.28621666428378,10.));
#6126=CARTESIAN_POINT('Ctrl Pts',(-11.3574695640441,-0.341662774515574,
10.));
#6127=CARTESIAN_POINT('Ctrl Pts',(-11.347062003231,-0.396374675545325,10.));
#6128=CARTESIAN_POINT('Ctrl Pts',(-11.33685440873,-0.450035366087026,10.));
#6129=CARTESIAN_POINT('Ctrl Pts',(-11.3231998990279,-0.50299093153689,10.));
#6130=CARTESIAN_POINT('Ctrl Pts',(-11.3063502211169,-0.555046113881877,
10.));
#6131=CARTESIAN_POINT('Ctrl Pts',(-11.2896733197855,-0.606567522442163,
10.));
#6132=CARTESIAN_POINT('Ctrl Pts',(-11.2698659194196,-0.657207640056557,
10.));
#6133=CARTESIAN_POINT('Ctrl Pts',(-11.2471247114553,-0.706772036827405,
10.));
#6134=CARTESIAN_POINT('Ctrl Pts',(-11.2425980246039,-0.716637937685089,
10.));
#6135=CARTESIAN_POINT('Ctrl Pts',(-11.2379539698836,-0.726463202743932,
10.));
#6136=CARTESIAN_POINT('Ctrl Pts',(-11.2331970584929,-0.736239765125902,
10.));
#6137=CARTESIAN_POINT('Ctrl Pts',(-11.2080883559437,-0.787844005070469,
10.));
#6138=CARTESIAN_POINT('Ctrl Pts',(-11.1799295911,-0.837910198567624,10.));
#6139=CARTESIAN_POINT('Ctrl Pts',(-11.1490086151901,-0.886229567864567,
10.));
#6140=CARTESIAN_POINT('Ctrl Pts',(-11.11736369553,-0.935680224398802,10.));
#6141=CARTESIAN_POINT('Ctrl Pts',(-11.082825324323,-0.98330222791518,10.));
#6142=CARTESIAN_POINT('Ctrl Pts',(-11.0456475734238,-1.0288633510771,10.));
#6143=CARTESIAN_POINT('Ctrl Pts',(-11.0082422195469,-1.07470340039913,10.));
#6144=CARTESIAN_POINT('Ctrl Pts',(-10.96816448454,-1.11845825430314,10.));
#6145=CARTESIAN_POINT('Ctrl Pts',(-10.9256262331856,-1.15986839592445,10.));
#6146=CARTESIAN_POINT('Ctrl Pts',(-10.9163955741945,-1.16885425885752,10.));
#6147=CARTESIAN_POINT('Ctrl Pts',(-10.9070489002582,-1.17772959688863,10.));
#6148=CARTESIAN_POINT('Ctrl Pts',(-10.8975881295201,-1.18649154393546,10.));
#6149=CARTESIAN_POINT('Ctrl Pts',(-10.8901319483434,-1.19339697124692,10.));
#6150=CARTESIAN_POINT('Ctrl Pts',(-10.8826115020638,-1.2002258325269,10.));
#6151=CARTESIAN_POINT('Ctrl Pts',(-10.8750294883404,-1.20697585100443,10.));
#6152=CARTESIAN_POINT('Ctrl Pts',(-10.8295423258791,-1.24747158186244,10.));
#6153=CARTESIAN_POINT('Ctrl Pts',(-10.7818277420309,-1.28514555440618,10.));
#6154=CARTESIAN_POINT('Ctrl Pts',(-10.7321565904526,-1.31975700184517,10.));
#6155=CARTESIAN_POINT('Ctrl Pts',(-10.6830226984887,-1.35399408041383,10.));
#6156=CARTESIAN_POINT('Ctrl Pts',(-10.6319735873629,-1.38523543112876,10.));
#6157=CARTESIAN_POINT('Ctrl Pts',(-10.5792302405997,-1.41321989080502,10.));
#6158=CARTESIAN_POINT('Ctrl Pts',(-10.5328538314024,-1.43782619345272,10.));
#6159=CARTESIAN_POINT('Ctrl Pts',(-10.4851666507603,-1.45991447320168,10.));
#6160=CARTESIAN_POINT('Ctrl Pts',(-10.4362989381071,-1.47928045768409,10.));
#6161=CARTESIAN_POINT('Ctrl Pts',(-10.4240641416208,-1.48412903491508,10.));
#6162=CARTESIAN_POINT('Ctrl Pts',(-10.411755269794,-1.48880682387957,10.));
#6163=CARTESIAN_POINT('Ctrl Pts',(-10.399375444054,-1.49331453853759,10.));
#6164=CARTESIAN_POINT('Origin',(-10.0000001490116,0.,24.95));
#6165=CARTESIAN_POINT('',(-7.10000014901162,-3.55147571752732E-16,25.));
#6166=CARTESIAN_POINT('Origin',(-10.0000001490116,0.,25.));
#6167=CARTESIAN_POINT('',(-7.00000014901162,3.67394039744206E-16,24.9));
#6168=CARTESIAN_POINT('',(-7.05000014901162,3.61270805748469E-16,24.95));
#6169=CARTESIAN_POINT('Origin',(-10.0000001490116,0.,24.9));
#6170=CARTESIAN_POINT('Origin',(-10.0000001490116,0.,2.));
#6171=CARTESIAN_POINT('',(-7.00000014901162,3.67394039744206E-16,5.));
#6172=CARTESIAN_POINT('',(-7.00000014901162,3.67394039744206E-16,2.));
#6173=CARTESIAN_POINT('',(-9.23188557422476,2.9,5.));
#6174=CARTESIAN_POINT('Origin',(-10.0000001490116,0.,5.));
#6175=CARTESIAN_POINT('',(-10.,3.,4.9));
#6176=CARTESIAN_POINT('Origin',(-10.0000001490116,0.,7.9));
#6177=CARTESIAN_POINT('',(-10.,3.,5.));
#6178=CARTESIAN_POINT('',(-10.,3.,0.));
#6179=CARTESIAN_POINT('',(-10.,-3.,5.));
#6180=CARTESIAN_POINT('Origin',(-10.,4.41812378825494E-16,5.));
#6181=CARTESIAN_POINT('',(-10.,-3.,4.9));
#6182=CARTESIAN_POINT('',(-10.,-3.,0.));
#6183=CARTESIAN_POINT('',(-9.23188557422476,-2.9,5.));
#6184=CARTESIAN_POINT('Origin',(-10.0000001490116,0.,7.9));
#6185=CARTESIAN_POINT('Origin',(-10.0000001490116,0.,5.));
#6186=CARTESIAN_POINT('Origin',(-10.0000001490116,0.,25.));
#6187=CARTESIAN_POINT('Ctrl Pts',(-8.63632325582035,-0.0215355434069325,
25.));
#6188=CARTESIAN_POINT('Ctrl Pts',(-8.63437834351469,-0.0418449598573906,
25.));
#6189=CARTESIAN_POINT('Ctrl Pts',(-8.6328835551088,-0.0622060995771847,
25.));
#6190=CARTESIAN_POINT('Ctrl Pts',(-8.63184572073526,-0.082604182386014,
25.));
#6191=CARTESIAN_POINT('Ctrl Pts',(-8.62895351182609,-0.139449010745618,
25.));
#6192=CARTESIAN_POINT('Ctrl Pts',(-8.62962475861648,-0.196228741606644,
25.));
#6193=CARTESIAN_POINT('Ctrl Pts',(-8.63391072034715,-0.252607015331001,
25.));
#6194=CARTESIAN_POINT('Ctrl Pts',(-8.63758126809198,-0.300890028218361,
25.));
#6195=CARTESIAN_POINT('Ctrl Pts',(-8.64390351752672,-0.34887955252108,25.));
#6196=CARTESIAN_POINT('Ctrl Pts',(-8.65293826131286,-0.396374639306395,
25.));
#6197=CARTESIAN_POINT('Ctrl Pts',(-8.66321706651843,-0.450409679684243,
25.));
#6198=CARTESIAN_POINT('Ctrl Pts',(-8.67700547610438,-0.50380556867529,25.));
#6199=CARTESIAN_POINT('Ctrl Pts',(-8.6940761676867,-0.556360245135446,25.));
#6200=CARTESIAN_POINT('Ctrl Pts',(-8.69895680444872,-0.571386015164171,
25.));
#6201=CARTESIAN_POINT('Ctrl Pts',(-8.70410606868721,-0.586342983786634,
25.));
#6202=CARTESIAN_POINT('Ctrl Pts',(-8.70951940063011,-0.601226294270516,
25.));
#6203=CARTESIAN_POINT('Ctrl Pts',(-8.71306579057335,-0.610976670412015,
25.));
#6204=CARTESIAN_POINT('Ctrl Pts',(-8.71672571400436,-0.62069562859247,25.));
#6205=CARTESIAN_POINT('Ctrl Pts',(-8.72049209676569,-0.630367618798541,
25.));
#6206=CARTESIAN_POINT('Ctrl Pts',(-8.74105321936149,-0.683168140937311,
25.));
#6207=CARTESIAN_POINT('Ctrl Pts',(-8.76481966811112,-0.734673446755857,
25.));
#6208=CARTESIAN_POINT('Ctrl Pts',(-8.79150312078639,-0.784677463657715,
25.));
#6209=CARTESIAN_POINT('Ctrl Pts',(-8.81883111581779,-0.83588933425308,25.));
#6210=CARTESIAN_POINT('Ctrl Pts',(-8.84921908763999,-0.8855274068543,25.));
#6211=CARTESIAN_POINT('Ctrl Pts',(-8.88241292311646,-0.933364684646275,
25.));
#6212=CARTESIAN_POINT('Ctrl Pts',(-8.90341780449577,-0.963635857926064,
25.));
#6213=CARTESIAN_POINT('Ctrl Pts',(-8.92554733406798,-0.993185786556331,
25.));
#6214=CARTESIAN_POINT('Ctrl Pts',(-8.94874714398084,-1.02195326949006,25.));
#6215=CARTESIAN_POINT('Ctrl Pts',(-8.96681255058539,-1.04435415458952,25.));
#6216=CARTESIAN_POINT('Ctrl Pts',(-8.98552708711684,-1.06628055335093,25.));
#6217=CARTESIAN_POINT('Ctrl Pts',(-9.00486792101732,-1.08770170415808,25.));
#6218=CARTESIAN_POINT('Ctrl Pts',(-9.01238202748363,-1.09602403444766,25.));
#6219=CARTESIAN_POINT('Ctrl Pts',(-9.0199846182696,-1.10426333240071,25.));
#6220=CARTESIAN_POINT('Ctrl Pts',(-9.02767251316114,-1.11241658867008,25.));
#6221=CARTESIAN_POINT('Ctrl Pts',(-9.06527482107176,-1.15229502835222,25.));
#6222=CARTESIAN_POINT('Ctrl Pts',(-9.10492574169076,-1.19012789877141,25.));
#6223=CARTESIAN_POINT('Ctrl Pts',(-9.14643058050337,-1.225729390277,25.));
#6224=CARTESIAN_POINT('Ctrl Pts',(-9.17781233291143,-1.25264762978229,25.));
#6225=CARTESIAN_POINT('Ctrl Pts',(-9.21025471048858,-1.27829007340333,25.));
#6226=CARTESIAN_POINT('Ctrl Pts',(-9.24368482329995,-1.3025691967827,25.));
#6227=CARTESIAN_POINT('Ctrl Pts',(-9.25525324086823,-1.3109709344325,25.));
#6228=CARTESIAN_POINT('Ctrl Pts',(-9.26694134749272,-1.31921025723533,25.));
#6229=CARTESIAN_POINT('Ctrl Pts',(-9.2787421926372,-1.32728046831822,25.));
#6230=CARTESIAN_POINT('Ctrl Pts',(-9.32905837227863,-1.36169005387076,25.));
#6231=CARTESIAN_POINT('Ctrl Pts',(-9.3812873666072,-1.39293731371516,25.));
#6232=CARTESIAN_POINT('Ctrl Pts',(-9.43518160467988,-1.42076327342807,25.));
#6233=CARTESIAN_POINT('Ctrl Pts',(-9.4770492660348,-1.44237983022148,25.));
#6234=CARTESIAN_POINT('Ctrl Pts',(-9.51992290451259,-1.46193131853523,25.));
#6235=CARTESIAN_POINT('Ctrl Pts',(-9.56370137497538,-1.4792804669221,25.));
#6236=CARTESIAN_POINT('Ctrl Pts',(-9.57593952388014,-1.48413037280243,25.));
#6237=CARTESIAN_POINT('Ctrl Pts',(-9.58824844911582,-1.48880807345113,25.));
#6238=CARTESIAN_POINT('Ctrl Pts',(-9.60062486960636,-1.49331454828215,25.));
#6239=CARTESIAN_POINT('Origin',(0.,0.,0.05));
#6240=CARTESIAN_POINT('',(-1.95660268099396E-16,2.,0.1));
#6241=CARTESIAN_POINT('',(-7.19794937146254E-16,2.1,0.));
#6242=CARTESIAN_POINT('',(-4.92690917300749E-17,-2.,0.1));
#6243=CARTESIAN_POINT('Origin',(0.,0.,0.1));
#6244=CARTESIAN_POINT('',(-4.92690917300749E-17,-2.,0.1));
#6245=CARTESIAN_POINT('Origin',(3.875,2.05,0.05));
#6246=CARTESIAN_POINT('',(15.5,2.,0.1));
#6247=CARTESIAN_POINT('',(15.5,2.1,0.));
#6248=CARTESIAN_POINT('',(3.875,2.,0.1));
#6249=CARTESIAN_POINT('Origin',(15.5,0.,0.05));
#6250=CARTESIAN_POINT('',(15.5,-2.,0.1));
#6251=CARTESIAN_POINT('',(15.5,-2.1,0.));
#6252=CARTESIAN_POINT('Origin',(15.5,0.,0.1));
#6253=CARTESIAN_POINT('Origin',(11.625,-2.05,0.05));
#6254=CARTESIAN_POINT('',(11.625,-2.,0.1));
#6255=CARTESIAN_POINT('Origin',(15.5,-2.,0.));
#6256=CARTESIAN_POINT('',(-4.92690917300749E-17,-2.,1.9));
#6257=CARTESIAN_POINT('',(-4.92690917300749E-17,-2.,0.));
#6258=CARTESIAN_POINT('',(15.5,-2.,1.9));
#6259=CARTESIAN_POINT('',(11.625,-2.,1.9));
#6260=CARTESIAN_POINT('',(15.5,-2.,0.));
#6261=CARTESIAN_POINT('Origin',(0.,0.,0.));
#6262=CARTESIAN_POINT('',(-1.95660268099396E-16,2.,1.9));
#6263=CARTESIAN_POINT('',(-1.95660268099396E-16,2.,0.));
#6264=CARTESIAN_POINT('Origin',(0.,0.,1.9));
#6265=CARTESIAN_POINT('Origin',(3.875,-5.45,0.05));
#6266=CARTESIAN_POINT('',(15.5,-5.5,0.1));
#6267=CARTESIAN_POINT('',(15.5,-5.4,0.));
#6268=CARTESIAN_POINT('',(-1.11022302462516E-15,-5.5,0.1));
#6269=CARTESIAN_POINT('',(3.875,-5.5,0.1));
#6270=CARTESIAN_POINT('',(-1.11022302462516E-15,-5.5,0.1));
#6271=CARTESIAN_POINT('Origin',(15.5,0.,0.05));
#6272=CARTESIAN_POINT('',(15.5,5.5,0.1));
#6273=CARTESIAN_POINT('',(15.5,5.4,0.));
#6274=CARTESIAN_POINT('Origin',(15.5,0.,0.1));
#6275=CARTESIAN_POINT('Origin',(11.625,5.45,0.05));
#6276=CARTESIAN_POINT('',(-7.44533015246144E-16,5.5,0.1));
#6277=CARTESIAN_POINT('',(0.,5.4,0.));
#6278=CARTESIAN_POINT('',(11.625,5.5,0.1));
#6279=CARTESIAN_POINT('Origin',(0.,0.,0.05));
#6280=CARTESIAN_POINT('',(-2.99518343834638,4.61290322580645,0.1));
#6281=CARTESIAN_POINT('',(-2.94072555764917,4.52903225806452,0.));
#6282=CARTESIAN_POINT('Origin',(0.,0.,0.1));
#6283=CARTESIAN_POINT('Origin',(-8.44097150806707,13.,0.05));
#6284=CARTESIAN_POINT('',(-8.44097150806707,3.,0.1));
#6285=CARTESIAN_POINT('',(-8.44097150806707,2.9,0.));
#6286=CARTESIAN_POINT('Origin',(-8.44097150806707,13.,0.1));
#6287=CARTESIAN_POINT('Origin',(-0.345485754033533,2.95,0.05));
#6288=CARTESIAN_POINT('',(-10.,3.,0.1));
#6289=CARTESIAN_POINT('',(-10.,2.9,0.));
#6290=CARTESIAN_POINT('',(-0.345485754033533,3.,0.1));
#6291=CARTESIAN_POINT('Origin',(-10.,4.41812378825494E-16,0.05));
#6292=CARTESIAN_POINT('',(-10.,-3.,0.1));
#6293=CARTESIAN_POINT('',(-10.,-2.9,0.));
#6294=CARTESIAN_POINT('Origin',(-10.,4.41812378825494E-16,0.1));
#6295=CARTESIAN_POINT('Origin',(-1.125,-2.95,0.05));
#6296=CARTESIAN_POINT('',(-8.44097150806756,-3.,0.1));
#6297=CARTESIAN_POINT('',(-8.44097150806756,-2.9,0.));
#6298=CARTESIAN_POINT('',(-1.125,-3.,0.1));
#6299=CARTESIAN_POINT('Origin',(-8.44097150806756,-13.0000000000017,0.05));
#6300=CARTESIAN_POINT('',(-2.99518343834623,-4.61290322580655,0.1));
#6301=CARTESIAN_POINT('',(-2.94072555764902,-4.52903225806461,0.));
#6302=CARTESIAN_POINT('Origin',(-8.44097150806756,-13.0000000000017,0.1));
#6303=CARTESIAN_POINT('Origin',(0.,0.,0.05));
#6304=CARTESIAN_POINT('Origin',(0.,0.,0.1));
#6305=CARTESIAN_POINT('Origin',(-10.,4.41812378825494E-16,0.));
#6306=CARTESIAN_POINT('',(-10.,-3.,0.));
#6307=CARTESIAN_POINT('',(-10.,3.,0.));
#6308=CARTESIAN_POINT('Origin',(-10.,-3.,0.));
#6309=CARTESIAN_POINT('',(-8.44097150806756,-3.,4.9));
#6310=CARTESIAN_POINT('',(-8.44097150806756,-3.,0.));
#6311=CARTESIAN_POINT('',(-3.,-3.,4.9));
#6312=CARTESIAN_POINT('Origin',(-8.44097150806756,-13.0000000000017,0.));
#6313=CARTESIAN_POINT('',(-2.99518343834623,-4.61290322580655,4.9));
#6314=CARTESIAN_POINT('',(-2.99518343834623,-4.61290322580655,0.));
#6315=CARTESIAN_POINT('Origin',(-8.44097150806756,-13.0000000000017,4.9));
#6316=CARTESIAN_POINT('Origin',(0.,0.,0.));
#6317=CARTESIAN_POINT('',(-1.11022302462516E-15,-5.5,4.9));
#6318=CARTESIAN_POINT('',(-1.11022302462516E-15,-5.5,0.));
#6319=CARTESIAN_POINT('Origin',(0.,0.,4.9));
#6320=CARTESIAN_POINT('Origin',(-2.40368904299191E-16,-5.5,0.));
#6321=CARTESIAN_POINT('',(15.5,-5.5,4.9));
#6322=CARTESIAN_POINT('',(15.5,-5.5,0.));
#6323=CARTESIAN_POINT('',(2.,-5.5,4.9));
#6324=CARTESIAN_POINT('Origin',(11.625,-2.05,1.95));
#6325=CARTESIAN_POINT('',(0.,-2.1,2.));
#6326=CARTESIAN_POINT('',(-4.92690917300749E-17,-2.,1.9));
#6327=CARTESIAN_POINT('',(15.5,-2.1,2.));
#6328=CARTESIAN_POINT('',(11.625,-2.1,2.));
#6329=CARTESIAN_POINT('',(15.5,-2.1,2.));
#6330=CARTESIAN_POINT('Origin',(0.,0.,1.95));
#6331=CARTESIAN_POINT('',(-7.19794937146254E-16,2.1,2.));
#6332=CARTESIAN_POINT('',(-1.95660268099396E-16,2.,1.9));
#6333=CARTESIAN_POINT('Origin',(0.,0.,2.));
#6334=CARTESIAN_POINT('Origin',(3.875,2.05,1.95));
#6335=CARTESIAN_POINT('',(15.5,2.,1.9));
#6336=CARTESIAN_POINT('',(15.5,2.1,2.));
#6337=CARTESIAN_POINT('',(15.5,2.,1.9));
#6338=CARTESIAN_POINT('',(3.875,2.1,2.));
#6339=CARTESIAN_POINT('',(3.875,2.,1.9));
#6340=CARTESIAN_POINT('Origin',(15.5,0.,1.95));
#6341=CARTESIAN_POINT('Origin',(15.5,0.,2.));
#6342=CARTESIAN_POINT('Origin',(15.5,0.,1.9));
#6343=CARTESIAN_POINT('Origin',(7.75,0.,2.));
#6344=CARTESIAN_POINT('',(-3.42092241342316E-16,3.6,2.));
#6345=CARTESIAN_POINT('',(-9.87806063507314E-17,-3.6,2.));
#6346=CARTESIAN_POINT('Origin',(0.,0.,2.));
#6347=CARTESIAN_POINT('',(15.5,-3.6,2.));
#6348=CARTESIAN_POINT('',(1.14236312772762E-16,-3.6,2.));
#6349=CARTESIAN_POINT('',(15.5,3.6,2.));
#6350=CARTESIAN_POINT('Origin',(15.5,0.,2.));
#6351=CARTESIAN_POINT('',(15.5,3.6,2.));
#6352=CARTESIAN_POINT('Origin',(9.75,-3.65,4.95));
#6353=CARTESIAN_POINT('',(-9.87806063507314E-17,-3.6,4.9));
#6354=CARTESIAN_POINT('',(0.,-3.7,5.));
#6355=CARTESIAN_POINT('',(-9.87806063507314E-17,-3.6,4.9));
#6356=CARTESIAN_POINT('',(15.5,-3.7,5.));
#6357=CARTESIAN_POINT('',(9.75,-3.7,5.));
#6358=CARTESIAN_POINT('',(15.5,-3.6,4.9));
#6359=CARTESIAN_POINT('',(15.5,-3.7,5.));
#6360=CARTESIAN_POINT('',(9.75,-3.6,4.9));
#6361=CARTESIAN_POINT('Origin',(0.,0.,4.95));
#6362=CARTESIAN_POINT('',(-3.42092241342316E-16,3.6,4.9));
#6363=CARTESIAN_POINT('',(-1.25783343497087E-15,3.7,5.));
#6364=CARTESIAN_POINT('',(-3.42092241342316E-16,3.6,4.9));
#6365=CARTESIAN_POINT('Origin',(0.,0.,5.));
#6366=CARTESIAN_POINT('Origin',(0.,0.,4.9));
#6367=CARTESIAN_POINT('Origin',(2.,3.65,4.95));
#6368=CARTESIAN_POINT('',(15.5,3.6,4.9));
#6369=CARTESIAN_POINT('',(15.5,3.7,5.));
#6370=CARTESIAN_POINT('',(15.5,3.6,4.9));
#6371=CARTESIAN_POINT('',(2.,3.7,5.));
#6372=CARTESIAN_POINT('',(2.,3.6,4.9));
#6373=CARTESIAN_POINT('Origin',(15.5,0.,4.95));
#6374=CARTESIAN_POINT('Origin',(15.5,0.,5.));
#6375=CARTESIAN_POINT('Origin',(15.5,0.,4.9));
#6376=CARTESIAN_POINT('Origin',(0.,0.,0.));
#6377=CARTESIAN_POINT('',(-9.87806063507314E-17,-3.6,0.));
#6378=CARTESIAN_POINT('',(-3.42092241342316E-16,3.6,0.));
#6379=CARTESIAN_POINT('Origin',(15.5,-3.6,0.));
#6380=CARTESIAN_POINT('',(15.5,-3.6,0.));
#6381=CARTESIAN_POINT('Origin',(4.,1.11022302462516E-15,5.));
#6382=CARTESIAN_POINT('',(-8.44097150806707,2.9,5.));
#6383=CARTESIAN_POINT('',(-2.22048575403353,2.9,5.));
#6384=CARTESIAN_POINT('',(-8.44097150806755,-2.9,5.));
#6385=CARTESIAN_POINT('',(-3.,-2.9,5.));
#6386=CARTESIAN_POINT('',(-2.94072555764902,-4.52903225806461,5.));
#6387=CARTESIAN_POINT('Origin',(-8.44097150806756,-13.0000000000017,5.));
#6388=CARTESIAN_POINT('',(-1.38777878078145E-15,-5.4,5.));
#6389=CARTESIAN_POINT('Origin',(0.,0.,5.));
#6390=CARTESIAN_POINT('',(15.5,-5.4,5.));
#6391=CARTESIAN_POINT('',(2.,-5.4,5.));
#6392=CARTESIAN_POINT('',(15.5,5.4,5.));
#6393=CARTESIAN_POINT('Origin',(15.5,0.,5.));
#6394=CARTESIAN_POINT('',(-1.11022302462516E-15,5.4,5.));
#6395=CARTESIAN_POINT('',(9.75,5.4,5.));
#6396=CARTESIAN_POINT('',(-2.94072555764917,4.52903225806452,5.));
#6397=CARTESIAN_POINT('Origin',(0.,0.,5.));
#6398=CARTESIAN_POINT('Origin',(-8.44097150806707,13.,5.));
#6399=CARTESIAN_POINT('Origin',(-3.,-2.95,4.95));
#6400=CARTESIAN_POINT('',(-8.44097150806756,-3.,4.9));
#6401=CARTESIAN_POINT('Origin',(-8.44097150806756,-13.0000000000017,4.95));
#6402=CARTESIAN_POINT('',(-2.99518343834623,-4.61290322580655,4.9));
#6403=CARTESIAN_POINT('Origin',(0.,0.,4.95));
#6404=CARTESIAN_POINT('',(-1.11022302462516E-15,-5.5,4.9));
#6405=CARTESIAN_POINT('Origin',(2.,-5.45,4.95));
#6406=CARTESIAN_POINT('',(15.5,-5.5,4.9));
#6407=CARTESIAN_POINT('Origin',(15.5,0.,4.95));
#6408=CARTESIAN_POINT('',(15.5,5.5,4.9));
#6409=CARTESIAN_POINT('',(15.5,5.5,4.9));
#6410=CARTESIAN_POINT('Origin',(15.5,0.,4.9));
#6411=CARTESIAN_POINT('Origin',(9.75,5.45,4.95));
#6412=CARTESIAN_POINT('',(-7.44533015246144E-16,5.5,4.9));
#6413=CARTESIAN_POINT('',(-7.44533015246144E-16,5.5,4.9));
#6414=CARTESIAN_POINT('',(9.75,5.5,4.9));
#6415=CARTESIAN_POINT('Origin',(0.,0.,4.95));
#6416=CARTESIAN_POINT('',(-2.99518343834638,4.61290322580645,4.9));
#6417=CARTESIAN_POINT('',(-2.99518343834638,4.61290322580645,4.9));
#6418=CARTESIAN_POINT('Origin',(0.,0.,4.9));
#6419=CARTESIAN_POINT('Origin',(-8.44097150806707,13.,4.95));
#6420=CARTESIAN_POINT('',(-8.44097150806707,3.,4.9));
#6421=CARTESIAN_POINT('',(-8.44097150806707,3.,4.9));
#6422=CARTESIAN_POINT('Origin',(-8.44097150806707,13.,4.9));
#6423=CARTESIAN_POINT('Origin',(-2.22048575403353,2.95,4.95));
#6424=CARTESIAN_POINT('',(-2.22048575403353,3.,4.9));
#6425=CARTESIAN_POINT('Origin',(-8.44097150806707,3.,0.));
#6426=CARTESIAN_POINT('',(-8.44097150806707,3.,0.));
#6427=CARTESIAN_POINT('Origin',(-8.44097150806707,13.,0.));
#6428=CARTESIAN_POINT('',(-2.99518343834638,4.61290322580645,0.));
#6429=CARTESIAN_POINT('Origin',(0.,0.,0.));
#6430=CARTESIAN_POINT('',(-7.44533015246144E-16,5.5,0.));
#6431=CARTESIAN_POINT('Origin',(15.5,5.5,0.));
#6432=CARTESIAN_POINT('',(15.5,5.5,0.));
#6433=CARTESIAN_POINT('Origin',(15.5,0.,0.));
#6434=CARTESIAN_POINT('Origin',(-10.0000001490116,0.,8.89578827641126));
#6435=CARTESIAN_POINT('Ctrl Pts',(-8.45854072791581,-0.00190157964992159,
10.1042117235887));
#6436=CARTESIAN_POINT('Ctrl Pts',(-8.4612216011265,0.351285746110889,10.1223917321306));
#6437=CARTESIAN_POINT('Ctrl Pts',(-8.75610015243483,1.22386307649918,10.1670303655415));
#6438=CARTESIAN_POINT('Ctrl Pts',(-10.2042383469065,1.81168368818026,10.2381276238215));
#6439=CARTESIAN_POINT('Ctrl Pts',(-11.6328940298283,0.812021548086207,10.3175034984287));
#6440=CARTESIAN_POINT('Ctrl Pts',(-11.5678545085363,-0.93178951926559,10.3968793730359));
#6441=CARTESIAN_POINT('Ctrl Pts',(-10.067689855629,-1.82234421086603,10.476255247643));
#6442=CARTESIAN_POINT('Ctrl Pts',(-8.70774461251158,-1.14595586240041,10.5453660311607));
#6443=CARTESIAN_POINT('Ctrl Pts',(-8.46065659650534,-0.314071038226168,
10.5880181898092));
#6444=CARTESIAN_POINT('Ctrl Pts',(-8.45901980649322,0.000874163023824748,
10.6042117235887));
#6445=CARTESIAN_POINT('Origin',(-10.0000001490116,0.,10.));
#6446=CARTESIAN_POINT('Ctrl Pts',(-9.60148630715429,-1.49064942821849,10.));
#6447=CARTESIAN_POINT('Ctrl Pts',(-9.54352934227932,-1.46947219179751,10.));
#6448=CARTESIAN_POINT('Ctrl Pts',(-9.48709156789516,-1.44458706063861,10.));
#6449=CARTESIAN_POINT('Ctrl Pts',(-9.43239319694963,-1.41627970057333,10.));
#6450=CARTESIAN_POINT('Ctrl Pts',(-9.37994332485662,-1.38913597784357,10.));
#6451=CARTESIAN_POINT('Ctrl Pts',(-9.32909237373989,-1.35884448032142,10.));
#6452=CARTESIAN_POINT('Ctrl Pts',(-9.28006680938858,-1.32562223876212,10.));
#6453=CARTESIAN_POINT('Ctrl Pts',(-9.26811557334289,-1.3175234671091,10.));
#6454=CARTESIAN_POINT('Ctrl Pts',(-9.25627905606406,-1.30925443511273,10.));
#6455=CARTESIAN_POINT('Ctrl Pts',(-9.24456643813832,-1.30082308202607,10.));
#6456=CARTESIAN_POINT('Ctrl Pts',(-9.19572731737628,-1.26566613639716,10.));
#6457=CARTESIAN_POINT('Ctrl Pts',(-9.14900495526656,-1.22766630987004,10.));
#6458=CARTESIAN_POINT('Ctrl Pts',(-9.1046301180037,-1.18706753793293,10.));
#6459=CARTESIAN_POINT('Ctrl Pts',(-9.0760821310472,-1.16094883455956,10.));
#6460=CARTESIAN_POINT('Ctrl Pts',(-9.04850650652112,-1.13375373028545,10.));
#6461=CARTESIAN_POINT('Ctrl Pts',(-9.02197461442509,-1.10554147067202,10.));
#6462=CARTESIAN_POINT('Ctrl Pts',(-9.01091192753753,-1.09377814096436,10.));
#6463=CARTESIAN_POINT('Ctrl Pts',(-9.00002715123675,-1.0818335592112,10.));
#6464=CARTESIAN_POINT('Ctrl Pts',(-8.98934694351497,-1.06973641274061,10.));
#6465=CARTESIAN_POINT('Ctrl Pts',(-8.94906924925296,-1.02411509341068,10.));
#6466=CARTESIAN_POINT('Ctrl Pts',(-8.9116451536024,-0.976275021482169,10.));
#6467=CARTESIAN_POINT('Ctrl Pts',(-8.87730974848389,-0.926472085521866,
10.));
#6468=CARTESIAN_POINT('Ctrl Pts',(-8.8449573613345,-0.879545484254089,10.));
#6469=CARTESIAN_POINT('Ctrl Pts',(-8.81534707245909,-0.830875125164458,
10.));
#6470=CARTESIAN_POINT('Ctrl Pts',(-8.78872175133461,-0.780656379355118,
10.));
#6471=CARTESIAN_POINT('Ctrl Pts',(-8.77379049634491,-0.752494131266684,
10.));
#6472=CARTESIAN_POINT('Ctrl Pts',(-8.75979882962323,-0.723844682394713,
10.));
#6473=CARTESIAN_POINT('Ctrl Pts',(-8.7467967450423,-0.694741448515382,10.));
#6474=CARTESIAN_POINT('Ctrl Pts',(-8.7353521720536,-0.669124472847639,10.));
#6475=CARTESIAN_POINT('Ctrl Pts',(-8.72467436181142,-0.643155890567585,
10.));
#6476=CARTESIAN_POINT('Ctrl Pts',(-8.71480105119526,-0.61685850966758,10.));
#6477=CARTESIAN_POINT('Ctrl Pts',(-8.71140778929286,-0.607820619114962,
10.));
#6478=CARTESIAN_POINT('Ctrl Pts',(-8.70811100533008,-0.598747514729234,
10.));
#6479=CARTESIAN_POINT('Ctrl Pts',(-8.70491465793117,-0.589648048518124,
10.));
#6480=CARTESIAN_POINT('Ctrl Pts',(-8.68683017177828,-0.538164542454517,
10.));
#6481=CARTESIAN_POINT('Ctrl Pts',(-8.67192862670624,-0.485763110382308,
10.));
#6482=CARTESIAN_POINT('Ctrl Pts',(-8.6604184316777,-0.432622001768378,10.));
#6483=CARTESIAN_POINT('Ctrl Pts',(-8.64845433400385,-0.377385282288223,
10.));
#6484=CARTESIAN_POINT('Ctrl Pts',(-8.64015429311447,-0.321348298092047,
10.));
#6485=CARTESIAN_POINT('Ctrl Pts',(-8.63542584268684,-0.264848475424797,
10.));
#6486=CARTESIAN_POINT('Ctrl Pts',(-8.63137243930772,-0.21641472833904,10.));
#6487=CARTESIAN_POINT('Ctrl Pts',(-8.6299447101699,-0.16764040429926,10.));
#6488=CARTESIAN_POINT('Ctrl Pts',(-8.63111359561697,-0.11874693031109,10.));
#6489=CARTESIAN_POINT('Ctrl Pts',(-8.63139826886716,-0.106839292836296,
10.));
#6490=CARTESIAN_POINT('Ctrl Pts',(-8.63183707143751,-0.0949246500882422,
10.));
#6491=CARTESIAN_POINT('Ctrl Pts',(-8.63242980304346,-0.0830063352158242,
10.));
#6492=CARTESIAN_POINT('Ctrl Pts',(-8.63292719621733,-0.07300503209304,10.));
#6493=CARTESIAN_POINT('Ctrl Pts',(-8.6335324634658,-0.0630116547347018,
10.));
#6494=CARTESIAN_POINT('Ctrl Pts',(-8.63424482648947,-0.0530284471247174,
10.));
#6495=CARTESIAN_POINT('Ctrl Pts',(-8.63819718938889,0.00236081096898486,
10.));
#6496=CARTESIAN_POINT('Ctrl Pts',(-8.64544233876031,0.0574422509199455,
10.));
#6497=CARTESIAN_POINT('Ctrl Pts',(-8.65588208445593,0.111899528265931,10.));
#6498=CARTESIAN_POINT('Ctrl Pts',(-8.66625165657066,0.165990756258972,10.));
#6499=CARTESIAN_POINT('Ctrl Pts',(-8.67977353445786,0.219467269232562,10.));
#6500=CARTESIAN_POINT('Ctrl Pts',(-8.69639777919437,0.271998049221059,10.));
#6501=CARTESIAN_POINT('Ctrl Pts',(-8.70508045053856,0.299434333113862,10.));
#6502=CARTESIAN_POINT('Ctrl Pts',(-8.7146101258958,0.326612185686446,10.));
#6503=CARTESIAN_POINT('Ctrl Pts',(-8.72498406914487,0.35348066061496,10.));
#6504=CARTESIAN_POINT('Ctrl Pts',(-8.73301178911766,0.374272425871742,10.));
#6505=CARTESIAN_POINT('Ctrl Pts',(-8.74154513509514,0.394878879650644,10.));
#6506=CARTESIAN_POINT('Ctrl Pts',(-8.75058394835697,0.415275038459091,10.));
#6507=CARTESIAN_POINT('Ctrl Pts',(-8.75449325638486,0.424096425189649,10.));
#6508=CARTESIAN_POINT('Ctrl Pts',(-8.75849655017092,0.432876942631227,10.));
#6509=CARTESIAN_POINT('Ctrl Pts',(-8.76258844227567,0.441603766141454,10.));
#6510=CARTESIAN_POINT('Ctrl Pts',(-8.78515744882892,0.489736935821672,10.));
#6511=CARTESIAN_POINT('Ctrl Pts',(-8.81045906869445,0.536332005864903,10.));
#6512=CARTESIAN_POINT('Ctrl Pts',(-8.83843541799535,0.581092839189048,10.));
#6513=CARTESIAN_POINT('Ctrl Pts',(-8.86540967650375,0.624250374725583,10.));
#6514=CARTESIAN_POINT('Ctrl Pts',(-8.89487107760967,0.665703358332954,10.));
#6515=CARTESIAN_POINT('Ctrl Pts',(-8.92680045541293,0.705152338233702,10.));
#6516=CARTESIAN_POINT('Ctrl Pts',(-8.9548195008527,0.739770073887757,10.));
#6517=CARTESIAN_POINT('Ctrl Pts',(-8.98473966621611,0.772844435504323,10.));
#6518=CARTESIAN_POINT('Ctrl Pts',(-9.01656499279763,0.804144563224469,10.));
#6519=CARTESIAN_POINT('Ctrl Pts',(-9.02428863595447,0.811740746618054,10.));
#6520=CARTESIAN_POINT('Ctrl Pts',(-9.03212455704389,0.819232289182661,10.));
#6521=CARTESIAN_POINT('Ctrl Pts',(-9.04007015168751,0.826617915476504,10.));
#6522=CARTESIAN_POINT('Ctrl Pts',(-9.6014863071543,-1.49064942821849,10.));
#6523=CARTESIAN_POINT('Ctrl Pts',(-9.10586193927357,-1.3581480048635,10.0264586248691));
#6524=CARTESIAN_POINT('Ctrl Pts',(-8.26572540337285,-0.562237940956465,
10.0793758746072));
#6525=CARTESIAN_POINT('Ctrl Pts',(-8.58747789060919,1.1554168180773,10.1587517492143));
#6526=CARTESIAN_POINT('Ctrl Pts',(-10.2042383469065,1.81168368818026,10.2381276238215));
#6527=CARTESIAN_POINT('Ctrl Pts',(-11.6328940298283,0.812021548086207,10.3175034984287));
#6528=CARTESIAN_POINT('Ctrl Pts',(-11.5678545085363,-0.93178951926559,10.3968793730359));
#6529=CARTESIAN_POINT('Ctrl Pts',(-10.067689855629,-1.82234421086603,10.476255247643));
#6530=CARTESIAN_POINT('Ctrl Pts',(-8.50575063867924,-1.04549125101116,10.5556311222502));
#6531=CARTESIAN_POINT('Ctrl Pts',(-8.311162682142,0.68827644165656,10.6350069968574));
#6532=CARTESIAN_POINT('Ctrl Pts',(-9.66213644334729,1.79210016172797,10.7143828714645));
#6533=CARTESIAN_POINT('Ctrl Pts',(-11.3222767493716,1.25595034807637,10.7937587460717));
#6534=CARTESIAN_POINT('Ctrl Pts',(-11.7723677605218,-0.429585416272679,
10.8731346206788));
#6535=CARTESIAN_POINT('Ctrl Pts',(-10.60049572831,-1.72198119207248,10.9525104952861));
#6536=CARTESIAN_POINT('Ctrl Pts',(-8.8790924523628,-1.43853688059373,11.0318863698932));
#6537=CARTESIAN_POINT('Ctrl Pts',(-8.18346964213666,0.16136650607672,11.1112622445004));
#6538=CARTESIAN_POINT('Ctrl Pts',(-9.15021915456358,1.61359608895927,11.1906381191075));
#6539=CARTESIAN_POINT('Ctrl Pts',(-10.8946328270822,1.58916761985579,11.2700139937147));
#6540=CARTESIAN_POINT('Ctrl Pts',(-11.8203367361147,0.110435176987733,11.3493898683219));
#6541=CARTESIAN_POINT('Ctrl Pts',(-11.0801860687746,-1.46936017498242,11.4287657429291));
#6542=CARTESIAN_POINT('Ctrl Pts',(-9.35151910752928,-1.70449214607551,11.5081416175362));
#6543=CARTESIAN_POINT('Ctrl Pts',(-8.21630006119301,-0.379782964049179,
11.5875174921434));
#6544=CARTESIAN_POINT('Ctrl Pts',(-8.71340811567068,1.29247901705854,11.6668933667506));
#6545=CARTESIAN_POINT('Ctrl Pts',(-10.3879220659133,1.78194772213799,11.7462692413577));
#6546=CARTESIAN_POINT('Ctrl Pts',(-11.7074349456889,0.640692989047275,11.8256451159649));
#6547=CARTESIAN_POINT('Ctrl Pts',(-11.4644138088245,-1.08688256967471,11.9050209905721));
#6548=CARTESIAN_POINT('Ctrl Pts',(-9.88125590326411,-1.81981342325891,11.9843968651792));
#6549=CARTESIAN_POINT('Ctrl Pts',(-8.40676505893031,-0.887368603141879,
12.0637727397864));
#6550=CARTESIAN_POINT('Ctrl Pts',(-8.39030003541502,0.857138631727356,12.1431486143936));
#6551=CARTESIAN_POINT('Ctrl Pts',(-9.8469285578626,1.81724796829342,12.2225244890008));
#6552=CARTESIAN_POINT('Ctrl Pts',(-11.4436383111557,1.11432937090831,12.3019003636079));
#6553=CARTESIAN_POINT('Ctrl Pts',(-11.7192236874296,-0.608351473231867,
12.3812762382151));
#6554=CARTESIAN_POINT('Ctrl Pts',(-10.4214867551335,-1.774308352844,12.4606521128223));
#6555=CARTESIAN_POINT('Ctrl Pts',(-8.73803251185544,-1.31653286052696,12.5400279874294));
#6556=CARTESIAN_POINT('Ctrl Pts',(-8.20944951825289,0.346048448580398,12.6194038620366));
#6557=CARTESIAN_POINT('Ctrl Pts',(-9.31946277993217,1.69194857468315,12.6987797366438));
#6558=CARTESIAN_POINT('Ctrl Pts',(-11.0522598743633,1.48948667683979,12.7781556112509));
#6559=CARTESIAN_POINT('Ctrl Pts',(-11.8220968514246,-0.0760571964798118,
12.8575314858581));
#6560=CARTESIAN_POINT('Ctrl Pts',(-10.9244686465173,-1.57199843740431,12.9369073604653));
#6561=CARTESIAN_POINT('Ctrl Pts',(-9.18082659976647,-1.62934827041313,13.0162832350724));
#6562=CARTESIAN_POINT('Ctrl Pts',(-8.18683926099462,-0.195623833534228,
13.0956591096796));
#6563=CARTESIAN_POINT('Ctrl Pts',(-8.8521396241723,1.4171228971395,13.1750349842868));
#6564=CARTESIAN_POINT('Ctrl Pts',(-10.5678877799353,1.73301030831475,13.2544108588939));
#6565=CARTESIAN_POINT('Ctrl Pts',(-11.7639418653549,0.462958649800792,13.3337867335011));
#6566=CARTESIAN_POINT('Ctrl Pts',(-11.3457504548409,-1.23076285467253,13.4131626081083));
#6567=CARTESIAN_POINT('Ctrl Pts',(-9.69601530923149,-1.7981697103625,13.4925384827155));
#6568=CARTESIAN_POINT('Ctrl Pts',(-8.32446744946072,-0.720007821358216,
13.5719143573226));
#6569=CARTESIAN_POINT('Ctrl Pts',(-8.48625886529058,1.01705870825623,13.6512902319298));
#6570=CARTESIAN_POINT('Ctrl Pts',(-10.0333285058006,1.82337881711812,13.7306661065369));
#6571=CARTESIAN_POINT('Ctrl Pts',(-11.5498981874203,0.961060435466071,13.8100419811441));
#6572=CARTESIAN_POINT('Ctrl Pts',(-11.6481013184466,-0.780758365557617,
13.8894178557513));
#6573=CARTESIAN_POINT('Ctrl Pts',(-10.2380687379674,-1.80807755282618,13.9687937303585));
#6574=CARTESIAN_POINT('Ctrl Pts',(-8.61017116575718,-1.18076097809304,14.0481696049656));
#6575=CARTESIAN_POINT('Ctrl Pts',(-8.25415528643376,0.527111758445781,14.1275454795728));
#6576=CARTESIAN_POINT('Ctrl Pts',(-9.49582383166002,1.75260586872893,14.20692135418));
#6577=CARTESIAN_POINT('Ctrl Pts',(-11.198881969241,1.37422831844082,14.2862972287871));
#6578=CARTESIAN_POINT('Ctrl Pts',(-11.8048009210252,-0.261754204207794,
14.3656731033943));
#6579=CARTESIAN_POINT('Ctrl Pts',(-10.7590828089046,-1.65819619030171,14.4450489780015));
#6580=CARTESIAN_POINT('Ctrl Pts',(-9.01870128845229,-1.53716415400121,14.5244248526087));
#6581=CARTESIAN_POINT('Ctrl Pts',(-8.17634108647439,-0.00941879541989016,
14.6038007272158));
#6582=CARTESIAN_POINT('Ctrl Pts',(-9.00287583751221,1.52694603621023,14.683176601823));
#6583=CARTESIAN_POINT('Ctrl Pts',(-10.741914337291,1.66594850680059,14.7625524764301));
#6584=CARTESIAN_POINT('Ctrl Pts',(-11.8020009047565,0.280382535790148,14.8419283510373));
#6585=CARTESIAN_POINT('Ctrl Pts',(-11.2130128023059,-1.36177141731981,14.9213042256445));
#6586=CARTESIAN_POINT('Ctrl Pts',(-9.51395388858729,-1.75772014917302,15.0006801002517));
#6587=CARTESIAN_POINT('Ctrl Pts',(-8.25969311045093,-0.545116961410521,
15.0800559748588));
#6588=CARTESIAN_POINT('Ctrl Pts',(-8.59804889810557,1.16634205110004,15.159431849466));
#6589=CARTESIAN_POINT('Ctrl Pts',(-10.2193798948192,1.81044017222627,15.2388077240732));
#6590=CARTESIAN_POINT('Ctrl Pts',(-11.6399487216223,0.797740414717435,15.3181835986804));
#6591=CARTESIAN_POINT('Ctrl Pts',(-11.5597425668191,-0.944999830779488,
15.3975594732875));
#6592=CARTESIAN_POINT('Ctrl Pts',(-10.052160921412,-1.82293728468752,15.4769353478947));
#6593=CARTESIAN_POINT('Ctrl Pts',(-8.49684510705154,-1.03264031003605,15.5563112225018));
#6594=CARTESIAN_POINT('Ctrl Pts',(-8.31711967285629,0.702662360637381,15.635687097109));
#6595=CARTESIAN_POINT('Ctrl Pts',(-9.67745772469265,1.79493383571534,15.7150629717162));
#6596=CARTESIAN_POINT('Ctrl Pts',(-11.3329657647891,1.24459782951619,15.7944388463233));
#6597=CARTESIAN_POINT('Ctrl Pts',(-11.7686297921458,-0.444713700607929,
15.8738147209305));
#6598=CARTESIAN_POINT('Ctrl Pts',(-10.5857582358425,-1.72705198352381,15.9531905955377));
#6599=CARTESIAN_POINT('Ctrl Pts',(-8.86683872250491,-1.42890387065001,16.0325664701449));
#6600=CARTESIAN_POINT('Ctrl Pts',(-8.1849153366222,0.176884747546439,16.111942344752));
#6601=CARTESIAN_POINT('Ctrl Pts',(-9.16404030397592,1.62079987276937,16.1913182193592));
#6602=CARTESIAN_POINT('Ctrl Pts',(-10.9081817127049,1.58146366934212,16.2706940939664));
#6603=CARTESIAN_POINT('Ctrl Pts',(-11.8212140291669,0.0948740892498562,
16.3500699685735));
#6604=CARTESIAN_POINT('Ctrl Pts',(-11.0675890655535,-1.47853812779998,16.4294458431807));
#6605=CARTESIAN_POINT('Ctrl Pts',(-9.33697569916627,-1.69888777410062,16.5088217177879));
#6606=CARTESIAN_POINT('Ctrl Pts',(-8.21311947330146,-0.364525089472504,
16.5881975923951));
#6607=CARTESIAN_POINT('Ctrl Pts',(-8.72450099696701,1.30342740619291,16.6675734670022));
#6608=CARTESIAN_POINT('Ctrl Pts',(-10.4031369384959,1.77856735015732,16.7469493416094));
#6609=CARTESIAN_POINT('Ctrl Pts',(-11.7128481357202,0.626077363038894,16.8263252162166));
#6610=CARTESIAN_POINT('Ctrl Pts',(-11.4550715173635,-1.09935817779466,16.9057010908237));
#6611=CARTESIAN_POINT('Ctrl Pts',(-9.86570759038915,-1.81873214047037,16.9850769654309));
#6612=CARTESIAN_POINT('Ctrl Pts',(-8.39923953683582,-0.873719950892643,
17.064452840038));
#6613=CARTESIAN_POINT('Ctrl Pts',(-8.39768417531258,0.870864289375941,17.1438287146453));
#6614=CARTESIAN_POINT('Ctrl Pts',(-9.86246487219843,1.81848979587823,17.2232045892524));
#6615=CARTESIAN_POINT('Ctrl Pts',(-11.4531089686913,1.10195092824066,17.3025804638596));
#6616=CARTESIAN_POINT('Ctrl Pts',(-11.7139617543171,-0.623022235253273,
17.3819563384667));
#6617=CARTESIAN_POINT('Ctrl Pts',(-10.4063076125695,-1.77784570059905,17.4613322130739));
#6618=CARTESIAN_POINT('Ctrl Pts',(-8.72682713045265,-1.30569964191415,17.5407080876811));
#6619=CARTESIAN_POINT('Ctrl Pts',(-8.21247233911745,0.361338371801649,17.6200839622883));
#6620=CARTESIAN_POINT('Ctrl Pts',(-9.33394751270845,1.69770285260846,17.6994598368954));
#6621=CARTESIAN_POINT('Ctrl Pts',(-11.0649510274262,1.480439366082,17.7788357115026));
#6622=CARTESIAN_POINT('Ctrl Pts',(-11.8213803014287,-0.0916265816361905,
17.8582115861097));
#6623=CARTESIAN_POINT('Ctrl Pts',(-10.9110001337241,-1.57984180155332,17.9375874607169));
#6624=CARTESIAN_POINT('Ctrl Pts',(-9.16693163692529,-1.62228787342185,18.0169633353241));
#6625=CARTESIAN_POINT('Ctrl Pts',(-8.18523362038661,-0.1801208945782,18.0963392099313));
#6626=CARTESIAN_POINT('Ctrl Pts',(-8.86429268434652,1.4268810899249,18.1757150845384));
#6627=CARTESIAN_POINT('Ctrl Pts',(-10.5826778453921,1.72809368733932,18.2550909591456));
#6628=CARTESIAN_POINT('Ctrl Pts',(-11.7678340237291,0.447866588933385,18.3344668337528));
#6629=CARTESIAN_POINT('Ctrl Pts',(-11.3351828542488,-1.24221907637779,18.4138427083599));
#6630=CARTESIAN_POINT('Ctrl Pts',(-9.68065873499468,-1.79550609895231,18.4932185829671));
#6631=CARTESIAN_POINT('Ctrl Pts',(-8.31837524617961,-0.705661941907445,
18.5725944575743));
#6632=CARTESIAN_POINT('Ctrl Pts',(-8.49500622380944,1.02995843371751,18.6519703321814));
#6633=CARTESIAN_POINT('Ctrl Pts',(-10.048910408743,1.82302739325944,18.7313462067886));
#6634=CARTESIAN_POINT('Ctrl Pts',(-11.5580550839123,0.947779462698486,18.8107220813958));
#6635=CARTESIAN_POINT('Ctrl Pts',(-11.6413685438108,-0.794814999000148,
18.8900979560029));
#6636=CARTESIAN_POINT('Ctrl Pts',(-10.2226076925666,-1.81004612417301,18.9694738306101));
#6637=CARTESIAN_POINT('Ctrl Pts',(-8.60013079945145,-1.16883997803091,19.0488497052173));
#6638=CARTESIAN_POINT('Ctrl Pts',(-8.25872389378887,0.542013000839249,19.1282255798245));
#6639=CARTESIAN_POINT('Ctrl Pts',(-9.51082051838828,1.75685069913881,19.2076014544316));
#6640=CARTESIAN_POINT('Ctrl Pts',(-11.2105827365387,1.36393214232146,19.2869773290388));
#6641=CARTESIAN_POINT('Ctrl Pts',(-11.8024979826121,-0.277168991676335,
19.366353203646));
#6642=CARTESIAN_POINT('Ctrl Pts',(-10.7448836652307,-1.66462297153034,19.4457290782531));
#6643=CARTESIAN_POINT('Ctrl Pts',(-9.00560007844473,-1.52872155402412,19.5251049528603));
#6644=CARTESIAN_POINT('Ctrl Pts',(-8.1763271911032,0.00616706371437916,
19.6044808274675));
#6645=CARTESIAN_POINT('Ctrl Pts',(-9.01596197292333,1.53541198317655,19.6838567020747));
#6646=CARTESIAN_POINT('Ctrl Pts',(-10.7561249178112,1.65954705389425,19.7632325766818));
#6647=CARTESIAN_POINT('Ctrl Pts',(-11.8043313251958,0.264971879132787,19.842608451289));
#6648=CARTESIAN_POINT('Ctrl Pts',(-11.2013304124395,-1.37208844039062,19.9219843258961));
#6649=CARTESIAN_POINT('Ctrl Pts',(-9.49894965685754,-1.7535020656941,20.0013602005033));
#6650=CARTESIAN_POINT('Ctrl Pts',(-8.25509794035955,-0.530223888864332,
20.0807360751105));
#6651=CARTESIAN_POINT('Ctrl Pts',(-8.60806799244031,1.17828093491496,20.1601119497177));
#6652=CARTESIAN_POINT('Ctrl Pts',(-10.2348444257479,1.80849917217717,20.2394878243248));
#6653=CARTESIAN_POINT('Ctrl Pts',(-11.6467065495549,0.783695808647183,20.318863698932));
#6654=CARTESIAN_POINT('Ctrl Pts',(-11.5516093642343,-0.958295326774312,
20.3982395735392));
#6655=CARTESIAN_POINT('Ctrl Pts',(-10.0365796698541,-1.82331649165367,20.4776154481463));
#6656=CARTESIAN_POINT('Ctrl Pts',(-8.4880747612895,-1.0197562022575,20.5569913227535));
#6657=CARTESIAN_POINT('Ctrl Pts',(-8.32318628670642,0.717019080124381,20.6363671973607));
#6658=CARTESIAN_POINT('Ctrl Pts',(-9.69280952510465,1.7976248247799,20.7157430719678));
#6659=CARTESIAN_POINT('Ctrl Pts',(-11.3435537758586,1.23316046882297,20.795118946575));
#6660=CARTESIAN_POINT('Ctrl Pts',(-11.764764550201,-0.459812677485283,20.8744948211822));
#6661=CARTESIAN_POINT('Ctrl Pts',(-10.5709769605898,-1.73199496844574,20.9538706957893));
#6662=CARTESIAN_POINT('Ctrl Pts',(-8.85466828208277,-1.41916736316706,21.0332465703965));
#6663=CARTESIAN_POINT('Ctrl Pts',(-8.18649333181012,0.192390524831758,21.1126224450037));
#6664=CARTESIAN_POINT('Ctrl Pts',(-9.17792265552739,1.62788503426624,21.1919983196109));
#6665=CARTESIAN_POINT('Ctrl Pts',(-10.9216641893761,1.57364433299915,21.271374194218));
#6666=CARTESIAN_POINT('Ctrl Pts',(-11.8219583393699,0.0793060065048015,
21.3507500688252));
#6667=CARTESIAN_POINT('Ctrl Pts',(-11.054914064678,-1.48760805342492,21.4301259434324));
#6668=CARTESIAN_POINT('Ctrl Pts',(-9.32248072912067,-1.69315933265358,21.5095018180395));
#6669=CARTESIAN_POINT('Ctrl Pts',(-8.21006939419589,-0.34924058046878,21.5888776926467));
#6670=CARTESIAN_POINT('Ctrl Pts',(-8.73568704414265,1.31428058759836,21.6682535672539));
#6671=CARTESIAN_POINT('Ctrl Pts',(-10.4183223642738,1.77505707353299,21.747629441861));
#6672=CARTESIAN_POINT('Ctrl Pts',(-11.7181362195122,0.611416006763158,21.8270053164682));
#6673=CARTESIAN_POINT('Ctrl Pts',(-11.44562294653,-1.11175348768349,21.9063811910754));
#6674=CARTESIAN_POINT('Ctrl Pts',(-9.85016908651384,-1.81751801718503,21.9857570656826));
#6675=CARTESIAN_POINT('Ctrl Pts',(-8.39183093477026,-0.860007481623008,
22.0651329402897));
#6676=CARTESIAN_POINT('Ctrl Pts',(-8.40518534902014,0.884526338674703,22.144508814897));
#6677=CARTESIAN_POINT('Ctrl Pts',(-9.87801123212972,1.81959880035132,22.223884689504));
#6678=CARTESIAN_POINT('Ctrl Pts',(-11.4624734906399,1.08949199864305,22.3032605641112));
#6679=CARTESIAN_POINT('Ctrl Pts',(-11.7085746328086,-0.637647491485861,
22.3826364387184));
#6680=CARTESIAN_POINT('Ctrl Pts',(-10.3910987931632,-1.78125319385782,22.4620123133256));
#6681=CARTESIAN_POINT('Ctrl Pts',(-8.71571474207378,-1.29477105451191,22.5413881879327));
#6682=CARTESIAN_POINT('Ctrl Pts',(-8.21562572167349,0.376601902728358,22.6207640625399));
#6683=CARTESIAN_POINT('Ctrl Pts',(-9.34848089421356,1.70333312970173,22.700139937147));
#6684=CARTESIAN_POINT('Ctrl Pts',(-11.0775643960859,1.47128392346987,22.7795158117543));
#6685=CARTESIAN_POINT('Ctrl Pts',(-11.8205307171533,-0.107189274320696,
22.8588916863614));
#6686=CARTESIAN_POINT('Ctrl Pts',(-10.8974650811599,-1.58756977353677,22.9382675609686));
#6687=CARTESIAN_POINT('Ctrl Pts',(-9.1530975217084,-1.61510898380859,23.0176434355757));
#6688=CARTESIAN_POINT('Ctrl Pts',(-8.18376053100759,-0.164604799750667,
23.097019310183));
#6689=CARTESIAN_POINT('Ctrl Pts',(-8.87652869698774,1.43653506321941,23.1763951847901));
#6690=CARTESIAN_POINT('Ctrl Pts',(-10.5974253519026,1.72305084494332,23.2557710593973));
#6691=CARTESIAN_POINT('Ctrl Pts',(-11.7715970587754,0.432741817293077,23.3351469340044));
#6692=CARTESIAN_POINT('Ctrl Pts',(-11.324517731592,-1.25358456893856,23.4145228086116));
#6693=CARTESIAN_POINT('Ctrl Pts',(-9.66532548524356,-1.79271133739502,23.4938986832188));
#6694=CARTESIAN_POINT('Ctrl Pts',(-8.31240587002928,-0.691264531574008,
23.5732745578259));
#6695=CARTESIAN_POINT('Ctrl Pts',(-8.50386350643938,1.04278295150419,23.6526504324331));
#6696=CARTESIAN_POINT('Ctrl Pts',(-10.0644887415539,1.82254277494671,23.7320263070403));
#6697=CARTESIAN_POINT('Ctrl Pts',(-11.5660981751201,0.934429339908453,23.8114021816474));
#6698=CARTESIAN_POINT('Ctrl Pts',(-11.6345158913841,-0.808813724293977,
23.8907780562546));
#6699=CARTESIAN_POINT('Ctrl Pts',(-10.2071303718574,-1.81188221129675,23.9701539308618));
#6700=CARTESIAN_POINT('Ctrl Pts',(-8.59019271062546,-1.15683413606355,24.049529805469));
#6701=CARTESIAN_POINT('Ctrl Pts',(-8.26341962633314,0.556875667890609,24.1289056800761));
#6702=CARTESIAN_POINT('Ctrl Pts',(-9.52585304627824,1.76096527267795,24.2082815546833));
#6703=CARTESIAN_POINT('Ctrl Pts',(-11.2221948698431,1.35354004173357,24.2876574292905));
#6704=CARTESIAN_POINT('Ctrl Pts',(-11.8000637951678,-0.292570597428374,
24.3670333038976));
#6705=CARTESIAN_POINT('Ctrl Pts',(-10.7306293393509,-1.67091467750294,24.4464091785048));
#6706=CARTESIAN_POINT('Ctrl Pts',(-8.99257298133367,-1.5201930638792,24.525785053112));
#6707=CARTESIAN_POINT('Ctrl Pts',(-8.17644366749465,0.0218016922922718,
24.6051609277191));
#6708=CARTESIAN_POINT('Ctrl Pts',(-9.02912538920368,1.54367176563763,24.6845368023263));
#6709=CARTESIAN_POINT('Ctrl Pts',(-10.7702699365882,1.65320399686194,24.7639126769335));
#6710=CARTESIAN_POINT('Ctrl Pts',(-11.8065497620556,0.249198547699503,24.8432885515406));
#6711=CARTESIAN_POINT('Ctrl Pts',(-11.1895218592153,-1.3816472518164,24.9226644261478));
#6712=CARTESIAN_POINT('Ctrl Pts',(-9.48406060111827,-1.75043238569726,25.002040300755));
#6713=CARTESIAN_POINT('Ctrl Pts',(-8.25043474086907,-0.512680483578543,
25.0814161753622));
#6714=CARTESIAN_POINT('Ctrl Pts',(-8.49606051584533,0.61823516643743,25.1343334251003));
#6715=CARTESIAN_POINT('Ctrl Pts',(-8.83086355458651,1.00696009035913,25.1607920499693));
#6716=CARTESIAN_POINT('Ctrl Pts',(-9.62546256659635,-1.40096572423084,9.94640265001024));
#6717=CARTESIAN_POINT('Ctrl Pts',(-9.1596570335514,-1.2764361406694,9.97286127487929));
#6718=CARTESIAN_POINT('Ctrl Pts',(-8.37006662537769,-0.528411354964593,
10.0257785246174));
#6719=CARTESIAN_POINT('Ctrl Pts',(-8.6724611373072,1.08590210996874,10.1051543992246));
#6720=CARTESIAN_POINT('Ctrl Pts',(-10.1919505227299,1.70268522044247,10.1845302738317));
#6721=CARTESIAN_POINT('Ctrl Pts',(-11.5346523046593,0.763166935612237,10.2639061484389));
#6722=CARTESIAN_POINT('Ctrl Pts',(-11.4735258329848,-0.875729164736434,
10.3432820230461));
#6723=CARTESIAN_POINT('Ctrl Pts',(-10.0636173597783,-1.71270436149766,10.4226578976533));
#6724=CARTESIAN_POINT('Ctrl Pts',(-8.5956509386636,-0.98259012476216,10.5020337722604));
#6725=CARTESIAN_POINT('Ctrl Pts',(-8.41277020742243,0.64686685232812,10.5814096468676));
#6726=CARTESIAN_POINT('Ctrl Pts',(-9.68246373693718,1.6842799208463,10.6607855214748));
#6727=CARTESIAN_POINT('Ctrl Pts',(-11.2427230588984,1.18038712233879,10.7401613960819));
#6728=CARTESIAN_POINT('Ctrl Pts',(-11.6657347123892,-0.403739760962257,
10.8195372706891));
#6729=CARTESIAN_POINT('Ctrl Pts',(-10.5643674027894,-1.61837960166587,10.8989131452963));
#6730=CARTESIAN_POINT('Ctrl Pts',(-8.94653094739773,-1.35198848542299,10.9782890199034));
#6731=CARTESIAN_POINT('Ctrl Pts',(-8.29275971475811,0.151658022183359,11.0576648945106));
#6732=CARTESIAN_POINT('Ctrl Pts',(-9.2013455332531,1.51651539965809,11.1370407691178));
#6733=CARTESIAN_POINT('Ctrl Pts',(-10.8408079835215,1.49355664942376,11.2164166437249));
#6734=CARTESIAN_POINT('Ctrl Pts',(-11.7108176737885,0.10379093486393,11.2957925183321));
#6735=CARTESIAN_POINT('Ctrl Pts',(-11.015197566149,-1.3809573215081,11.3751683929393));
#6736=CARTESIAN_POINT('Ctrl Pts',(-9.39053443914579,-1.60194276982102,11.4545442675465));
#6737=CARTESIAN_POINT('Ctrl Pts',(-8.32361491849642,-0.356933632554753,
11.5339201421536));
#6738=CARTESIAN_POINT('Ctrl Pts',(-8.7908148733474,1.21471807382008,11.6132960167608));
#6739=CARTESIAN_POINT('Ctrl Pts',(-10.3645830609755,1.6747382944829,11.692671891368));
#6740=CARTESIAN_POINT('Ctrl Pts',(-11.6047085272671,0.602146219237452,11.7720477659751));
#6741=CARTESIAN_POINT('Ctrl Pts',(-11.3763085583907,-1.02149116858281,11.8514236405823));
#6742=CARTESIAN_POINT('Ctrl Pts',(-9.88840005371578,-1.71032583665757,11.9307995151895));
#6743=CARTESIAN_POINT('Ctrl Pts',(-8.50262074538258,-0.833980796709601,
12.0101753897966));
#6744=CARTESIAN_POINT('Ctrl Pts',(-8.48714632654415,0.805569586807056,12.0895512644038));
#6745=CARTESIAN_POINT('Ctrl Pts',(-9.85613798498183,1.70791473019238,12.168927139011));
#6746=CARTESIAN_POINT('Ctrl Pts',(-11.3567830015517,1.04728665546265,12.2483030136181));
#6747=CARTESIAN_POINT('Ctrl Pts',(-11.6157880090002,-0.571750504276352,
12.3276788882253));
#6748=CARTESIAN_POINT('Ctrl Pts',(-10.3961283581136,-1.66755854159599,12.4070547628325));
#6749=CARTESIAN_POINT('Ctrl Pts',(-8.81395776287033,-1.23732473746437,12.4864306374396));
#6750=CARTESIAN_POINT('Ctrl Pts',(-8.31717653287081,0.325228726625409,12.5658065120468));
#6751=CARTESIAN_POINT('Ctrl Pts',(-9.36040675428703,1.59015387214496,12.645182386654));
#6752=CARTESIAN_POINT('Ctrl Pts',(-10.9889515283899,1.39987292883808,12.7245582612612));
#6753=CARTESIAN_POINT('Ctrl Pts',(-11.7124718931999,-0.0714812774433823,
12.8039341358683));
#6754=CARTESIAN_POINT('Ctrl Pts',(-10.8688487552761,-1.47742043679574,12.8833100104755));
#6755=CARTESIAN_POINT('Ctrl Pts',(-9.23011150654221,-1.53131986399488,12.9626858850827));
#6756=CARTESIAN_POINT('Ctrl Pts',(-8.2959266032527,-0.183854285545617,13.0420617596898));
#6757=CARTESIAN_POINT('Ctrl Pts',(-8.92119971407679,1.33186285677368,13.121437634297));
#6758=CARTESIAN_POINT('Ctrl Pts',(-10.5337212849661,1.62874516014762,13.2008135089042));
#6759=CARTESIAN_POINT('Ctrl Pts',(-11.6578157543154,0.435105121183485,13.2801893835114));
#6760=CARTESIAN_POINT('Ctrl Pts',(-11.264784488072,-1.15671501388051,13.3595652581185));
#6761=CARTESIAN_POINT('Ctrl Pts',(-9.71430430855719,-1.68998430005013,13.4389411327257));
#6762=CARTESIAN_POINT('Ctrl Pts',(-8.42527450429437,-0.676689139515861,
13.5183170073329));
#6763=CARTESIAN_POINT('Ctrl Pts',(-8.57733187188298,0.955868202693613,13.59769288194));
#6764=CARTESIAN_POINT('Ctrl Pts',(-10.0313233324661,1.71367672151056,13.6770687565472));
#6765=CARTESIAN_POINT('Ctrl Pts',(-11.4566498392464,0.9032390201977,13.7564446311544));
#6766=CARTESIAN_POINT('Ctrl Pts',(-11.5489446591925,-0.733784676897477,
13.8358205057615));
#6767=CARTESIAN_POINT('Ctrl Pts',(-10.2237455359747,-1.69929604527334,13.9151963803687));
#6768=CARTESIAN_POINT('Ctrl Pts',(-8.69378909011154,-1.10972145932032,13.9945722549758));
#6769=CARTESIAN_POINT('Ctrl Pts',(-8.35919261506369,0.495398510502997,14.073948129583));
#6770=CARTESIAN_POINT('Ctrl Pts',(-9.52615718754302,1.6471617696922,14.1533240041902));
#6771=CARTESIAN_POINT('Ctrl Pts',(-11.1267522248181,1.29154899532875,14.2326998787974));
#6772=CARTESIAN_POINT('Ctrl Pts',(-11.6962165583106,-0.246005976540508,
14.3120757534046));
#6773=CARTESIAN_POINT('Ctrl Pts',(-10.7134132213522,-1.55843217237148,14.3914516280117));
#6774=CARTESIAN_POINT('Ctrl Pts',(-9.07774033201802,-1.44468192957059,14.4708275026189));
#6775=CARTESIAN_POINT('Ctrl Pts',(-8.28606004281845,-0.00885212129492951,
14.550203377226));
#6776=CARTESIAN_POINT('Ctrl Pts',(-9.06286700639373,1.43507857648145,14.6295792518332));
#6777=CARTESIAN_POINT('Ctrl Pts',(-10.697277676795,1.56571807708705,14.7089551264404));
#6778=CARTESIAN_POINT('Ctrl Pts',(-11.6935850027313,0.263513549785058,14.7883310010476));
#6779=CARTESIAN_POINT('Ctrl Pts',(-11.140032887866,-1.27984155347804,14.8677068756547));
#6780=CARTESIAN_POINT('Ctrl Pts',(-9.54319646441969,-1.65196835363518,14.9470827502619));
#6781=CARTESIAN_POINT('Ctrl Pts',(-8.36439726042698,-0.512320445153697,
15.0264586248691));
#6782=CARTESIAN_POINT('Ctrl Pts',(-8.68239614878116,1.09617003527991,15.1058344994762));
#6783=CARTESIAN_POINT('Ctrl Pts',(-10.2061810917932,1.70151651960907,15.1852103740834));
#6784=CARTESIAN_POINT('Ctrl Pts',(-11.5412825566899,0.749745014955325,15.2645862486906));
#6785=CARTESIAN_POINT('Ctrl Pts',(-11.4659019396082,-0.88814468865979,15.3439621232977));
#6786=CARTESIAN_POINT('Ctrl Pts',(-10.0490227111909,-1.71326175351762,15.4233379979049));
#6787=CARTESIAN_POINT('Ctrl Pts',(-8.58728120106449,-0.970512350142977,
15.5027138725121));
#6788=CARTESIAN_POINT('Ctrl Pts',(-8.41836880066126,0.660387254256412,15.5820897471192));
#6789=CARTESIAN_POINT('Ctrl Pts',(-9.69686322591816,1.68694310915523,15.6614656217264));
#6790=CARTESIAN_POINT('Ctrl Pts',(-11.2527689784434,1.16971761877515,15.7408414963336));
#6791=CARTESIAN_POINT('Ctrl Pts',(-11.6622216358242,-0.41795786444044,15.8202173709408));
#6792=CARTESIAN_POINT('Ctrl Pts',(-10.5505165795058,-1.62314531309578,15.8995932455479));
#6793=CARTESIAN_POINT('Ctrl Pts',(-8.93501445317722,-1.3429350376459,15.9789691201551));
#6794=CARTESIAN_POINT('Ctrl Pts',(-8.29411843021702,0.166242621343873,16.0583449947622));
#6795=CARTESIAN_POINT('Ctrl Pts',(-9.2143351445122,1.52328577370558,16.1377208693694));
#6796=CARTESIAN_POINT('Ctrl Pts',(-10.8535417115192,1.48631620079345,16.2170967439766));
#6797=CARTESIAN_POINT('Ctrl Pts',(-11.7116421852215,0.0891660672459485,
16.2964726185838));
#6798=CARTESIAN_POINT('Ctrl Pts',(-11.0033584513265,-1.38958309029894,16.3758484931909));
#6799=CARTESIAN_POINT('Ctrl Pts',(-9.3768660230552,-1.59667558030347,16.4552243677981));
#6800=CARTESIAN_POINT('Ctrl Pts',(-8.32062568807469,-0.342593735526059,
16.5346002424053));
#6801=CARTESIAN_POINT('Ctrl Pts',(-8.80124036051084,1.22500776207437,16.6139761170125));
#6802=CARTESIAN_POINT('Ctrl Pts',(-10.3788825431899,1.67156129981841,16.6933519916196));
#6803=CARTESIAN_POINT('Ctrl Pts',(-11.6097960371463,0.58840993041709,16.7727278662268));
#6804=CARTESIAN_POINT('Ctrl Pts',(-11.3675283382565,-1.03321619194117,16.8521037408339));
#6805=CARTESIAN_POINT('Ctrl Pts',(-9.87378719237151,-1.70930960836387,16.9314796154411));
#6806=CARTESIAN_POINT('Ctrl Pts',(-8.49554799017151,-0.821153304462831,
17.0108554900483));
#6807=CARTESIAN_POINT('Ctrl Pts',(-8.49408620570257,0.818469451486289,17.0902313646555));
#6808=CARTESIAN_POINT('Ctrl Pts',(-9.87073956966923,1.70908184423595,17.1696072392626));
#6809=CARTESIAN_POINT('Ctrl Pts',(-11.3656838647205,1.0356529516766,17.2489831138698));
#6810=CARTESIAN_POINT('Ctrl Pts',(-11.6108426557909,-0.585538611896601,
17.328358988477));
#6811=CARTESIAN_POINT('Ctrl Pts',(-10.3818624562504,-1.67088306771574,17.4077348630841));
#6812=CARTESIAN_POINT('Ctrl Pts',(-8.80342654407734,-1.22714329059138,17.4871107376913));
#6813=CARTESIAN_POINT('Ctrl Pts',(-8.32001748818971,0.339598744118185,17.5664866122985));
#6814=CARTESIAN_POINT('Ctrl Pts',(-9.37402002495957,1.59556194864401,17.6458624869056));
#6815=CARTESIAN_POINT('Ctrl Pts',(-11.0008791286061,1.39136994213431,17.7252383615128));
#6816=CARTESIAN_POINT('Ctrl Pts',(-11.7117984538487,-0.0861139432724659,
17.80461423612));
#6817=CARTESIAN_POINT('Ctrl Pts',(-10.8561905645423,-1.48479191135401,17.8839901107272));
#6818=CARTESIAN_POINT('Ctrl Pts',(-9.21705252277883,-1.5246842500155,17.9633659853343));
#6819=CARTESIAN_POINT('Ctrl Pts',(-8.29441756469901,-0.169284068235571,
18.0427418599415));
#6820=CARTESIAN_POINT('Ctrl Pts',(-8.9326215953228,1.34103395586915,18.1221177345487));
#6821=CARTESIAN_POINT('Ctrl Pts',(-10.5476215182282,1.62412434365299,18.2014936091558));
#6822=CARTESIAN_POINT('Ctrl Pts',(-11.6614737441635,0.42092106181782,18.280869483763));
#6823=CARTESIAN_POINT('Ctrl Pts',(-11.2548526785286,-1.16748198137429,18.3602453583702));
#6824=CARTESIAN_POINT('Ctrl Pts',(-9.69987165005272,-1.68748094264248,18.4396212329773));
#6825=CARTESIAN_POINT('Ctrl Pts',(-8.41954883344225,-0.663206368172031,
18.5189971075845));
#6826=CARTESIAN_POINT('Ctrl Pts',(-8.58555295272903,0.967991826720251,18.5983729821917));
#6827=CARTESIAN_POINT('Ctrl Pts',(-10.0459677629588,1.71334644078099,18.6777488567988));
#6828=CARTESIAN_POINT('Ctrl Pts',(-11.4643159827306,0.890757086297205,18.757124731406));
#6829=CARTESIAN_POINT('Ctrl Pts',(-11.5426169564374,-0.746995604482641,
18.8365006060132));
#6830=CARTESIAN_POINT('Ctrl Pts',(-10.2092146917284,-1.70114617913473,18.9158764806203));
#6831=CARTESIAN_POINT('Ctrl Pts',(-8.68435279423488,-1.09851767647947,18.9952523552276));
#6832=CARTESIAN_POINT('Ctrl Pts',(-8.3634863558929,0.509403231832178,19.0746282298347));
#6833=CARTESIAN_POINT('Ctrl Pts',(-9.54025161087663,1.65115121335135,19.1540041044419));
#6834=CARTESIAN_POINT('Ctrl Pts',(-11.1377490250186,1.28187228022673,19.233379979049));
#6835=CARTESIAN_POINT('Ctrl Pts',(-11.6940521743041,-0.260493345925231,
19.3127558536562));
#6836=CARTESIAN_POINT('Ctrl Pts',(-10.7000683575471,-1.56447229156249,19.3921317282634));
#6837=CARTESIAN_POINT('Ctrl Pts',(-9.06542734559809,-1.43674727171785,19.4715076028706));
#6838=CARTESIAN_POINT('Ctrl Pts',(-8.2860469834509,0.00579602736863292,
19.5508834774777));
#6839=CARTESIAN_POINT('Ctrl Pts',(-9.07516582516799,1.4430351766709,19.6302593520849));
#6840=CARTESIAN_POINT('Ctrl Pts',(-10.7106332893579,1.55970176236053,19.709635226692));
#6841=CARTESIAN_POINT('Ctrl Pts',(-11.6957752153303,0.249030062684639,19.7890111012992));
#6842=CARTESIAN_POINT('Ctrl Pts',(-11.1290533594336,-1.28953786129173,19.8683869759064));
#6843=CARTESIAN_POINT('Ctrl Pts',(-9.52909495002342,-1.64800404769976,19.9477628505136));
#6844=CARTESIAN_POINT('Ctrl Pts',(-8.36007855498682,-0.498323402139614,
20.0271387251207));
#6845=CARTESIAN_POINT('Ctrl Pts',(-8.69181245249757,1.10739062591219,20.1065145997279));
#6846=CARTESIAN_POINT('Ctrl Pts',(-10.2207152118635,1.69969229824083,20.1858904743351));
#6847=CARTESIAN_POINT('Ctrl Pts',(-11.5476338054306,0.73654539112542,20.2652663489422));
#6848=CARTESIAN_POINT('Ctrl Pts',(-11.4582580645066,-0.90064027200943,20.3446422235494));
#6849=CARTESIAN_POINT('Ctrl Pts',(-10.0343788928926,-1.71361814580672,20.4240180981566));
#6850=CARTESIAN_POINT('Ctrl Pts',(-8.57903851598395,-0.958403404173963,
20.5033939727637));
#6851=CARTESIAN_POINT('Ctrl Pts',(-8.4240704216496,0.673880213454553,20.5827698473709));
#6852=CARTESIAN_POINT('Ctrl Pts',(-9.71129139781108,1.68947219706307,20.662145721978));
#6853=CARTESIAN_POINT('Ctrl Pts',(-11.2627199704844,1.15896837753604,20.7415215965853));
#6854=CARTESIAN_POINT('Ctrl Pts',(-11.6585889430004,-0.432148423719967,
20.8208974711924));
#6855=CARTESIAN_POINT('Ctrl Pts',(-10.5366246075925,-1.62779090737161,20.9002733457996));
#6856=CARTESIAN_POINT('Ctrl Pts',(-8.92357623735163,-1.3337843191744,20.9796492204067));
#6857=CARTESIAN_POINT('Ctrl Pts',(-8.29560148661477,0.180815506217448,21.0590250950139));
#6858=CARTESIAN_POINT('Ctrl Pts',(-9.22738227573376,1.52994466225432,21.1384009696211));
#6859=CARTESIAN_POINT('Ctrl Pts',(-10.8662130260057,1.47896730842791,21.2177768442282));
#6860=CARTESIAN_POINT('Ctrl Pts',(-11.7123417146097,0.074534625469678,21.2971527188354));
#6861=CARTESIAN_POINT('Ctrl Pts',(-10.9914460315147,-1.39810733126488,21.3765285934426));
#6862=CARTESIAN_POINT('Ctrl Pts',(-9.36324313103027,-1.59129178585211,21.4559044680498));
#6863=CARTESIAN_POINT('Ctrl Pts',(-8.31775911448456,-0.328228806508841,
21.5352803426569));
#6864=CARTESIAN_POINT('Ctrl Pts',(-8.81175340830467,1.23520797069489,21.6146562172641));
#6865=CARTESIAN_POINT('Ctrl Pts',(-10.3931543502425,1.66826221611693,21.6940320918712));
#6866=CARTESIAN_POINT('Ctrl Pts',(-11.6147659677009,0.574630662653513,21.7734079664785));
#6867=CARTESIAN_POINT('Ctrl Pts',(-11.3586482329614,-1.04486574814582,21.8527838410856));
#6868=CARTESIAN_POINT('Ctrl Pts',(-9.85918354987648,-1.70816853181323,21.9321597156928));
#6869=CARTESIAN_POINT('Ctrl Pts',(-8.48858512059142,-0.808265834694511,
22.0115355903));
#6870=CARTESIAN_POINT('Ctrl Pts',(-8.5011360774275,0.831309534760054,22.0909114649071));
#6871=CARTESIAN_POINT('Ctrl Pts',(-9.8853505955671,1.71012412636172,22.1702873395143));
#6872=CARTESIAN_POINT('Ctrl Pts',(-11.3744849778632,1.02394360339092,22.2496632141215));
#6873=CARTESIAN_POINT('Ctrl Pts',(-11.6057796460431,-0.599283951546603,
22.3290390887286));
#6874=CARTESIAN_POINT('Ctrl Pts',(-10.3675686630279,-1.67408555192881,22.4084149633358));
#6875=CARTESIAN_POINT('Ctrl Pts',(-8.79298272345899,-1.21687221271421,22.4877908379429));
#6876=CARTESIAN_POINT('Ctrl Pts',(-8.32298115006272,0.353943957187237,22.5671667125502));
#6877=CARTESIAN_POINT('Ctrl Pts',(-9.38767901744994,1.60085348471967,22.6465425871573));
#6878=CARTESIAN_POINT('Ctrl Pts',(-11.012733624254,1.3827653292408,22.7259184617645));
#6879=CARTESIAN_POINT('Ctrl Pts',(-11.7109999841165,-0.100740319276774,
22.8052943363716));
#6880=CARTESIAN_POINT('Ctrl Pts',(-10.8434698373484,-1.49205493622202,22.8846702109788));
#6881=CARTESIAN_POINT('Ctrl Pts',(-9.20405072579222,-1.51793727242586,22.964046085586));
#6882=CARTESIAN_POINT('Ctrl Pts',(-8.29303310253796,-0.154701486566272,
23.0434219601931));
#6883=CARTESIAN_POINT('Ctrl Pts',(-8.94412143826851,1.35010710575417,23.1227978348003));
#6884=CARTESIAN_POINT('Ctrl Pts',(-10.561481753068,1.61938489974636,23.2021737094075));
#6885=CARTESIAN_POINT('Ctrl Pts',(-11.6650103792833,0.40670625969616,23.2815495840146));
#6886=CARTESIAN_POINT('Ctrl Pts',(-11.2448292142559,-1.17816367836837,23.3609254586218));
#6887=CARTESIAN_POINT('Ctrl Pts',(-9.68546091273533,-1.68485432562908,23.440301333229));
#6888=CARTESIAN_POINT('Ctrl Pts',(-8.41393859992701,-0.649675166258958,
23.5196772078362));
#6889=CARTESIAN_POINT('Ctrl Pts',(-8.5938773441919,0.980044767880526,23.5990530824433));
#6890=CARTESIAN_POINT('Ctrl Pts',(-10.060608838114,1.71289097913279,23.6784289570505));
#6891=CARTESIAN_POINT('Ctrl Pts',(-11.4718751679325,0.878210162728825,23.7578048316577));
#6892=CARTESIAN_POINT('Ctrl Pts',(-11.5361765882407,-0.760152107915523,
23.8371807062648));
#6893=CARTESIAN_POINT('Ctrl Pts',(-10.1946685513643,-1.70287179957799,23.916556580872));
#6894=CARTESIAN_POINT('Ctrl Pts',(-8.67501262239702,-1.08723415617725,23.9959324554792));
#6895=CARTESIAN_POINT('Ctrl Pts',(-8.36789957352821,0.523371698673169,24.0753083300864));
#6896=CARTESIAN_POINT('Ctrl Pts',(-9.55437971901775,1.65501823693787,24.1546842046935));
#6897=CARTESIAN_POINT('Ctrl Pts',(-11.1486625238177,1.27210541187339,24.2340600793007));
#6898=CARTESIAN_POINT('Ctrl Pts',(-11.691764437757,-0.274968326660649,24.3134359539078));
#6899=CARTESIAN_POINT('Ctrl Pts',(-10.6866716315286,-1.57038546218979,24.3928118285151));
#6900=CARTESIAN_POINT('Ctrl Pts',(-9.05318401313282,-1.428731891209,24.4721877031222));
#6901=CARTESIAN_POINT('Ctrl Pts',(-8.28615645213549,0.0204900113021233,
24.5515635777294));
#6902=CARTESIAN_POINT('Ctrl Pts',(-9.0875372752712,1.45079801607399,24.6309394523365));
#6903=CARTESIAN_POINT('Ctrl Pts',(-10.7239272846461,1.55374033016805,24.7103153269437));
#6904=CARTESIAN_POINT('Ctrl Pts',(-11.6978601817504,0.23420572083964,24.7896912015508));
#6905=CARTESIAN_POINT('Ctrl Pts',(-11.1179552581586,-1.29852157464403,24.8690670761581));
#6906=CARTESIAN_POINT('Ctrl Pts',(-9.51510168214836,-1.64511905248994,24.9484429507652));
#6907=CARTESIAN_POINT('Ctrl Pts',(-8.35569591308071,-0.481835481488108,
25.0278188253724));
#6908=CARTESIAN_POINT('Ctrl Pts',(-8.58654381414665,0.581039553161815,25.0807360751105));
#6909=CARTESIAN_POINT('Ctrl Pts',(-8.90120370182077,0.94637715988494,25.1071946999795));
#6910=CARTESIAN_POINT('Ctrl Pts',(-9.6494388260384,-1.31128202024318,9.89280530002047));
#6911=CARTESIAN_POINT('Ctrl Pts',(-9.21345212782922,-1.1947242764753,9.91926392488952));
#6912=CARTESIAN_POINT('Ctrl Pts',(-8.47440784738255,-0.49458476897272,9.97218117462763));
#6913=CARTESIAN_POINT('Ctrl Pts',(-8.75744438400518,1.01638740186018,10.0515570492348));
#6914=CARTESIAN_POINT('Ctrl Pts',(-10.1796626985532,1.59368675270469,10.130932923842));
#6915=CARTESIAN_POINT('Ctrl Pts',(-11.4364105794903,0.714312323138266,10.2103087984492));
#6916=CARTESIAN_POINT('Ctrl Pts',(-11.3791971574334,-0.819668810207276,
10.2896846730563));
#6917=CARTESIAN_POINT('Ctrl Pts',(-10.0595448639276,-1.60306451212929,10.3690605476635));
#6918=CARTESIAN_POINT('Ctrl Pts',(-8.68555123864797,-0.919688998513163,
10.4484364222706));
#6919=CARTESIAN_POINT('Ctrl Pts',(-8.51437773270288,0.605457262999678,10.5278122968778));
#6920=CARTESIAN_POINT('Ctrl Pts',(-9.70279103052705,1.57645967996463,10.607188171485));
#6921=CARTESIAN_POINT('Ctrl Pts',(-11.1631693684252,1.10482389660121,10.6865640460922));
#6922=CARTESIAN_POINT('Ctrl Pts',(-11.5591016642567,-0.377894105651836,
10.7659399206993));
#6923=CARTESIAN_POINT('Ctrl Pts',(-10.5282390772689,-1.51477801125927,10.8453157953065));
#6924=CARTESIAN_POINT('Ctrl Pts',(-9.01396944243268,-1.26544009025225,10.9246916699137));
#6925=CARTESIAN_POINT('Ctrl Pts',(-8.40204978737954,0.141949538289998,11.0040675445208));
#6926=CARTESIAN_POINT('Ctrl Pts',(-9.25247191194263,1.41943471035692,11.083443419128));
#6927=CARTESIAN_POINT('Ctrl Pts',(-10.7869831399607,1.39794567899174,11.1628192937352));
#6928=CARTESIAN_POINT('Ctrl Pts',(-11.6012986114622,0.0971466927401275,
11.2421951683423));
#6929=CARTESIAN_POINT('Ctrl Pts',(-10.9502090635234,-1.29255446803379,11.3215710429495));
#6930=CARTESIAN_POINT('Ctrl Pts',(-9.4295497707623,-1.49939339356653,11.4009469175567));
#6931=CARTESIAN_POINT('Ctrl Pts',(-8.43092977579983,-0.334084301060328,
11.4803227921639));
#6932=CARTESIAN_POINT('Ctrl Pts',(-8.86822163102409,1.13695713058163,11.559698666771));
#6933=CARTESIAN_POINT('Ctrl Pts',(-10.3412440560376,1.5675288668278,11.6390745413782));
#6934=CARTESIAN_POINT('Ctrl Pts',(-11.5019821088453,0.563599449427631,11.7184504159854));
#6935=CARTESIAN_POINT('Ctrl Pts',(-11.288203307957,-0.95609976749091,11.7978262905925));
#6936=CARTESIAN_POINT('Ctrl Pts',(-9.89554420416741,-1.60083825005622,11.8772021651997));
#6937=CARTESIAN_POINT('Ctrl Pts',(-8.59847643183489,-0.780592990277324,
11.9565780398069));
#6938=CARTESIAN_POINT('Ctrl Pts',(-8.58399261767324,0.754000541886756,12.035953914414));
#6939=CARTESIAN_POINT('Ctrl Pts',(-9.86534741210108,1.59858149209134,12.1153297890212));
#6940=CARTESIAN_POINT('Ctrl Pts',(-11.2699276919476,0.98024394001699,12.1947056636284));
#6941=CARTESIAN_POINT('Ctrl Pts',(-11.5123523305709,-0.535149535320838,
12.2740815382355));
#6942=CARTESIAN_POINT('Ctrl Pts',(-10.3707699610938,-1.56080873034797,12.3534574128427));
#6943=CARTESIAN_POINT('Ctrl Pts',(-8.88988301388525,-1.15811661440177,12.4328332874499));
#6944=CARTESIAN_POINT('Ctrl Pts',(-8.42490354748871,0.30440900467042,12.5122091620571));
#6945=CARTESIAN_POINT('Ctrl Pts',(-9.4013507286419,1.48835916960678,12.5915850366642));
#6946=CARTESIAN_POINT('Ctrl Pts',(-10.9256431824166,1.31025918083638,12.6709609112714));
#6947=CARTESIAN_POINT('Ctrl Pts',(-11.6028469349753,-0.0669053584069532,
12.7503367858785));
#6948=CARTESIAN_POINT('Ctrl Pts',(-10.813228864035,-1.38284243618716,12.8297126604857));
#6949=CARTESIAN_POINT('Ctrl Pts',(-9.27939641331791,-1.43329145757664,12.9090885350929));
#6950=CARTESIAN_POINT('Ctrl Pts',(-8.4050139455108,-0.172084737557006,12.9884644097001));
#6951=CARTESIAN_POINT('Ctrl Pts',(-8.99025980398123,1.24660281640787,13.0678402843072));
#6952=CARTESIAN_POINT('Ctrl Pts',(-10.499554789997,1.52448001198049,13.1472161589144));
#6953=CARTESIAN_POINT('Ctrl Pts',(-11.551689643276,0.407251592566175,13.2265920335216));
#6954=CARTESIAN_POINT('Ctrl Pts',(-11.183818521303,-1.08266717308848,13.3059679081287));
#6955=CARTESIAN_POINT('Ctrl Pts',(-9.73259330788291,-1.58179888973776,13.3853437827359));
#6956=CARTESIAN_POINT('Ctrl Pts',(-8.52608155912801,-0.633370457673506,
13.4647196573431));
#6957=CARTESIAN_POINT('Ctrl Pts',(-8.66840487847541,0.894677697130995,13.5440955319502));
#6958=CARTESIAN_POINT('Ctrl Pts',(-10.0293181591315,1.603974625903,13.6234714065574));
#6959=CARTESIAN_POINT('Ctrl Pts',(-11.3634014910726,0.845417604929325,13.7028472811646));
#6960=CARTESIAN_POINT('Ctrl Pts',(-11.4497879999383,-0.686810988237333,
13.7822231557718));
#6961=CARTESIAN_POINT('Ctrl Pts',(-10.209422333982,-1.5905145377205,13.8615990303789));
#6962=CARTESIAN_POINT('Ctrl Pts',(-8.77740701446591,-1.0386819405476,13.9409749049861));
#6963=CARTESIAN_POINT('Ctrl Pts',(-8.4642299436936,0.463685262560212,14.0203507795933));
#6964=CARTESIAN_POINT('Ctrl Pts',(-9.55649054342603,1.54171767065548,14.0997266542004));
#6965=CARTESIAN_POINT('Ctrl Pts',(-11.0546224803951,1.20886967221668,14.1791025288076));
#6966=CARTESIAN_POINT('Ctrl Pts',(-11.5876321955961,-0.230257748873222,
14.2584784034148));
#6967=CARTESIAN_POINT('Ctrl Pts',(-10.6677436337997,-1.45866815444125,14.3378542780219));
#6968=CARTESIAN_POINT('Ctrl Pts',(-9.13677937558376,-1.35219970513997,14.4172301526291));
#6969=CARTESIAN_POINT('Ctrl Pts',(-8.39577899916249,-0.00828544716997036,
14.4966060272363));
#6970=CARTESIAN_POINT('Ctrl Pts',(-9.12285817527527,1.34321111675266,14.5759819018434));
#6971=CARTESIAN_POINT('Ctrl Pts',(-10.6526410162991,1.46548764737351,14.6553577764506));
#6972=CARTESIAN_POINT('Ctrl Pts',(-11.585169100706,0.24664456377997,14.7347336510578));
#6973=CARTESIAN_POINT('Ctrl Pts',(-11.0670529734261,-1.19791168963626,14.814109525665));
#6974=CARTESIAN_POINT('Ctrl Pts',(-9.57243904025208,-1.54621655809733,14.8934854002721));
#6975=CARTESIAN_POINT('Ctrl Pts',(-8.46910141040303,-0.479523928896875,
14.9728612748793));
#6976=CARTESIAN_POINT('Ctrl Pts',(-8.76674339945676,1.02599801945978,15.0522371494865));
#6977=CARTESIAN_POINT('Ctrl Pts',(-10.1929822887672,1.59259286699187,15.1316130240936));
#6978=CARTESIAN_POINT('Ctrl Pts',(-11.4426163917575,0.701749615193214,15.2109888987008));
#6979=CARTESIAN_POINT('Ctrl Pts',(-11.3720613123973,-0.83128954654009,15.290364773308));
#6980=CARTESIAN_POINT('Ctrl Pts',(-10.0458845009698,-1.60358622234772,15.3697406479151));
#6981=CARTESIAN_POINT('Ctrl Pts',(-8.67771729507742,-0.908384390249901,
15.4491165225223));
#6982=CARTESIAN_POINT('Ctrl Pts',(-8.51961792846625,0.61811214787544,15.5284923971295));
#6983=CARTESIAN_POINT('Ctrl Pts',(-9.71626872714365,1.57895238259513,15.6078682717366));
#6984=CARTESIAN_POINT('Ctrl Pts',(-11.1725721920978,1.09483740803411,15.6872441463438));
#6985=CARTESIAN_POINT('Ctrl Pts',(-11.5558134795025,-0.39120202827295,15.766620020951));
#6986=CARTESIAN_POINT('Ctrl Pts',(-10.5152749231692,-1.51923864266774,15.8459958955582));
#6987=CARTESIAN_POINT('Ctrl Pts',(-9.00319018384953,-1.25696620464179,15.9253717701653));
#6988=CARTESIAN_POINT('Ctrl Pts',(-8.40332152381185,0.155600495141305,16.0047476447725));
#6989=CARTESIAN_POINT('Ctrl Pts',(-9.26462998504848,1.4257716746418,16.0841235193797));
#6990=CARTESIAN_POINT('Ctrl Pts',(-10.7989017103335,1.39116873224478,16.1634993939868));
#6991=CARTESIAN_POINT('Ctrl Pts',(-11.6020703412761,0.0834580452420411,
16.242875268594));
#6992=CARTESIAN_POINT('Ctrl Pts',(-10.9391278370994,-1.30062805279791,16.3222511432012));
#6993=CARTESIAN_POINT('Ctrl Pts',(-9.41675634694415,-1.49446338650632,16.4016270178083));
#6994=CARTESIAN_POINT('Ctrl Pts',(-8.42813190284792,-0.320662381579615,
16.4810028924155));
#6995=CARTESIAN_POINT('Ctrl Pts',(-8.87797972405468,1.14658811795583,16.5603787670227));
#6996=CARTESIAN_POINT('Ctrl Pts',(-10.3546281478839,1.5645552494795,16.6397546416298));
#6997=CARTESIAN_POINT('Ctrl Pts',(-11.5067439385725,0.550742497795286,16.719130516237));
#6998=CARTESIAN_POINT('Ctrl Pts',(-11.2799851591496,-0.96707420608768,16.7985063908442));
#6999=CARTESIAN_POINT('Ctrl Pts',(-9.88186679435387,-1.59988707625737,16.8778822654514));
#7000=CARTESIAN_POINT('Ctrl Pts',(-8.59185644350722,-0.768586658033019,
16.9572581400585));
#7001=CARTESIAN_POINT('Ctrl Pts',(-8.59048823609253,0.766074613596637,17.0366340146657));
#7002=CARTESIAN_POINT('Ctrl Pts',(-9.87901426714009,1.59967389259368,17.1160098892729));
#7003=CARTESIAN_POINT('Ctrl Pts',(-11.2782587607497,0.969354975112546,17.19538576388));
#7004=CARTESIAN_POINT('Ctrl Pts',(-11.5077235572648,-0.548054988539928,
17.2747616384872));
#7005=CARTESIAN_POINT('Ctrl Pts',(-10.3574172999314,-1.56392043483243,17.3541375130944));
#7006=CARTESIAN_POINT('Ctrl Pts',(-8.88002595770202,-1.14858693926861,17.4335133877015));
#7007=CARTESIAN_POINT('Ctrl Pts',(-8.42756263726198,0.317859116434719,17.5128892623087));
#7008=CARTESIAN_POINT('Ctrl Pts',(-9.41409253721069,1.49342104467955,17.5922651369159));
#7009=CARTESIAN_POINT('Ctrl Pts',(-10.9368072297859,1.30230051818662,17.6716410115231));
#7010=CARTESIAN_POINT('Ctrl Pts',(-11.6022166062686,-0.0806013049087412,
17.7510168861302));
#7011=CARTESIAN_POINT('Ctrl Pts',(-10.8013809953605,-1.3897420211547,17.8303927607374));
#7012=CARTESIAN_POINT('Ctrl Pts',(-9.26717340863237,-1.42708062660915,17.9097686353446));
#7013=CARTESIAN_POINT('Ctrl Pts',(-8.4036015090114,-0.158447241892944,17.9891445099517));
#7014=CARTESIAN_POINT('Ctrl Pts',(-9.00095050629909,1.2551868218134,18.0685203845589));
#7015=CARTESIAN_POINT('Ctrl Pts',(-10.5125651910642,1.52015499996666,18.147896259166));
#7016=CARTESIAN_POINT('Ctrl Pts',(-11.555113464598,0.393975534702257,18.2272721337732));
#7017=CARTESIAN_POINT('Ctrl Pts',(-11.1745225028085,-1.09274488637079,18.3066480083804));
#7018=CARTESIAN_POINT('Ctrl Pts',(-9.71908456511078,-1.57945578633264,18.3860238829876));
#7019=CARTESIAN_POINT('Ctrl Pts',(-8.52072242070487,-0.620750794436621,
18.4653997575947));
#7020=CARTESIAN_POINT('Ctrl Pts',(-8.67609968164864,0.90602521972299,18.5447756322019));
#7021=CARTESIAN_POINT('Ctrl Pts',(-10.0430251171745,1.60366548830254,18.6241515068091));
#7022=CARTESIAN_POINT('Ctrl Pts',(-11.370576881549,0.833734709895925,18.7035273814162));
#7023=CARTESIAN_POINT('Ctrl Pts',(-11.443865369064,-0.699176209965135,18.7829032560234));
#7024=CARTESIAN_POINT('Ctrl Pts',(-10.1958216908902,-1.59224623409645,18.8622791306306));
#7025=CARTESIAN_POINT('Ctrl Pts',(-8.76857478901831,-1.02819537492803,18.9416550052377));
#7026=CARTESIAN_POINT('Ctrl Pts',(-8.46824881799692,0.476793462825108,19.0210308798449));
#7027=CARTESIAN_POINT('Ctrl Pts',(-9.56968270336499,1.54545172756389,19.1004067544521));
#7028=CARTESIAN_POINT('Ctrl Pts',(-11.0649153134986,1.19981241813199,19.1797826290593));
#7029=CARTESIAN_POINT('Ctrl Pts',(-11.5856063659961,-0.243817700174128,
19.2591585036664));
#7030=CARTESIAN_POINT('Ctrl Pts',(-10.6552530498636,-1.46432161159463,19.3385343782736));
#7031=CARTESIAN_POINT('Ctrl Pts',(-9.12525461275144,-1.34477298941158,19.4179102528808));
#7032=CARTESIAN_POINT('Ctrl Pts',(-8.3957667757986,0.00542499102288803,
19.4972861274879));
#7033=CARTESIAN_POINT('Ctrl Pts',(-9.13436967741267,1.35065837016525,19.5766620020951));
#7034=CARTESIAN_POINT('Ctrl Pts',(-10.6651416609045,1.45985647082682,19.6560378767023));
#7035=CARTESIAN_POINT('Ctrl Pts',(-11.5872191054648,0.233088246236491,19.7354137513094));
#7036=CARTESIAN_POINT('Ctrl Pts',(-11.0567763064276,-1.20698728219283,19.8147896259166));
#7037=CARTESIAN_POINT('Ctrl Pts',(-9.55924024318933,-1.54250602970541,19.8941655005238));
#7038=CARTESIAN_POINT('Ctrl Pts',(-8.46505916961406,-0.466422915414898,
19.9735413751309));
#7039=CARTESIAN_POINT('Ctrl Pts',(-8.77555691255486,1.03650031690942,20.0529172497381));
#7040=CARTESIAN_POINT('Ctrl Pts',(-10.2065859979791,1.59088542430448,20.1322931243453));
#7041=CARTESIAN_POINT('Ctrl Pts',(-11.4485610613063,0.689394973603658,20.2116689989525));
#7042=CARTESIAN_POINT('Ctrl Pts',(-11.3649067647789,-0.842985217244546,
20.2910448735596));
#7043=CARTESIAN_POINT('Ctrl Pts',(-10.0321781159311,-1.60391979995976,20.3704207481668));
#7044=CARTESIAN_POINT('Ctrl Pts',(-8.67000227067842,-0.89705060609042,20.449796622774));
#7045=CARTESIAN_POINT('Ctrl Pts',(-8.52495455659277,0.630741346784723,20.5291724973811));
#7046=CARTESIAN_POINT('Ctrl Pts',(-9.72977327051753,1.58131956934624,20.6085483719883));
#7047=CARTESIAN_POINT('Ctrl Pts',(-11.1818861651103,1.08477628624911,20.6879242465955));
#7048=CARTESIAN_POINT('Ctrl Pts',(-11.5524133357999,-0.404484169954649,
20.7673001212026));
#7049=CARTESIAN_POINT('Ctrl Pts',(-10.5022722545952,-1.52358684629748,20.8466759958098));
#7050=CARTESIAN_POINT('Ctrl Pts',(-8.99248419262052,-1.24840127518173,20.926051870417));
#7051=CARTESIAN_POINT('Ctrl Pts',(-8.40470964141939,0.169240487603136,21.0054277450241));
#7052=CARTESIAN_POINT('Ctrl Pts',(-9.27684189594015,1.43200429024241,21.0848036196313));
#7053=CARTESIAN_POINT('Ctrl Pts',(-10.8107618626353,1.38429028385667,21.1641794942385));
#7054=CARTESIAN_POINT('Ctrl Pts',(-11.6027250898496,0.0697632444345549,
21.2435553688456));
#7055=CARTESIAN_POINT('Ctrl Pts',(-10.9279779983514,-1.30860660910484,21.3229312434528));
#7056=CARTESIAN_POINT('Ctrl Pts',(-9.40400553293989,-1.48942423905064,21.40230711806));
#7057=CARTESIAN_POINT('Ctrl Pts',(-8.42544883477321,-0.307217032548902,
21.4816829926672));
#7058=CARTESIAN_POINT('Ctrl Pts',(-8.88781977246669,1.15613535379142,21.5610588672743));
#7059=CARTESIAN_POINT('Ctrl Pts',(-10.3679863362113,1.56146735870087,21.6404347418815));
#7060=CARTESIAN_POINT('Ctrl Pts',(-11.5113957158896,0.537845318543869,21.7198106164887));
#7061=CARTESIAN_POINT('Ctrl Pts',(-11.2716735193929,-0.977978008608153,
21.7991864910958));
#7062=CARTESIAN_POINT('Ctrl Pts',(-9.86819801323911,-1.59881904644144,21.878562365703));
#7063=CARTESIAN_POINT('Ctrl Pts',(-8.5853393064126,-0.756524187766014,21.9579382403102));
#7064=CARTESIAN_POINT('Ctrl Pts',(-8.59708680583485,0.778092730845406,22.0373141149173));
#7065=CARTESIAN_POINT('Ctrl Pts',(-9.89268995900446,1.60064945237213,22.1166899895245));
#7066=CARTESIAN_POINT('Ctrl Pts',(-11.2864964650865,0.958395208138799,22.1960658641317));
#7067=CARTESIAN_POINT('Ctrl Pts',(-11.5029846592776,-0.560920411607348,
22.2754417387388));
#7068=CARTESIAN_POINT('Ctrl Pts',(-10.3440385328926,-1.5669179099998,22.354817613346));
#7069=CARTESIAN_POINT('Ctrl Pts',(-8.87025070484421,-1.1389733709165,22.4341934879532));
#7070=CARTESIAN_POINT('Ctrl Pts',(-8.43033657845193,0.331286011646116,22.5135693625603));
#7071=CARTESIAN_POINT('Ctrl Pts',(-9.42687714068633,1.49837383973762,22.5929452371676));
#7072=CARTESIAN_POINT('Ctrl Pts',(-10.947902852422,1.29424673501173,22.6723211117747));
#7073=CARTESIAN_POINT('Ctrl Pts',(-11.6014692510797,-0.0942913642328519,
22.7516969863819));
#7074=CARTESIAN_POINT('Ctrl Pts',(-10.7894745935369,-1.39654009890726,22.831072860989));
#7075=CARTESIAN_POINT('Ctrl Pts',(-9.25500392987601,-1.42076556104312,22.9104487355962));
#7076=CARTESIAN_POINT('Ctrl Pts',(-8.40230567406835,-0.144798173381879,
22.9898246102034));
#7077=CARTESIAN_POINT('Ctrl Pts',(-9.01171417954926,1.26367914828893,23.0692004848106));
#7078=CARTESIAN_POINT('Ctrl Pts',(-10.5255381542335,1.5157189545494,23.1485763594177));
#7079=CARTESIAN_POINT('Ctrl Pts',(-11.5584236997911,0.380670702099245,23.2279522340249));
#7080=CARTESIAN_POINT('Ctrl Pts',(-11.1651406969199,-1.10274278779818,23.3073281086321));
#7081=CARTESIAN_POINT('Ctrl Pts',(-9.7055963402271,-1.57699731386315,23.3867039832392));
#7082=CARTESIAN_POINT('Ctrl Pts',(-8.51547132982473,-0.60808580094391,23.4660798578464));
#7083=CARTESIAN_POINT('Ctrl Pts',(-8.68389118194441,0.917306584256868,23.5454557324536));
#7084=CARTESIAN_POINT('Ctrl Pts',(-10.0567289346742,1.60323918331886,23.6248316070607));
#7085=CARTESIAN_POINT('Ctrl Pts',(-11.377652160745,0.821990985549196,23.7042074816679));
#7086=CARTESIAN_POINT('Ctrl Pts',(-11.4378372850973,-0.711490491537067,
23.7835833562751));
#7087=CARTESIAN_POINT('Ctrl Pts',(-10.1822067308712,-1.59386138785922,23.8629592308823));
#7088=CARTESIAN_POINT('Ctrl Pts',(-8.75983253416857,-1.01763417629094,23.9423351054894));
#7089=CARTESIAN_POINT('Ctrl Pts',(-8.47237952072328,0.489867729455728,24.0217109800965));
#7090=CARTESIAN_POINT('Ctrl Pts',(-9.58290639175727,1.5490712011978,24.1010868547038));
#7091=CARTESIAN_POINT('Ctrl Pts',(-11.0751301777923,1.1906707820132,24.1804627293109));
#7092=CARTESIAN_POINT('Ctrl Pts',(-11.5834650803462,-0.257366055892923,
24.2598386039181));
#7093=CARTESIAN_POINT('Ctrl Pts',(-10.6427139237063,-1.46985624687664,24.3392144785253));
#7094=CARTESIAN_POINT('Ctrl Pts',(-9.11379504493198,-1.3372707185388,24.4185903531324));
#7095=CARTESIAN_POINT('Ctrl Pts',(-8.39586923677633,0.0191783303119751,
24.4979662277396));
#7096=CARTESIAN_POINT('Ctrl Pts',(-9.14594916133872,1.35792426651035,24.5773421023468));
#7097=CARTESIAN_POINT('Ctrl Pts',(-10.677584632704,1.45427666347415,24.6567179769539));
#7098=CARTESIAN_POINT('Ctrl Pts',(-11.5891706014452,0.219212893979775,24.7360938515611));
#7099=CARTESIAN_POINT('Ctrl Pts',(-11.0463886571018,-1.21539589747167,24.8154697261683));
#7100=CARTESIAN_POINT('Ctrl Pts',(-9.54614276317845,-1.53980571928262,24.8948456007754));
#7101=CARTESIAN_POINT('Ctrl Pts',(-8.46095708529236,-0.450990479397673,
24.9742214753826));
#7102=CARTESIAN_POINT('Ctrl Pts',(-8.67702711244798,0.543843939886199,25.0271387251207));
#7103=CARTESIAN_POINT('Ctrl Pts',(-8.97154384905503,0.885794229410752,25.0535973499898));
#7104=CARTESIAN_POINT('Ctrl Pts',(-9.67341508548046,-1.22159831625553,9.8392079500307));
#7105=CARTESIAN_POINT('Ctrl Pts',(-9.26724722210704,-1.1130124122812,9.86566657489975));
#7106=CARTESIAN_POINT('Ctrl Pts',(-8.57874906938738,-0.460758182980849,
9.91858382463786));
#7107=CARTESIAN_POINT('Ctrl Pts',(-8.8424276307032,0.946872693751617,9.99795969924504));
#7108=CARTESIAN_POINT('Ctrl Pts',(-10.1673748743766,1.48468828496691,10.0773355738522));
#7109=CARTESIAN_POINT('Ctrl Pts',(-11.3381688543212,0.665457710664296,10.1567114484594));
#7110=CARTESIAN_POINT('Ctrl Pts',(-11.2848684818819,-0.76360845567812,10.2360873230665));
#7111=CARTESIAN_POINT('Ctrl Pts',(-10.0554723680769,-1.49342466276092,10.3154631976737));
#7112=CARTESIAN_POINT('Ctrl Pts',(-8.7754515386323,-0.856787872264166,10.3948390722809));
#7113=CARTESIAN_POINT('Ctrl Pts',(-8.61598525798333,0.564047673671237,10.4742149468881));
#7114=CARTESIAN_POINT('Ctrl Pts',(-9.72311832411691,1.46863943908296,10.5535908214952));
#7115=CARTESIAN_POINT('Ctrl Pts',(-11.0836156779521,1.02926067086362,10.6329666961024));
#7116=CARTESIAN_POINT('Ctrl Pts',(-11.4524686161242,-0.352048450341415,
10.7123425707096));
#7117=CARTESIAN_POINT('Ctrl Pts',(-10.4921107517483,-1.41117642085266,10.7917184453167));
#7118=CARTESIAN_POINT('Ctrl Pts',(-9.08140793746761,-1.17889169508151,10.8710943199239));
#7119=CARTESIAN_POINT('Ctrl Pts',(-8.51133986000099,0.132241054396638,10.950470194531));
#7120=CARTESIAN_POINT('Ctrl Pts',(-9.30359829063214,1.32235402105574,11.0298460691383));
#7121=CARTESIAN_POINT('Ctrl Pts',(-10.7331582964,1.30233470855972,11.1092219437454));
#7122=CARTESIAN_POINT('Ctrl Pts',(-11.491779549136,0.0905024506163243,11.1885978183526));
#7123=CARTESIAN_POINT('Ctrl Pts',(-10.8852205608977,-1.20415161455947,11.2679736929597));
#7124=CARTESIAN_POINT('Ctrl Pts',(-9.46856510237883,-1.39684401731205,11.3473495675669));
#7125=CARTESIAN_POINT('Ctrl Pts',(-8.53824463310322,-0.311234969565902,
11.4267254421741));
#7126=CARTESIAN_POINT('Ctrl Pts',(-8.9456283887008,1.05919618734317,11.5061013167812));
#7127=CARTESIAN_POINT('Ctrl Pts',(-10.3179050510998,1.46031943917271,11.5854771913884));
#7128=CARTESIAN_POINT('Ctrl Pts',(-11.3992556904235,0.525052679617808,11.6648530659956));
#7129=CARTESIAN_POINT('Ctrl Pts',(-11.2000980575232,-0.890708366399009,
11.7442289406028));
#7130=CARTESIAN_POINT('Ctrl Pts',(-9.90268835461907,-1.49135066345488,11.8236048152099));
#7131=CARTESIAN_POINT('Ctrl Pts',(-8.69433211828716,-0.727205183845047,
11.9029806898171));
#7132=CARTESIAN_POINT('Ctrl Pts',(-8.68083890880237,0.702431496966457,11.9823565644243));
#7133=CARTESIAN_POINT('Ctrl Pts',(-9.87455683922032,1.4892482539903,12.0617324390314));
#7134=CARTESIAN_POINT('Ctrl Pts',(-11.1830723823436,0.91320122457133,12.1411083136386));
#7135=CARTESIAN_POINT('Ctrl Pts',(-11.4089166521416,-0.498548566365324,
12.2204841882458));
#7136=CARTESIAN_POINT('Ctrl Pts',(-10.3454115640739,-1.45405891909996,12.299860062853));
#7137=CARTESIAN_POINT('Ctrl Pts',(-8.96580826490017,-1.07890849133917,12.3792359374601));
#7138=CARTESIAN_POINT('Ctrl Pts',(-8.53263056210661,0.283589282715432,12.4586118120673));
#7139=CARTESIAN_POINT('Ctrl Pts',(-9.44229470299676,1.38656446706859,12.5379876866745));
#7140=CARTESIAN_POINT('Ctrl Pts',(-10.8623348364433,1.22064543283468,12.6173635612816));
#7141=CARTESIAN_POINT('Ctrl Pts',(-11.4932219767506,-0.0623294393705253,
12.6967394358888));
#7142=CARTESIAN_POINT('Ctrl Pts',(-10.7576089727938,-1.28826443557858,12.776115310496));
#7143=CARTESIAN_POINT('Ctrl Pts',(-9.32868132009363,-1.33526305115839,12.8554911851031));
#7144=CARTESIAN_POINT('Ctrl Pts',(-8.5141012877689,-0.160315189568393,12.9348670597103));
#7145=CARTESIAN_POINT('Ctrl Pts',(-9.05931989388571,1.16134277604206,13.0142429343175));
#7146=CARTESIAN_POINT('Ctrl Pts',(-10.4653882950278,1.42021486381335,13.0936188089246));
#7147=CARTESIAN_POINT('Ctrl Pts',(-11.4455635322365,0.379398063948866,13.1729946835318));
#7148=CARTESIAN_POINT('Ctrl Pts',(-11.1028525545341,-1.00861933229645,13.252370558139));
#7149=CARTESIAN_POINT('Ctrl Pts',(-9.75088230720863,-1.47361347942539,13.3317464327461));
#7150=CARTESIAN_POINT('Ctrl Pts',(-8.62688861396165,-0.590051775831149,
13.4111223073533));
#7151=CARTESIAN_POINT('Ctrl Pts',(-8.75947788506782,0.833487191568376,13.4904981819605));
#7152=CARTESIAN_POINT('Ctrl Pts',(-10.0273129857969,1.49427253029544,13.5698740565677));
#7153=CARTESIAN_POINT('Ctrl Pts',(-11.2701531428987,0.787596189660951,13.6492499311748));
#7154=CARTESIAN_POINT('Ctrl Pts',(-11.3506313406841,-0.63983729957719,13.728625805782));
#7155=CARTESIAN_POINT('Ctrl Pts',(-10.1950991319894,-1.48173303016767,13.8080016803892));
#7156=CARTESIAN_POINT('Ctrl Pts',(-8.86102493882027,-0.967642421774881,
13.8873775549963));
#7157=CARTESIAN_POINT('Ctrl Pts',(-8.56926727232354,0.431972014617425,13.9667534296035));
#7158=CARTESIAN_POINT('Ctrl Pts',(-9.58682389930903,1.43627357161875,14.0461293042106));
#7159=CARTESIAN_POINT('Ctrl Pts',(-10.9824927359722,1.12619034910461,14.1255051788178));
#7160=CARTESIAN_POINT('Ctrl Pts',(-11.4790478328815,-0.214509521205933,
14.204881053425));
#7161=CARTESIAN_POINT('Ctrl Pts',(-10.6220740462473,-1.35890413651103,14.2842569280322));
#7162=CARTESIAN_POINT('Ctrl Pts',(-9.19581841914948,-1.25971748070935,14.3636328026393));
#7163=CARTESIAN_POINT('Ctrl Pts',(-8.50549795550655,-0.00771877304501155,
14.4430086772465));
#7164=CARTESIAN_POINT('Ctrl Pts',(-9.18284934415679,1.25134365702388,14.5223845518537));
#7165=CARTESIAN_POINT('Ctrl Pts',(-10.6080043558031,1.36525721765997,14.6017604264609));
#7166=CARTESIAN_POINT('Ctrl Pts',(-11.4767531986807,0.229775577774883,14.681136301068));
#7167=CARTESIAN_POINT('Ctrl Pts',(-10.9940730589861,-1.11598182579449,14.7605121756752));
#7168=CARTESIAN_POINT('Ctrl Pts',(-9.60168161608448,-1.44046476255948,14.8398880502824));
#7169=CARTESIAN_POINT('Ctrl Pts',(-8.57380556037909,-0.446727412640054,
14.9192639248895));
#7170=CARTESIAN_POINT('Ctrl Pts',(-8.85109065013235,0.955826003639661,14.9986397994967));
#7171=CARTESIAN_POINT('Ctrl Pts',(-10.1797834857412,1.48366921437467,15.0780156741039));
#7172=CARTESIAN_POINT('Ctrl Pts',(-11.3439502268251,0.653754215431106,15.157391548711));
#7173=CARTESIAN_POINT('Ctrl Pts',(-11.2782206851864,-0.774434404420391,
15.2367674233182));
#7174=CARTESIAN_POINT('Ctrl Pts',(-10.0427462907487,-1.49391069117782,15.3161432979254));
#7175=CARTESIAN_POINT('Ctrl Pts',(-8.76815338909036,-0.846256430356828,
15.3955191725325));
#7176=CARTESIAN_POINT('Ctrl Pts',(-8.62086705627123,0.575837041494471,15.4748950471397));
#7177=CARTESIAN_POINT('Ctrl Pts',(-9.73567422836915,1.47096165603502,15.5542709217469));
#7178=CARTESIAN_POINT('Ctrl Pts',(-11.0923754057521,1.01995719729308,15.6336467963541));
#7179=CARTESIAN_POINT('Ctrl Pts',(-11.4494053231809,-0.364446192105461,
15.7130226709612));
#7180=CARTESIAN_POINT('Ctrl Pts',(-10.4800332668325,-1.4153319722397,15.7923985455684));
#7181=CARTESIAN_POINT('Ctrl Pts',(-9.07136591452184,-1.17099737163768,15.8717744201755));
#7182=CARTESIAN_POINT('Ctrl Pts',(-8.51252461740668,0.144958368938739,15.9511502947827));
#7183=CARTESIAN_POINT('Ctrl Pts',(-9.31492482558476,1.32825757557801,16.0305261693899));
#7184=CARTESIAN_POINT('Ctrl Pts',(-10.7442617091478,1.29602126369612,16.1099020439971));
#7185=CARTESIAN_POINT('Ctrl Pts',(-11.4924984973307,0.0777500232381337,
16.1892779186042));
#7186=CARTESIAN_POINT('Ctrl Pts',(-10.8748972228724,-1.21167301529687,16.2686537932114));
#7187=CARTESIAN_POINT('Ctrl Pts',(-9.45664667083309,-1.39225119270916,16.3480296678186));
#7188=CARTESIAN_POINT('Ctrl Pts',(-8.53563811762115,-0.29873102763317,16.4274055424257));
#7189=CARTESIAN_POINT('Ctrl Pts',(-8.95471908759852,1.06816847383729,16.5067814170329));
#7190=CARTESIAN_POINT('Ctrl Pts',(-10.3303737525779,1.45754919914059,16.5861572916401));
#7191=CARTESIAN_POINT('Ctrl Pts',(-11.4036918399986,0.513075065173481,16.6655331662473));
#7192=CARTESIAN_POINT('Ctrl Pts',(-11.1924419800427,-0.900932220234188,
16.7449090408544));
#7193=CARTESIAN_POINT('Ctrl Pts',(-9.88994639633624,-1.49046454415087,16.8242849154616));
#7194=CARTESIAN_POINT('Ctrl Pts',(-8.68816489684292,-0.716020011603206,
16.9036607900687));
#7195=CARTESIAN_POINT('Ctrl Pts',(-8.68689026648252,0.713679775706985,16.9830366646759));
#7196=CARTESIAN_POINT('Ctrl Pts',(-9.8872889646109,1.4902659409514,17.0624125392831));
#7197=CARTESIAN_POINT('Ctrl Pts',(-11.1908336567789,0.903056998548489,17.1417884138903));
#7198=CARTESIAN_POINT('Ctrl Pts',(-11.4046044587386,-0.510571365183257,
17.2211642884974));
#7199=CARTESIAN_POINT('Ctrl Pts',(-10.3329721436123,-1.45695780194912,17.3005401631046));
#7200=CARTESIAN_POINT('Ctrl Pts',(-8.95662537132671,-1.07003058794585,17.3799160377118));
#7201=CARTESIAN_POINT('Ctrl Pts',(-8.53510778633425,0.296119488751254,17.459291912319));
#7202=CARTESIAN_POINT('Ctrl Pts',(-9.45416504946181,1.3912801407151,17.5386677869261));
#7203=CARTESIAN_POINT('Ctrl Pts',(-10.8727353309658,1.21323109423894,17.6180436615333));
#7204=CARTESIAN_POINT('Ctrl Pts',(-11.4926347586885,-0.0750886665450167,
17.6974195361404));
#7205=CARTESIAN_POINT('Ctrl Pts',(-10.7465714261787,-1.2946921309554,17.7767954107476));
#7206=CARTESIAN_POINT('Ctrl Pts',(-9.31729429448592,-1.3294770032028,17.8561712853548));
#7207=CARTESIAN_POINT('Ctrl Pts',(-8.51278545332378,-0.147610415550315,
17.935547159962));
#7208=CARTESIAN_POINT('Ctrl Pts',(-9.06927941727539,1.16933968775764,18.0149230345691));
#7209=CARTESIAN_POINT('Ctrl Pts',(-10.4775088639003,1.41618565628034,18.0942989091763));
#7210=CARTESIAN_POINT('Ctrl Pts',(-11.4487531850325,0.367030007586693,18.1736747837835));
#7211=CARTESIAN_POINT('Ctrl Pts',(-11.0941923270883,-1.01800779136728,18.2530506583906));
#7212=CARTESIAN_POINT('Ctrl Pts',(-9.73829748016884,-1.47143063002281,18.3324265329978));
#7213=CARTESIAN_POINT('Ctrl Pts',(-8.6218960079675,-0.578295220701208,18.411802407605));
#7214=CARTESIAN_POINT('Ctrl Pts',(-8.76664641056824,0.844058612725727,18.4911782822121));
#7215=CARTESIAN_POINT('Ctrl Pts',(-10.0400824713903,1.49398453582409,18.5705541568193));
#7216=CARTESIAN_POINT('Ctrl Pts',(-11.2768377803674,0.776712333494643,18.6499300314265));
#7217=CARTESIAN_POINT('Ctrl Pts',(-11.3451137816905,-0.651356815447626,
18.7293059060336));
#7218=CARTESIAN_POINT('Ctrl Pts',(-10.182428690052,-1.48334628905818,18.8086817806408));
#7219=CARTESIAN_POINT('Ctrl Pts',(-8.85279678380174,-0.957873073376594,
18.888057655248));
#7220=CARTESIAN_POINT('Ctrl Pts',(-8.57301128010095,0.444183693818037,18.9674335298552));
#7221=CARTESIAN_POINT('Ctrl Pts',(-9.59911379585335,1.43975224177643,19.0468094044623));
#7222=CARTESIAN_POINT('Ctrl Pts',(-10.9920816019786,1.11775255603726,19.1261852790695));
#7223=CARTESIAN_POINT('Ctrl Pts',(-11.4771605576881,-0.227142054423024,
19.2055611536767));
#7224=CARTESIAN_POINT('Ctrl Pts',(-10.6104377421801,-1.36417093162678,19.2849370282838));
#7225=CARTESIAN_POINT('Ctrl Pts',(-9.18508187990481,-1.25279870710531,19.364312902891));
#7226=CARTESIAN_POINT('Ctrl Pts',(-8.50548656814629,0.00505395467714212,
19.4436887774982));
#7227=CARTESIAN_POINT('Ctrl Pts',(-9.19357352965735,1.25828156365959,19.5230646521053));
#7228=CARTESIAN_POINT('Ctrl Pts',(-10.6196500324511,1.36001117929311,19.6024405267125));
#7229=CARTESIAN_POINT('Ctrl Pts',(-11.4786629955994,0.217146429788342,19.6818164013196));
#7230=CARTESIAN_POINT('Ctrl Pts',(-10.9844992534216,-1.12443670309393,19.7611922759269));
#7231=CARTESIAN_POINT('Ctrl Pts',(-9.58938553635522,-1.43700801171107,19.840568150534));
#7232=CARTESIAN_POINT('Ctrl Pts',(-8.57003978424132,-0.43452242869018,19.9199440251412));
#7233=CARTESIAN_POINT('Ctrl Pts',(-8.85930137261215,0.965610007906654,19.9993198997484));
#7234=CARTESIAN_POINT('Ctrl Pts',(-10.1924567840946,1.48207855036813,20.0786957743555));
#7235=CARTESIAN_POINT('Ctrl Pts',(-11.349488317182,0.642244556081895,20.1580716489627));
#7236=CARTESIAN_POINT('Ctrl Pts',(-11.2715554650512,-0.785330162479663,
20.2374475235698));
#7237=CARTESIAN_POINT('Ctrl Pts',(-10.0299773389697,-1.49422145411281,20.316823398177));
#7238=CARTESIAN_POINT('Ctrl Pts',(-8.76096602537286,-0.835697808006879,
20.3961992727842));
#7239=CARTESIAN_POINT('Ctrl Pts',(-8.62583869153595,0.587602480114895,20.4755751473913));
#7240=CARTESIAN_POINT('Ctrl Pts',(-9.74825514322397,1.47316694162941,20.5549510219985));
#7241=CARTESIAN_POINT('Ctrl Pts',(-11.1010523597362,1.01058419496219,20.6343268966057));
#7242=CARTESIAN_POINT('Ctrl Pts',(-11.4462377285994,-0.376819916189333,
20.7137027712129));
#7243=CARTESIAN_POINT('Ctrl Pts',(-10.4679199015979,-1.41938278522335,20.79307864582));
#7244=CARTESIAN_POINT('Ctrl Pts',(-9.06139214788941,-1.16301823118907,20.8724545204272));
#7245=CARTESIAN_POINT('Ctrl Pts',(-8.51381779622401,0.157665468988825,20.9518303950344));
#7246=CARTESIAN_POINT('Ctrl Pts',(-9.32630151614654,1.3340639182305,21.0312062696416));
#7247=CARTESIAN_POINT('Ctrl Pts',(-10.7553106992649,1.28961325928544,21.1105821442487));
#7248=CARTESIAN_POINT('Ctrl Pts',(-11.4931084650894,0.0649918633994301,
21.1899580188559));
#7249=CARTESIAN_POINT('Ctrl Pts',(-10.864509965188,-1.21910588694479,21.269333893463));
#7250=CARTESIAN_POINT('Ctrl Pts',(-9.44476793484952,-1.38755669224916,21.3487097680703));
#7251=CARTESIAN_POINT('Ctrl Pts',(-8.53313855506186,-0.286205258588964,
21.4280856426774));
#7252=CARTESIAN_POINT('Ctrl Pts',(-8.96388613662873,1.07706273688796,21.5074615172846));
#7253=CARTESIAN_POINT('Ctrl Pts',(-10.3428183221801,1.45467250128481,21.5868373918917));
#7254=CARTESIAN_POINT('Ctrl Pts',(-11.4080254640784,0.501059974434227,21.6662132664989));
#7255=CARTESIAN_POINT('Ctrl Pts',(-11.1846988058243,-0.91109026907049,21.7455891411061));
#7256=CARTESIAN_POINT('Ctrl Pts',(-9.87721247660173,-1.48946956106965,21.8249650157132));
#7257=CARTESIAN_POINT('Ctrl Pts',(-8.68209349223379,-0.704782540837519,
21.9043408903204));
#7258=CARTESIAN_POINT('Ctrl Pts',(-8.69303753424219,0.724875926930758,21.9837167649276));
#7259=CARTESIAN_POINT('Ctrl Pts',(-9.90002932244184,1.49117477838253,22.0630926395348));
#7260=CARTESIAN_POINT('Ctrl Pts',(-11.1985079523097,0.892846812886673,22.1424685141419));
#7261=CARTESIAN_POINT('Ctrl Pts',(-11.4001896725121,-0.522556871668092,
22.2218443887491));
#7262=CARTESIAN_POINT('Ctrl Pts',(-10.3205084027574,-1.45975026807079,22.3012202633562));
#7263=CARTESIAN_POINT('Ctrl Pts',(-8.94751868622942,-1.0610745291188,22.3805961379634));
#7264=CARTESIAN_POINT('Ctrl Pts',(-8.53769200684115,0.308628066104995,22.4599720125706));
#7265=CARTESIAN_POINT('Ctrl Pts',(-9.46607526392272,1.39589419475557,22.5393478871778));
#7266=CARTESIAN_POINT('Ctrl Pts',(-10.88307208059,1.20572814078266,22.6187237617849));
#7267=CARTESIAN_POINT('Ctrl Pts',(-11.4919385180428,-0.0878424091889288,
22.6980996363921));
#7268=CARTESIAN_POINT('Ctrl Pts',(-10.7354793497255,-1.30102526159251,22.7774755109993));
#7269=CARTESIAN_POINT('Ctrl Pts',(-9.3059571339598,-1.32359384966038,22.8568513856064));
#7270=CARTESIAN_POINT('Ctrl Pts',(-8.51157824559874,-0.134894860197484,
22.9362272602136));
#7271=CARTESIAN_POINT('Ctrl Pts',(-9.07930692083002,1.17725119082369,23.0156031348208));
#7272=CARTESIAN_POINT('Ctrl Pts',(-10.4895945553989,1.41205300935245,23.0949790094279));
#7273=CARTESIAN_POINT('Ctrl Pts',(-11.4518370202989,0.35463514450233,23.1743548840351));
#7274=CARTESIAN_POINT('Ctrl Pts',(-11.0854521795838,-1.027321897228,23.2537307586423));
#7275=CARTESIAN_POINT('Ctrl Pts',(-9.72573176771887,-1.46914030209721,23.3331066332494));
#7276=CARTESIAN_POINT('Ctrl Pts',(-8.61700405972248,-0.566496435628861,
23.4124825078567));
#7277=CARTESIAN_POINT('Ctrl Pts',(-8.77390501969689,0.854568400633209,23.4918583824638));
#7278=CARTESIAN_POINT('Ctrl Pts',(-10.0528490312344,1.49358738750494,23.5712342570709));
#7279=CARTESIAN_POINT('Ctrl Pts',(-11.2834291535574,0.765771808369565,23.6506101316782));
#7280=CARTESIAN_POINT('Ctrl Pts',(-11.339497981954,-0.662828875158609,23.7299860062853));
#7281=CARTESIAN_POINT('Ctrl Pts',(-10.1697449103781,-1.48485097614047,23.8093618808925));
#7282=CARTESIAN_POINT('Ctrl Pts',(-8.84465244594015,-0.948034196404638,
23.8887377554996));
#7283=CARTESIAN_POINT('Ctrl Pts',(-8.57685946791833,0.456363760238286,23.9681136301068));
#7284=CARTESIAN_POINT('Ctrl Pts',(-9.61143306449681,1.44312416545772,24.0474895047139));
#7285=CARTESIAN_POINT('Ctrl Pts',(-11.0015978317669,1.10923615215302,24.1268653793212));
#7286=CARTESIAN_POINT('Ctrl Pts',(-11.4751657229354,-0.239763785125198,
24.2062412539283));
#7287=CARTESIAN_POINT('Ctrl Pts',(-10.598756215884,-1.36932703156349,24.2856171285355));
#7288=CARTESIAN_POINT('Ctrl Pts',(-9.17440607673115,-1.2458095458686,24.3649930031426));
#7289=CARTESIAN_POINT('Ctrl Pts',(-8.50558202141717,0.0178666493218276,
24.4443688777498));
#7290=CARTESIAN_POINT('Ctrl Pts',(-9.20436104740624,1.26505051694672,24.523744752357));
#7291=CARTESIAN_POINT('Ctrl Pts',(-10.6312419807619,1.35481299678025,24.6031206269641));
#7292=CARTESIAN_POINT('Ctrl Pts',(-11.48048102114,0.20422006711991,24.6824965015714));
#7293=CARTESIAN_POINT('Ctrl Pts',(-10.9748220560451,-1.13227022029931,24.7618723761785));
#7294=CARTESIAN_POINT('Ctrl Pts',(-9.57718384420853,-1.4344923860753,24.8412482507857));
#7295=CARTESIAN_POINT('Ctrl Pts',(-8.56621825750402,-0.420145477307237,
24.9206241253929));
#7296=CARTESIAN_POINT('Ctrl Pts',(-8.7675104107493,0.506648326610584,24.973541375131));
#7297=CARTESIAN_POINT('Ctrl Pts',(-9.04188399628929,0.825211298936564,25.));
#7298=CARTESIAN_POINT('Origin',(15.5,0.,0.));
#7299=CARTESIAN_POINT('',(15.5,3.6,0.));
#7300=CARTESIAN_POINT('Origin',(0.,3.6,0.));
#7301=CARTESIAN_POINT('Origin',(15.5,0.,0.));
#7302=CARTESIAN_POINT('',(15.5,2.,0.));
#7303=CARTESIAN_POINT('Origin',(0.,2.,0.));
#7304=CARTESIAN_POINT('',(1.47029281128806,-12.1490085200807,0.));
#7305=UNCERTAINTY_MEASURE_WITH_UNIT(LENGTH_MEASURE(0.01),#7311,
'DISTANCE_ACCURACY_VALUE',
'Maximum model space distance between geometric entities at asserted c
onnectivities');
#7306=UNCERTAINTY_MEASURE_WITH_UNIT(LENGTH_MEASURE(0.01),#7311,
'DISTANCE_ACCURACY_VALUE',
'Maximum model space distance between geometric entities at asserted c
onnectivities');
#7307=UNCERTAINTY_MEASURE_WITH_UNIT(LENGTH_MEASURE(0.01),#7311,
'DISTANCE_ACCURACY_VALUE',
'Maximum model space distance between geometric entities at asserted c
onnectivities');
#7308=(
GEOMETRIC_REPRESENTATION_CONTEXT(3)
GLOBAL_UNCERTAINTY_ASSIGNED_CONTEXT((#7305))
GLOBAL_UNIT_ASSIGNED_CONTEXT((#7311,#7313,#7314))
REPRESENTATION_CONTEXT('','3D')
);
#7309=(
GEOMETRIC_REPRESENTATION_CONTEXT(3)
GLOBAL_UNCERTAINTY_ASSIGNED_CONTEXT((#7306))
GLOBAL_UNIT_ASSIGNED_CONTEXT((#7311,#7313,#7314))
REPRESENTATION_CONTEXT('','3D')
);
#7310=(
GEOMETRIC_REPRESENTATION_CONTEXT(3)
GLOBAL_UNCERTAINTY_ASSIGNED_CONTEXT((#7307))
GLOBAL_UNIT_ASSIGNED_CONTEXT((#7311,#7313,#7314))
REPRESENTATION_CONTEXT('','3D')
);
#7311=(
LENGTH_UNIT()
NAMED_UNIT(*)
SI_UNIT(.MILLI.,.METRE.)
);
#7312=(
LENGTH_UNIT()
NAMED_UNIT(*)
SI_UNIT($,.METRE.)
);
#7313=(
NAMED_UNIT(*)
PLANE_ANGLE_UNIT()
SI_UNIT($,.RADIAN.)
);
#7314=(
NAMED_UNIT(*)
SI_UNIT($,.STERADIAN.)
SOLID_ANGLE_UNIT()
);
#7315=SHAPE_DEFINITION_REPRESENTATION(#7317,#7320);
#7316=SHAPE_DEFINITION_REPRESENTATION(#7318,#7321);
#7317=PRODUCT_DEFINITION_SHAPE('',$,#7323);
#7318=PRODUCT_DEFINITION_SHAPE('',$,#7324);
#7319=PRODUCT_DEFINITION_SHAPE($,$,#16);
#7320=SHAPE_REPRESENTATION('',(#2199,#2376),#7308);
#7321=SHAPE_REPRESENTATION('',(#2200),#7309);
#7322=PRODUCT_DEFINITION_CONTEXT('part definition',#7330,'design');
#7323=PRODUCT_DEFINITION('PRT2200A PCB M3 Mount',
'PRT2200A PCB M3 Mount v36',#7325,#7322);
#7324=PRODUCT_DEFINITION('Component1','Component1',#7326,#7322);
#7325=PRODUCT_DEFINITION_FORMATION('',$,#7332);
#7326=PRODUCT_DEFINITION_FORMATION('',$,#7333);
#7327=PRODUCT_RELATED_PRODUCT_CATEGORY('PRT2200A PCB M3 Mount v36',
'PRT2200A PCB M3 Mount v36',(#7332));
#7328=PRODUCT_RELATED_PRODUCT_CATEGORY('Component1','Component1',(#7333));
#7329=APPLICATION_PROTOCOL_DEFINITION('international standard',
'ap242_managed_model_based_3d_engineering',2011,#7330);
#7330=APPLICATION_CONTEXT('Managed model based 3d engineering');
#7331=PRODUCT_CONTEXT('part definition',#7330,'mechanical');
#7332=PRODUCT('PRT2200A PCB M3 Mount','PRT2200A PCB M3 Mount v36',$,(#7331));
#7333=PRODUCT('Component1','Component1',$,(#7331));
#7334=PRESENTATION_STYLE_ASSIGNMENT((#7336));
#7335=PRESENTATION_STYLE_ASSIGNMENT((#7337));
#7336=SURFACE_STYLE_USAGE(.BOTH.,#7338);
#7337=SURFACE_STYLE_USAGE(.BOTH.,#7339);
#7338=SURFACE_SIDE_STYLE('',(#7340));
#7339=SURFACE_SIDE_STYLE('',(#7341));
#7340=SURFACE_STYLE_FILL_AREA(#7342);
#7341=SURFACE_STYLE_FILL_AREA(#7343);
#7342=FILL_AREA_STYLE('Steel - Satin',(#7344));
#7343=FILL_AREA_STYLE('Aluminum - Anodized Glossy (Grey)',(#7345));
#7344=FILL_AREA_STYLE_COLOUR('Steel - Satin',#7346);
#7345=FILL_AREA_STYLE_COLOUR('Aluminum - Anodized Glossy (Grey)',#7347);
#7346=COLOUR_RGB('Steel - Satin',0.627450980392157,0.627450980392157,0.627450980392157);
#7347=COLOUR_RGB('Aluminum - Anodized Glossy (Grey)',0.,0.,0.);
ENDSEC;
END-ISO-10303-21;
